# Blender 5.0.1
# www.blender.org
mtllib catnip_bag.mtl
o CatnipBag
v -0.395250 -0.580000 0.000000
v -0.378781 -0.580000 0.000000
v -0.362312 -0.580000 0.000000
v -0.345844 -0.580000 0.000000
v -0.329375 -0.580000 0.000000
v -0.312906 -0.580000 0.000000
v -0.296438 -0.580000 0.000000
v -0.279969 -0.580000 0.000000
v -0.263500 -0.580000 0.000000
v -0.247031 -0.580000 0.000000
v -0.230562 -0.580000 0.000000
v -0.214094 -0.580000 0.000000
v -0.197625 -0.580000 0.000000
v -0.181156 -0.580000 0.000000
v -0.164687 -0.580000 0.000000
v -0.148219 -0.580000 0.000000
v -0.131750 -0.580000 0.000000
v -0.115281 -0.580000 0.000000
v -0.098812 -0.580000 0.000000
v -0.082344 -0.580000 0.000000
v -0.065875 -0.580000 0.000000
v -0.049406 -0.580000 0.000000
v -0.032938 -0.580000 0.000000
v -0.016469 -0.580000 0.000000
v 0.000000 -0.580000 0.000000
v 0.016469 -0.580000 0.000000
v 0.032938 -0.580000 0.000000
v 0.049406 -0.580000 0.000000
v 0.065875 -0.580000 0.000000
v 0.082344 -0.580000 0.000000
v 0.098812 -0.580000 0.000000
v 0.115281 -0.580000 0.000000
v 0.131750 -0.580000 0.000000
v 0.148219 -0.580000 0.000000
v 0.164687 -0.580000 0.000000
v 0.181156 -0.580000 0.000000
v 0.197625 -0.580000 0.000000
v 0.214094 -0.580000 0.000000
v 0.230562 -0.580000 0.000000
v 0.247031 -0.580000 0.000000
v 0.263500 -0.580000 0.000000
v 0.279969 -0.580000 0.000000
v 0.296438 -0.580000 0.000000
v 0.312906 -0.580000 0.000000
v 0.329375 -0.580000 0.000000
v 0.345844 -0.580000 0.000000
v 0.362312 -0.580000 0.000000
v 0.378781 -0.580000 0.000000
v 0.395250 -0.580000 0.000000
v -0.413986 -0.564375 0.000000
v -0.396736 -0.564375 0.007442
v -0.379487 -0.564375 0.010883
v -0.362237 -0.564375 0.013575
v -0.344988 -0.564375 0.015858
v -0.327739 -0.564375 0.017865
v -0.310489 -0.564375 0.019664
v -0.293240 -0.564375 0.021293
v -0.275990 -0.564375 0.022779
v -0.258741 -0.564375 0.024138
v -0.241492 -0.564375 0.025383
v -0.224242 -0.564375 0.026522
v -0.206993 -0.564375 0.027562
v -0.189743 -0.564375 0.028508
v -0.172494 -0.564375 0.029364
v -0.155245 -0.564375 0.030131
v -0.137995 -0.564375 0.030814
v -0.120746 -0.564375 0.031413
v -0.103496 -0.564375 0.031929
v -0.086247 -0.564375 0.032365
v -0.068998 -0.564375 0.032721
v -0.051748 -0.564375 0.032996
v -0.034499 -0.564375 0.033193
v -0.017249 -0.564375 0.033311
v 0.000000 -0.564375 0.033350
v 0.017249 -0.564375 0.033311
v 0.034499 -0.564375 0.033193
v 0.051748 -0.564375 0.032996
v 0.068998 -0.564375 0.032721
v 0.086247 -0.564375 0.032365
v 0.103496 -0.564375 0.031929
v 0.120746 -0.564375 0.031413
v 0.137995 -0.564375 0.030814
v 0.155245 -0.564375 0.030131
v 0.172494 -0.564375 0.029364
v 0.189743 -0.564375 0.028508
v 0.206993 -0.564375 0.027562
v 0.224242 -0.564375 0.026522
v 0.241492 -0.564375 0.025383
v 0.258741 -0.564375 0.024138
v 0.275990 -0.564375 0.022779
v 0.293240 -0.564375 0.021293
v 0.310489 -0.564375 0.019664
v 0.327739 -0.564375 0.017865
v 0.344988 -0.564375 0.015858
v 0.362237 -0.564375 0.013575
v 0.379487 -0.564375 0.010883
v 0.396736 -0.564375 0.007442
v 0.413986 -0.564375 0.000000
v -0.420026 -0.548750 0.000000
v -0.402525 -0.548750 0.010121
v -0.385024 -0.548750 0.014800
v -0.367523 -0.548750 0.018461
v -0.350022 -0.548750 0.021566
v -0.332520 -0.548750 0.024296
v -0.315019 -0.548750 0.026741
v -0.297518 -0.548750 0.028958
v -0.280017 -0.548750 0.030978
v -0.262516 -0.548750 0.032827
v -0.245015 -0.548750 0.034520
v -0.227514 -0.548750 0.036069
v -0.210013 -0.548750 0.037483
v -0.192512 -0.548750 0.038770
v -0.175011 -0.548750 0.039933
v -0.157510 -0.548750 0.040977
v -0.140009 -0.548750 0.041905
v -0.122508 -0.548750 0.042719
v -0.105006 -0.548750 0.043422
v -0.087505 -0.548750 0.044015
v -0.070004 -0.548750 0.044498
v -0.052503 -0.548750 0.044873
v -0.035002 -0.548750 0.045141
v -0.017501 -0.548750 0.045301
v 0.000000 -0.548750 0.045355
v 0.017501 -0.548750 0.045301
v 0.035002 -0.548750 0.045141
v 0.052503 -0.548750 0.044873
v 0.070004 -0.548750 0.044498
v 0.087505 -0.548750 0.044015
v 0.105006 -0.548750 0.043422
v 0.122508 -0.548750 0.042719
v 0.140009 -0.548750 0.041905
v 0.157510 -0.548750 0.040977
v 0.175011 -0.548750 0.039933
v 0.192512 -0.548750 0.038770
v 0.210013 -0.548750 0.037483
v 0.227514 -0.548750 0.036069
v 0.245015 -0.548750 0.034520
v 0.262516 -0.548750 0.032827
v 0.280017 -0.548750 0.030978
v 0.297518 -0.548750 0.028958
v 0.315019 -0.548750 0.026741
v 0.332520 -0.548750 0.024296
v 0.350022 -0.548750 0.021566
v 0.367523 -0.548750 0.018461
v 0.385024 -0.548750 0.014800
v 0.402525 -0.548750 0.010121
v 0.420026 -0.548750 0.000000
v -0.423330 -0.533125 0.000000
v -0.405691 -0.533125 0.012088
v -0.388052 -0.533125 0.017676
v -0.370414 -0.533125 0.022049
v -0.352775 -0.533125 0.025758
v -0.335136 -0.533125 0.029018
v -0.317497 -0.533125 0.031939
v -0.299859 -0.533125 0.034586
v -0.282220 -0.533125 0.036999
v -0.264581 -0.533125 0.039207
v -0.246942 -0.533125 0.041229
v -0.229304 -0.533125 0.043079
v -0.211665 -0.533125 0.044769
v -0.194026 -0.533125 0.046305
v -0.176387 -0.533125 0.047694
v -0.158749 -0.533125 0.048941
v -0.141110 -0.533125 0.050050
v -0.123471 -0.533125 0.051022
v -0.105832 -0.533125 0.051862
v -0.088194 -0.533125 0.052569
v -0.070555 -0.533125 0.053147
v -0.052916 -0.533125 0.053595
v -0.035277 -0.533125 0.053915
v -0.017639 -0.533125 0.054106
v 0.000000 -0.533125 0.054170
v 0.017639 -0.533125 0.054106
v 0.035277 -0.533125 0.053915
v 0.052916 -0.533125 0.053595
v 0.070555 -0.533125 0.053147
v 0.088194 -0.533125 0.052569
v 0.105832 -0.533125 0.051862
v 0.123471 -0.533125 0.051022
v 0.141110 -0.533125 0.050050
v 0.158749 -0.533125 0.048941
v 0.176387 -0.533125 0.047694
v 0.194026 -0.533125 0.046305
v 0.211665 -0.533125 0.044769
v 0.229304 -0.533125 0.043079
v 0.246942 -0.533125 0.041229
v 0.264581 -0.533125 0.039207
v 0.282220 -0.533125 0.036999
v 0.299859 -0.533125 0.034586
v 0.317497 -0.533125 0.031939
v 0.335136 -0.533125 0.029018
v 0.352775 -0.533125 0.025758
v 0.370414 -0.533125 0.022049
v 0.388052 -0.533125 0.017676
v 0.405691 -0.533125 0.012088
v 0.423330 -0.533125 0.000000
v -0.424829 -0.517500 0.000000
v -0.407128 -0.517500 0.013686
v -0.389426 -0.517500 0.020014
v -0.371725 -0.517500 0.024965
v -0.354024 -0.517500 0.029165
v -0.336323 -0.517500 0.032856
v -0.318622 -0.517500 0.036164
v -0.300920 -0.517500 0.039160
v -0.283219 -0.517500 0.041893
v -0.265518 -0.517500 0.044393
v -0.247817 -0.517500 0.046683
v -0.230116 -0.517500 0.048778
v -0.212414 -0.517500 0.050691
v -0.194713 -0.517500 0.052430
v -0.177012 -0.517500 0.054003
v -0.159311 -0.517500 0.055415
v -0.141610 -0.517500 0.056670
v -0.123908 -0.517500 0.057771
v -0.106207 -0.517500 0.058722
v -0.088506 -0.517500 0.059523
v -0.070805 -0.517500 0.060177
v -0.053104 -0.517500 0.060684
v -0.035402 -0.517500 0.061046
v -0.017701 -0.517500 0.061263
v 0.000000 -0.517500 0.061335
v 0.017701 -0.517500 0.061263
v 0.035402 -0.517500 0.061046
v 0.053104 -0.517500 0.060684
v 0.070805 -0.517500 0.060177
v 0.088506 -0.517500 0.059523
v 0.106207 -0.517500 0.058722
v 0.123908 -0.517500 0.057771
v 0.141610 -0.517500 0.056670
v 0.159311 -0.517500 0.055415
v 0.177012 -0.517500 0.054003
v 0.194713 -0.517500 0.052430
v 0.212414 -0.517500 0.050691
v 0.230116 -0.517500 0.048778
v 0.247817 -0.517500 0.046683
v 0.265518 -0.517500 0.044393
v 0.283219 -0.517500 0.041893
v 0.300920 -0.517500 0.039160
v 0.318622 -0.517500 0.036164
v 0.336323 -0.517500 0.032856
v 0.354024 -0.517500 0.029165
v 0.371725 -0.517500 0.024965
v 0.389426 -0.517500 0.020014
v 0.407128 -0.517500 0.013686
v 0.424829 -0.517500 0.000000
v -0.425000 -0.501875 0.000000
v -0.407292 -0.501875 0.015047
v -0.389583 -0.501875 0.022005
v -0.371875 -0.501875 0.027448
v -0.354167 -0.501875 0.032065
v -0.336458 -0.501875 0.036123
v -0.318750 -0.501875 0.039760
v -0.301042 -0.501875 0.043055
v -0.283333 -0.501875 0.046059
v -0.265625 -0.501875 0.048808
v -0.247917 -0.501875 0.051325
v -0.230208 -0.501875 0.053629
v -0.212500 -0.501875 0.055732
v -0.194792 -0.501875 0.057644
v -0.177083 -0.501875 0.059373
v -0.159375 -0.501875 0.060926
v -0.141667 -0.501875 0.062305
v -0.123958 -0.501875 0.063516
v -0.106250 -0.501875 0.064561
v -0.088542 -0.501875 0.065442
v -0.070833 -0.501875 0.066161
v -0.053125 -0.501875 0.066719
v -0.035417 -0.501875 0.067117
v -0.017708 -0.501875 0.067355
v 0.000000 -0.501875 0.067435
v 0.017708 -0.501875 0.067355
v 0.035417 -0.501875 0.067117
v 0.053125 -0.501875 0.066719
v 0.070833 -0.501875 0.066161
v 0.088542 -0.501875 0.065442
v 0.106250 -0.501875 0.064561
v 0.123958 -0.501875 0.063516
v 0.141667 -0.501875 0.062305
v 0.159375 -0.501875 0.060926
v 0.177083 -0.501875 0.059373
v 0.194792 -0.501875 0.057644
v 0.212500 -0.501875 0.055732
v 0.230208 -0.501875 0.053629
v 0.247917 -0.501875 0.051325
v 0.265625 -0.501875 0.048808
v 0.283333 -0.501875 0.046059
v 0.301042 -0.501875 0.043055
v 0.318750 -0.501875 0.039760
v 0.336458 -0.501875 0.036123
v 0.354167 -0.501875 0.032065
v 0.371875 -0.501875 0.027448
v 0.389583 -0.501875 0.022005
v 0.407292 -0.501875 0.015047
v 0.425000 -0.501875 0.000000
v -0.425000 -0.486250 0.000000
v -0.407292 -0.486250 0.016237
v -0.389583 -0.486250 0.023744
v -0.371875 -0.486250 0.029617
v -0.354167 -0.486250 0.034599
v -0.336458 -0.486250 0.038978
v -0.318750 -0.486250 0.042902
v -0.301042 -0.486250 0.046457
v -0.283333 -0.486250 0.049699
v -0.265625 -0.486250 0.052665
v -0.247917 -0.486250 0.055381
v -0.230208 -0.486250 0.057866
v -0.212500 -0.486250 0.060136
v -0.194792 -0.486250 0.062199
v -0.177083 -0.486250 0.064065
v -0.159375 -0.486250 0.065740
v -0.141667 -0.486250 0.067229
v -0.123958 -0.486250 0.068536
v -0.106250 -0.486250 0.069663
v -0.088542 -0.486250 0.070614
v -0.070833 -0.486250 0.071389
v -0.053125 -0.486250 0.071991
v -0.035417 -0.486250 0.072421
v -0.017708 -0.486250 0.072678
v 0.000000 -0.486250 0.072764
v 0.017708 -0.486250 0.072678
v 0.035417 -0.486250 0.072421
v 0.053125 -0.486250 0.071991
v 0.070833 -0.486250 0.071389
v 0.088542 -0.486250 0.070614
v 0.106250 -0.486250 0.069663
v 0.123958 -0.486250 0.068536
v 0.141667 -0.486250 0.067229
v 0.159375 -0.486250 0.065740
v 0.177083 -0.486250 0.064065
v 0.194792 -0.486250 0.062199
v 0.212500 -0.486250 0.060136
v 0.230208 -0.486250 0.057866
v 0.247917 -0.486250 0.055381
v 0.265625 -0.486250 0.052665
v 0.283333 -0.486250 0.049699
v 0.301042 -0.486250 0.046457
v 0.318750 -0.486250 0.042902
v 0.336458 -0.486250 0.038978
v 0.354167 -0.486250 0.034599
v 0.371875 -0.486250 0.029617
v 0.389583 -0.486250 0.023744
v 0.407292 -0.486250 0.016237
v 0.425000 -0.486250 0.000000
v -0.425000 -0.470625 0.000000
v -0.407292 -0.470625 0.017292
v -0.389583 -0.470625 0.025288
v -0.371875 -0.470625 0.031543
v -0.354167 -0.470625 0.036849
v -0.336458 -0.470625 0.041512
v -0.318750 -0.470625 0.045691
v -0.301042 -0.470625 0.049478
v -0.283333 -0.470625 0.052930
v -0.265625 -0.470625 0.056089
v -0.247917 -0.470625 0.058982
v -0.230208 -0.470625 0.061629
v -0.212500 -0.470625 0.064046
v -0.194792 -0.470625 0.066243
v -0.177083 -0.470625 0.068231
v -0.159375 -0.470625 0.070014
v -0.141667 -0.470625 0.071600
v -0.123958 -0.470625 0.072992
v -0.106250 -0.470625 0.074193
v -0.088542 -0.470625 0.075205
v -0.070833 -0.470625 0.076031
v -0.053125 -0.470625 0.076672
v -0.035417 -0.470625 0.077129
v -0.017708 -0.470625 0.077403
v 0.000000 -0.470625 0.077495
v 0.017708 -0.470625 0.077403
v 0.035417 -0.470625 0.077129
v 0.053125 -0.470625 0.076672
v 0.070833 -0.470625 0.076031
v 0.088542 -0.470625 0.075205
v 0.106250 -0.470625 0.074193
v 0.123958 -0.470625 0.072992
v 0.141667 -0.470625 0.071600
v 0.159375 -0.470625 0.070014
v 0.177083 -0.470625 0.068231
v 0.194792 -0.470625 0.066243
v 0.212500 -0.470625 0.064046
v 0.230208 -0.470625 0.061629
v 0.247917 -0.470625 0.058982
v 0.265625 -0.470625 0.056089
v 0.283333 -0.470625 0.052930
v 0.301042 -0.470625 0.049478
v 0.318750 -0.470625 0.045691
v 0.336458 -0.470625 0.041512
v 0.354167 -0.470625 0.036849
v 0.371875 -0.470625 0.031543
v 0.389583 -0.470625 0.025288
v 0.407292 -0.470625 0.017292
v 0.425000 -0.470625 0.000000
v -0.425000 -0.455000 0.000000
v -0.407292 -0.455000 0.018239
v -0.389583 -0.455000 0.026673
v -0.371875 -0.455000 0.033271
v -0.354167 -0.455000 0.038867
v -0.336458 -0.455000 0.043786
v -0.318750 -0.455000 0.048194
v -0.301042 -0.455000 0.052188
v -0.283333 -0.455000 0.055830
v -0.265625 -0.455000 0.059162
v -0.247917 -0.455000 0.062213
v -0.230208 -0.455000 0.065005
v -0.212500 -0.455000 0.067554
v -0.194792 -0.455000 0.069872
v -0.177083 -0.455000 0.071968
v -0.159375 -0.455000 0.073850
v -0.141667 -0.455000 0.075522
v -0.123958 -0.455000 0.076990
v -0.106250 -0.455000 0.078257
v -0.088542 -0.455000 0.079325
v -0.070833 -0.455000 0.080196
v -0.053125 -0.455000 0.080872
v -0.035417 -0.455000 0.081354
v -0.017708 -0.455000 0.081643
v 0.000000 -0.455000 0.081740
v 0.017708 -0.455000 0.081643
v 0.035417 -0.455000 0.081354
v 0.053125 -0.455000 0.080872
v 0.070833 -0.455000 0.080196
v 0.088542 -0.455000 0.079325
v 0.106250 -0.455000 0.078257
v 0.123958 -0.455000 0.076990
v 0.141667 -0.455000 0.075522
v 0.159375 -0.455000 0.073850
v 0.177083 -0.455000 0.071968
v 0.194792 -0.455000 0.069872
v 0.212500 -0.455000 0.067554
v 0.230208 -0.455000 0.065005
v 0.247917 -0.455000 0.062213
v 0.265625 -0.455000 0.059162
v 0.283333 -0.455000 0.055830
v 0.301042 -0.455000 0.052188
v 0.318750 -0.455000 0.048194
v 0.336458 -0.455000 0.043786
v 0.354167 -0.455000 0.038867
v 0.371875 -0.455000 0.033271
v 0.389583 -0.455000 0.026673
v 0.407292 -0.455000 0.018239
v 0.425000 -0.455000 0.000000
v -0.425000 -0.439375 0.000000
v -0.407292 -0.439375 0.019095
v -0.389583 -0.439375 0.027924
v -0.371875 -0.439375 0.034832
v -0.354167 -0.439375 0.040691
v -0.336458 -0.439375 0.045841
v -0.318750 -0.439375 0.050456
v -0.301042 -0.439375 0.054637
v -0.283333 -0.439375 0.058449
v -0.265625 -0.439375 0.061937
v -0.247917 -0.439375 0.065132
v -0.230208 -0.439375 0.068055
v -0.212500 -0.439375 0.070723
v -0.194792 -0.439375 0.073150
v -0.177083 -0.439375 0.075345
v -0.159375 -0.439375 0.077315
v -0.141667 -0.439375 0.079066
v -0.123958 -0.439375 0.080603
v -0.106250 -0.439375 0.081929
v -0.088542 -0.439375 0.083047
v -0.070833 -0.439375 0.083959
v -0.053125 -0.439375 0.084667
v -0.035417 -0.439375 0.085172
v -0.017708 -0.439375 0.085474
v 0.000000 -0.439375 0.085575
v 0.017708 -0.439375 0.085474
v 0.035417 -0.439375 0.085172
v 0.053125 -0.439375 0.084667
v 0.070833 -0.439375 0.083959
v 0.088542 -0.439375 0.083047
v 0.106250 -0.439375 0.081929
v 0.123958 -0.439375 0.080603
v 0.141667 -0.439375 0.079066
v 0.159375 -0.439375 0.077315
v 0.177083 -0.439375 0.075345
v 0.194792 -0.439375 0.073150
v 0.212500 -0.439375 0.070723
v 0.230208 -0.439375 0.068055
v 0.247917 -0.439375 0.065132
v 0.265625 -0.439375 0.061937
v 0.283333 -0.439375 0.058449
v 0.301042 -0.439375 0.054637
v 0.318750 -0.439375 0.050456
v 0.336458 -0.439375 0.045841
v 0.354167 -0.439375 0.040691
v 0.371875 -0.439375 0.034832
v 0.389583 -0.439375 0.027924
v 0.407292 -0.439375 0.019095
v 0.425000 -0.439375 0.000000
v -0.425000 -0.423750 0.000000
v -0.407292 -0.423750 0.019872
v -0.389583 -0.423750 0.029060
v -0.371875 -0.423750 0.036249
v -0.354167 -0.423750 0.042346
v -0.336458 -0.423750 0.047705
v -0.318750 -0.423750 0.052508
v -0.301042 -0.423750 0.056859
v -0.283333 -0.423750 0.060827
v -0.265625 -0.423750 0.064457
v -0.247917 -0.423750 0.067781
v -0.230208 -0.423750 0.070823
v -0.212500 -0.423750 0.073600
v -0.194792 -0.423750 0.076126
v -0.177083 -0.423750 0.078410
v -0.159375 -0.423750 0.080460
v -0.141667 -0.423750 0.082282
v -0.123958 -0.423750 0.083881
v -0.106250 -0.423750 0.085261
v -0.088542 -0.423750 0.086425
v -0.070833 -0.423750 0.087374
v -0.053125 -0.423750 0.088111
v -0.035417 -0.423750 0.088636
v -0.017708 -0.423750 0.088951
v 0.000000 -0.423750 0.089056
v 0.017708 -0.423750 0.088951
v 0.035417 -0.423750 0.088636
v 0.053125 -0.423750 0.088111
v 0.070833 -0.423750 0.087374
v 0.088542 -0.423750 0.086425
v 0.106250 -0.423750 0.085261
v 0.123958 -0.423750 0.083881
v 0.141667 -0.423750 0.082282
v 0.159375 -0.423750 0.080460
v 0.177083 -0.423750 0.078410
v 0.194792 -0.423750 0.076126
v 0.212500 -0.423750 0.073600
v 0.230208 -0.423750 0.070823
v 0.247917 -0.423750 0.067781
v 0.265625 -0.423750 0.064457
v 0.283333 -0.423750 0.060827
v 0.301042 -0.423750 0.056859
v 0.318750 -0.423750 0.052508
v 0.336458 -0.423750 0.047705
v 0.354167 -0.423750 0.042346
v 0.371875 -0.423750 0.036249
v 0.389583 -0.423750 0.029060
v 0.407292 -0.423750 0.019872
v 0.425000 -0.423750 0.000000
v -0.425000 -0.408125 0.000000
v -0.407292 -0.408125 0.020579
v -0.389583 -0.408125 0.030094
v -0.371875 -0.408125 0.037538
v -0.354167 -0.408125 0.043852
v -0.336458 -0.408125 0.049402
v -0.318750 -0.408125 0.054376
v -0.301042 -0.408125 0.058882
v -0.283333 -0.408125 0.062991
v -0.265625 -0.408125 0.066750
v -0.247917 -0.408125 0.070192
v -0.230208 -0.408125 0.073342
v -0.212500 -0.408125 0.076218
v -0.194792 -0.408125 0.078834
v -0.177083 -0.408125 0.081199
v -0.159375 -0.408125 0.083322
v -0.141667 -0.408125 0.085209
v -0.123958 -0.408125 0.086865
v -0.106250 -0.408125 0.088294
v -0.088542 -0.408125 0.089499
v -0.070833 -0.408125 0.090482
v -0.053125 -0.408125 0.091245
v -0.035417 -0.408125 0.091789
v -0.017708 -0.408125 0.092115
v 0.000000 -0.408125 0.092224
v 0.017708 -0.408125 0.092115
v 0.035417 -0.408125 0.091789
v 0.053125 -0.408125 0.091245
v 0.070833 -0.408125 0.090482
v 0.088542 -0.408125 0.089499
v 0.106250 -0.408125 0.088294
v 0.123958 -0.408125 0.086865
v 0.141667 -0.408125 0.085209
v 0.159375 -0.408125 0.083322
v 0.177083 -0.408125 0.081199
v 0.194792 -0.408125 0.078834
v 0.212500 -0.408125 0.076218
v 0.230208 -0.408125 0.073342
v 0.247917 -0.408125 0.070192
v 0.265625 -0.408125 0.066750
v 0.283333 -0.408125 0.062991
v 0.301042 -0.408125 0.058882
v 0.318750 -0.408125 0.054376
v 0.336458 -0.408125 0.049402
v 0.354167 -0.408125 0.043852
v 0.371875 -0.408125 0.037538
v 0.389583 -0.408125 0.030094
v 0.407292 -0.408125 0.020579
v 0.425000 -0.408125 0.000000
v -0.425000 -0.392500 0.000000
v -0.407292 -0.392500 0.021223
v -0.389583 -0.392500 0.031036
v -0.371875 -0.392500 0.038713
v -0.354167 -0.392500 0.045224
v -0.336458 -0.392500 0.050948
v -0.318750 -0.392500 0.056077
v -0.301042 -0.392500 0.060725
v -0.283333 -0.392500 0.064962
v -0.265625 -0.392500 0.068839
v -0.247917 -0.392500 0.072389
v -0.230208 -0.392500 0.075638
v -0.212500 -0.392500 0.078604
v -0.194792 -0.392500 0.081301
v -0.177083 -0.392500 0.083740
v -0.159375 -0.392500 0.085929
v -0.141667 -0.392500 0.087875
v -0.123958 -0.392500 0.089583
v -0.106250 -0.392500 0.091057
v -0.088542 -0.392500 0.092300
v -0.070833 -0.392500 0.093314
v -0.053125 -0.392500 0.094100
v -0.035417 -0.392500 0.094662
v -0.017708 -0.392500 0.094998
v 0.000000 -0.392500 0.095110
v 0.017708 -0.392500 0.094998
v 0.035417 -0.392500 0.094662
v 0.053125 -0.392500 0.094100
v 0.070833 -0.392500 0.093314
v 0.088542 -0.392500 0.092300
v 0.106250 -0.392500 0.091057
v 0.123958 -0.392500 0.089583
v 0.141667 -0.392500 0.087875
v 0.159375 -0.392500 0.085929
v 0.177083 -0.392500 0.083740
v 0.194792 -0.392500 0.081301
v 0.212500 -0.392500 0.078604
v 0.230208 -0.392500 0.075638
v 0.247917 -0.392500 0.072389
v 0.265625 -0.392500 0.068839
v 0.283333 -0.392500 0.064962
v 0.301042 -0.392500 0.060725
v 0.318750 -0.392500 0.056077
v 0.336458 -0.392500 0.050948
v 0.354167 -0.392500 0.045224
v 0.371875 -0.392500 0.038713
v 0.389583 -0.392500 0.031036
v 0.407292 -0.392500 0.021223
v 0.425000 -0.392500 0.000000
v -0.425000 -0.376875 0.000000
v -0.407292 -0.376875 0.021810
v -0.389583 -0.376875 0.031894
v -0.371875 -0.376875 0.039783
v -0.354167 -0.376875 0.046475
v -0.336458 -0.376875 0.052357
v -0.318750 -0.376875 0.057628
v -0.301042 -0.376875 0.062404
v -0.283333 -0.376875 0.066758
v -0.265625 -0.376875 0.070742
v -0.247917 -0.376875 0.074391
v -0.230208 -0.376875 0.077729
v -0.212500 -0.376875 0.080777
v -0.194792 -0.376875 0.083549
v -0.177083 -0.376875 0.086055
v -0.159375 -0.376875 0.088305
v -0.141667 -0.376875 0.090305
v -0.123958 -0.376875 0.092061
v -0.106250 -0.376875 0.093575
v -0.088542 -0.376875 0.094852
v -0.070833 -0.376875 0.095894
v -0.053125 -0.376875 0.096702
v -0.035417 -0.376875 0.097279
v -0.017708 -0.376875 0.097625
v 0.000000 -0.376875 0.097740
v 0.017708 -0.376875 0.097625
v 0.035417 -0.376875 0.097279
v 0.053125 -0.376875 0.096702
v 0.070833 -0.376875 0.095894
v 0.088542 -0.376875 0.094852
v 0.106250 -0.376875 0.093575
v 0.123958 -0.376875 0.092061
v 0.141667 -0.376875 0.090305
v 0.159375 -0.376875 0.088305
v 0.177083 -0.376875 0.086055
v 0.194792 -0.376875 0.083549
v 0.212500 -0.376875 0.080777
v 0.230208 -0.376875 0.077729
v 0.247917 -0.376875 0.074391
v 0.265625 -0.376875 0.070742
v 0.283333 -0.376875 0.066758
v 0.301042 -0.376875 0.062404
v 0.318750 -0.376875 0.057628
v 0.336458 -0.376875 0.052357
v 0.354167 -0.376875 0.046475
v 0.371875 -0.376875 0.039783
v 0.389583 -0.376875 0.031894
v 0.407292 -0.376875 0.021810
v 0.425000 -0.376875 0.000000
v -0.425000 -0.361250 0.000000
v -0.407292 -0.361250 0.022344
v -0.389583 -0.361250 0.032675
v -0.371875 -0.361250 0.040758
v -0.354167 -0.361250 0.047613
v -0.336458 -0.361250 0.053639
v -0.318750 -0.361250 0.059039
v -0.301042 -0.361250 0.063932
v -0.283333 -0.361250 0.068393
v -0.265625 -0.361250 0.072475
v -0.247917 -0.361250 0.076212
v -0.230208 -0.361250 0.079633
v -0.212500 -0.361250 0.082755
v -0.194792 -0.361250 0.085595
v -0.177083 -0.361250 0.088163
v -0.159375 -0.361250 0.090468
v -0.141667 -0.361250 0.092517
v -0.123958 -0.361250 0.094315
v -0.106250 -0.361250 0.095867
v -0.088542 -0.361250 0.097175
v -0.070833 -0.361250 0.098242
v -0.053125 -0.361250 0.099071
v -0.035417 -0.361250 0.099662
v -0.017708 -0.361250 0.100016
v 0.000000 -0.361250 0.100134
v 0.017708 -0.361250 0.100016
v 0.035417 -0.361250 0.099662
v 0.053125 -0.361250 0.099071
v 0.070833 -0.361250 0.098242
v 0.088542 -0.361250 0.097175
v 0.106250 -0.361250 0.095867
v 0.123958 -0.361250 0.094315
v 0.141667 -0.361250 0.092517
v 0.159375 -0.361250 0.090468
v 0.177083 -0.361250 0.088163
v 0.194792 -0.361250 0.085595
v 0.212500 -0.361250 0.082755
v 0.230208 -0.361250 0.079633
v 0.247917 -0.361250 0.076212
v 0.265625 -0.361250 0.072475
v 0.283333 -0.361250 0.068393
v 0.301042 -0.361250 0.063932
v 0.318750 -0.361250 0.059039
v 0.336458 -0.361250 0.053639
v 0.354167 -0.361250 0.047613
v 0.371875 -0.361250 0.040758
v 0.389583 -0.361250 0.032675
v 0.407292 -0.361250 0.022344
v 0.425000 -0.361250 0.000000
v -0.425000 -0.345625 0.000000
v -0.407292 -0.345625 0.022829
v -0.389583 -0.345625 0.033384
v -0.371875 -0.345625 0.041643
v -0.354167 -0.345625 0.048647
v -0.336458 -0.345625 0.054804
v -0.318750 -0.345625 0.060321
v -0.301042 -0.345625 0.065320
v -0.283333 -0.345625 0.069878
v -0.265625 -0.345625 0.074048
v -0.247917 -0.345625 0.077867
v -0.230208 -0.345625 0.081362
v -0.212500 -0.345625 0.084552
v -0.194792 -0.345625 0.087454
v -0.177083 -0.345625 0.090077
v -0.159375 -0.345625 0.092432
v -0.141667 -0.345625 0.094526
v -0.123958 -0.345625 0.096363
v -0.106250 -0.345625 0.097948
v -0.088542 -0.345625 0.099285
v -0.070833 -0.345625 0.100375
v -0.053125 -0.345625 0.101222
v -0.035417 -0.345625 0.101825
v -0.017708 -0.345625 0.102187
v 0.000000 -0.345625 0.102308
v 0.017708 -0.345625 0.102187
v 0.035417 -0.345625 0.101825
v 0.053125 -0.345625 0.101222
v 0.070833 -0.345625 0.100375
v 0.088542 -0.345625 0.099285
v 0.106250 -0.345625 0.097948
v 0.123958 -0.345625 0.096363
v 0.141667 -0.345625 0.094526
v 0.159375 -0.345625 0.092432
v 0.177083 -0.345625 0.090077
v 0.194792 -0.345625 0.087454
v 0.212500 -0.345625 0.084552
v 0.230208 -0.345625 0.081362
v 0.247917 -0.345625 0.077867
v 0.265625 -0.345625 0.074048
v 0.283333 -0.345625 0.069878
v 0.301042 -0.345625 0.065320
v 0.318750 -0.345625 0.060321
v 0.336458 -0.345625 0.054804
v 0.354167 -0.345625 0.048647
v 0.371875 -0.345625 0.041643
v 0.389583 -0.345625 0.033384
v 0.407292 -0.345625 0.022829
v 0.425000 -0.345625 0.000000
v -0.425000 -0.330000 0.000000
v -0.407292 -0.330000 0.023268
v -0.389583 -0.330000 0.034026
v -0.371875 -0.330000 0.042444
v -0.354167 -0.330000 0.049583
v -0.336458 -0.330000 0.055858
v -0.318750 -0.330000 0.061482
v -0.301042 -0.330000 0.066577
v -0.283333 -0.330000 0.071222
v -0.265625 -0.330000 0.075473
v -0.247917 -0.330000 0.079365
v -0.230208 -0.330000 0.082927
v -0.212500 -0.330000 0.086179
v -0.194792 -0.330000 0.089136
v -0.177083 -0.330000 0.091810
v -0.159375 -0.330000 0.094210
v -0.141667 -0.330000 0.096344
v -0.123958 -0.330000 0.098217
v -0.106250 -0.330000 0.099832
v -0.088542 -0.330000 0.101195
v -0.070833 -0.330000 0.102306
v -0.053125 -0.330000 0.103169
v -0.035417 -0.330000 0.103784
v -0.017708 -0.330000 0.104153
v 0.000000 -0.330000 0.104276
v 0.017708 -0.330000 0.104153
v 0.035417 -0.330000 0.103784
v 0.053125 -0.330000 0.103169
v 0.070833 -0.330000 0.102306
v 0.088542 -0.330000 0.101195
v 0.106250 -0.330000 0.099832
v 0.123958 -0.330000 0.098217
v 0.141667 -0.330000 0.096344
v 0.159375 -0.330000 0.094210
v 0.177083 -0.330000 0.091810
v 0.194792 -0.330000 0.089136
v 0.212500 -0.330000 0.086179
v 0.230208 -0.330000 0.082927
v 0.247917 -0.330000 0.079365
v 0.265625 -0.330000 0.075473
v 0.283333 -0.330000 0.071222
v 0.301042 -0.330000 0.066577
v 0.318750 -0.330000 0.061482
v 0.336458 -0.330000 0.055858
v 0.354167 -0.330000 0.049583
v 0.371875 -0.330000 0.042444
v 0.389583 -0.330000 0.034026
v 0.407292 -0.330000 0.023268
v 0.425000 -0.330000 0.000000
v -0.425000 -0.314375 0.000000
v -0.407292 -0.314375 0.023664
v -0.389583 -0.314375 0.034605
v -0.371875 -0.314375 0.043165
v -0.354167 -0.314375 0.050426
v -0.336458 -0.314375 0.056808
v -0.318750 -0.314375 0.062527
v -0.301042 -0.314375 0.067709
v -0.283333 -0.314375 0.072434
v -0.265625 -0.314375 0.076756
v -0.247917 -0.314375 0.080715
v -0.230208 -0.314375 0.084337
v -0.212500 -0.314375 0.087644
v -0.194792 -0.314375 0.090652
v -0.177083 -0.314375 0.093371
v -0.159375 -0.314375 0.095812
v -0.141667 -0.314375 0.097982
v -0.123958 -0.314375 0.099887
v -0.106250 -0.314375 0.101530
v -0.088542 -0.314375 0.102916
v -0.070833 -0.314375 0.104046
v -0.053125 -0.314375 0.104923
v -0.035417 -0.314375 0.105549
v -0.017708 -0.314375 0.105924
v 0.000000 -0.314375 0.106049
v 0.017708 -0.314375 0.105924
v 0.035417 -0.314375 0.105549
v 0.053125 -0.314375 0.104923
v 0.070833 -0.314375 0.104046
v 0.088542 -0.314375 0.102916
v 0.106250 -0.314375 0.101530
v 0.123958 -0.314375 0.099887
v 0.141667 -0.314375 0.097982
v 0.159375 -0.314375 0.095812
v 0.177083 -0.314375 0.093371
v 0.194792 -0.314375 0.090652
v 0.212500 -0.314375 0.087644
v 0.230208 -0.314375 0.084337
v 0.247917 -0.314375 0.080715
v 0.265625 -0.314375 0.076756
v 0.283333 -0.314375 0.072434
v 0.301042 -0.314375 0.067709
v 0.318750 -0.314375 0.062527
v 0.336458 -0.314375 0.056808
v 0.354167 -0.314375 0.050426
v 0.371875 -0.314375 0.043165
v 0.389583 -0.314375 0.034605
v 0.407292 -0.314375 0.023664
v 0.425000 -0.314375 0.000000
v -0.425000 -0.298750 0.000000
v -0.407292 -0.298750 0.024018
v -0.389583 -0.298750 0.035123
v -0.371875 -0.298750 0.043812
v -0.354167 -0.298750 0.051181
v -0.336458 -0.298750 0.057659
v -0.318750 -0.298750 0.063464
v -0.301042 -0.298750 0.068723
v -0.283333 -0.298750 0.073519
v -0.265625 -0.298750 0.077906
v -0.247917 -0.298750 0.081924
v -0.230208 -0.298750 0.085600
v -0.212500 -0.298750 0.088957
v -0.194792 -0.298750 0.092009
v -0.177083 -0.298750 0.094770
v -0.159375 -0.298750 0.097248
v -0.141667 -0.298750 0.099450
v -0.123958 -0.298750 0.101383
v -0.106250 -0.298750 0.103051
v -0.088542 -0.298750 0.104457
v -0.070833 -0.298750 0.105605
v -0.053125 -0.298750 0.106495
v -0.035417 -0.298750 0.107130
v -0.017708 -0.298750 0.107511
v 0.000000 -0.298750 0.107638
v 0.017708 -0.298750 0.107511
v 0.035417 -0.298750 0.107130
v 0.053125 -0.298750 0.106495
v 0.070833 -0.298750 0.105605
v 0.088542 -0.298750 0.104457
v 0.106250 -0.298750 0.103051
v 0.123958 -0.298750 0.101383
v 0.141667 -0.298750 0.099450
v 0.159375 -0.298750 0.097248
v 0.177083 -0.298750 0.094770
v 0.194792 -0.298750 0.092009
v 0.212500 -0.298750 0.088957
v 0.230208 -0.298750 0.085600
v 0.247917 -0.298750 0.081924
v 0.265625 -0.298750 0.077906
v 0.283333 -0.298750 0.073519
v 0.301042 -0.298750 0.068723
v 0.318750 -0.298750 0.063464
v 0.336458 -0.298750 0.057659
v 0.354167 -0.298750 0.051181
v 0.371875 -0.298750 0.043812
v 0.389583 -0.298750 0.035123
v 0.407292 -0.298750 0.024018
v 0.425000 -0.298750 0.000000
v -0.425000 -0.283125 0.000000
v -0.407292 -0.283125 0.024333
v -0.389583 -0.283125 0.035584
v -0.371875 -0.283125 0.044387
v -0.354167 -0.283125 0.051853
v -0.336458 -0.283125 0.058416
v -0.318750 -0.283125 0.064296
v -0.301042 -0.283125 0.069625
v -0.283333 -0.283125 0.074483
v -0.265625 -0.283125 0.078928
v -0.247917 -0.283125 0.082998
v -0.230208 -0.283125 0.086723
v -0.212500 -0.283125 0.090124
v -0.194792 -0.283125 0.093217
v -0.177083 -0.283125 0.096013
v -0.159375 -0.283125 0.098523
v -0.141667 -0.283125 0.100755
v -0.123958 -0.283125 0.102713
v -0.106250 -0.283125 0.104403
v -0.088542 -0.283125 0.105828
v -0.070833 -0.283125 0.106990
v -0.053125 -0.283125 0.107892
v -0.035417 -0.283125 0.108536
v -0.017708 -0.283125 0.108921
v 0.000000 -0.283125 0.109050
v 0.017708 -0.283125 0.108921
v 0.035417 -0.283125 0.108536
v 0.053125 -0.283125 0.107892
v 0.070833 -0.283125 0.106990
v 0.088542 -0.283125 0.105828
v 0.106250 -0.283125 0.104403
v 0.123958 -0.283125 0.102713
v 0.141667 -0.283125 0.100755
v 0.159375 -0.283125 0.098523
v 0.177083 -0.283125 0.096013
v 0.194792 -0.283125 0.093217
v 0.212500 -0.283125 0.090124
v 0.230208 -0.283125 0.086723
v 0.247917 -0.283125 0.082998
v 0.265625 -0.283125 0.078928
v 0.283333 -0.283125 0.074483
v 0.301042 -0.283125 0.069625
v 0.318750 -0.283125 0.064296
v 0.336458 -0.283125 0.058416
v 0.354167 -0.283125 0.051853
v 0.371875 -0.283125 0.044387
v 0.389583 -0.283125 0.035584
v 0.407292 -0.283125 0.024333
v 0.425000 -0.283125 0.000000
v -0.425000 -0.267500 0.000000
v -0.407292 -0.267500 0.024611
v -0.389583 -0.267500 0.035990
v -0.371875 -0.267500 0.044893
v -0.354167 -0.267500 0.052444
v -0.336458 -0.267500 0.059081
v -0.318750 -0.267500 0.065029
v -0.301042 -0.267500 0.070418
v -0.283333 -0.267500 0.075332
v -0.265625 -0.267500 0.079828
v -0.247917 -0.267500 0.083944
v -0.230208 -0.267500 0.087712
v -0.212500 -0.267500 0.091151
v -0.194792 -0.267500 0.094279
v -0.177083 -0.267500 0.097108
v -0.159375 -0.267500 0.099646
v -0.141667 -0.267500 0.101903
v -0.123958 -0.267500 0.103884
v -0.106250 -0.267500 0.105593
v -0.088542 -0.267500 0.107034
v -0.070833 -0.267500 0.108209
v -0.053125 -0.267500 0.109122
v -0.035417 -0.267500 0.109773
v -0.017708 -0.267500 0.110163
v 0.000000 -0.267500 0.110293
v 0.017708 -0.267500 0.110163
v 0.035417 -0.267500 0.109773
v 0.053125 -0.267500 0.109122
v 0.070833 -0.267500 0.108209
v 0.088542 -0.267500 0.107034
v 0.106250 -0.267500 0.105593
v 0.123958 -0.267500 0.103884
v 0.141667 -0.267500 0.101903
v 0.159375 -0.267500 0.099646
v 0.177083 -0.267500 0.097108
v 0.194792 -0.267500 0.094279
v 0.212500 -0.267500 0.091151
v 0.230208 -0.267500 0.087712
v 0.247917 -0.267500 0.083944
v 0.265625 -0.267500 0.079828
v 0.283333 -0.267500 0.075332
v 0.301042 -0.267500 0.070418
v 0.318750 -0.267500 0.065029
v 0.336458 -0.267500 0.059081
v 0.354167 -0.267500 0.052444
v 0.371875 -0.267500 0.044893
v 0.389583 -0.267500 0.035990
v 0.407292 -0.267500 0.024611
v 0.425000 -0.267500 0.000000
v -0.425000 -0.251875 0.000000
v -0.407292 -0.251875 0.024852
v -0.389583 -0.251875 0.036342
v -0.371875 -0.251875 0.045332
v -0.354167 -0.251875 0.052957
v -0.336458 -0.251875 0.059660
v -0.318750 -0.251875 0.065666
v -0.301042 -0.251875 0.071108
v -0.283333 -0.251875 0.076070
v -0.265625 -0.251875 0.080609
v -0.247917 -0.251875 0.084767
v -0.230208 -0.251875 0.088571
v -0.212500 -0.251875 0.092044
v -0.194792 -0.251875 0.095202
v -0.177083 -0.251875 0.098059
v -0.159375 -0.251875 0.100622
v -0.141667 -0.251875 0.102901
v -0.123958 -0.251875 0.104901
v -0.106250 -0.251875 0.106627
v -0.088542 -0.251875 0.108082
v -0.070833 -0.251875 0.109269
v -0.053125 -0.251875 0.110191
v -0.035417 -0.251875 0.110848
v -0.017708 -0.251875 0.111241
v 0.000000 -0.251875 0.111373
v 0.017708 -0.251875 0.111241
v 0.035417 -0.251875 0.110848
v 0.053125 -0.251875 0.110191
v 0.070833 -0.251875 0.109269
v 0.088542 -0.251875 0.108082
v 0.106250 -0.251875 0.106627
v 0.123958 -0.251875 0.104901
v 0.141667 -0.251875 0.102901
v 0.159375 -0.251875 0.100622
v 0.177083 -0.251875 0.098059
v 0.194792 -0.251875 0.095202
v 0.212500 -0.251875 0.092044
v 0.230208 -0.251875 0.088571
v 0.247917 -0.251875 0.084767
v 0.265625 -0.251875 0.080609
v 0.283333 -0.251875 0.076070
v 0.301042 -0.251875 0.071108
v 0.318750 -0.251875 0.065666
v 0.336458 -0.251875 0.059660
v 0.354167 -0.251875 0.052957
v 0.371875 -0.251875 0.045332
v 0.389583 -0.251875 0.036342
v 0.407292 -0.251875 0.024852
v 0.425000 -0.251875 0.000000
v -0.425000 -0.236250 0.000000
v -0.407292 -0.236250 0.025058
v -0.389583 -0.236250 0.036643
v -0.371875 -0.236250 0.045708
v -0.354167 -0.236250 0.053396
v -0.336458 -0.236250 0.060154
v -0.318750 -0.236250 0.066210
v -0.301042 -0.236250 0.071697
v -0.283333 -0.236250 0.076700
v -0.265625 -0.236250 0.081277
v -0.247917 -0.236250 0.085469
v -0.230208 -0.236250 0.089305
v -0.212500 -0.236250 0.092807
v -0.194792 -0.236250 0.095991
v -0.177083 -0.236250 0.098871
v -0.159375 -0.236250 0.101456
v -0.141667 -0.236250 0.103754
v -0.123958 -0.236250 0.105771
v -0.106250 -0.236250 0.107511
v -0.088542 -0.236250 0.108978
v -0.070833 -0.236250 0.110175
v -0.053125 -0.236250 0.111104
v -0.035417 -0.236250 0.111766
v -0.017708 -0.236250 0.112163
v 0.000000 -0.236250 0.112296
v 0.017708 -0.236250 0.112163
v 0.035417 -0.236250 0.111766
v 0.053125 -0.236250 0.111104
v 0.070833 -0.236250 0.110175
v 0.088542 -0.236250 0.108978
v 0.106250 -0.236250 0.107511
v 0.123958 -0.236250 0.105771
v 0.141667 -0.236250 0.103754
v 0.159375 -0.236250 0.101456
v 0.177083 -0.236250 0.098871
v 0.194792 -0.236250 0.095991
v 0.212500 -0.236250 0.092807
v 0.230208 -0.236250 0.089305
v 0.247917 -0.236250 0.085469
v 0.265625 -0.236250 0.081277
v 0.283333 -0.236250 0.076700
v 0.301042 -0.236250 0.071697
v 0.318750 -0.236250 0.066210
v 0.336458 -0.236250 0.060154
v 0.354167 -0.236250 0.053396
v 0.371875 -0.236250 0.045708
v 0.389583 -0.236250 0.036643
v 0.407292 -0.236250 0.025058
v 0.425000 -0.236250 0.000000
v -0.425000 -0.220625 0.000000
v -0.407292 -0.220625 0.025230
v -0.389583 -0.220625 0.036895
v -0.371875 -0.220625 0.046022
v -0.354167 -0.220625 0.053763
v -0.336458 -0.220625 0.060567
v -0.318750 -0.220625 0.066664
v -0.301042 -0.220625 0.072189
v -0.283333 -0.220625 0.077226
v -0.265625 -0.220625 0.081835
v -0.247917 -0.220625 0.086056
v -0.230208 -0.220625 0.089918
v -0.212500 -0.220625 0.093444
v -0.194792 -0.220625 0.096650
v -0.177083 -0.220625 0.099550
v -0.159375 -0.220625 0.102152
v -0.141667 -0.220625 0.104466
v -0.123958 -0.220625 0.106496
v -0.106250 -0.220625 0.108248
v -0.088542 -0.220625 0.109726
v -0.070833 -0.220625 0.110931
v -0.053125 -0.220625 0.111866
v -0.035417 -0.220625 0.112533
v -0.017708 -0.220625 0.112933
v 0.000000 -0.220625 0.113066
v 0.017708 -0.220625 0.112933
v 0.035417 -0.220625 0.112533
v 0.053125 -0.220625 0.111866
v 0.070833 -0.220625 0.110931
v 0.088542 -0.220625 0.109726
v 0.106250 -0.220625 0.108248
v 0.123958 -0.220625 0.106496
v 0.141667 -0.220625 0.104466
v 0.159375 -0.220625 0.102152
v 0.177083 -0.220625 0.099550
v 0.194792 -0.220625 0.096650
v 0.212500 -0.220625 0.093444
v 0.230208 -0.220625 0.089918
v 0.247917 -0.220625 0.086056
v 0.265625 -0.220625 0.081835
v 0.283333 -0.220625 0.077226
v 0.301042 -0.220625 0.072189
v 0.318750 -0.220625 0.066664
v 0.336458 -0.220625 0.060567
v 0.354167 -0.220625 0.053763
v 0.371875 -0.220625 0.046022
v 0.389583 -0.220625 0.036895
v 0.407292 -0.220625 0.025230
v 0.425000 -0.220625 0.000000
v -0.425000 -0.205000 0.000000
v -0.407292 -0.205000 0.025369
v -0.389583 -0.205000 0.037098
v -0.371875 -0.205000 0.046275
v -0.354167 -0.205000 0.054059
v -0.336458 -0.205000 0.060901
v -0.318750 -0.205000 0.067032
v -0.301042 -0.205000 0.072587
v -0.283333 -0.205000 0.077652
v -0.265625 -0.205000 0.082286
v -0.247917 -0.205000 0.086530
v -0.230208 -0.205000 0.090413
v -0.212500 -0.205000 0.093958
v -0.194792 -0.205000 0.097182
v -0.177083 -0.205000 0.100098
v -0.159375 -0.205000 0.102715
v -0.141667 -0.205000 0.105041
v -0.123958 -0.205000 0.107083
v -0.106250 -0.205000 0.108845
v -0.088542 -0.205000 0.110330
v -0.070833 -0.205000 0.111542
v -0.053125 -0.205000 0.112482
v -0.035417 -0.205000 0.113153
v -0.017708 -0.205000 0.113555
v 0.000000 -0.205000 0.113689
v 0.017708 -0.205000 0.113555
v 0.035417 -0.205000 0.113153
v 0.053125 -0.205000 0.112482
v 0.070833 -0.205000 0.111542
v 0.088542 -0.205000 0.110330
v 0.106250 -0.205000 0.108845
v 0.123958 -0.205000 0.107083
v 0.141667 -0.205000 0.105041
v 0.159375 -0.205000 0.102715
v 0.177083 -0.205000 0.100098
v 0.194792 -0.205000 0.097182
v 0.212500 -0.205000 0.093958
v 0.230208 -0.205000 0.090413
v 0.247917 -0.205000 0.086530
v 0.265625 -0.205000 0.082286
v 0.283333 -0.205000 0.077652
v 0.301042 -0.205000 0.072587
v 0.318750 -0.205000 0.067032
v 0.336458 -0.205000 0.060901
v 0.354167 -0.205000 0.054059
v 0.371875 -0.205000 0.046275
v 0.389583 -0.205000 0.037098
v 0.407292 -0.205000 0.025369
v 0.425000 -0.205000 0.000000
v -0.425000 -0.189375 0.000000
v -0.407292 -0.189375 0.025476
v -0.389583 -0.189375 0.037254
v -0.371875 -0.189375 0.046470
v -0.354167 -0.189375 0.054286
v -0.336458 -0.189375 0.061157
v -0.318750 -0.189375 0.067314
v -0.301042 -0.189375 0.072892
v -0.283333 -0.189375 0.077979
v -0.265625 -0.189375 0.082632
v -0.247917 -0.189375 0.086894
v -0.230208 -0.189375 0.090794
v -0.212500 -0.189375 0.094354
v -0.194792 -0.189375 0.097592
v -0.177083 -0.189375 0.100520
v -0.159375 -0.189375 0.103148
v -0.141667 -0.189375 0.105484
v -0.123958 -0.189375 0.107534
v -0.106250 -0.189375 0.109303
v -0.088542 -0.189375 0.110795
v -0.070833 -0.189375 0.112012
v -0.053125 -0.189375 0.112956
v -0.035417 -0.189375 0.113630
v -0.017708 -0.189375 0.114033
v 0.000000 -0.189375 0.114168
v 0.017708 -0.189375 0.114033
v 0.035417 -0.189375 0.113630
v 0.053125 -0.189375 0.112956
v 0.070833 -0.189375 0.112012
v 0.088542 -0.189375 0.110795
v 0.106250 -0.189375 0.109303
v 0.123958 -0.189375 0.107534
v 0.141667 -0.189375 0.105484
v 0.159375 -0.189375 0.103148
v 0.177083 -0.189375 0.100520
v 0.194792 -0.189375 0.097592
v 0.212500 -0.189375 0.094354
v 0.230208 -0.189375 0.090794
v 0.247917 -0.189375 0.086894
v 0.265625 -0.189375 0.082632
v 0.283333 -0.189375 0.077979
v 0.301042 -0.189375 0.072892
v 0.318750 -0.189375 0.067314
v 0.336458 -0.189375 0.061157
v 0.354167 -0.189375 0.054286
v 0.371875 -0.189375 0.046470
v 0.389583 -0.189375 0.037254
v 0.407292 -0.189375 0.025476
v 0.425000 -0.189375 0.000000
v -0.425000 -0.173750 0.000000
v -0.407292 -0.173750 0.025551
v -0.389583 -0.173750 0.037365
v -0.371875 -0.173750 0.046608
v -0.354167 -0.173750 0.054447
v -0.336458 -0.173750 0.061339
v -0.318750 -0.173750 0.067514
v -0.301042 -0.173750 0.073108
v -0.283333 -0.173750 0.078210
v -0.265625 -0.173750 0.082877
v -0.247917 -0.173750 0.087152
v -0.230208 -0.173750 0.091063
v -0.212500 -0.173750 0.094634
v -0.194792 -0.173750 0.097881
v -0.177083 -0.173750 0.100818
v -0.159375 -0.173750 0.103453
v -0.141667 -0.173750 0.105796
v -0.123958 -0.173750 0.107853
v -0.106250 -0.173750 0.109627
v -0.088542 -0.173750 0.111123
v -0.070833 -0.173750 0.112344
v -0.053125 -0.173750 0.113291
v -0.035417 -0.173750 0.113966
v -0.017708 -0.173750 0.114371
v 0.000000 -0.173750 0.114506
v 0.017708 -0.173750 0.114371
v 0.035417 -0.173750 0.113966
v 0.053125 -0.173750 0.113291
v 0.070833 -0.173750 0.112344
v 0.088542 -0.173750 0.111123
v 0.106250 -0.173750 0.109627
v 0.123958 -0.173750 0.107853
v 0.141667 -0.173750 0.105796
v 0.159375 -0.173750 0.103453
v 0.177083 -0.173750 0.100818
v 0.194792 -0.173750 0.097881
v 0.212500 -0.173750 0.094634
v 0.230208 -0.173750 0.091063
v 0.247917 -0.173750 0.087152
v 0.265625 -0.173750 0.082877
v 0.283333 -0.173750 0.078210
v 0.301042 -0.173750 0.073108
v 0.318750 -0.173750 0.067514
v 0.336458 -0.173750 0.061339
v 0.354167 -0.173750 0.054447
v 0.371875 -0.173750 0.046608
v 0.389583 -0.173750 0.037365
v 0.407292 -0.173750 0.025551
v 0.425000 -0.173750 0.000000
v -0.425000 -0.158125 0.000000
v -0.407292 -0.158125 0.025596
v -0.389583 -0.158125 0.037431
v -0.371875 -0.158125 0.046690
v -0.354167 -0.158125 0.054543
v -0.336458 -0.158125 0.061446
v -0.318750 -0.158125 0.067632
v -0.301042 -0.158125 0.073237
v -0.283333 -0.158125 0.078348
v -0.265625 -0.158125 0.083023
v -0.247917 -0.158125 0.087305
v -0.230208 -0.158125 0.091223
v -0.212500 -0.158125 0.094800
v -0.194792 -0.158125 0.098053
v -0.177083 -0.158125 0.100995
v -0.159375 -0.158125 0.103635
v -0.141667 -0.158125 0.105983
v -0.123958 -0.158125 0.108042
v -0.106250 -0.158125 0.109820
v -0.088542 -0.158125 0.111318
v -0.070833 -0.158125 0.112541
v -0.053125 -0.158125 0.113490
v -0.035417 -0.158125 0.114167
v -0.017708 -0.158125 0.114573
v 0.000000 -0.158125 0.114708
v 0.017708 -0.158125 0.114573
v 0.035417 -0.158125 0.114167
v 0.053125 -0.158125 0.113490
v 0.070833 -0.158125 0.112541
v 0.088542 -0.158125 0.111318
v 0.106250 -0.158125 0.109820
v 0.123958 -0.158125 0.108042
v 0.141667 -0.158125 0.105983
v 0.159375 -0.158125 0.103635
v 0.177083 -0.158125 0.100995
v 0.194792 -0.158125 0.098053
v 0.212500 -0.158125 0.094800
v 0.230208 -0.158125 0.091223
v 0.247917 -0.158125 0.087305
v 0.265625 -0.158125 0.083023
v 0.283333 -0.158125 0.078348
v 0.301042 -0.158125 0.073237
v 0.318750 -0.158125 0.067632
v 0.336458 -0.158125 0.061446
v 0.354167 -0.158125 0.054543
v 0.371875 -0.158125 0.046690
v 0.389583 -0.158125 0.037431
v 0.407292 -0.158125 0.025596
v 0.425000 -0.158125 0.000000
v -0.425000 -0.142500 0.000000
v -0.407292 -0.142500 0.025611
v -0.389583 -0.142500 0.037452
v -0.371875 -0.142500 0.046717
v -0.354167 -0.142500 0.054575
v -0.336458 -0.142500 0.061482
v -0.318750 -0.142500 0.067672
v -0.301042 -0.142500 0.073280
v -0.283333 -0.142500 0.078393
v -0.265625 -0.142500 0.083072
v -0.247917 -0.142500 0.087356
v -0.230208 -0.142500 0.091276
v -0.212500 -0.142500 0.094856
v -0.194792 -0.142500 0.098110
v -0.177083 -0.142500 0.101054
v -0.159375 -0.142500 0.103696
v -0.141667 -0.142500 0.106045
v -0.123958 -0.142500 0.108106
v -0.106250 -0.142500 0.109884
v -0.088542 -0.142500 0.111384
v -0.070833 -0.142500 0.112607
v -0.053125 -0.142500 0.113557
v -0.035417 -0.142500 0.114234
v -0.017708 -0.142500 0.114640
v 0.000000 -0.142500 0.114775
v 0.017708 -0.142500 0.114640
v 0.035417 -0.142500 0.114234
v 0.053125 -0.142500 0.113557
v 0.070833 -0.142500 0.112607
v 0.088542 -0.142500 0.111384
v 0.106250 -0.142500 0.109884
v 0.123958 -0.142500 0.108106
v 0.141667 -0.142500 0.106045
v 0.159375 -0.142500 0.103696
v 0.177083 -0.142500 0.101054
v 0.194792 -0.142500 0.098110
v 0.212500 -0.142500 0.094856
v 0.230208 -0.142500 0.091276
v 0.247917 -0.142500 0.087356
v 0.265625 -0.142500 0.083072
v 0.283333 -0.142500 0.078393
v 0.301042 -0.142500 0.073280
v 0.318750 -0.142500 0.067672
v 0.336458 -0.142500 0.061482
v 0.354167 -0.142500 0.054575
v 0.371875 -0.142500 0.046717
v 0.389583 -0.142500 0.037452
v 0.407292 -0.142500 0.025611
v 0.425000 -0.142500 0.000000
v -0.425000 -0.126875 0.000000
v -0.407292 -0.126875 0.025597
v -0.389583 -0.126875 0.037431
v -0.371875 -0.126875 0.046691
v -0.354167 -0.126875 0.054544
v -0.336458 -0.126875 0.061448
v -0.318750 -0.126875 0.067634
v -0.301042 -0.126875 0.073239
v -0.283333 -0.126875 0.078349
v -0.265625 -0.126875 0.083025
v -0.247917 -0.126875 0.087307
v -0.230208 -0.126875 0.091225
v -0.212500 -0.126875 0.094802
v -0.194792 -0.126875 0.098055
v -0.177083 -0.126875 0.100997
v -0.159375 -0.126875 0.103638
v -0.141667 -0.126875 0.105985
v -0.123958 -0.126875 0.108045
v -0.106250 -0.126875 0.109822
v -0.088542 -0.126875 0.111321
v -0.070833 -0.126875 0.112544
v -0.053125 -0.126875 0.113493
v -0.035417 -0.126875 0.114170
v -0.017708 -0.126875 0.114575
v 0.000000 -0.126875 0.114710
v 0.017708 -0.126875 0.114575
v 0.035417 -0.126875 0.114170
v 0.053125 -0.126875 0.113493
v 0.070833 -0.126875 0.112544
v 0.088542 -0.126875 0.111321
v 0.106250 -0.126875 0.109822
v 0.123958 -0.126875 0.108045
v 0.141667 -0.126875 0.105985
v 0.159375 -0.126875 0.103638
v 0.177083 -0.126875 0.100997
v 0.194792 -0.126875 0.098055
v 0.212500 -0.126875 0.094802
v 0.230208 -0.126875 0.091225
v 0.247917 -0.126875 0.087307
v 0.265625 -0.126875 0.083025
v 0.283333 -0.126875 0.078349
v 0.301042 -0.126875 0.073239
v 0.318750 -0.126875 0.067634
v 0.336458 -0.126875 0.061448
v 0.354167 -0.126875 0.054544
v 0.371875 -0.126875 0.046691
v 0.389583 -0.126875 0.037431
v 0.407292 -0.126875 0.025597
v 0.425000 -0.126875 0.000000
v -0.425000 -0.111250 0.000000
v -0.407292 -0.111250 0.025553
v -0.389583 -0.111250 0.037368
v -0.371875 -0.111250 0.046612
v -0.354167 -0.111250 0.054452
v -0.336458 -0.111250 0.061344
v -0.318750 -0.111250 0.067520
v -0.301042 -0.111250 0.073115
v -0.283333 -0.111250 0.078217
v -0.265625 -0.111250 0.082885
v -0.247917 -0.111250 0.087159
v -0.230208 -0.111250 0.091071
v -0.212500 -0.111250 0.094642
v -0.194792 -0.111250 0.097890
v -0.177083 -0.111250 0.100827
v -0.159375 -0.111250 0.103463
v -0.141667 -0.111250 0.105806
v -0.123958 -0.111250 0.107862
v -0.106250 -0.111250 0.109637
v -0.088542 -0.111250 0.111133
v -0.070833 -0.111250 0.112354
v -0.053125 -0.111250 0.113301
v -0.035417 -0.111250 0.113977
v -0.017708 -0.111250 0.114382
v 0.000000 -0.111250 0.114517
v 0.017708 -0.111250 0.114382
v 0.035417 -0.111250 0.113977
v 0.053125 -0.111250 0.113301
v 0.070833 -0.111250 0.112354
v 0.088542 -0.111250 0.111133
v 0.106250 -0.111250 0.109637
v 0.123958 -0.111250 0.107862
v 0.141667 -0.111250 0.105806
v 0.159375 -0.111250 0.103463
v 0.177083 -0.111250 0.100827
v 0.194792 -0.111250 0.097890
v 0.212500 -0.111250 0.094642
v 0.230208 -0.111250 0.091071
v 0.247917 -0.111250 0.087159
v 0.265625 -0.111250 0.082885
v 0.283333 -0.111250 0.078217
v 0.301042 -0.111250 0.073115
v 0.318750 -0.111250 0.067520
v 0.336458 -0.111250 0.061344
v 0.354167 -0.111250 0.054452
v 0.371875 -0.111250 0.046612
v 0.389583 -0.111250 0.037368
v 0.407292 -0.111250 0.025553
v 0.425000 -0.111250 0.000000
v -0.425000 -0.095625 0.000000
v -0.407292 -0.095625 0.025482
v -0.389583 -0.095625 0.037264
v -0.371875 -0.095625 0.046481
v -0.354167 -0.095625 0.054300
v -0.336458 -0.095625 0.061172
v -0.318750 -0.095625 0.067331
v -0.301042 -0.095625 0.072910
v -0.283333 -0.095625 0.077998
v -0.265625 -0.095625 0.082653
v -0.247917 -0.095625 0.086915
v -0.230208 -0.095625 0.090816
v -0.212500 -0.095625 0.094377
v -0.194792 -0.095625 0.097616
v -0.177083 -0.095625 0.100544
v -0.159375 -0.095625 0.103173
v -0.141667 -0.095625 0.105510
v -0.123958 -0.095625 0.107560
v -0.106250 -0.095625 0.109330
v -0.088542 -0.095625 0.110822
v -0.070833 -0.095625 0.112039
v -0.053125 -0.095625 0.112984
v -0.035417 -0.095625 0.113657
v -0.017708 -0.095625 0.114061
v 0.000000 -0.095625 0.114196
v 0.017708 -0.095625 0.114061
v 0.035417 -0.095625 0.113657
v 0.053125 -0.095625 0.112984
v 0.070833 -0.095625 0.112039
v 0.088542 -0.095625 0.110822
v 0.106250 -0.095625 0.109330
v 0.123958 -0.095625 0.107560
v 0.141667 -0.095625 0.105510
v 0.159375 -0.095625 0.103173
v 0.177083 -0.095625 0.100544
v 0.194792 -0.095625 0.097616
v 0.212500 -0.095625 0.094377
v 0.230208 -0.095625 0.090816
v 0.247917 -0.095625 0.086915
v 0.265625 -0.095625 0.082653
v 0.283333 -0.095625 0.077998
v 0.301042 -0.095625 0.072910
v 0.318750 -0.095625 0.067331
v 0.336458 -0.095625 0.061172
v 0.354167 -0.095625 0.054300
v 0.371875 -0.095625 0.046481
v 0.389583 -0.095625 0.037264
v 0.407292 -0.095625 0.025482
v 0.425000 -0.095625 0.000000
v -0.425000 -0.080000 0.000000
v -0.407292 -0.080000 0.025382
v -0.389583 -0.080000 0.037118
v -0.371875 -0.080000 0.046300
v -0.354167 -0.080000 0.054088
v -0.336458 -0.080000 0.060933
v -0.318750 -0.080000 0.067068
v -0.301042 -0.080000 0.072626
v -0.283333 -0.080000 0.077694
v -0.265625 -0.080000 0.082330
v -0.247917 -0.080000 0.086576
v -0.230208 -0.080000 0.090461
v -0.212500 -0.080000 0.094009
v -0.194792 -0.080000 0.097234
v -0.177083 -0.080000 0.100152
v -0.159375 -0.080000 0.102770
v -0.141667 -0.080000 0.105098
v -0.123958 -0.080000 0.107140
v -0.106250 -0.080000 0.108903
v -0.088542 -0.080000 0.110389
v -0.070833 -0.080000 0.111602
v -0.053125 -0.080000 0.112543
v -0.035417 -0.080000 0.113214
v -0.017708 -0.080000 0.113616
v 0.000000 -0.080000 0.113750
v 0.017708 -0.080000 0.113616
v 0.035417 -0.080000 0.113214
v 0.053125 -0.080000 0.112543
v 0.070833 -0.080000 0.111602
v 0.088542 -0.080000 0.110389
v 0.106250 -0.080000 0.108903
v 0.123958 -0.080000 0.107140
v 0.141667 -0.080000 0.105098
v 0.159375 -0.080000 0.102770
v 0.177083 -0.080000 0.100152
v 0.194792 -0.080000 0.097234
v 0.212500 -0.080000 0.094009
v 0.230208 -0.080000 0.090461
v 0.247917 -0.080000 0.086576
v 0.265625 -0.080000 0.082330
v 0.283333 -0.080000 0.077694
v 0.301042 -0.080000 0.072626
v 0.318750 -0.080000 0.067068
v 0.336458 -0.080000 0.060933
v 0.354167 -0.080000 0.054088
v 0.371875 -0.080000 0.046300
v 0.389583 -0.080000 0.037118
v 0.407292 -0.080000 0.025382
v 0.425000 -0.080000 0.000000
v -0.425000 -0.064375 0.000000
v -0.407292 -0.064375 0.025255
v -0.389583 -0.064375 0.036932
v -0.371875 -0.064375 0.046068
v -0.354167 -0.064375 0.053817
v -0.336458 -0.064375 0.060629
v -0.318750 -0.064375 0.066732
v -0.301042 -0.064375 0.072262
v -0.283333 -0.064375 0.077305
v -0.265625 -0.064375 0.081918
v -0.247917 -0.064375 0.086143
v -0.230208 -0.064375 0.090009
v -0.212500 -0.064375 0.093538
v -0.194792 -0.064375 0.096748
v -0.177083 -0.064375 0.099650
v -0.159375 -0.064375 0.102256
v -0.141667 -0.064375 0.104572
v -0.123958 -0.064375 0.106604
v -0.106250 -0.064375 0.108358
v -0.088542 -0.064375 0.109837
v -0.070833 -0.064375 0.111043
v -0.053125 -0.064375 0.111979
v -0.035417 -0.064375 0.112647
v -0.017708 -0.064375 0.113047
v 0.000000 -0.064375 0.113181
v 0.017708 -0.064375 0.113047
v 0.035417 -0.064375 0.112647
v 0.053125 -0.064375 0.111979
v 0.070833 -0.064375 0.111043
v 0.088542 -0.064375 0.109837
v 0.106250 -0.064375 0.108358
v 0.123958 -0.064375 0.106604
v 0.141667 -0.064375 0.104572
v 0.159375 -0.064375 0.102256
v 0.177083 -0.064375 0.099650
v 0.194792 -0.064375 0.096748
v 0.212500 -0.064375 0.093538
v 0.230208 -0.064375 0.090009
v 0.247917 -0.064375 0.086143
v 0.265625 -0.064375 0.081918
v 0.283333 -0.064375 0.077305
v 0.301042 -0.064375 0.072262
v 0.318750 -0.064375 0.066732
v 0.336458 -0.064375 0.060629
v 0.354167 -0.064375 0.053817
v 0.371875 -0.064375 0.046068
v 0.389583 -0.064375 0.036932
v 0.407292 -0.064375 0.025255
v 0.425000 -0.064375 0.000000
v -0.425000 -0.048750 0.000000
v -0.407292 -0.048750 0.025101
v -0.389583 -0.048750 0.036707
v -0.371875 -0.048750 0.045787
v -0.354167 -0.048750 0.053489
v -0.336458 -0.048750 0.060258
v -0.318750 -0.048750 0.066325
v -0.301042 -0.048750 0.071821
v -0.283333 -0.048750 0.076833
v -0.265625 -0.048750 0.081418
v -0.247917 -0.048750 0.085617
v -0.230208 -0.048750 0.089459
v -0.212500 -0.048750 0.092967
v -0.194792 -0.048750 0.096157
v -0.177083 -0.048750 0.099042
v -0.159375 -0.048750 0.101632
v -0.141667 -0.048750 0.103933
v -0.123958 -0.048750 0.105953
v -0.106250 -0.048750 0.107696
v -0.088542 -0.048750 0.109166
v -0.070833 -0.048750 0.110365
v -0.053125 -0.048750 0.111296
v -0.035417 -0.048750 0.111959
v -0.017708 -0.048750 0.112357
v 0.000000 -0.048750 0.112490
v 0.017708 -0.048750 0.112357
v 0.035417 -0.048750 0.111959
v 0.053125 -0.048750 0.111296
v 0.070833 -0.048750 0.110365
v 0.088542 -0.048750 0.109166
v 0.106250 -0.048750 0.107696
v 0.123958 -0.048750 0.105953
v 0.141667 -0.048750 0.103933
v 0.159375 -0.048750 0.101632
v 0.177083 -0.048750 0.099042
v 0.194792 -0.048750 0.096157
v 0.212500 -0.048750 0.092967
v 0.230208 -0.048750 0.089459
v 0.247917 -0.048750 0.085617
v 0.265625 -0.048750 0.081418
v 0.283333 -0.048750 0.076833
v 0.301042 -0.048750 0.071821
v 0.318750 -0.048750 0.066325
v 0.336458 -0.048750 0.060258
v 0.354167 -0.048750 0.053489
v 0.371875 -0.048750 0.045787
v 0.389583 -0.048750 0.036707
v 0.407292 -0.048750 0.025101
v 0.425000 -0.048750 0.000000
v -0.425000 -0.033125 0.000000
v -0.407292 -0.033125 0.024920
v -0.389583 -0.033125 0.036442
v -0.371875 -0.033125 0.045457
v -0.354167 -0.033125 0.053103
v -0.336458 -0.033125 0.059824
v -0.318750 -0.033125 0.065846
v -0.301042 -0.033125 0.071303
v -0.283333 -0.033125 0.076279
v -0.265625 -0.033125 0.080831
v -0.247917 -0.033125 0.084999
v -0.230208 -0.033125 0.088814
v -0.212500 -0.033125 0.092297
v -0.194792 -0.033125 0.095464
v -0.177083 -0.033125 0.098328
v -0.159375 -0.033125 0.100898
v -0.141667 -0.033125 0.103184
v -0.123958 -0.033125 0.105189
v -0.106250 -0.033125 0.106920
v -0.088542 -0.033125 0.108379
v -0.070833 -0.033125 0.109569
v -0.053125 -0.033125 0.110493
v -0.035417 -0.033125 0.111152
v -0.017708 -0.033125 0.111547
v 0.000000 -0.033125 0.111678
v 0.017708 -0.033125 0.111547
v 0.035417 -0.033125 0.111152
v 0.053125 -0.033125 0.110493
v 0.070833 -0.033125 0.109569
v 0.088542 -0.033125 0.108379
v 0.106250 -0.033125 0.106920
v 0.123958 -0.033125 0.105189
v 0.141667 -0.033125 0.103184
v 0.159375 -0.033125 0.100898
v 0.177083 -0.033125 0.098328
v 0.194792 -0.033125 0.095464
v 0.212500 -0.033125 0.092297
v 0.230208 -0.033125 0.088814
v 0.247917 -0.033125 0.084999
v 0.265625 -0.033125 0.080831
v 0.283333 -0.033125 0.076279
v 0.301042 -0.033125 0.071303
v 0.318750 -0.033125 0.065846
v 0.336458 -0.033125 0.059824
v 0.354167 -0.033125 0.053103
v 0.371875 -0.033125 0.045457
v 0.389583 -0.033125 0.036442
v 0.407292 -0.033125 0.024920
v 0.425000 -0.033125 0.000000
v -0.425000 -0.017500 0.000000
v -0.407292 -0.017500 0.024712
v -0.389583 -0.017500 0.036138
v -0.371875 -0.017500 0.045078
v -0.354167 -0.017500 0.052660
v -0.336458 -0.017500 0.059325
v -0.318750 -0.017500 0.065297
v -0.301042 -0.017500 0.070709
v -0.283333 -0.017500 0.075643
v -0.265625 -0.017500 0.080157
v -0.247917 -0.017500 0.084291
v -0.230208 -0.017500 0.088074
v -0.212500 -0.017500 0.091527
v -0.194792 -0.017500 0.094668
v -0.177083 -0.017500 0.097508
v -0.159375 -0.017500 0.100058
v -0.141667 -0.017500 0.102324
v -0.123958 -0.017500 0.104312
v -0.106250 -0.017500 0.106029
v -0.088542 -0.017500 0.107475
v -0.070833 -0.017500 0.108656
v -0.053125 -0.017500 0.109572
v -0.035417 -0.017500 0.110225
v -0.017708 -0.017500 0.110617
v 0.000000 -0.017500 0.110748
v 0.017708 -0.017500 0.110617
v 0.035417 -0.017500 0.110225
v 0.053125 -0.017500 0.109572
v 0.070833 -0.017500 0.108656
v 0.088542 -0.017500 0.107475
v 0.106250 -0.017500 0.106029
v 0.123958 -0.017500 0.104312
v 0.141667 -0.017500 0.102324
v 0.159375 -0.017500 0.100058
v 0.177083 -0.017500 0.097508
v 0.194792 -0.017500 0.094668
v 0.212500 -0.017500 0.091527
v 0.230208 -0.017500 0.088074
v 0.247917 -0.017500 0.084291
v 0.265625 -0.017500 0.080157
v 0.283333 -0.017500 0.075643
v 0.301042 -0.017500 0.070709
v 0.318750 -0.017500 0.065297
v 0.336458 -0.017500 0.059325
v 0.354167 -0.017500 0.052660
v 0.371875 -0.017500 0.045078
v 0.389583 -0.017500 0.036138
v 0.407292 -0.017500 0.024712
v 0.425000 -0.017500 0.000000
v -0.425000 -0.001875 0.000000
v -0.407292 -0.001875 0.024478
v -0.389583 -0.001875 0.035796
v -0.371875 -0.001875 0.044651
v -0.354167 -0.001875 0.052161
v -0.336458 -0.001875 0.058763
v -0.318750 -0.001875 0.064679
v -0.301042 -0.001875 0.070039
v -0.283333 -0.001875 0.074926
v -0.265625 -0.001875 0.079398
v -0.247917 -0.001875 0.083492
v -0.230208 -0.001875 0.087240
v -0.212500 -0.001875 0.090660
v -0.194792 -0.001875 0.093771
v -0.177083 -0.001875 0.096585
v -0.159375 -0.001875 0.099110
v -0.141667 -0.001875 0.101354
v -0.123958 -0.001875 0.103324
v -0.106250 -0.001875 0.105024
v -0.088542 -0.001875 0.106457
v -0.070833 -0.001875 0.107627
v -0.053125 -0.001875 0.108534
v -0.035417 -0.001875 0.109181
v -0.017708 -0.001875 0.109569
v 0.000000 -0.001875 0.109699
v 0.017708 -0.001875 0.109569
v 0.035417 -0.001875 0.109181
v 0.053125 -0.001875 0.108534
v 0.070833 -0.001875 0.107627
v 0.088542 -0.001875 0.106457
v 0.106250 -0.001875 0.105024
v 0.123958 -0.001875 0.103324
v 0.141667 -0.001875 0.101354
v 0.159375 -0.001875 0.099110
v 0.177083 -0.001875 0.096585
v 0.194792 -0.001875 0.093771
v 0.212500 -0.001875 0.090660
v 0.230208 -0.001875 0.087240
v 0.247917 -0.001875 0.083492
v 0.265625 -0.001875 0.079398
v 0.283333 -0.001875 0.074926
v 0.301042 -0.001875 0.070039
v 0.318750 -0.001875 0.064679
v 0.336458 -0.001875 0.058763
v 0.354167 -0.001875 0.052161
v 0.371875 -0.001875 0.044651
v 0.389583 -0.001875 0.035796
v 0.407292 -0.001875 0.024478
v 0.425000 -0.001875 0.000000
v -0.425000 0.013750 0.000000
v -0.407292 0.013750 0.024218
v -0.389583 0.013750 0.035415
v -0.371875 0.013750 0.044176
v -0.354167 0.013750 0.051607
v -0.336458 0.013750 0.058138
v -0.318750 0.013750 0.063991
v -0.301042 0.013750 0.069294
v -0.283333 0.013750 0.074130
v -0.265625 0.013750 0.078553
v -0.247917 0.013750 0.082605
v -0.230208 0.013750 0.086312
v -0.212500 0.013750 0.089696
v -0.194792 0.013750 0.092774
v -0.177083 0.013750 0.095557
v -0.159375 0.013750 0.098056
v -0.141667 0.013750 0.100277
v -0.123958 0.013750 0.102226
v -0.106250 0.013750 0.103907
v -0.088542 0.013750 0.105325
v -0.070833 0.013750 0.106482
v -0.053125 0.013750 0.107380
v -0.035417 0.013750 0.108020
v -0.017708 0.013750 0.108404
v 0.000000 0.013750 0.108532
v 0.017708 0.013750 0.108404
v 0.035417 0.013750 0.108020
v 0.053125 0.013750 0.107380
v 0.070833 0.013750 0.106482
v 0.088542 0.013750 0.105325
v 0.106250 0.013750 0.103907
v 0.123958 0.013750 0.102226
v 0.141667 0.013750 0.100277
v 0.159375 0.013750 0.098056
v 0.177083 0.013750 0.095557
v 0.194792 0.013750 0.092774
v 0.212500 0.013750 0.089696
v 0.230208 0.013750 0.086312
v 0.247917 0.013750 0.082605
v 0.265625 0.013750 0.078553
v 0.283333 0.013750 0.074130
v 0.301042 0.013750 0.069294
v 0.318750 0.013750 0.063991
v 0.336458 0.013750 0.058138
v 0.354167 0.013750 0.051607
v 0.371875 0.013750 0.044176
v 0.389583 0.013750 0.035415
v 0.407292 0.013750 0.024218
v 0.425000 0.013750 0.000000
v -0.425000 0.029375 0.000000
v -0.407292 0.029375 0.023932
v -0.389583 0.029375 0.034997
v -0.371875 0.029375 0.043654
v -0.354167 0.029375 0.050996
v -0.336458 0.029375 0.057451
v -0.318750 0.029375 0.063234
v -0.301042 0.029375 0.068475
v -0.283333 0.029375 0.073253
v -0.265625 0.029375 0.077624
v -0.247917 0.029375 0.081628
v -0.230208 0.029375 0.085291
v -0.212500 0.029375 0.088636
v -0.194792 0.029375 0.091677
v -0.177083 0.029375 0.094427
v -0.159375 0.029375 0.096896
v -0.141667 0.029375 0.099091
v -0.123958 0.029375 0.101017
v -0.106250 0.029375 0.102679
v -0.088542 0.029375 0.104080
v -0.070833 0.029375 0.105223
v -0.053125 0.029375 0.106110
v -0.035417 0.029375 0.106743
v -0.017708 0.029375 0.107122
v 0.000000 0.029375 0.107249
v 0.017708 0.029375 0.107122
v 0.035417 0.029375 0.106743
v 0.053125 0.029375 0.106110
v 0.070833 0.029375 0.105223
v 0.088542 0.029375 0.104080
v 0.106250 0.029375 0.102679
v 0.123958 0.029375 0.101017
v 0.141667 0.029375 0.099091
v 0.159375 0.029375 0.096896
v 0.177083 0.029375 0.094427
v 0.194792 0.029375 0.091677
v 0.212500 0.029375 0.088636
v 0.230208 0.029375 0.085291
v 0.247917 0.029375 0.081628
v 0.265625 0.029375 0.077624
v 0.283333 0.029375 0.073253
v 0.301042 0.029375 0.068475
v 0.318750 0.029375 0.063234
v 0.336458 0.029375 0.057451
v 0.354167 0.029375 0.050996
v 0.371875 0.029375 0.043654
v 0.389583 0.029375 0.034997
v 0.407292 0.029375 0.023932
v 0.425000 0.029375 0.000000
v -0.425000 0.045000 0.000000
v -0.407292 0.045000 0.023619
v -0.389583 0.045000 0.034540
v -0.371875 0.045000 0.043084
v -0.354167 0.045000 0.050331
v -0.336458 0.045000 0.056701
v -0.318750 0.045000 0.062409
v -0.301042 0.045000 0.067581
v -0.283333 0.045000 0.072297
v -0.265625 0.045000 0.076611
v -0.247917 0.045000 0.080562
v -0.230208 0.045000 0.084178
v -0.212500 0.045000 0.087478
v -0.194792 0.045000 0.090480
v -0.177083 0.045000 0.093195
v -0.159375 0.045000 0.095631
v -0.141667 0.045000 0.097797
v -0.123958 0.045000 0.099698
v -0.106250 0.045000 0.101338
v -0.088542 0.045000 0.102721
v -0.070833 0.045000 0.103849
v -0.053125 0.045000 0.104725
v -0.035417 0.045000 0.105349
v -0.017708 0.045000 0.105724
v 0.000000 0.045000 0.105848
v 0.017708 0.045000 0.105724
v 0.035417 0.045000 0.105349
v 0.053125 0.045000 0.104725
v 0.070833 0.045000 0.103849
v 0.088542 0.045000 0.102721
v 0.106250 0.045000 0.101338
v 0.123958 0.045000 0.099698
v 0.141667 0.045000 0.097797
v 0.159375 0.045000 0.095631
v 0.177083 0.045000 0.093195
v 0.194792 0.045000 0.090480
v 0.212500 0.045000 0.087478
v 0.230208 0.045000 0.084178
v 0.247917 0.045000 0.080562
v 0.265625 0.045000 0.076611
v 0.283333 0.045000 0.072297
v 0.301042 0.045000 0.067581
v 0.318750 0.045000 0.062409
v 0.336458 0.045000 0.056701
v 0.354167 0.045000 0.050331
v 0.371875 0.045000 0.043084
v 0.389583 0.045000 0.034540
v 0.407292 0.045000 0.023619
v 0.425000 0.045000 0.000000
v -0.425000 0.060625 0.000000
v -0.407292 0.060625 0.023281
v -0.389583 0.060625 0.034045
v -0.371875 0.060625 0.042466
v -0.354167 0.060625 0.049609
v -0.336458 0.060625 0.055888
v -0.318750 0.060625 0.061514
v -0.301042 0.060625 0.066612
v -0.283333 0.060625 0.071260
v -0.265625 0.060625 0.075513
v -0.247917 0.060625 0.079407
v -0.230208 0.060625 0.082971
v -0.212500 0.060625 0.086225
v -0.194792 0.060625 0.089183
v -0.177083 0.060625 0.091859
v -0.159375 0.060625 0.094261
v -0.141667 0.060625 0.096396
v -0.123958 0.060625 0.098269
v -0.106250 0.060625 0.099886
v -0.088542 0.060625 0.101249
v -0.070833 0.060625 0.102361
v -0.053125 0.060625 0.103224
v -0.035417 0.060625 0.103840
v -0.017708 0.060625 0.104209
v 0.000000 0.060625 0.104331
v 0.017708 0.060625 0.104209
v 0.035417 0.060625 0.103840
v 0.053125 0.060625 0.103224
v 0.070833 0.060625 0.102361
v 0.088542 0.060625 0.101249
v 0.106250 0.060625 0.099886
v 0.123958 0.060625 0.098269
v 0.141667 0.060625 0.096396
v 0.159375 0.060625 0.094261
v 0.177083 0.060625 0.091859
v 0.194792 0.060625 0.089183
v 0.212500 0.060625 0.086225
v 0.230208 0.060625 0.082971
v 0.247917 0.060625 0.079407
v 0.265625 0.060625 0.075513
v 0.283333 0.060625 0.071260
v 0.301042 0.060625 0.066612
v 0.318750 0.060625 0.061514
v 0.336458 0.060625 0.055888
v 0.354167 0.060625 0.049609
v 0.371875 0.060625 0.042466
v 0.389583 0.060625 0.034045
v 0.407292 0.060625 0.023281
v 0.425000 0.060625 0.000000
v -0.425000 0.076250 0.000000
v -0.407292 0.076250 0.022916
v -0.389583 0.076250 0.033512
v -0.371875 0.076250 0.041801
v -0.354167 0.076250 0.048832
v -0.336458 0.076250 0.055013
v -0.318750 0.076250 0.060551
v -0.301042 0.076250 0.065569
v -0.283333 0.076250 0.070145
v -0.265625 0.076250 0.074330
v -0.247917 0.076250 0.078164
v -0.230208 0.076250 0.081672
v -0.212500 0.076250 0.084875
v -0.194792 0.076250 0.087787
v -0.177083 0.076250 0.090421
v -0.159375 0.076250 0.092785
v -0.141667 0.076250 0.094886
v -0.123958 0.076250 0.096730
v -0.106250 0.076250 0.098322
v -0.088542 0.076250 0.099663
v -0.070833 0.076250 0.100758
v -0.053125 0.076250 0.101608
v -0.035417 0.076250 0.102214
v -0.017708 0.076250 0.102577
v 0.000000 0.076250 0.102698
v 0.017708 0.076250 0.102577
v 0.035417 0.076250 0.102214
v 0.053125 0.076250 0.101608
v 0.070833 0.076250 0.100758
v 0.088542 0.076250 0.099663
v 0.106250 0.076250 0.098322
v 0.123958 0.076250 0.096730
v 0.141667 0.076250 0.094886
v 0.159375 0.076250 0.092785
v 0.177083 0.076250 0.090421
v 0.194792 0.076250 0.087787
v 0.212500 0.076250 0.084875
v 0.230208 0.076250 0.081672
v 0.247917 0.076250 0.078164
v 0.265625 0.076250 0.074330
v 0.283333 0.076250 0.070145
v 0.301042 0.076250 0.065569
v 0.318750 0.076250 0.060551
v 0.336458 0.076250 0.055013
v 0.354167 0.076250 0.048832
v 0.371875 0.076250 0.041801
v 0.389583 0.076250 0.033512
v 0.407292 0.076250 0.022916
v 0.425000 0.076250 0.000000
v -0.425000 0.091875 0.000000
v -0.407292 0.091875 0.022525
v -0.389583 0.091875 0.032940
v -0.371875 0.091875 0.041088
v -0.354167 0.091875 0.048000
v -0.336458 0.091875 0.054075
v -0.318750 0.091875 0.059519
v -0.301042 0.091875 0.064451
v -0.283333 0.091875 0.068948
v -0.265625 0.091875 0.073063
v -0.247917 0.091875 0.076831
v -0.230208 0.091875 0.080279
v -0.212500 0.091875 0.083427
v -0.194792 0.091875 0.086290
v -0.177083 0.091875 0.088879
v -0.159375 0.091875 0.091202
v -0.141667 0.091875 0.093268
v -0.123958 0.091875 0.095081
v -0.106250 0.091875 0.096645
v -0.088542 0.091875 0.097964
v -0.070833 0.091875 0.099040
v -0.053125 0.091875 0.099875
v -0.035417 0.091875 0.100470
v -0.017708 0.091875 0.100827
v 0.000000 0.091875 0.100946
v 0.017708 0.091875 0.100827
v 0.035417 0.091875 0.100470
v 0.053125 0.091875 0.099875
v 0.070833 0.091875 0.099040
v 0.088542 0.091875 0.097964
v 0.106250 0.091875 0.096645
v 0.123958 0.091875 0.095081
v 0.141667 0.091875 0.093268
v 0.159375 0.091875 0.091202
v 0.177083 0.091875 0.088879
v 0.194792 0.091875 0.086290
v 0.212500 0.091875 0.083427
v 0.230208 0.091875 0.080279
v 0.247917 0.091875 0.076831
v 0.265625 0.091875 0.073063
v 0.283333 0.091875 0.068948
v 0.301042 0.091875 0.064451
v 0.318750 0.091875 0.059519
v 0.336458 0.091875 0.054075
v 0.354167 0.091875 0.048000
v 0.371875 0.091875 0.041088
v 0.389583 0.091875 0.032940
v 0.407292 0.091875 0.022525
v 0.425000 0.091875 0.000000
v -0.425000 0.107500 0.000000
v -0.407292 0.107500 0.022108
v -0.389583 0.107500 0.032330
v -0.371875 0.107500 0.040327
v -0.354167 0.107500 0.047111
v -0.336458 0.107500 0.053073
v -0.318750 0.107500 0.058416
v -0.301042 0.107500 0.063257
v -0.283333 0.107500 0.067671
v -0.265625 0.107500 0.071709
v -0.247917 0.107500 0.075408
v -0.230208 0.107500 0.078792
v -0.212500 0.107500 0.081882
v -0.194792 0.107500 0.084691
v -0.177083 0.107500 0.087232
v -0.159375 0.107500 0.089513
v -0.141667 0.107500 0.091540
v -0.123958 0.107500 0.093319
v -0.106250 0.107500 0.094855
v -0.088542 0.107500 0.096149
v -0.070833 0.107500 0.097205
v -0.053125 0.107500 0.098025
v -0.035417 0.107500 0.098609
v -0.017708 0.107500 0.098960
v 0.000000 0.107500 0.099076
v 0.017708 0.107500 0.098960
v 0.035417 0.107500 0.098609
v 0.053125 0.107500 0.098025
v 0.070833 0.107500 0.097205
v 0.088542 0.107500 0.096149
v 0.106250 0.107500 0.094855
v 0.123958 0.107500 0.093319
v 0.141667 0.107500 0.091540
v 0.159375 0.107500 0.089513
v 0.177083 0.107500 0.087232
v 0.194792 0.107500 0.084691
v 0.212500 0.107500 0.081882
v 0.230208 0.107500 0.078792
v 0.247917 0.107500 0.075408
v 0.265625 0.107500 0.071709
v 0.283333 0.107500 0.067671
v 0.301042 0.107500 0.063257
v 0.318750 0.107500 0.058416
v 0.336458 0.107500 0.053073
v 0.354167 0.107500 0.047111
v 0.371875 0.107500 0.040327
v 0.389583 0.107500 0.032330
v 0.407292 0.107500 0.022108
v 0.425000 0.107500 0.000000
v -0.425000 0.123125 0.000000
v -0.407292 0.123125 0.021664
v -0.389583 0.123125 0.031681
v -0.371875 0.123125 0.039517
v -0.354167 0.123125 0.046164
v -0.336458 0.123125 0.052007
v -0.318750 0.123125 0.057243
v -0.301042 0.123125 0.061986
v -0.283333 0.123125 0.066312
v -0.265625 0.123125 0.070269
v -0.247917 0.123125 0.073893
v -0.230208 0.123125 0.077209
v -0.212500 0.123125 0.080237
v -0.194792 0.123125 0.082990
v -0.177083 0.123125 0.085480
v -0.159375 0.123125 0.087715
v -0.141667 0.123125 0.089702
v -0.123958 0.123125 0.091445
v -0.106250 0.123125 0.092949
v -0.088542 0.123125 0.094218
v -0.070833 0.123125 0.095253
v -0.053125 0.123125 0.096056
v -0.035417 0.123125 0.096629
v -0.017708 0.123125 0.096972
v 0.000000 0.123125 0.097086
v 0.017708 0.123125 0.096972
v 0.035417 0.123125 0.096629
v 0.053125 0.123125 0.096056
v 0.070833 0.123125 0.095253
v 0.088542 0.123125 0.094218
v 0.106250 0.123125 0.092949
v 0.123958 0.123125 0.091445
v 0.141667 0.123125 0.089702
v 0.159375 0.123125 0.087715
v 0.177083 0.123125 0.085480
v 0.194792 0.123125 0.082990
v 0.212500 0.123125 0.080237
v 0.230208 0.123125 0.077209
v 0.247917 0.123125 0.073893
v 0.265625 0.123125 0.070269
v 0.283333 0.123125 0.066312
v 0.301042 0.123125 0.061986
v 0.318750 0.123125 0.057243
v 0.336458 0.123125 0.052007
v 0.354167 0.123125 0.046164
v 0.371875 0.123125 0.039517
v 0.389583 0.123125 0.031681
v 0.407292 0.123125 0.021664
v 0.425000 0.123125 0.000000
v -0.425000 0.138750 0.000000
v -0.407292 0.138750 0.021193
v -0.389583 0.138750 0.030991
v -0.371875 0.138750 0.038658
v -0.354167 0.138750 0.045160
v -0.336458 0.138750 0.050876
v -0.318750 0.138750 0.055997
v -0.301042 0.138750 0.060638
v -0.283333 0.138750 0.064869
v -0.265625 0.138750 0.068740
v -0.247917 0.138750 0.072286
v -0.230208 0.138750 0.075530
v -0.212500 0.138750 0.078492
v -0.194792 0.138750 0.081185
v -0.177083 0.138750 0.083620
v -0.159375 0.138750 0.085807
v -0.141667 0.138750 0.087750
v -0.123958 0.138750 0.089456
v -0.106250 0.138750 0.090927
v -0.088542 0.138750 0.092168
v -0.070833 0.138750 0.093181
v -0.053125 0.138750 0.093966
v -0.035417 0.138750 0.094527
v -0.017708 0.138750 0.094862
v 0.000000 0.138750 0.094974
v 0.017708 0.138750 0.094862
v 0.035417 0.138750 0.094527
v 0.053125 0.138750 0.093966
v 0.070833 0.138750 0.093181
v 0.088542 0.138750 0.092168
v 0.106250 0.138750 0.090927
v 0.123958 0.138750 0.089456
v 0.141667 0.138750 0.087750
v 0.159375 0.138750 0.085807
v 0.177083 0.138750 0.083620
v 0.194792 0.138750 0.081185
v 0.212500 0.138750 0.078492
v 0.230208 0.138750 0.075530
v 0.247917 0.138750 0.072286
v 0.265625 0.138750 0.068740
v 0.283333 0.138750 0.064869
v 0.301042 0.138750 0.060638
v 0.318750 0.138750 0.055997
v 0.336458 0.138750 0.050876
v 0.354167 0.138750 0.045160
v 0.371875 0.138750 0.038658
v 0.389583 0.138750 0.030991
v 0.407292 0.138750 0.021193
v 0.425000 0.138750 0.000000
v -0.425000 0.154375 0.000000
v -0.407292 0.154375 0.020694
v -0.389583 0.154375 0.030261
v -0.371875 0.154375 0.037747
v -0.354167 0.154375 0.044096
v -0.336458 0.154375 0.049677
v -0.318750 0.154375 0.054679
v -0.301042 0.154375 0.059210
v -0.283333 0.154375 0.063342
v -0.265625 0.154375 0.067121
v -0.247917 0.154375 0.070583
v -0.230208 0.154375 0.073751
v -0.212500 0.154375 0.076643
v -0.194792 0.154375 0.079273
v -0.177083 0.154375 0.081651
v -0.159375 0.154375 0.083786
v -0.141667 0.154375 0.085683
v -0.123958 0.154375 0.087349
v -0.106250 0.154375 0.088786
v -0.088542 0.154375 0.089997
v -0.070833 0.154375 0.090986
v -0.053125 0.154375 0.091753
v -0.035417 0.154375 0.092300
v -0.017708 0.154375 0.092628
v 0.000000 0.154375 0.092737
v 0.017708 0.154375 0.092628
v 0.035417 0.154375 0.092300
v 0.053125 0.154375 0.091753
v 0.070833 0.154375 0.090986
v 0.088542 0.154375 0.089997
v 0.106250 0.154375 0.088786
v 0.123958 0.154375 0.087349
v 0.141667 0.154375 0.085683
v 0.159375 0.154375 0.083786
v 0.177083 0.154375 0.081651
v 0.194792 0.154375 0.079273
v 0.212500 0.154375 0.076643
v 0.230208 0.154375 0.073751
v 0.247917 0.154375 0.070583
v 0.265625 0.154375 0.067121
v 0.283333 0.154375 0.063342
v 0.301042 0.154375 0.059210
v 0.318750 0.154375 0.054679
v 0.336458 0.154375 0.049677
v 0.354167 0.154375 0.044096
v 0.371875 0.154375 0.037747
v 0.389583 0.154375 0.030261
v 0.407292 0.154375 0.020694
v 0.425000 0.154375 0.000000
v -0.425000 0.170000 0.000000
v -0.407292 0.170000 0.020166
v -0.389583 0.170000 0.029490
v -0.371875 0.170000 0.036784
v -0.354167 0.170000 0.042972
v -0.336458 0.170000 0.048410
v -0.318750 0.170000 0.053284
v -0.301042 0.170000 0.057700
v -0.283333 0.170000 0.061726
v -0.265625 0.170000 0.065410
v -0.247917 0.170000 0.068783
v -0.230208 0.170000 0.071870
v -0.212500 0.170000 0.074688
v -0.194792 0.170000 0.077251
v -0.177083 0.170000 0.079569
v -0.159375 0.170000 0.081649
v -0.141667 0.170000 0.083498
v -0.123958 0.170000 0.085121
v -0.106250 0.170000 0.086521
v -0.088542 0.170000 0.087702
v -0.070833 0.170000 0.088665
v -0.053125 0.170000 0.089413
v -0.035417 0.170000 0.089946
v -0.017708 0.170000 0.090266
v 0.000000 0.170000 0.090372
v 0.017708 0.170000 0.090266
v 0.035417 0.170000 0.089946
v 0.053125 0.170000 0.089413
v 0.070833 0.170000 0.088665
v 0.088542 0.170000 0.087702
v 0.106250 0.170000 0.086521
v 0.123958 0.170000 0.085121
v 0.141667 0.170000 0.083498
v 0.159375 0.170000 0.081649
v 0.177083 0.170000 0.079569
v 0.194792 0.170000 0.077251
v 0.212500 0.170000 0.074688
v 0.230208 0.170000 0.071870
v 0.247917 0.170000 0.068783
v 0.265625 0.170000 0.065410
v 0.283333 0.170000 0.061726
v 0.301042 0.170000 0.057700
v 0.318750 0.170000 0.053284
v 0.336458 0.170000 0.048410
v 0.354167 0.170000 0.042972
v 0.371875 0.170000 0.036784
v 0.389583 0.170000 0.029490
v 0.407292 0.170000 0.020166
v 0.425000 0.170000 0.000000
v -0.425000 0.185625 0.000000
v -0.407292 0.185625 0.019608
v -0.389583 0.185625 0.028674
v -0.371875 0.185625 0.035768
v -0.354167 0.185625 0.041784
v -0.336458 0.185625 0.047072
v -0.318750 0.185625 0.051811
v -0.301042 0.185625 0.056105
v -0.283333 0.185625 0.060020
v -0.265625 0.185625 0.063602
v -0.247917 0.185625 0.066882
v -0.230208 0.185625 0.069883
v -0.212500 0.185625 0.072624
v -0.194792 0.185625 0.075116
v -0.177083 0.185625 0.077369
v -0.159375 0.185625 0.079392
v -0.141667 0.185625 0.081190
v -0.123958 0.185625 0.082768
v -0.106250 0.185625 0.084130
v -0.088542 0.185625 0.085278
v -0.070833 0.185625 0.086215
v -0.053125 0.185625 0.086942
v -0.035417 0.185625 0.087460
v -0.017708 0.185625 0.087771
v 0.000000 0.185625 0.087874
v 0.017708 0.185625 0.087771
v 0.035417 0.185625 0.087460
v 0.053125 0.185625 0.086942
v 0.070833 0.185625 0.086215
v 0.088542 0.185625 0.085278
v 0.106250 0.185625 0.084130
v 0.123958 0.185625 0.082768
v 0.141667 0.185625 0.081190
v 0.159375 0.185625 0.079392
v 0.177083 0.185625 0.077369
v 0.194792 0.185625 0.075116
v 0.212500 0.185625 0.072624
v 0.230208 0.185625 0.069883
v 0.247917 0.185625 0.066882
v 0.265625 0.185625 0.063602
v 0.283333 0.185625 0.060020
v 0.301042 0.185625 0.056105
v 0.318750 0.185625 0.051811
v 0.336458 0.185625 0.047072
v 0.354167 0.185625 0.041784
v 0.371875 0.185625 0.035768
v 0.389583 0.185625 0.028674
v 0.407292 0.185625 0.019608
v 0.425000 0.185625 0.000000
v -0.425000 0.201250 0.000000
v -0.407292 0.201250 0.019020
v -0.389583 0.201250 0.027814
v -0.371875 0.201250 0.034695
v -0.354167 0.201250 0.040530
v -0.336458 0.201250 0.045660
v -0.318750 0.201250 0.050257
v -0.301042 0.201250 0.054421
v -0.283333 0.201250 0.058219
v -0.265625 0.201250 0.061693
v -0.247917 0.201250 0.064875
v -0.230208 0.201250 0.067787
v -0.212500 0.201250 0.070445
v -0.194792 0.201250 0.072862
v -0.177083 0.201250 0.075048
v -0.159375 0.201250 0.077010
v -0.141667 0.201250 0.078754
v -0.123958 0.201250 0.080285
v -0.106250 0.201250 0.081606
v -0.088542 0.201250 0.082719
v -0.070833 0.201250 0.083628
v -0.053125 0.201250 0.084333
v -0.035417 0.201250 0.084836
v -0.017708 0.201250 0.085137
v 0.000000 0.201250 0.085238
v 0.017708 0.201250 0.085137
v 0.035417 0.201250 0.084836
v 0.053125 0.201250 0.084333
v 0.070833 0.201250 0.083628
v 0.088542 0.201250 0.082719
v 0.106250 0.201250 0.081606
v 0.123958 0.201250 0.080285
v 0.141667 0.201250 0.078754
v 0.159375 0.201250 0.077010
v 0.177083 0.201250 0.075048
v 0.194792 0.201250 0.072862
v 0.212500 0.201250 0.070445
v 0.230208 0.201250 0.067787
v 0.247917 0.201250 0.064875
v 0.265625 0.201250 0.061693
v 0.283333 0.201250 0.058219
v 0.301042 0.201250 0.054421
v 0.318750 0.201250 0.050257
v 0.336458 0.201250 0.045660
v 0.354167 0.201250 0.040530
v 0.371875 0.201250 0.034695
v 0.389583 0.201250 0.027814
v 0.407292 0.201250 0.019020
v 0.425000 0.201250 0.000000
v -0.425000 0.216875 0.000000
v -0.407292 0.216875 0.018399
v -0.389583 0.216875 0.026906
v -0.371875 0.216875 0.033562
v -0.354167 0.216875 0.039207
v -0.336458 0.216875 0.044170
v -0.318750 0.216875 0.048616
v -0.301042 0.216875 0.052645
v -0.283333 0.216875 0.056319
v -0.265625 0.216875 0.059680
v -0.247917 0.216875 0.062757
v -0.230208 0.216875 0.065574
v -0.212500 0.216875 0.068145
v -0.194792 0.216875 0.070484
v -0.177083 0.216875 0.072598
v -0.159375 0.216875 0.074496
v -0.141667 0.216875 0.076184
v -0.123958 0.216875 0.077664
v -0.106250 0.216875 0.078942
v -0.088542 0.216875 0.080019
v -0.070833 0.216875 0.080898
v -0.053125 0.216875 0.081580
v -0.035417 0.216875 0.082067
v -0.017708 0.216875 0.082358
v 0.000000 0.216875 0.082455
v 0.017708 0.216875 0.082358
v 0.035417 0.216875 0.082067
v 0.053125 0.216875 0.081580
v 0.070833 0.216875 0.080898
v 0.088542 0.216875 0.080019
v 0.106250 0.216875 0.078942
v 0.123958 0.216875 0.077664
v 0.141667 0.216875 0.076184
v 0.159375 0.216875 0.074496
v 0.177083 0.216875 0.072598
v 0.194792 0.216875 0.070484
v 0.212500 0.216875 0.068145
v 0.230208 0.216875 0.065574
v 0.247917 0.216875 0.062757
v 0.265625 0.216875 0.059680
v 0.283333 0.216875 0.056319
v 0.301042 0.216875 0.052645
v 0.318750 0.216875 0.048616
v 0.336458 0.216875 0.044170
v 0.354167 0.216875 0.039207
v 0.371875 0.216875 0.033562
v 0.389583 0.216875 0.026906
v 0.407292 0.216875 0.018399
v 0.425000 0.216875 0.000000
v -0.425000 0.232500 0.000000
v -0.407292 0.232500 0.017744
v -0.389583 0.232500 0.025948
v -0.371875 0.232500 0.032366
v -0.354167 0.232500 0.037811
v -0.336458 0.232500 0.042596
v -0.318750 0.232500 0.046884
v -0.301042 0.232500 0.050770
v -0.283333 0.232500 0.054312
v -0.265625 0.232500 0.057554
v -0.247917 0.232500 0.060522
v -0.230208 0.232500 0.063238
v -0.212500 0.232500 0.065718
v -0.194792 0.232500 0.067973
v -0.177083 0.232500 0.070012
v -0.159375 0.232500 0.071843
v -0.141667 0.232500 0.073470
v -0.123958 0.232500 0.074898
v -0.106250 0.232500 0.076130
v -0.088542 0.232500 0.077169
v -0.070833 0.232500 0.078016
v -0.053125 0.232500 0.078674
v -0.035417 0.232500 0.079143
v -0.017708 0.232500 0.079424
v 0.000000 0.232500 0.079518
v 0.017708 0.232500 0.079424
v 0.035417 0.232500 0.079143
v 0.053125 0.232500 0.078674
v 0.070833 0.232500 0.078016
v 0.088542 0.232500 0.077169
v 0.106250 0.232500 0.076130
v 0.123958 0.232500 0.074898
v 0.141667 0.232500 0.073470
v 0.159375 0.232500 0.071843
v 0.177083 0.232500 0.070012
v 0.194792 0.232500 0.067973
v 0.212500 0.232500 0.065718
v 0.230208 0.232500 0.063238
v 0.247917 0.232500 0.060522
v 0.265625 0.232500 0.057554
v 0.283333 0.232500 0.054312
v 0.301042 0.232500 0.050770
v 0.318750 0.232500 0.046884
v 0.336458 0.232500 0.042596
v 0.354167 0.232500 0.037811
v 0.371875 0.232500 0.032366
v 0.389583 0.232500 0.025948
v 0.407292 0.232500 0.017744
v 0.425000 0.232500 0.000000
v -0.425000 0.248125 0.000000
v -0.407292 0.248125 0.017051
v -0.389583 0.248125 0.024935
v -0.371875 0.248125 0.031103
v -0.354167 0.248125 0.036335
v -0.336458 0.248125 0.040933
v -0.318750 0.248125 0.045054
v -0.301042 0.248125 0.048788
v -0.283333 0.248125 0.052192
v -0.265625 0.248125 0.055307
v -0.247917 0.248125 0.058159
v -0.230208 0.248125 0.060769
v -0.212500 0.248125 0.063152
v -0.194792 0.248125 0.065319
v -0.177083 0.248125 0.067279
v -0.159375 0.248125 0.069038
v -0.141667 0.248125 0.070601
v -0.123958 0.248125 0.071974
v -0.106250 0.248125 0.073158
v -0.088542 0.248125 0.074156
v -0.070833 0.248125 0.074971
v -0.053125 0.248125 0.075603
v -0.035417 0.248125 0.076054
v -0.017708 0.248125 0.076324
v 0.000000 0.248125 0.076414
v 0.017708 0.248125 0.076324
v 0.035417 0.248125 0.076054
v 0.053125 0.248125 0.075603
v 0.070833 0.248125 0.074971
v 0.088542 0.248125 0.074156
v 0.106250 0.248125 0.073158
v 0.123958 0.248125 0.071974
v 0.141667 0.248125 0.070601
v 0.159375 0.248125 0.069038
v 0.177083 0.248125 0.067279
v 0.194792 0.248125 0.065319
v 0.212500 0.248125 0.063152
v 0.230208 0.248125 0.060769
v 0.247917 0.248125 0.058159
v 0.265625 0.248125 0.055307
v 0.283333 0.248125 0.052192
v 0.301042 0.248125 0.048788
v 0.318750 0.248125 0.045054
v 0.336458 0.248125 0.040933
v 0.354167 0.248125 0.036335
v 0.371875 0.248125 0.031103
v 0.389583 0.248125 0.024935
v 0.407292 0.248125 0.017051
v 0.425000 0.248125 0.000000
v -0.425000 0.263750 0.000000
v -0.407292 0.263750 0.016318
v -0.389583 0.263750 0.023862
v -0.371875 0.263750 0.029765
v -0.354167 0.263750 0.034772
v -0.336458 0.263750 0.039173
v -0.318750 0.263750 0.043116
v -0.301042 0.263750 0.046689
v -0.283333 0.263750 0.049947
v -0.265625 0.263750 0.052928
v -0.247917 0.263750 0.055658
v -0.230208 0.263750 0.058156
v -0.212500 0.263750 0.060436
v -0.194792 0.263750 0.062510
v -0.177083 0.263750 0.064385
v -0.159375 0.263750 0.066068
v -0.141667 0.263750 0.067565
v -0.123958 0.263750 0.068878
v -0.106250 0.263750 0.070011
v -0.088542 0.263750 0.070967
v -0.070833 0.263750 0.071746
v -0.053125 0.263750 0.072351
v -0.035417 0.263750 0.072782
v -0.017708 0.263750 0.073041
v 0.000000 0.263750 0.073127
v 0.017708 0.263750 0.073041
v 0.035417 0.263750 0.072782
v 0.053125 0.263750 0.072351
v 0.070833 0.263750 0.071746
v 0.088542 0.263750 0.070967
v 0.106250 0.263750 0.070011
v 0.123958 0.263750 0.068878
v 0.141667 0.263750 0.067565
v 0.159375 0.263750 0.066068
v 0.177083 0.263750 0.064385
v 0.194792 0.263750 0.062510
v 0.212500 0.263750 0.060436
v 0.230208 0.263750 0.058156
v 0.247917 0.263750 0.055658
v 0.265625 0.263750 0.052928
v 0.283333 0.263750 0.049947
v 0.301042 0.263750 0.046689
v 0.318750 0.263750 0.043116
v 0.336458 0.263750 0.039173
v 0.354167 0.263750 0.034772
v 0.371875 0.263750 0.029765
v 0.389583 0.263750 0.023862
v 0.407292 0.263750 0.016318
v 0.425000 0.263750 0.000000
v -0.425000 0.279375 0.000000
v -0.407292 0.279375 0.015539
v -0.389583 0.279375 0.022724
v -0.371875 0.279375 0.028345
v -0.354167 0.279375 0.033113
v -0.336458 0.279375 0.037304
v -0.318750 0.279375 0.041059
v -0.301042 0.279375 0.044461
v -0.283333 0.279375 0.047564
v -0.265625 0.279375 0.050403
v -0.247917 0.279375 0.053002
v -0.230208 0.279375 0.055381
v -0.212500 0.279375 0.057552
v -0.194792 0.279375 0.059527
v -0.177083 0.279375 0.061313
v -0.159375 0.279375 0.062916
v -0.141667 0.279375 0.064341
v -0.123958 0.279375 0.065592
v -0.106250 0.279375 0.066671
v -0.088542 0.279375 0.067580
v -0.070833 0.279375 0.068323
v -0.053125 0.279375 0.068899
v -0.035417 0.279375 0.069310
v -0.017708 0.279375 0.069556
v 0.000000 0.279375 0.069638
v 0.017708 0.279375 0.069556
v 0.035417 0.279375 0.069310
v 0.053125 0.279375 0.068899
v 0.070833 0.279375 0.068323
v 0.088542 0.279375 0.067580
v 0.106250 0.279375 0.066671
v 0.123958 0.279375 0.065592
v 0.141667 0.279375 0.064341
v 0.159375 0.279375 0.062916
v 0.177083 0.279375 0.061313
v 0.194792 0.279375 0.059527
v 0.212500 0.279375 0.057552
v 0.230208 0.279375 0.055381
v 0.247917 0.279375 0.053002
v 0.265625 0.279375 0.050403
v 0.283333 0.279375 0.047564
v 0.301042 0.279375 0.044461
v 0.318750 0.279375 0.041059
v 0.336458 0.279375 0.037304
v 0.354167 0.279375 0.033113
v 0.371875 0.279375 0.028345
v 0.389583 0.279375 0.022724
v 0.407292 0.279375 0.015539
v 0.425000 0.279375 0.000000
v -0.425000 0.295000 0.000000
v -0.407292 0.295000 0.014709
v -0.389583 0.295000 0.021510
v -0.371875 0.295000 0.026831
v -0.354167 0.295000 0.031344
v -0.336458 0.295000 0.035311
v -0.318750 0.295000 0.038866
v -0.301042 0.295000 0.042087
v -0.283333 0.295000 0.045024
v -0.265625 0.295000 0.047711
v -0.247917 0.295000 0.050172
v -0.230208 0.295000 0.052423
v -0.212500 0.295000 0.054479
v -0.194792 0.295000 0.056348
v -0.177083 0.295000 0.058039
v -0.159375 0.295000 0.059556
v -0.141667 0.295000 0.060905
v -0.123958 0.295000 0.062089
v -0.106250 0.295000 0.063110
v -0.088542 0.295000 0.063971
v -0.070833 0.295000 0.064674
v -0.053125 0.295000 0.065219
v -0.035417 0.295000 0.065608
v -0.017708 0.295000 0.065841
v 0.000000 0.295000 0.065919
v 0.017708 0.295000 0.065841
v 0.035417 0.295000 0.065608
v 0.053125 0.295000 0.065219
v 0.070833 0.295000 0.064674
v 0.088542 0.295000 0.063971
v 0.106250 0.295000 0.063110
v 0.123958 0.295000 0.062089
v 0.141667 0.295000 0.060905
v 0.159375 0.295000 0.059556
v 0.177083 0.295000 0.058039
v 0.194792 0.295000 0.056348
v 0.212500 0.295000 0.054479
v 0.230208 0.295000 0.052423
v 0.247917 0.295000 0.050172
v 0.265625 0.295000 0.047711
v 0.283333 0.295000 0.045024
v 0.301042 0.295000 0.042087
v 0.318750 0.295000 0.038866
v 0.336458 0.295000 0.035311
v 0.354167 0.295000 0.031344
v 0.371875 0.295000 0.026831
v 0.389583 0.295000 0.021510
v 0.407292 0.295000 0.014709
v 0.425000 0.295000 0.000000
v -0.425000 0.310625 0.000000
v -0.407292 0.310625 0.013820
v -0.389583 0.310625 0.020210
v -0.371875 0.310625 0.025209
v -0.354167 0.310625 0.029449
v -0.336458 0.310625 0.033177
v -0.318750 0.310625 0.036516
v -0.301042 0.310625 0.039543
v -0.283333 0.310625 0.042302
v -0.265625 0.310625 0.044826
v -0.247917 0.310625 0.047138
v -0.230208 0.310625 0.049254
v -0.212500 0.310625 0.051185
v -0.194792 0.310625 0.052941
v -0.177083 0.310625 0.054530
v -0.159375 0.310625 0.055955
v -0.141667 0.310625 0.057223
v -0.123958 0.310625 0.058335
v -0.106250 0.310625 0.059295
v -0.088542 0.310625 0.060104
v -0.070833 0.310625 0.060764
v -0.053125 0.310625 0.061276
v -0.035417 0.310625 0.061642
v -0.017708 0.310625 0.061861
v 0.000000 0.310625 0.061934
v 0.017708 0.310625 0.061861
v 0.035417 0.310625 0.061642
v 0.053125 0.310625 0.061276
v 0.070833 0.310625 0.060764
v 0.088542 0.310625 0.060104
v 0.106250 0.310625 0.059295
v 0.123958 0.310625 0.058335
v 0.141667 0.310625 0.057223
v 0.159375 0.310625 0.055955
v 0.177083 0.310625 0.054530
v 0.194792 0.310625 0.052941
v 0.212500 0.310625 0.051185
v 0.230208 0.310625 0.049254
v 0.247917 0.310625 0.047138
v 0.265625 0.310625 0.044826
v 0.283333 0.310625 0.042302
v 0.301042 0.310625 0.039543
v 0.318750 0.310625 0.036516
v 0.336458 0.310625 0.033177
v 0.354167 0.310625 0.029449
v 0.371875 0.310625 0.025209
v 0.389583 0.310625 0.020210
v 0.407292 0.310625 0.013820
v 0.425000 0.310625 0.000000
v -0.425000 0.326250 0.000000
v -0.407292 0.326250 0.012859
v -0.389583 0.326250 0.018805
v -0.371875 0.326250 0.023457
v -0.354167 0.326250 0.027402
v -0.336458 0.326250 0.030871
v -0.318750 0.326250 0.033978
v -0.301042 0.326250 0.036794
v -0.283333 0.326250 0.039362
v -0.265625 0.326250 0.041711
v -0.247917 0.326250 0.043862
v -0.230208 0.326250 0.045830
v -0.212500 0.326250 0.047627
v -0.194792 0.326250 0.049262
v -0.177083 0.326250 0.050739
v -0.159375 0.326250 0.052066
v -0.141667 0.326250 0.053245
v -0.123958 0.326250 0.054280
v -0.106250 0.326250 0.055173
v -0.088542 0.326250 0.055926
v -0.070833 0.326250 0.056540
v -0.053125 0.326250 0.057017
v -0.035417 0.326250 0.057357
v -0.017708 0.326250 0.057561
v 0.000000 0.326250 0.057629
v 0.017708 0.326250 0.057561
v 0.035417 0.326250 0.057357
v 0.053125 0.326250 0.057017
v 0.070833 0.326250 0.056540
v 0.088542 0.326250 0.055926
v 0.106250 0.326250 0.055173
v 0.123958 0.326250 0.054280
v 0.141667 0.326250 0.053245
v 0.159375 0.326250 0.052066
v 0.177083 0.326250 0.050739
v 0.194792 0.326250 0.049262
v 0.212500 0.326250 0.047627
v 0.230208 0.326250 0.045830
v 0.247917 0.326250 0.043862
v 0.265625 0.326250 0.041711
v 0.283333 0.326250 0.039362
v 0.301042 0.326250 0.036794
v 0.318750 0.326250 0.033978
v 0.336458 0.326250 0.030871
v 0.354167 0.326250 0.027402
v 0.371875 0.326250 0.023457
v 0.389583 0.326250 0.018805
v 0.407292 0.326250 0.012859
v 0.425000 0.326250 0.000000
v -0.425000 0.341875 0.000000
v -0.407292 0.341875 0.011810
v -0.389583 0.341875 0.017271
v -0.371875 0.341875 0.021543
v -0.354167 0.341875 0.025167
v -0.336458 0.341875 0.028352
v -0.318750 0.341875 0.031206
v -0.301042 0.341875 0.033792
v -0.283333 0.341875 0.036150
v -0.265625 0.341875 0.038307
v -0.247917 0.341875 0.040283
v -0.230208 0.341875 0.042091
v -0.212500 0.341875 0.043741
v -0.194792 0.341875 0.045242
v -0.177083 0.341875 0.046600
v -0.159375 0.341875 0.047818
v -0.141667 0.341875 0.048901
v -0.123958 0.341875 0.049852
v -0.106250 0.341875 0.050672
v -0.088542 0.341875 0.051363
v -0.070833 0.341875 0.051927
v -0.053125 0.341875 0.052365
v -0.035417 0.341875 0.052677
v -0.017708 0.341875 0.052865
v 0.000000 0.341875 0.052927
v 0.017708 0.341875 0.052865
v 0.035417 0.341875 0.052677
v 0.053125 0.341875 0.052365
v 0.070833 0.341875 0.051927
v 0.088542 0.341875 0.051363
v 0.106250 0.341875 0.050672
v 0.123958 0.341875 0.049852
v 0.141667 0.341875 0.048901
v 0.159375 0.341875 0.047818
v 0.177083 0.341875 0.046600
v 0.194792 0.341875 0.045242
v 0.212500 0.341875 0.043741
v 0.230208 0.341875 0.042091
v 0.247917 0.341875 0.040283
v 0.265625 0.341875 0.038307
v 0.283333 0.341875 0.036150
v 0.301042 0.341875 0.033792
v 0.318750 0.341875 0.031206
v 0.336458 0.341875 0.028352
v 0.354167 0.341875 0.025167
v 0.371875 0.341875 0.021543
v 0.389583 0.341875 0.017271
v 0.407292 0.341875 0.011810
v 0.425000 0.341875 0.000000
v -0.425000 0.357500 0.000000
v -0.407292 0.357500 0.010645
v -0.389583 0.357500 0.015567
v -0.371875 0.357500 0.019418
v -0.354167 0.357500 0.022684
v -0.336458 0.357500 0.025555
v -0.318750 0.357500 0.028127
v -0.301042 0.357500 0.030458
v -0.283333 0.357500 0.032584
v -0.265625 0.357500 0.034528
v -0.247917 0.357500 0.036309
v -0.230208 0.357500 0.037938
v -0.212500 0.357500 0.039426
v -0.194792 0.357500 0.040779
v -0.177083 0.357500 0.042002
v -0.159375 0.357500 0.043100
v -0.141667 0.357500 0.044077
v -0.123958 0.357500 0.044933
v -0.106250 0.357500 0.045672
v -0.088542 0.357500 0.046296
v -0.070833 0.357500 0.046804
v -0.053125 0.357500 0.047199
v -0.035417 0.357500 0.047480
v -0.017708 0.357500 0.047649
v 0.000000 0.357500 0.047705
v 0.017708 0.357500 0.047649
v 0.035417 0.357500 0.047480
v 0.053125 0.357500 0.047199
v 0.070833 0.357500 0.046804
v 0.088542 0.357500 0.046296
v 0.106250 0.357500 0.045672
v 0.123958 0.357500 0.044933
v 0.141667 0.357500 0.044077
v 0.159375 0.357500 0.043100
v 0.177083 0.357500 0.042002
v 0.194792 0.357500 0.040779
v 0.212500 0.357500 0.039426
v 0.230208 0.357500 0.037938
v 0.247917 0.357500 0.036309
v 0.265625 0.357500 0.034528
v 0.283333 0.357500 0.032584
v 0.301042 0.357500 0.030458
v 0.318750 0.357500 0.028127
v 0.336458 0.357500 0.025555
v 0.354167 0.357500 0.022684
v 0.371875 0.357500 0.019418
v 0.389583 0.357500 0.015567
v 0.407292 0.357500 0.010645
v 0.425000 0.357500 0.000000
v -0.425000 0.373125 0.000000
v -0.407292 0.373125 0.009316
v -0.389583 0.373125 0.013624
v -0.371875 0.373125 0.016994
v -0.354167 0.373125 0.019853
v -0.336458 0.373125 0.022365
v -0.318750 0.373125 0.024617
v -0.301042 0.373125 0.026657
v -0.283333 0.373125 0.028517
v -0.265625 0.373125 0.030219
v -0.247917 0.373125 0.031777
v -0.230208 0.373125 0.033204
v -0.212500 0.373125 0.034506
v -0.194792 0.373125 0.035690
v -0.177083 0.373125 0.036760
v -0.159375 0.373125 0.037721
v -0.141667 0.373125 0.038576
v -0.123958 0.373125 0.039325
v -0.106250 0.373125 0.039972
v -0.088542 0.373125 0.040518
v -0.070833 0.373125 0.040963
v -0.053125 0.373125 0.041308
v -0.035417 0.373125 0.041555
v -0.017708 0.373125 0.041702
v 0.000000 0.373125 0.041752
v 0.017708 0.373125 0.041702
v 0.035417 0.373125 0.041555
v 0.053125 0.373125 0.041308
v 0.070833 0.373125 0.040963
v 0.088542 0.373125 0.040518
v 0.106250 0.373125 0.039972
v 0.123958 0.373125 0.039325
v 0.141667 0.373125 0.038576
v 0.159375 0.373125 0.037721
v 0.177083 0.373125 0.036760
v 0.194792 0.373125 0.035690
v 0.212500 0.373125 0.034506
v 0.230208 0.373125 0.033204
v 0.247917 0.373125 0.031777
v 0.265625 0.373125 0.030219
v 0.283333 0.373125 0.028517
v 0.301042 0.373125 0.026657
v 0.318750 0.373125 0.024617
v 0.336458 0.373125 0.022365
v 0.354167 0.373125 0.019853
v 0.371875 0.373125 0.016994
v 0.389583 0.373125 0.013624
v 0.407292 0.373125 0.009316
v 0.425000 0.373125 0.000000
v -0.425000 0.388750 0.000000
v -0.407292 0.388750 0.007730
v -0.389583 0.388750 0.011304
v -0.371875 0.388750 0.014100
v -0.354167 0.388750 0.016472
v -0.336458 0.388750 0.018556
v -0.318750 0.388750 0.020425
v -0.301042 0.388750 0.022117
v -0.283333 0.388750 0.023661
v -0.265625 0.388750 0.025072
v -0.247917 0.388750 0.026366
v -0.230208 0.388750 0.027549
v -0.212500 0.388750 0.028629
v -0.194792 0.388750 0.029611
v -0.177083 0.388750 0.030500
v -0.159375 0.388750 0.031297
v -0.141667 0.388750 0.032006
v -0.123958 0.388750 0.032628
v -0.106250 0.388750 0.033165
v -0.088542 0.388750 0.033618
v -0.070833 0.388750 0.033987
v -0.053125 0.388750 0.034273
v -0.035417 0.388750 0.034478
v -0.017708 0.388750 0.034600
v 0.000000 0.388750 0.034641
v 0.017708 0.388750 0.034600
v 0.035417 0.388750 0.034478
v 0.053125 0.388750 0.034273
v 0.070833 0.388750 0.033987
v 0.088542 0.388750 0.033618
v 0.106250 0.388750 0.033165
v 0.123958 0.388750 0.032628
v 0.141667 0.388750 0.032006
v 0.159375 0.388750 0.031297
v 0.177083 0.388750 0.030500
v 0.194792 0.388750 0.029611
v 0.212500 0.388750 0.028629
v 0.230208 0.388750 0.027549
v 0.247917 0.388750 0.026366
v 0.265625 0.388750 0.025072
v 0.283333 0.388750 0.023661
v 0.301042 0.388750 0.022117
v 0.318750 0.388750 0.020425
v 0.336458 0.388750 0.018556
v 0.354167 0.388750 0.016472
v 0.371875 0.388750 0.014100
v 0.389583 0.388750 0.011304
v 0.407292 0.388750 0.007730
v 0.425000 0.388750 0.000000
v -0.425000 0.404375 0.000000
v -0.407292 0.404375 0.005632
v -0.389583 0.404375 0.008237
v -0.371875 0.404375 0.010274
v -0.354167 0.404375 0.012002
v -0.336458 0.404375 0.013521
v -0.318750 0.404375 0.014883
v -0.301042 0.404375 0.016116
v -0.283333 0.404375 0.017241
v -0.265625 0.404375 0.018269
v -0.247917 0.404375 0.019212
v -0.230208 0.404375 0.020074
v -0.212500 0.404375 0.020861
v -0.194792 0.404375 0.021577
v -0.177083 0.404375 0.022224
v -0.159375 0.404375 0.022805
v -0.141667 0.404375 0.023322
v -0.123958 0.404375 0.023775
v -0.106250 0.404375 0.024166
v -0.088542 0.404375 0.024496
v -0.070833 0.404375 0.024765
v -0.053125 0.404375 0.024974
v -0.035417 0.404375 0.025123
v -0.017708 0.404375 0.025212
v 0.000000 0.404375 0.025242
v 0.017708 0.404375 0.025212
v 0.035417 0.404375 0.025123
v 0.053125 0.404375 0.024974
v 0.070833 0.404375 0.024765
v 0.088542 0.404375 0.024496
v 0.106250 0.404375 0.024166
v 0.123958 0.404375 0.023775
v 0.141667 0.404375 0.023322
v 0.159375 0.404375 0.022805
v 0.177083 0.404375 0.022224
v 0.194792 0.404375 0.021577
v 0.212500 0.404375 0.020861
v 0.230208 0.404375 0.020074
v 0.247917 0.404375 0.019212
v 0.265625 0.404375 0.018269
v 0.283333 0.404375 0.017241
v 0.301042 0.404375 0.016116
v 0.318750 0.404375 0.014883
v 0.336458 0.404375 0.013521
v 0.354167 0.404375 0.012002
v 0.371875 0.404375 0.010274
v 0.389583 0.404375 0.008237
v 0.407292 0.404375 0.005632
v 0.425000 0.404375 0.000000
v -0.425000 0.420000 0.000000
v -0.407292 0.420000 0.000000
v -0.389583 0.420000 0.000000
v -0.371875 0.420000 0.000000
v -0.354167 0.420000 0.000000
v -0.336458 0.420000 0.000000
v -0.318750 0.420000 0.000000
v -0.301042 0.420000 0.000000
v -0.283333 0.420000 0.000000
v -0.265625 0.420000 0.000000
v -0.247917 0.420000 0.000000
v -0.230208 0.420000 0.000000
v -0.212500 0.420000 0.000000
v -0.194792 0.420000 0.000000
v -0.177083 0.420000 0.000000
v -0.159375 0.420000 0.000000
v -0.141667 0.420000 0.000000
v -0.123958 0.420000 0.000000
v -0.106250 0.420000 0.000000
v -0.088542 0.420000 0.000000
v -0.070833 0.420000 0.000000
v -0.053125 0.420000 0.000000
v -0.035417 0.420000 0.000000
v -0.017708 0.420000 0.000000
v 0.017708 0.420000 0.000000
v 0.035417 0.420000 0.000000
v 0.053125 0.420000 0.000000
v 0.070833 0.420000 0.000000
v 0.088542 0.420000 0.000000
v 0.106250 0.420000 0.000000
v 0.123958 0.420000 0.000000
v 0.141667 0.420000 0.000000
v 0.159375 0.420000 0.000000
v 0.177083 0.420000 0.000000
v 0.194792 0.420000 0.000000
v 0.212500 0.420000 0.000000
v 0.230208 0.420000 0.000000
v 0.247917 0.420000 0.000000
v 0.265625 0.420000 0.000000
v 0.283333 0.420000 0.000000
v 0.301042 0.420000 0.000000
v 0.318750 0.420000 0.000000
v 0.336458 0.420000 0.000000
v 0.354167 0.420000 0.000000
v 0.371875 0.420000 0.000000
v 0.389583 0.420000 0.000000
v 0.407292 0.420000 0.000000
v 0.425000 0.420000 0.000000
v -0.396736 -0.564375 -0.007442
v -0.379487 -0.564375 -0.010883
v -0.362237 -0.564375 -0.013575
v -0.344988 -0.564375 -0.015858
v -0.327739 -0.564375 -0.017865
v -0.310489 -0.564375 -0.019664
v -0.293240 -0.564375 -0.021293
v -0.275990 -0.564375 -0.022779
v -0.258741 -0.564375 -0.024138
v -0.241492 -0.564375 -0.025383
v -0.224242 -0.564375 -0.026522
v -0.206993 -0.564375 -0.027562
v -0.189743 -0.564375 -0.028508
v -0.172494 -0.564375 -0.029364
v -0.155245 -0.564375 -0.030131
v -0.137995 -0.564375 -0.030814
v -0.120746 -0.564375 -0.031413
v -0.103496 -0.564375 -0.031929
v -0.086247 -0.564375 -0.032365
v -0.068998 -0.564375 -0.032721
v -0.051748 -0.564375 -0.032996
v -0.034499 -0.564375 -0.033193
v -0.017249 -0.564375 -0.033311
v 0.000000 -0.564375 -0.033350
v 0.017249 -0.564375 -0.033311
v 0.034499 -0.564375 -0.033193
v 0.051748 -0.564375 -0.032996
v 0.068998 -0.564375 -0.032721
v 0.086247 -0.564375 -0.032365
v 0.103496 -0.564375 -0.031929
v 0.120746 -0.564375 -0.031413
v 0.137995 -0.564375 -0.030814
v 0.155245 -0.564375 -0.030131
v 0.172494 -0.564375 -0.029364
v 0.189743 -0.564375 -0.028508
v 0.206993 -0.564375 -0.027562
v 0.224242 -0.564375 -0.026522
v 0.241492 -0.564375 -0.025383
v 0.258741 -0.564375 -0.024138
v 0.275990 -0.564375 -0.022779
v 0.293240 -0.564375 -0.021293
v 0.310489 -0.564375 -0.019664
v 0.327739 -0.564375 -0.017865
v 0.344988 -0.564375 -0.015858
v 0.362237 -0.564375 -0.013575
v 0.379487 -0.564375 -0.010883
v 0.396736 -0.564375 -0.007442
v -0.402525 -0.548750 -0.010121
v -0.385024 -0.548750 -0.014800
v -0.367523 -0.548750 -0.018461
v -0.350022 -0.548750 -0.021566
v -0.332520 -0.548750 -0.024296
v -0.315019 -0.548750 -0.026741
v -0.297518 -0.548750 -0.028958
v -0.280017 -0.548750 -0.030978
v -0.262516 -0.548750 -0.032827
v -0.245015 -0.548750 -0.034520
v -0.227514 -0.548750 -0.036069
v -0.210013 -0.548750 -0.037483
v -0.192512 -0.548750 -0.038770
v -0.175011 -0.548750 -0.039933
v -0.157510 -0.548750 -0.040977
v -0.140009 -0.548750 -0.041905
v -0.122508 -0.548750 -0.042719
v -0.105006 -0.548750 -0.043422
v -0.087505 -0.548750 -0.044015
v -0.070004 -0.548750 -0.044498
v -0.052503 -0.548750 -0.044873
v -0.035002 -0.548750 -0.045141
v -0.017501 -0.548750 -0.045301
v 0.000000 -0.548750 -0.045355
v 0.017501 -0.548750 -0.045301
v 0.035002 -0.548750 -0.045141
v 0.052503 -0.548750 -0.044873
v 0.070004 -0.548750 -0.044498
v 0.087505 -0.548750 -0.044015
v 0.105006 -0.548750 -0.043422
v 0.122508 -0.548750 -0.042719
v 0.140009 -0.548750 -0.041905
v 0.157510 -0.548750 -0.040977
v 0.175011 -0.548750 -0.039933
v 0.192512 -0.548750 -0.038770
v 0.210013 -0.548750 -0.037483
v 0.227514 -0.548750 -0.036069
v 0.245015 -0.548750 -0.034520
v 0.262516 -0.548750 -0.032827
v 0.280017 -0.548750 -0.030978
v 0.297518 -0.548750 -0.028958
v 0.315019 -0.548750 -0.026741
v 0.332520 -0.548750 -0.024296
v 0.350022 -0.548750 -0.021566
v 0.367523 -0.548750 -0.018461
v 0.385024 -0.548750 -0.014800
v 0.402525 -0.548750 -0.010121
v -0.405691 -0.533125 -0.012088
v -0.388052 -0.533125 -0.017676
v -0.370414 -0.533125 -0.022049
v -0.352775 -0.533125 -0.025758
v -0.335136 -0.533125 -0.029018
v -0.317497 -0.533125 -0.031939
v -0.299859 -0.533125 -0.034586
v -0.282220 -0.533125 -0.036999
v -0.264581 -0.533125 -0.039207
v -0.246942 -0.533125 -0.041229
v -0.229304 -0.533125 -0.043079
v -0.211665 -0.533125 -0.044769
v -0.194026 -0.533125 -0.046305
v -0.176387 -0.533125 -0.047694
v -0.158749 -0.533125 -0.048941
v -0.141110 -0.533125 -0.050050
v -0.123471 -0.533125 -0.051022
v -0.105832 -0.533125 -0.051862
v -0.088194 -0.533125 -0.052569
v -0.070555 -0.533125 -0.053147
v -0.052916 -0.533125 -0.053595
v -0.035277 -0.533125 -0.053915
v -0.017639 -0.533125 -0.054106
v 0.000000 -0.533125 -0.054170
v 0.017639 -0.533125 -0.054106
v 0.035277 -0.533125 -0.053915
v 0.052916 -0.533125 -0.053595
v 0.070555 -0.533125 -0.053147
v 0.088194 -0.533125 -0.052569
v 0.105832 -0.533125 -0.051862
v 0.123471 -0.533125 -0.051022
v 0.141110 -0.533125 -0.050050
v 0.158749 -0.533125 -0.048941
v 0.176387 -0.533125 -0.047694
v 0.194026 -0.533125 -0.046305
v 0.211665 -0.533125 -0.044769
v 0.229304 -0.533125 -0.043079
v 0.246942 -0.533125 -0.041229
v 0.264581 -0.533125 -0.039207
v 0.282220 -0.533125 -0.036999
v 0.299859 -0.533125 -0.034586
v 0.317497 -0.533125 -0.031939
v 0.335136 -0.533125 -0.029018
v 0.352775 -0.533125 -0.025758
v 0.370414 -0.533125 -0.022049
v 0.388052 -0.533125 -0.017676
v 0.405691 -0.533125 -0.012088
v -0.407128 -0.517500 -0.013686
v -0.389426 -0.517500 -0.020014
v -0.371725 -0.517500 -0.024965
v -0.354024 -0.517500 -0.029165
v -0.336323 -0.517500 -0.032856
v -0.318622 -0.517500 -0.036164
v -0.300920 -0.517500 -0.039160
v -0.283219 -0.517500 -0.041893
v -0.265518 -0.517500 -0.044393
v -0.247817 -0.517500 -0.046683
v -0.230116 -0.517500 -0.048778
v -0.212414 -0.517500 -0.050691
v -0.194713 -0.517500 -0.052430
v -0.177012 -0.517500 -0.054003
v -0.159311 -0.517500 -0.055415
v -0.141610 -0.517500 -0.056670
v -0.123908 -0.517500 -0.057771
v -0.106207 -0.517500 -0.058722
v -0.088506 -0.517500 -0.059523
v -0.070805 -0.517500 -0.060177
v -0.053104 -0.517500 -0.060684
v -0.035402 -0.517500 -0.061046
v -0.017701 -0.517500 -0.061263
v 0.000000 -0.517500 -0.061335
v 0.017701 -0.517500 -0.061263
v 0.035402 -0.517500 -0.061046
v 0.053104 -0.517500 -0.060684
v 0.070805 -0.517500 -0.060177
v 0.088506 -0.517500 -0.059523
v 0.106207 -0.517500 -0.058722
v 0.123908 -0.517500 -0.057771
v 0.141610 -0.517500 -0.056670
v 0.159311 -0.517500 -0.055415
v 0.177012 -0.517500 -0.054003
v 0.194713 -0.517500 -0.052430
v 0.212414 -0.517500 -0.050691
v 0.230116 -0.517500 -0.048778
v 0.247817 -0.517500 -0.046683
v 0.265518 -0.517500 -0.044393
v 0.283219 -0.517500 -0.041893
v 0.300920 -0.517500 -0.039160
v 0.318622 -0.517500 -0.036164
v 0.336323 -0.517500 -0.032856
v 0.354024 -0.517500 -0.029165
v 0.371725 -0.517500 -0.024965
v 0.389426 -0.517500 -0.020014
v 0.407128 -0.517500 -0.013686
v -0.407292 -0.501875 -0.015047
v -0.389583 -0.501875 -0.022005
v -0.371875 -0.501875 -0.027448
v -0.354167 -0.501875 -0.032065
v -0.336458 -0.501875 -0.036123
v -0.318750 -0.501875 -0.039760
v -0.301042 -0.501875 -0.043055
v -0.283333 -0.501875 -0.046059
v -0.265625 -0.501875 -0.048808
v -0.247917 -0.501875 -0.051325
v -0.230208 -0.501875 -0.053629
v -0.212500 -0.501875 -0.055732
v -0.194792 -0.501875 -0.057644
v -0.177083 -0.501875 -0.059373
v -0.159375 -0.501875 -0.060926
v -0.141667 -0.501875 -0.062305
v -0.123958 -0.501875 -0.063516
v -0.106250 -0.501875 -0.064561
v -0.088542 -0.501875 -0.065442
v -0.070833 -0.501875 -0.066161
v -0.053125 -0.501875 -0.066719
v -0.035417 -0.501875 -0.067117
v -0.017708 -0.501875 -0.067355
v 0.000000 -0.501875 -0.067435
v 0.017708 -0.501875 -0.067355
v 0.035417 -0.501875 -0.067117
v 0.053125 -0.501875 -0.066719
v 0.070833 -0.501875 -0.066161
v 0.088542 -0.501875 -0.065442
v 0.106250 -0.501875 -0.064561
v 0.123958 -0.501875 -0.063516
v 0.141667 -0.501875 -0.062305
v 0.159375 -0.501875 -0.060926
v 0.177083 -0.501875 -0.059373
v 0.194792 -0.501875 -0.057644
v 0.212500 -0.501875 -0.055732
v 0.230208 -0.501875 -0.053629
v 0.247917 -0.501875 -0.051325
v 0.265625 -0.501875 -0.048808
v 0.283333 -0.501875 -0.046059
v 0.301042 -0.501875 -0.043055
v 0.318750 -0.501875 -0.039760
v 0.336458 -0.501875 -0.036123
v 0.354167 -0.501875 -0.032065
v 0.371875 -0.501875 -0.027448
v 0.389583 -0.501875 -0.022005
v 0.407292 -0.501875 -0.015047
v -0.407292 -0.486250 -0.016237
v -0.389583 -0.486250 -0.023744
v -0.371875 -0.486250 -0.029617
v -0.354167 -0.486250 -0.034599
v -0.336458 -0.486250 -0.038978
v -0.318750 -0.486250 -0.042902
v -0.301042 -0.486250 -0.046457
v -0.283333 -0.486250 -0.049699
v -0.265625 -0.486250 -0.052665
v -0.247917 -0.486250 -0.055381
v -0.230208 -0.486250 -0.057866
v -0.212500 -0.486250 -0.060136
v -0.194792 -0.486250 -0.062199
v -0.177083 -0.486250 -0.064065
v -0.159375 -0.486250 -0.065740
v -0.141667 -0.486250 -0.067229
v -0.123958 -0.486250 -0.068536
v -0.106250 -0.486250 -0.069663
v -0.088542 -0.486250 -0.070614
v -0.070833 -0.486250 -0.071389
v -0.053125 -0.486250 -0.071991
v -0.035417 -0.486250 -0.072421
v -0.017708 -0.486250 -0.072678
v 0.000000 -0.486250 -0.072764
v 0.017708 -0.486250 -0.072678
v 0.035417 -0.486250 -0.072421
v 0.053125 -0.486250 -0.071991
v 0.070833 -0.486250 -0.071389
v 0.088542 -0.486250 -0.070614
v 0.106250 -0.486250 -0.069663
v 0.123958 -0.486250 -0.068536
v 0.141667 -0.486250 -0.067229
v 0.159375 -0.486250 -0.065740
v 0.177083 -0.486250 -0.064065
v 0.194792 -0.486250 -0.062199
v 0.212500 -0.486250 -0.060136
v 0.230208 -0.486250 -0.057866
v 0.247917 -0.486250 -0.055381
v 0.265625 -0.486250 -0.052665
v 0.283333 -0.486250 -0.049699
v 0.301042 -0.486250 -0.046457
v 0.318750 -0.486250 -0.042902
v 0.336458 -0.486250 -0.038978
v 0.354167 -0.486250 -0.034599
v 0.371875 -0.486250 -0.029617
v 0.389583 -0.486250 -0.023744
v 0.407292 -0.486250 -0.016237
v -0.407292 -0.470625 -0.017292
v -0.389583 -0.470625 -0.025288
v -0.371875 -0.470625 -0.031543
v -0.354167 -0.470625 -0.036849
v -0.336458 -0.470625 -0.041512
v -0.318750 -0.470625 -0.045691
v -0.301042 -0.470625 -0.049478
v -0.283333 -0.470625 -0.052930
v -0.265625 -0.470625 -0.056089
v -0.247917 -0.470625 -0.058982
v -0.230208 -0.470625 -0.061629
v -0.212500 -0.470625 -0.064046
v -0.194792 -0.470625 -0.066243
v -0.177083 -0.470625 -0.068231
v -0.159375 -0.470625 -0.070014
v -0.141667 -0.470625 -0.071600
v -0.123958 -0.470625 -0.072992
v -0.106250 -0.470625 -0.074193
v -0.088542 -0.470625 -0.075205
v -0.070833 -0.470625 -0.076031
v -0.053125 -0.470625 -0.076672
v -0.035417 -0.470625 -0.077129
v -0.017708 -0.470625 -0.077403
v 0.000000 -0.470625 -0.077495
v 0.017708 -0.470625 -0.077403
v 0.035417 -0.470625 -0.077129
v 0.053125 -0.470625 -0.076672
v 0.070833 -0.470625 -0.076031
v 0.088542 -0.470625 -0.075205
v 0.106250 -0.470625 -0.074193
v 0.123958 -0.470625 -0.072992
v 0.141667 -0.470625 -0.071600
v 0.159375 -0.470625 -0.070014
v 0.177083 -0.470625 -0.068231
v 0.194792 -0.470625 -0.066243
v 0.212500 -0.470625 -0.064046
v 0.230208 -0.470625 -0.061629
v 0.247917 -0.470625 -0.058982
v 0.265625 -0.470625 -0.056089
v 0.283333 -0.470625 -0.052930
v 0.301042 -0.470625 -0.049478
v 0.318750 -0.470625 -0.045691
v 0.336458 -0.470625 -0.041512
v 0.354167 -0.470625 -0.036849
v 0.371875 -0.470625 -0.031543
v 0.389583 -0.470625 -0.025288
v 0.407292 -0.470625 -0.017292
v -0.407292 -0.455000 -0.018239
v -0.389583 -0.455000 -0.026673
v -0.371875 -0.455000 -0.033271
v -0.354167 -0.455000 -0.038867
v -0.336458 -0.455000 -0.043786
v -0.318750 -0.455000 -0.048194
v -0.301042 -0.455000 -0.052188
v -0.283333 -0.455000 -0.055830
v -0.265625 -0.455000 -0.059162
v -0.247917 -0.455000 -0.062213
v -0.230208 -0.455000 -0.065005
v -0.212500 -0.455000 -0.067554
v -0.194792 -0.455000 -0.069872
v -0.177083 -0.455000 -0.071968
v -0.159375 -0.455000 -0.073850
v -0.141667 -0.455000 -0.075522
v -0.123958 -0.455000 -0.076990
v -0.106250 -0.455000 -0.078257
v -0.088542 -0.455000 -0.079325
v -0.070833 -0.455000 -0.080196
v -0.053125 -0.455000 -0.080872
v -0.035417 -0.455000 -0.081354
v -0.017708 -0.455000 -0.081643
v 0.000000 -0.455000 -0.081740
v 0.017708 -0.455000 -0.081643
v 0.035417 -0.455000 -0.081354
v 0.053125 -0.455000 -0.080872
v 0.070833 -0.455000 -0.080196
v 0.088542 -0.455000 -0.079325
v 0.106250 -0.455000 -0.078257
v 0.123958 -0.455000 -0.076990
v 0.141667 -0.455000 -0.075522
v 0.159375 -0.455000 -0.073850
v 0.177083 -0.455000 -0.071968
v 0.194792 -0.455000 -0.069872
v 0.212500 -0.455000 -0.067554
v 0.230208 -0.455000 -0.065005
v 0.247917 -0.455000 -0.062213
v 0.265625 -0.455000 -0.059162
v 0.283333 -0.455000 -0.055830
v 0.301042 -0.455000 -0.052188
v 0.318750 -0.455000 -0.048194
v 0.336458 -0.455000 -0.043786
v 0.354167 -0.455000 -0.038867
v 0.371875 -0.455000 -0.033271
v 0.389583 -0.455000 -0.026673
v 0.407292 -0.455000 -0.018239
v -0.407292 -0.439375 -0.019095
v -0.389583 -0.439375 -0.027924
v -0.371875 -0.439375 -0.034832
v -0.354167 -0.439375 -0.040691
v -0.336458 -0.439375 -0.045841
v -0.318750 -0.439375 -0.050456
v -0.301042 -0.439375 -0.054637
v -0.283333 -0.439375 -0.058449
v -0.265625 -0.439375 -0.061937
v -0.247917 -0.439375 -0.065132
v -0.230208 -0.439375 -0.068055
v -0.212500 -0.439375 -0.070723
v -0.194792 -0.439375 -0.073150
v -0.177083 -0.439375 -0.075345
v -0.159375 -0.439375 -0.077315
v -0.141667 -0.439375 -0.079066
v -0.123958 -0.439375 -0.080603
v -0.106250 -0.439375 -0.081929
v -0.088542 -0.439375 -0.083047
v -0.070833 -0.439375 -0.083959
v -0.053125 -0.439375 -0.084667
v -0.035417 -0.439375 -0.085172
v -0.017708 -0.439375 -0.085474
v 0.000000 -0.439375 -0.085575
v 0.017708 -0.439375 -0.085474
v 0.035417 -0.439375 -0.085172
v 0.053125 -0.439375 -0.084667
v 0.070833 -0.439375 -0.083959
v 0.088542 -0.439375 -0.083047
v 0.106250 -0.439375 -0.081929
v 0.123958 -0.439375 -0.080603
v 0.141667 -0.439375 -0.079066
v 0.159375 -0.439375 -0.077315
v 0.177083 -0.439375 -0.075345
v 0.194792 -0.439375 -0.073150
v 0.212500 -0.439375 -0.070723
v 0.230208 -0.439375 -0.068055
v 0.247917 -0.439375 -0.065132
v 0.265625 -0.439375 -0.061937
v 0.283333 -0.439375 -0.058449
v 0.301042 -0.439375 -0.054637
v 0.318750 -0.439375 -0.050456
v 0.336458 -0.439375 -0.045841
v 0.354167 -0.439375 -0.040691
v 0.371875 -0.439375 -0.034832
v 0.389583 -0.439375 -0.027924
v 0.407292 -0.439375 -0.019095
v -0.407292 -0.423750 -0.019872
v -0.389583 -0.423750 -0.029060
v -0.371875 -0.423750 -0.036249
v -0.354167 -0.423750 -0.042346
v -0.336458 -0.423750 -0.047705
v -0.318750 -0.423750 -0.052508
v -0.301042 -0.423750 -0.056859
v -0.283333 -0.423750 -0.060827
v -0.265625 -0.423750 -0.064457
v -0.247917 -0.423750 -0.067781
v -0.230208 -0.423750 -0.070823
v -0.212500 -0.423750 -0.073600
v -0.194792 -0.423750 -0.076126
v -0.177083 -0.423750 -0.078410
v -0.159375 -0.423750 -0.080460
v -0.141667 -0.423750 -0.082282
v -0.123958 -0.423750 -0.083881
v -0.106250 -0.423750 -0.085261
v -0.088542 -0.423750 -0.086425
v -0.070833 -0.423750 -0.087374
v -0.053125 -0.423750 -0.088111
v -0.035417 -0.423750 -0.088636
v -0.017708 -0.423750 -0.088951
v 0.000000 -0.423750 -0.089056
v 0.017708 -0.423750 -0.088951
v 0.035417 -0.423750 -0.088636
v 0.053125 -0.423750 -0.088111
v 0.070833 -0.423750 -0.087374
v 0.088542 -0.423750 -0.086425
v 0.106250 -0.423750 -0.085261
v 0.123958 -0.423750 -0.083881
v 0.141667 -0.423750 -0.082282
v 0.159375 -0.423750 -0.080460
v 0.177083 -0.423750 -0.078410
v 0.194792 -0.423750 -0.076126
v 0.212500 -0.423750 -0.073600
v 0.230208 -0.423750 -0.070823
v 0.247917 -0.423750 -0.067781
v 0.265625 -0.423750 -0.064457
v 0.283333 -0.423750 -0.060827
v 0.301042 -0.423750 -0.056859
v 0.318750 -0.423750 -0.052508
v 0.336458 -0.423750 -0.047705
v 0.354167 -0.423750 -0.042346
v 0.371875 -0.423750 -0.036249
v 0.389583 -0.423750 -0.029060
v 0.407292 -0.423750 -0.019872
v -0.407292 -0.408125 -0.020579
v -0.389583 -0.408125 -0.030094
v -0.371875 -0.408125 -0.037538
v -0.354167 -0.408125 -0.043852
v -0.336458 -0.408125 -0.049402
v -0.318750 -0.408125 -0.054376
v -0.301042 -0.408125 -0.058882
v -0.283333 -0.408125 -0.062991
v -0.265625 -0.408125 -0.066750
v -0.247917 -0.408125 -0.070192
v -0.230208 -0.408125 -0.073342
v -0.212500 -0.408125 -0.076218
v -0.194792 -0.408125 -0.078834
v -0.177083 -0.408125 -0.081199
v -0.159375 -0.408125 -0.083322
v -0.141667 -0.408125 -0.085209
v -0.123958 -0.408125 -0.086865
v -0.106250 -0.408125 -0.088294
v -0.088542 -0.408125 -0.089499
v -0.070833 -0.408125 -0.090482
v -0.053125 -0.408125 -0.091245
v -0.035417 -0.408125 -0.091789
v -0.017708 -0.408125 -0.092115
v 0.000000 -0.408125 -0.092224
v 0.017708 -0.408125 -0.092115
v 0.035417 -0.408125 -0.091789
v 0.053125 -0.408125 -0.091245
v 0.070833 -0.408125 -0.090482
v 0.088542 -0.408125 -0.089499
v 0.106250 -0.408125 -0.088294
v 0.123958 -0.408125 -0.086865
v 0.141667 -0.408125 -0.085209
v 0.159375 -0.408125 -0.083322
v 0.177083 -0.408125 -0.081199
v 0.194792 -0.408125 -0.078834
v 0.212500 -0.408125 -0.076218
v 0.230208 -0.408125 -0.073342
v 0.247917 -0.408125 -0.070192
v 0.265625 -0.408125 -0.066750
v 0.283333 -0.408125 -0.062991
v 0.301042 -0.408125 -0.058882
v 0.318750 -0.408125 -0.054376
v 0.336458 -0.408125 -0.049402
v 0.354167 -0.408125 -0.043852
v 0.371875 -0.408125 -0.037538
v 0.389583 -0.408125 -0.030094
v 0.407292 -0.408125 -0.020579
v -0.407292 -0.392500 -0.021223
v -0.389583 -0.392500 -0.031036
v -0.371875 -0.392500 -0.038713
v -0.354167 -0.392500 -0.045224
v -0.336458 -0.392500 -0.050948
v -0.318750 -0.392500 -0.056077
v -0.301042 -0.392500 -0.060725
v -0.283333 -0.392500 -0.064962
v -0.265625 -0.392500 -0.068839
v -0.247917 -0.392500 -0.072389
v -0.230208 -0.392500 -0.075638
v -0.212500 -0.392500 -0.078604
v -0.194792 -0.392500 -0.081301
v -0.177083 -0.392500 -0.083740
v -0.159375 -0.392500 -0.085929
v -0.141667 -0.392500 -0.087875
v -0.123958 -0.392500 -0.089583
v -0.106250 -0.392500 -0.091057
v -0.088542 -0.392500 -0.092300
v -0.070833 -0.392500 -0.093314
v -0.053125 -0.392500 -0.094100
v -0.035417 -0.392500 -0.094662
v -0.017708 -0.392500 -0.094998
v 0.000000 -0.392500 -0.095110
v 0.017708 -0.392500 -0.094998
v 0.035417 -0.392500 -0.094662
v 0.053125 -0.392500 -0.094100
v 0.070833 -0.392500 -0.093314
v 0.088542 -0.392500 -0.092300
v 0.106250 -0.392500 -0.091057
v 0.123958 -0.392500 -0.089583
v 0.141667 -0.392500 -0.087875
v 0.159375 -0.392500 -0.085929
v 0.177083 -0.392500 -0.083740
v 0.194792 -0.392500 -0.081301
v 0.212500 -0.392500 -0.078604
v 0.230208 -0.392500 -0.075638
v 0.247917 -0.392500 -0.072389
v 0.265625 -0.392500 -0.068839
v 0.283333 -0.392500 -0.064962
v 0.301042 -0.392500 -0.060725
v 0.318750 -0.392500 -0.056077
v 0.336458 -0.392500 -0.050948
v 0.354167 -0.392500 -0.045224
v 0.371875 -0.392500 -0.038713
v 0.389583 -0.392500 -0.031036
v 0.407292 -0.392500 -0.021223
v -0.407292 -0.376875 -0.021810
v -0.389583 -0.376875 -0.031894
v -0.371875 -0.376875 -0.039783
v -0.354167 -0.376875 -0.046475
v -0.336458 -0.376875 -0.052357
v -0.318750 -0.376875 -0.057628
v -0.301042 -0.376875 -0.062404
v -0.283333 -0.376875 -0.066758
v -0.265625 -0.376875 -0.070742
v -0.247917 -0.376875 -0.074391
v -0.230208 -0.376875 -0.077729
v -0.212500 -0.376875 -0.080777
v -0.194792 -0.376875 -0.083549
v -0.177083 -0.376875 -0.086055
v -0.159375 -0.376875 -0.088305
v -0.141667 -0.376875 -0.090305
v -0.123958 -0.376875 -0.092061
v -0.106250 -0.376875 -0.093575
v -0.088542 -0.376875 -0.094852
v -0.070833 -0.376875 -0.095894
v -0.053125 -0.376875 -0.096702
v -0.035417 -0.376875 -0.097279
v -0.017708 -0.376875 -0.097625
v 0.000000 -0.376875 -0.097740
v 0.017708 -0.376875 -0.097625
v 0.035417 -0.376875 -0.097279
v 0.053125 -0.376875 -0.096702
v 0.070833 -0.376875 -0.095894
v 0.088542 -0.376875 -0.094852
v 0.106250 -0.376875 -0.093575
v 0.123958 -0.376875 -0.092061
v 0.141667 -0.376875 -0.090305
v 0.159375 -0.376875 -0.088305
v 0.177083 -0.376875 -0.086055
v 0.194792 -0.376875 -0.083549
v 0.212500 -0.376875 -0.080777
v 0.230208 -0.376875 -0.077729
v 0.247917 -0.376875 -0.074391
v 0.265625 -0.376875 -0.070742
v 0.283333 -0.376875 -0.066758
v 0.301042 -0.376875 -0.062404
v 0.318750 -0.376875 -0.057628
v 0.336458 -0.376875 -0.052357
v 0.354167 -0.376875 -0.046475
v 0.371875 -0.376875 -0.039783
v 0.389583 -0.376875 -0.031894
v 0.407292 -0.376875 -0.021810
v -0.407292 -0.361250 -0.022344
v -0.389583 -0.361250 -0.032675
v -0.371875 -0.361250 -0.040758
v -0.354167 -0.361250 -0.047613
v -0.336458 -0.361250 -0.053639
v -0.318750 -0.361250 -0.059039
v -0.301042 -0.361250 -0.063932
v -0.283333 -0.361250 -0.068393
v -0.265625 -0.361250 -0.072475
v -0.247917 -0.361250 -0.076212
v -0.230208 -0.361250 -0.079633
v -0.212500 -0.361250 -0.082755
v -0.194792 -0.361250 -0.085595
v -0.177083 -0.361250 -0.088163
v -0.159375 -0.361250 -0.090468
v -0.141667 -0.361250 -0.092517
v -0.123958 -0.361250 -0.094315
v -0.106250 -0.361250 -0.095867
v -0.088542 -0.361250 -0.097175
v -0.070833 -0.361250 -0.098242
v -0.053125 -0.361250 -0.099071
v -0.035417 -0.361250 -0.099662
v -0.017708 -0.361250 -0.100016
v 0.000000 -0.361250 -0.100134
v 0.017708 -0.361250 -0.100016
v 0.035417 -0.361250 -0.099662
v 0.053125 -0.361250 -0.099071
v 0.070833 -0.361250 -0.098242
v 0.088542 -0.361250 -0.097175
v 0.106250 -0.361250 -0.095867
v 0.123958 -0.361250 -0.094315
v 0.141667 -0.361250 -0.092517
v 0.159375 -0.361250 -0.090468
v 0.177083 -0.361250 -0.088163
v 0.194792 -0.361250 -0.085595
v 0.212500 -0.361250 -0.082755
v 0.230208 -0.361250 -0.079633
v 0.247917 -0.361250 -0.076212
v 0.265625 -0.361250 -0.072475
v 0.283333 -0.361250 -0.068393
v 0.301042 -0.361250 -0.063932
v 0.318750 -0.361250 -0.059039
v 0.336458 -0.361250 -0.053639
v 0.354167 -0.361250 -0.047613
v 0.371875 -0.361250 -0.040758
v 0.389583 -0.361250 -0.032675
v 0.407292 -0.361250 -0.022344
v -0.407292 -0.345625 -0.022829
v -0.389583 -0.345625 -0.033384
v -0.371875 -0.345625 -0.041643
v -0.354167 -0.345625 -0.048647
v -0.336458 -0.345625 -0.054804
v -0.318750 -0.345625 -0.060321
v -0.301042 -0.345625 -0.065320
v -0.283333 -0.345625 -0.069878
v -0.265625 -0.345625 -0.074048
v -0.247917 -0.345625 -0.077867
v -0.230208 -0.345625 -0.081362
v -0.212500 -0.345625 -0.084552
v -0.194792 -0.345625 -0.087454
v -0.177083 -0.345625 -0.090077
v -0.159375 -0.345625 -0.092432
v -0.141667 -0.345625 -0.094526
v -0.123958 -0.345625 -0.096363
v -0.106250 -0.345625 -0.097948
v -0.088542 -0.345625 -0.099285
v -0.070833 -0.345625 -0.100375
v -0.053125 -0.345625 -0.101222
v -0.035417 -0.345625 -0.101825
v -0.017708 -0.345625 -0.102187
v 0.000000 -0.345625 -0.102308
v 0.017708 -0.345625 -0.102187
v 0.035417 -0.345625 -0.101825
v 0.053125 -0.345625 -0.101222
v 0.070833 -0.345625 -0.100375
v 0.088542 -0.345625 -0.099285
v 0.106250 -0.345625 -0.097948
v 0.123958 -0.345625 -0.096363
v 0.141667 -0.345625 -0.094526
v 0.159375 -0.345625 -0.092432
v 0.177083 -0.345625 -0.090077
v 0.194792 -0.345625 -0.087454
v 0.212500 -0.345625 -0.084552
v 0.230208 -0.345625 -0.081362
v 0.247917 -0.345625 -0.077867
v 0.265625 -0.345625 -0.074048
v 0.283333 -0.345625 -0.069878
v 0.301042 -0.345625 -0.065320
v 0.318750 -0.345625 -0.060321
v 0.336458 -0.345625 -0.054804
v 0.354167 -0.345625 -0.048647
v 0.371875 -0.345625 -0.041643
v 0.389583 -0.345625 -0.033384
v 0.407292 -0.345625 -0.022829
v -0.407292 -0.330000 -0.023268
v -0.389583 -0.330000 -0.034026
v -0.371875 -0.330000 -0.042444
v -0.354167 -0.330000 -0.049583
v -0.336458 -0.330000 -0.055858
v -0.318750 -0.330000 -0.061482
v -0.301042 -0.330000 -0.066577
v -0.283333 -0.330000 -0.071222
v -0.265625 -0.330000 -0.075473
v -0.247917 -0.330000 -0.079365
v -0.230208 -0.330000 -0.082927
v -0.212500 -0.330000 -0.086179
v -0.194792 -0.330000 -0.089136
v -0.177083 -0.330000 -0.091810
v -0.159375 -0.330000 -0.094210
v -0.141667 -0.330000 -0.096344
v -0.123958 -0.330000 -0.098217
v -0.106250 -0.330000 -0.099832
v -0.088542 -0.330000 -0.101195
v -0.070833 -0.330000 -0.102306
v -0.053125 -0.330000 -0.103169
v -0.035417 -0.330000 -0.103784
v -0.017708 -0.330000 -0.104153
v 0.000000 -0.330000 -0.104276
v 0.017708 -0.330000 -0.104153
v 0.035417 -0.330000 -0.103784
v 0.053125 -0.330000 -0.103169
v 0.070833 -0.330000 -0.102306
v 0.088542 -0.330000 -0.101195
v 0.106250 -0.330000 -0.099832
v 0.123958 -0.330000 -0.098217
v 0.141667 -0.330000 -0.096344
v 0.159375 -0.330000 -0.094210
v 0.177083 -0.330000 -0.091810
v 0.194792 -0.330000 -0.089136
v 0.212500 -0.330000 -0.086179
v 0.230208 -0.330000 -0.082927
v 0.247917 -0.330000 -0.079365
v 0.265625 -0.330000 -0.075473
v 0.283333 -0.330000 -0.071222
v 0.301042 -0.330000 -0.066577
v 0.318750 -0.330000 -0.061482
v 0.336458 -0.330000 -0.055858
v 0.354167 -0.330000 -0.049583
v 0.371875 -0.330000 -0.042444
v 0.389583 -0.330000 -0.034026
v 0.407292 -0.330000 -0.023268
v -0.407292 -0.314375 -0.023664
v -0.389583 -0.314375 -0.034605
v -0.371875 -0.314375 -0.043165
v -0.354167 -0.314375 -0.050426
v -0.336458 -0.314375 -0.056808
v -0.318750 -0.314375 -0.062527
v -0.301042 -0.314375 -0.067709
v -0.283333 -0.314375 -0.072434
v -0.265625 -0.314375 -0.076756
v -0.247917 -0.314375 -0.080715
v -0.230208 -0.314375 -0.084337
v -0.212500 -0.314375 -0.087644
v -0.194792 -0.314375 -0.090652
v -0.177083 -0.314375 -0.093371
v -0.159375 -0.314375 -0.095812
v -0.141667 -0.314375 -0.097982
v -0.123958 -0.314375 -0.099887
v -0.106250 -0.314375 -0.101530
v -0.088542 -0.314375 -0.102916
v -0.070833 -0.314375 -0.104046
v -0.053125 -0.314375 -0.104923
v -0.035417 -0.314375 -0.105549
v -0.017708 -0.314375 -0.105924
v 0.000000 -0.314375 -0.106049
v 0.017708 -0.314375 -0.105924
v 0.035417 -0.314375 -0.105549
v 0.053125 -0.314375 -0.104923
v 0.070833 -0.314375 -0.104046
v 0.088542 -0.314375 -0.102916
v 0.106250 -0.314375 -0.101530
v 0.123958 -0.314375 -0.099887
v 0.141667 -0.314375 -0.097982
v 0.159375 -0.314375 -0.095812
v 0.177083 -0.314375 -0.093371
v 0.194792 -0.314375 -0.090652
v 0.212500 -0.314375 -0.087644
v 0.230208 -0.314375 -0.084337
v 0.247917 -0.314375 -0.080715
v 0.265625 -0.314375 -0.076756
v 0.283333 -0.314375 -0.072434
v 0.301042 -0.314375 -0.067709
v 0.318750 -0.314375 -0.062527
v 0.336458 -0.314375 -0.056808
v 0.354167 -0.314375 -0.050426
v 0.371875 -0.314375 -0.043165
v 0.389583 -0.314375 -0.034605
v 0.407292 -0.314375 -0.023664
v -0.407292 -0.298750 -0.024018
v -0.389583 -0.298750 -0.035123
v -0.371875 -0.298750 -0.043812
v -0.354167 -0.298750 -0.051181
v -0.336458 -0.298750 -0.057659
v -0.318750 -0.298750 -0.063464
v -0.301042 -0.298750 -0.068723
v -0.283333 -0.298750 -0.073519
v -0.265625 -0.298750 -0.077906
v -0.247917 -0.298750 -0.081924
v -0.230208 -0.298750 -0.085600
v -0.212500 -0.298750 -0.088957
v -0.194792 -0.298750 -0.092009
v -0.177083 -0.298750 -0.094770
v -0.159375 -0.298750 -0.097248
v -0.141667 -0.298750 -0.099450
v -0.123958 -0.298750 -0.101383
v -0.106250 -0.298750 -0.103051
v -0.088542 -0.298750 -0.104457
v -0.070833 -0.298750 -0.105605
v -0.053125 -0.298750 -0.106495
v -0.035417 -0.298750 -0.107130
v -0.017708 -0.298750 -0.107511
v 0.000000 -0.298750 -0.107638
v 0.017708 -0.298750 -0.107511
v 0.035417 -0.298750 -0.107130
v 0.053125 -0.298750 -0.106495
v 0.070833 -0.298750 -0.105605
v 0.088542 -0.298750 -0.104457
v 0.106250 -0.298750 -0.103051
v 0.123958 -0.298750 -0.101383
v 0.141667 -0.298750 -0.099450
v 0.159375 -0.298750 -0.097248
v 0.177083 -0.298750 -0.094770
v 0.194792 -0.298750 -0.092009
v 0.212500 -0.298750 -0.088957
v 0.230208 -0.298750 -0.085600
v 0.247917 -0.298750 -0.081924
v 0.265625 -0.298750 -0.077906
v 0.283333 -0.298750 -0.073519
v 0.301042 -0.298750 -0.068723
v 0.318750 -0.298750 -0.063464
v 0.336458 -0.298750 -0.057659
v 0.354167 -0.298750 -0.051181
v 0.371875 -0.298750 -0.043812
v 0.389583 -0.298750 -0.035123
v 0.407292 -0.298750 -0.024018
v -0.407292 -0.283125 -0.024333
v -0.389583 -0.283125 -0.035584
v -0.371875 -0.283125 -0.044387
v -0.354167 -0.283125 -0.051853
v -0.336458 -0.283125 -0.058416
v -0.318750 -0.283125 -0.064296
v -0.301042 -0.283125 -0.069625
v -0.283333 -0.283125 -0.074483
v -0.265625 -0.283125 -0.078928
v -0.247917 -0.283125 -0.082998
v -0.230208 -0.283125 -0.086723
v -0.212500 -0.283125 -0.090124
v -0.194792 -0.283125 -0.093217
v -0.177083 -0.283125 -0.096013
v -0.159375 -0.283125 -0.098523
v -0.141667 -0.283125 -0.100755
v -0.123958 -0.283125 -0.102713
v -0.106250 -0.283125 -0.104403
v -0.088542 -0.283125 -0.105828
v -0.070833 -0.283125 -0.106990
v -0.053125 -0.283125 -0.107892
v -0.035417 -0.283125 -0.108536
v -0.017708 -0.283125 -0.108921
v 0.000000 -0.283125 -0.109050
v 0.017708 -0.283125 -0.108921
v 0.035417 -0.283125 -0.108536
v 0.053125 -0.283125 -0.107892
v 0.070833 -0.283125 -0.106990
v 0.088542 -0.283125 -0.105828
v 0.106250 -0.283125 -0.104403
v 0.123958 -0.283125 -0.102713
v 0.141667 -0.283125 -0.100755
v 0.159375 -0.283125 -0.098523
v 0.177083 -0.283125 -0.096013
v 0.194792 -0.283125 -0.093217
v 0.212500 -0.283125 -0.090124
v 0.230208 -0.283125 -0.086723
v 0.247917 -0.283125 -0.082998
v 0.265625 -0.283125 -0.078928
v 0.283333 -0.283125 -0.074483
v 0.301042 -0.283125 -0.069625
v 0.318750 -0.283125 -0.064296
v 0.336458 -0.283125 -0.058416
v 0.354167 -0.283125 -0.051853
v 0.371875 -0.283125 -0.044387
v 0.389583 -0.283125 -0.035584
v 0.407292 -0.283125 -0.024333
v -0.407292 -0.267500 -0.024611
v -0.389583 -0.267500 -0.035990
v -0.371875 -0.267500 -0.044893
v -0.354167 -0.267500 -0.052444
v -0.336458 -0.267500 -0.059081
v -0.318750 -0.267500 -0.065029
v -0.301042 -0.267500 -0.070418
v -0.283333 -0.267500 -0.075332
v -0.265625 -0.267500 -0.079828
v -0.247917 -0.267500 -0.083944
v -0.230208 -0.267500 -0.087712
v -0.212500 -0.267500 -0.091151
v -0.194792 -0.267500 -0.094279
v -0.177083 -0.267500 -0.097108
v -0.159375 -0.267500 -0.099646
v -0.141667 -0.267500 -0.101903
v -0.123958 -0.267500 -0.103884
v -0.106250 -0.267500 -0.105593
v -0.088542 -0.267500 -0.107034
v -0.070833 -0.267500 -0.108209
v -0.053125 -0.267500 -0.109122
v -0.035417 -0.267500 -0.109773
v -0.017708 -0.267500 -0.110163
v 0.000000 -0.267500 -0.110293
v 0.017708 -0.267500 -0.110163
v 0.035417 -0.267500 -0.109773
v 0.053125 -0.267500 -0.109122
v 0.070833 -0.267500 -0.108209
v 0.088542 -0.267500 -0.107034
v 0.106250 -0.267500 -0.105593
v 0.123958 -0.267500 -0.103884
v 0.141667 -0.267500 -0.101903
v 0.159375 -0.267500 -0.099646
v 0.177083 -0.267500 -0.097108
v 0.194792 -0.267500 -0.094279
v 0.212500 -0.267500 -0.091151
v 0.230208 -0.267500 -0.087712
v 0.247917 -0.267500 -0.083944
v 0.265625 -0.267500 -0.079828
v 0.283333 -0.267500 -0.075332
v 0.301042 -0.267500 -0.070418
v 0.318750 -0.267500 -0.065029
v 0.336458 -0.267500 -0.059081
v 0.354167 -0.267500 -0.052444
v 0.371875 -0.267500 -0.044893
v 0.389583 -0.267500 -0.035990
v 0.407292 -0.267500 -0.024611
v -0.407292 -0.251875 -0.024852
v -0.389583 -0.251875 -0.036342
v -0.371875 -0.251875 -0.045332
v -0.354167 -0.251875 -0.052957
v -0.336458 -0.251875 -0.059660
v -0.318750 -0.251875 -0.065666
v -0.301042 -0.251875 -0.071108
v -0.283333 -0.251875 -0.076070
v -0.265625 -0.251875 -0.080609
v -0.247917 -0.251875 -0.084767
v -0.230208 -0.251875 -0.088571
v -0.212500 -0.251875 -0.092044
v -0.194792 -0.251875 -0.095202
v -0.177083 -0.251875 -0.098059
v -0.159375 -0.251875 -0.100622
v -0.141667 -0.251875 -0.102901
v -0.123958 -0.251875 -0.104901
v -0.106250 -0.251875 -0.106627
v -0.088542 -0.251875 -0.108082
v -0.070833 -0.251875 -0.109269
v -0.053125 -0.251875 -0.110191
v -0.035417 -0.251875 -0.110848
v -0.017708 -0.251875 -0.111241
v 0.000000 -0.251875 -0.111373
v 0.017708 -0.251875 -0.111241
v 0.035417 -0.251875 -0.110848
v 0.053125 -0.251875 -0.110191
v 0.070833 -0.251875 -0.109269
v 0.088542 -0.251875 -0.108082
v 0.106250 -0.251875 -0.106627
v 0.123958 -0.251875 -0.104901
v 0.141667 -0.251875 -0.102901
v 0.159375 -0.251875 -0.100622
v 0.177083 -0.251875 -0.098059
v 0.194792 -0.251875 -0.095202
v 0.212500 -0.251875 -0.092044
v 0.230208 -0.251875 -0.088571
v 0.247917 -0.251875 -0.084767
v 0.265625 -0.251875 -0.080609
v 0.283333 -0.251875 -0.076070
v 0.301042 -0.251875 -0.071108
v 0.318750 -0.251875 -0.065666
v 0.336458 -0.251875 -0.059660
v 0.354167 -0.251875 -0.052957
v 0.371875 -0.251875 -0.045332
v 0.389583 -0.251875 -0.036342
v 0.407292 -0.251875 -0.024852
v -0.407292 -0.236250 -0.025058
v -0.389583 -0.236250 -0.036643
v -0.371875 -0.236250 -0.045708
v -0.354167 -0.236250 -0.053396
v -0.336458 -0.236250 -0.060154
v -0.318750 -0.236250 -0.066210
v -0.301042 -0.236250 -0.071697
v -0.283333 -0.236250 -0.076700
v -0.265625 -0.236250 -0.081277
v -0.247917 -0.236250 -0.085469
v -0.230208 -0.236250 -0.089305
v -0.212500 -0.236250 -0.092807
v -0.194792 -0.236250 -0.095991
v -0.177083 -0.236250 -0.098871
v -0.159375 -0.236250 -0.101456
v -0.141667 -0.236250 -0.103754
v -0.123958 -0.236250 -0.105771
v -0.106250 -0.236250 -0.107511
v -0.088542 -0.236250 -0.108978
v -0.070833 -0.236250 -0.110175
v -0.053125 -0.236250 -0.111104
v -0.035417 -0.236250 -0.111766
v -0.017708 -0.236250 -0.112163
v 0.000000 -0.236250 -0.112296
v 0.017708 -0.236250 -0.112163
v 0.035417 -0.236250 -0.111766
v 0.053125 -0.236250 -0.111104
v 0.070833 -0.236250 -0.110175
v 0.088542 -0.236250 -0.108978
v 0.106250 -0.236250 -0.107511
v 0.123958 -0.236250 -0.105771
v 0.141667 -0.236250 -0.103754
v 0.159375 -0.236250 -0.101456
v 0.177083 -0.236250 -0.098871
v 0.194792 -0.236250 -0.095991
v 0.212500 -0.236250 -0.092807
v 0.230208 -0.236250 -0.089305
v 0.247917 -0.236250 -0.085469
v 0.265625 -0.236250 -0.081277
v 0.283333 -0.236250 -0.076700
v 0.301042 -0.236250 -0.071697
v 0.318750 -0.236250 -0.066210
v 0.336458 -0.236250 -0.060154
v 0.354167 -0.236250 -0.053396
v 0.371875 -0.236250 -0.045708
v 0.389583 -0.236250 -0.036643
v 0.407292 -0.236250 -0.025058
v -0.407292 -0.220625 -0.025230
v -0.389583 -0.220625 -0.036895
v -0.371875 -0.220625 -0.046022
v -0.354167 -0.220625 -0.053763
v -0.336458 -0.220625 -0.060567
v -0.318750 -0.220625 -0.066664
v -0.301042 -0.220625 -0.072189
v -0.283333 -0.220625 -0.077226
v -0.265625 -0.220625 -0.081835
v -0.247917 -0.220625 -0.086056
v -0.230208 -0.220625 -0.089918
v -0.212500 -0.220625 -0.093444
v -0.194792 -0.220625 -0.096650
v -0.177083 -0.220625 -0.099550
v -0.159375 -0.220625 -0.102152
v -0.141667 -0.220625 -0.104466
v -0.123958 -0.220625 -0.106496
v -0.106250 -0.220625 -0.108248
v -0.088542 -0.220625 -0.109726
v -0.070833 -0.220625 -0.110931
v -0.053125 -0.220625 -0.111866
v -0.035417 -0.220625 -0.112533
v -0.017708 -0.220625 -0.112933
v 0.000000 -0.220625 -0.113066
v 0.017708 -0.220625 -0.112933
v 0.035417 -0.220625 -0.112533
v 0.053125 -0.220625 -0.111866
v 0.070833 -0.220625 -0.110931
v 0.088542 -0.220625 -0.109726
v 0.106250 -0.220625 -0.108248
v 0.123958 -0.220625 -0.106496
v 0.141667 -0.220625 -0.104466
v 0.159375 -0.220625 -0.102152
v 0.177083 -0.220625 -0.099550
v 0.194792 -0.220625 -0.096650
v 0.212500 -0.220625 -0.093444
v 0.230208 -0.220625 -0.089918
v 0.247917 -0.220625 -0.086056
v 0.265625 -0.220625 -0.081835
v 0.283333 -0.220625 -0.077226
v 0.301042 -0.220625 -0.072189
v 0.318750 -0.220625 -0.066664
v 0.336458 -0.220625 -0.060567
v 0.354167 -0.220625 -0.053763
v 0.371875 -0.220625 -0.046022
v 0.389583 -0.220625 -0.036895
v 0.407292 -0.220625 -0.025230
v -0.407292 -0.205000 -0.025369
v -0.389583 -0.205000 -0.037098
v -0.371875 -0.205000 -0.046275
v -0.354167 -0.205000 -0.054059
v -0.336458 -0.205000 -0.060901
v -0.318750 -0.205000 -0.067032
v -0.301042 -0.205000 -0.072587
v -0.283333 -0.205000 -0.077652
v -0.265625 -0.205000 -0.082286
v -0.247917 -0.205000 -0.086530
v -0.230208 -0.205000 -0.090413
v -0.212500 -0.205000 -0.093958
v -0.194792 -0.205000 -0.097182
v -0.177083 -0.205000 -0.100098
v -0.159375 -0.205000 -0.102715
v -0.141667 -0.205000 -0.105041
v -0.123958 -0.205000 -0.107083
v -0.106250 -0.205000 -0.108845
v -0.088542 -0.205000 -0.110330
v -0.070833 -0.205000 -0.111542
v -0.053125 -0.205000 -0.112482
v -0.035417 -0.205000 -0.113153
v -0.017708 -0.205000 -0.113555
v 0.000000 -0.205000 -0.113689
v 0.017708 -0.205000 -0.113555
v 0.035417 -0.205000 -0.113153
v 0.053125 -0.205000 -0.112482
v 0.070833 -0.205000 -0.111542
v 0.088542 -0.205000 -0.110330
v 0.106250 -0.205000 -0.108845
v 0.123958 -0.205000 -0.107083
v 0.141667 -0.205000 -0.105041
v 0.159375 -0.205000 -0.102715
v 0.177083 -0.205000 -0.100098
v 0.194792 -0.205000 -0.097182
v 0.212500 -0.205000 -0.093958
v 0.230208 -0.205000 -0.090413
v 0.247917 -0.205000 -0.086530
v 0.265625 -0.205000 -0.082286
v 0.283333 -0.205000 -0.077652
v 0.301042 -0.205000 -0.072587
v 0.318750 -0.205000 -0.067032
v 0.336458 -0.205000 -0.060901
v 0.354167 -0.205000 -0.054059
v 0.371875 -0.205000 -0.046275
v 0.389583 -0.205000 -0.037098
v 0.407292 -0.205000 -0.025369
v -0.407292 -0.189375 -0.025476
v -0.389583 -0.189375 -0.037254
v -0.371875 -0.189375 -0.046470
v -0.354167 -0.189375 -0.054286
v -0.336458 -0.189375 -0.061157
v -0.318750 -0.189375 -0.067314
v -0.301042 -0.189375 -0.072892
v -0.283333 -0.189375 -0.077979
v -0.265625 -0.189375 -0.082632
v -0.247917 -0.189375 -0.086894
v -0.230208 -0.189375 -0.090794
v -0.212500 -0.189375 -0.094354
v -0.194792 -0.189375 -0.097592
v -0.177083 -0.189375 -0.100520
v -0.159375 -0.189375 -0.103148
v -0.141667 -0.189375 -0.105484
v -0.123958 -0.189375 -0.107534
v -0.106250 -0.189375 -0.109303
v -0.088542 -0.189375 -0.110795
v -0.070833 -0.189375 -0.112012
v -0.053125 -0.189375 -0.112956
v -0.035417 -0.189375 -0.113630
v -0.017708 -0.189375 -0.114033
v 0.000000 -0.189375 -0.114168
v 0.017708 -0.189375 -0.114033
v 0.035417 -0.189375 -0.113630
v 0.053125 -0.189375 -0.112956
v 0.070833 -0.189375 -0.112012
v 0.088542 -0.189375 -0.110795
v 0.106250 -0.189375 -0.109303
v 0.123958 -0.189375 -0.107534
v 0.141667 -0.189375 -0.105484
v 0.159375 -0.189375 -0.103148
v 0.177083 -0.189375 -0.100520
v 0.194792 -0.189375 -0.097592
v 0.212500 -0.189375 -0.094354
v 0.230208 -0.189375 -0.090794
v 0.247917 -0.189375 -0.086894
v 0.265625 -0.189375 -0.082632
v 0.283333 -0.189375 -0.077979
v 0.301042 -0.189375 -0.072892
v 0.318750 -0.189375 -0.067314
v 0.336458 -0.189375 -0.061157
v 0.354167 -0.189375 -0.054286
v 0.371875 -0.189375 -0.046470
v 0.389583 -0.189375 -0.037254
v 0.407292 -0.189375 -0.025476
v -0.407292 -0.173750 -0.025551
v -0.389583 -0.173750 -0.037365
v -0.371875 -0.173750 -0.046608
v -0.354167 -0.173750 -0.054447
v -0.336458 -0.173750 -0.061339
v -0.318750 -0.173750 -0.067514
v -0.301042 -0.173750 -0.073108
v -0.283333 -0.173750 -0.078210
v -0.265625 -0.173750 -0.082877
v -0.247917 -0.173750 -0.087152
v -0.230208 -0.173750 -0.091063
v -0.212500 -0.173750 -0.094634
v -0.194792 -0.173750 -0.097881
v -0.177083 -0.173750 -0.100818
v -0.159375 -0.173750 -0.103453
v -0.141667 -0.173750 -0.105796
v -0.123958 -0.173750 -0.107853
v -0.106250 -0.173750 -0.109627
v -0.088542 -0.173750 -0.111123
v -0.070833 -0.173750 -0.112344
v -0.053125 -0.173750 -0.113291
v -0.035417 -0.173750 -0.113966
v -0.017708 -0.173750 -0.114371
v 0.000000 -0.173750 -0.114506
v 0.017708 -0.173750 -0.114371
v 0.035417 -0.173750 -0.113966
v 0.053125 -0.173750 -0.113291
v 0.070833 -0.173750 -0.112344
v 0.088542 -0.173750 -0.111123
v 0.106250 -0.173750 -0.109627
v 0.123958 -0.173750 -0.107853
v 0.141667 -0.173750 -0.105796
v 0.159375 -0.173750 -0.103453
v 0.177083 -0.173750 -0.100818
v 0.194792 -0.173750 -0.097881
v 0.212500 -0.173750 -0.094634
v 0.230208 -0.173750 -0.091063
v 0.247917 -0.173750 -0.087152
v 0.265625 -0.173750 -0.082877
v 0.283333 -0.173750 -0.078210
v 0.301042 -0.173750 -0.073108
v 0.318750 -0.173750 -0.067514
v 0.336458 -0.173750 -0.061339
v 0.354167 -0.173750 -0.054447
v 0.371875 -0.173750 -0.046608
v 0.389583 -0.173750 -0.037365
v 0.407292 -0.173750 -0.025551
v -0.407292 -0.158125 -0.025596
v -0.389583 -0.158125 -0.037431
v -0.371875 -0.158125 -0.046690
v -0.354167 -0.158125 -0.054543
v -0.336458 -0.158125 -0.061446
v -0.318750 -0.158125 -0.067632
v -0.301042 -0.158125 -0.073237
v -0.283333 -0.158125 -0.078348
v -0.265625 -0.158125 -0.083023
v -0.247917 -0.158125 -0.087305
v -0.230208 -0.158125 -0.091223
v -0.212500 -0.158125 -0.094800
v -0.194792 -0.158125 -0.098053
v -0.177083 -0.158125 -0.100995
v -0.159375 -0.158125 -0.103635
v -0.141667 -0.158125 -0.105983
v -0.123958 -0.158125 -0.108042
v -0.106250 -0.158125 -0.109820
v -0.088542 -0.158125 -0.111318
v -0.070833 -0.158125 -0.112541
v -0.053125 -0.158125 -0.113490
v -0.035417 -0.158125 -0.114167
v -0.017708 -0.158125 -0.114573
v 0.000000 -0.158125 -0.114708
v 0.017708 -0.158125 -0.114573
v 0.035417 -0.158125 -0.114167
v 0.053125 -0.158125 -0.113490
v 0.070833 -0.158125 -0.112541
v 0.088542 -0.158125 -0.111318
v 0.106250 -0.158125 -0.109820
v 0.123958 -0.158125 -0.108042
v 0.141667 -0.158125 -0.105983
v 0.159375 -0.158125 -0.103635
v 0.177083 -0.158125 -0.100995
v 0.194792 -0.158125 -0.098053
v 0.212500 -0.158125 -0.094800
v 0.230208 -0.158125 -0.091223
v 0.247917 -0.158125 -0.087305
v 0.265625 -0.158125 -0.083023
v 0.283333 -0.158125 -0.078348
v 0.301042 -0.158125 -0.073237
v 0.318750 -0.158125 -0.067632
v 0.336458 -0.158125 -0.061446
v 0.354167 -0.158125 -0.054543
v 0.371875 -0.158125 -0.046690
v 0.389583 -0.158125 -0.037431
v 0.407292 -0.158125 -0.025596
v -0.407292 -0.142500 -0.025611
v -0.389583 -0.142500 -0.037452
v -0.371875 -0.142500 -0.046717
v -0.354167 -0.142500 -0.054575
v -0.336458 -0.142500 -0.061482
v -0.318750 -0.142500 -0.067672
v -0.301042 -0.142500 -0.073280
v -0.283333 -0.142500 -0.078393
v -0.265625 -0.142500 -0.083072
v -0.247917 -0.142500 -0.087356
v -0.230208 -0.142500 -0.091276
v -0.212500 -0.142500 -0.094856
v -0.194792 -0.142500 -0.098110
v -0.177083 -0.142500 -0.101054
v -0.159375 -0.142500 -0.103696
v -0.141667 -0.142500 -0.106045
v -0.123958 -0.142500 -0.108106
v -0.106250 -0.142500 -0.109884
v -0.088542 -0.142500 -0.111384
v -0.070833 -0.142500 -0.112607
v -0.053125 -0.142500 -0.113557
v -0.035417 -0.142500 -0.114234
v -0.017708 -0.142500 -0.114640
v 0.000000 -0.142500 -0.114775
v 0.017708 -0.142500 -0.114640
v 0.035417 -0.142500 -0.114234
v 0.053125 -0.142500 -0.113557
v 0.070833 -0.142500 -0.112607
v 0.088542 -0.142500 -0.111384
v 0.106250 -0.142500 -0.109884
v 0.123958 -0.142500 -0.108106
v 0.141667 -0.142500 -0.106045
v 0.159375 -0.142500 -0.103696
v 0.177083 -0.142500 -0.101054
v 0.194792 -0.142500 -0.098110
v 0.212500 -0.142500 -0.094856
v 0.230208 -0.142500 -0.091276
v 0.247917 -0.142500 -0.087356
v 0.265625 -0.142500 -0.083072
v 0.283333 -0.142500 -0.078393
v 0.301042 -0.142500 -0.073280
v 0.318750 -0.142500 -0.067672
v 0.336458 -0.142500 -0.061482
v 0.354167 -0.142500 -0.054575
v 0.371875 -0.142500 -0.046717
v 0.389583 -0.142500 -0.037452
v 0.407292 -0.142500 -0.025611
v -0.407292 -0.126875 -0.025597
v -0.389583 -0.126875 -0.037431
v -0.371875 -0.126875 -0.046691
v -0.354167 -0.126875 -0.054544
v -0.336458 -0.126875 -0.061448
v -0.318750 -0.126875 -0.067634
v -0.301042 -0.126875 -0.073239
v -0.283333 -0.126875 -0.078349
v -0.265625 -0.126875 -0.083025
v -0.247917 -0.126875 -0.087307
v -0.230208 -0.126875 -0.091225
v -0.212500 -0.126875 -0.094802
v -0.194792 -0.126875 -0.098055
v -0.177083 -0.126875 -0.100997
v -0.159375 -0.126875 -0.103638
v -0.141667 -0.126875 -0.105985
v -0.123958 -0.126875 -0.108045
v -0.106250 -0.126875 -0.109822
v -0.088542 -0.126875 -0.111321
v -0.070833 -0.126875 -0.112544
v -0.053125 -0.126875 -0.113493
v -0.035417 -0.126875 -0.114170
v -0.017708 -0.126875 -0.114575
v 0.000000 -0.126875 -0.114710
v 0.017708 -0.126875 -0.114575
v 0.035417 -0.126875 -0.114170
v 0.053125 -0.126875 -0.113493
v 0.070833 -0.126875 -0.112544
v 0.088542 -0.126875 -0.111321
v 0.106250 -0.126875 -0.109822
v 0.123958 -0.126875 -0.108045
v 0.141667 -0.126875 -0.105985
v 0.159375 -0.126875 -0.103638
v 0.177083 -0.126875 -0.100997
v 0.194792 -0.126875 -0.098055
v 0.212500 -0.126875 -0.094802
v 0.230208 -0.126875 -0.091225
v 0.247917 -0.126875 -0.087307
v 0.265625 -0.126875 -0.083025
v 0.283333 -0.126875 -0.078349
v 0.301042 -0.126875 -0.073239
v 0.318750 -0.126875 -0.067634
v 0.336458 -0.126875 -0.061448
v 0.354167 -0.126875 -0.054544
v 0.371875 -0.126875 -0.046691
v 0.389583 -0.126875 -0.037431
v 0.407292 -0.126875 -0.025597
v -0.407292 -0.111250 -0.025553
v -0.389583 -0.111250 -0.037368
v -0.371875 -0.111250 -0.046612
v -0.354167 -0.111250 -0.054452
v -0.336458 -0.111250 -0.061344
v -0.318750 -0.111250 -0.067520
v -0.301042 -0.111250 -0.073115
v -0.283333 -0.111250 -0.078217
v -0.265625 -0.111250 -0.082885
v -0.247917 -0.111250 -0.087159
v -0.230208 -0.111250 -0.091071
v -0.212500 -0.111250 -0.094642
v -0.194792 -0.111250 -0.097890
v -0.177083 -0.111250 -0.100827
v -0.159375 -0.111250 -0.103463
v -0.141667 -0.111250 -0.105806
v -0.123958 -0.111250 -0.107862
v -0.106250 -0.111250 -0.109637
v -0.088542 -0.111250 -0.111133
v -0.070833 -0.111250 -0.112354
v -0.053125 -0.111250 -0.113301
v -0.035417 -0.111250 -0.113977
v -0.017708 -0.111250 -0.114382
v 0.000000 -0.111250 -0.114517
v 0.017708 -0.111250 -0.114382
v 0.035417 -0.111250 -0.113977
v 0.053125 -0.111250 -0.113301
v 0.070833 -0.111250 -0.112354
v 0.088542 -0.111250 -0.111133
v 0.106250 -0.111250 -0.109637
v 0.123958 -0.111250 -0.107862
v 0.141667 -0.111250 -0.105806
v 0.159375 -0.111250 -0.103463
v 0.177083 -0.111250 -0.100827
v 0.194792 -0.111250 -0.097890
v 0.212500 -0.111250 -0.094642
v 0.230208 -0.111250 -0.091071
v 0.247917 -0.111250 -0.087159
v 0.265625 -0.111250 -0.082885
v 0.283333 -0.111250 -0.078217
v 0.301042 -0.111250 -0.073115
v 0.318750 -0.111250 -0.067520
v 0.336458 -0.111250 -0.061344
v 0.354167 -0.111250 -0.054452
v 0.371875 -0.111250 -0.046612
v 0.389583 -0.111250 -0.037368
v 0.407292 -0.111250 -0.025553
v -0.407292 -0.095625 -0.025482
v -0.389583 -0.095625 -0.037264
v -0.371875 -0.095625 -0.046481
v -0.354167 -0.095625 -0.054300
v -0.336458 -0.095625 -0.061172
v -0.318750 -0.095625 -0.067331
v -0.301042 -0.095625 -0.072910
v -0.283333 -0.095625 -0.077998
v -0.265625 -0.095625 -0.082653
v -0.247917 -0.095625 -0.086915
v -0.230208 -0.095625 -0.090816
v -0.212500 -0.095625 -0.094377
v -0.194792 -0.095625 -0.097616
v -0.177083 -0.095625 -0.100544
v -0.159375 -0.095625 -0.103173
v -0.141667 -0.095625 -0.105510
v -0.123958 -0.095625 -0.107560
v -0.106250 -0.095625 -0.109330
v -0.088542 -0.095625 -0.110822
v -0.070833 -0.095625 -0.112039
v -0.053125 -0.095625 -0.112984
v -0.035417 -0.095625 -0.113657
v -0.017708 -0.095625 -0.114061
v 0.000000 -0.095625 -0.114196
v 0.017708 -0.095625 -0.114061
v 0.035417 -0.095625 -0.113657
v 0.053125 -0.095625 -0.112984
v 0.070833 -0.095625 -0.112039
v 0.088542 -0.095625 -0.110822
v 0.106250 -0.095625 -0.109330
v 0.123958 -0.095625 -0.107560
v 0.141667 -0.095625 -0.105510
v 0.159375 -0.095625 -0.103173
v 0.177083 -0.095625 -0.100544
v 0.194792 -0.095625 -0.097616
v 0.212500 -0.095625 -0.094377
v 0.230208 -0.095625 -0.090816
v 0.247917 -0.095625 -0.086915
v 0.265625 -0.095625 -0.082653
v 0.283333 -0.095625 -0.077998
v 0.301042 -0.095625 -0.072910
v 0.318750 -0.095625 -0.067331
v 0.336458 -0.095625 -0.061172
v 0.354167 -0.095625 -0.054300
v 0.371875 -0.095625 -0.046481
v 0.389583 -0.095625 -0.037264
v 0.407292 -0.095625 -0.025482
v -0.407292 -0.080000 -0.025382
v -0.389583 -0.080000 -0.037118
v -0.371875 -0.080000 -0.046300
v -0.354167 -0.080000 -0.054088
v -0.336458 -0.080000 -0.060933
v -0.318750 -0.080000 -0.067068
v -0.301042 -0.080000 -0.072626
v -0.283333 -0.080000 -0.077694
v -0.265625 -0.080000 -0.082330
v -0.247917 -0.080000 -0.086576
v -0.230208 -0.080000 -0.090461
v -0.212500 -0.080000 -0.094009
v -0.194792 -0.080000 -0.097234
v -0.177083 -0.080000 -0.100152
v -0.159375 -0.080000 -0.102770
v -0.141667 -0.080000 -0.105098
v -0.123958 -0.080000 -0.107140
v -0.106250 -0.080000 -0.108903
v -0.088542 -0.080000 -0.110389
v -0.070833 -0.080000 -0.111602
v -0.053125 -0.080000 -0.112543
v -0.035417 -0.080000 -0.113214
v -0.017708 -0.080000 -0.113616
v 0.000000 -0.080000 -0.113750
v 0.017708 -0.080000 -0.113616
v 0.035417 -0.080000 -0.113214
v 0.053125 -0.080000 -0.112543
v 0.070833 -0.080000 -0.111602
v 0.088542 -0.080000 -0.110389
v 0.106250 -0.080000 -0.108903
v 0.123958 -0.080000 -0.107140
v 0.141667 -0.080000 -0.105098
v 0.159375 -0.080000 -0.102770
v 0.177083 -0.080000 -0.100152
v 0.194792 -0.080000 -0.097234
v 0.212500 -0.080000 -0.094009
v 0.230208 -0.080000 -0.090461
v 0.247917 -0.080000 -0.086576
v 0.265625 -0.080000 -0.082330
v 0.283333 -0.080000 -0.077694
v 0.301042 -0.080000 -0.072626
v 0.318750 -0.080000 -0.067068
v 0.336458 -0.080000 -0.060933
v 0.354167 -0.080000 -0.054088
v 0.371875 -0.080000 -0.046300
v 0.389583 -0.080000 -0.037118
v 0.407292 -0.080000 -0.025382
v -0.407292 -0.064375 -0.025255
v -0.389583 -0.064375 -0.036932
v -0.371875 -0.064375 -0.046068
v -0.354167 -0.064375 -0.053817
v -0.336458 -0.064375 -0.060629
v -0.318750 -0.064375 -0.066732
v -0.301042 -0.064375 -0.072262
v -0.283333 -0.064375 -0.077305
v -0.265625 -0.064375 -0.081918
v -0.247917 -0.064375 -0.086143
v -0.230208 -0.064375 -0.090009
v -0.212500 -0.064375 -0.093538
v -0.194792 -0.064375 -0.096748
v -0.177083 -0.064375 -0.099650
v -0.159375 -0.064375 -0.102256
v -0.141667 -0.064375 -0.104572
v -0.123958 -0.064375 -0.106604
v -0.106250 -0.064375 -0.108358
v -0.088542 -0.064375 -0.109837
v -0.070833 -0.064375 -0.111043
v -0.053125 -0.064375 -0.111979
v -0.035417 -0.064375 -0.112647
v -0.017708 -0.064375 -0.113047
v 0.000000 -0.064375 -0.113181
v 0.017708 -0.064375 -0.113047
v 0.035417 -0.064375 -0.112647
v 0.053125 -0.064375 -0.111979
v 0.070833 -0.064375 -0.111043
v 0.088542 -0.064375 -0.109837
v 0.106250 -0.064375 -0.108358
v 0.123958 -0.064375 -0.106604
v 0.141667 -0.064375 -0.104572
v 0.159375 -0.064375 -0.102256
v 0.177083 -0.064375 -0.099650
v 0.194792 -0.064375 -0.096748
v 0.212500 -0.064375 -0.093538
v 0.230208 -0.064375 -0.090009
v 0.247917 -0.064375 -0.086143
v 0.265625 -0.064375 -0.081918
v 0.283333 -0.064375 -0.077305
v 0.301042 -0.064375 -0.072262
v 0.318750 -0.064375 -0.066732
v 0.336458 -0.064375 -0.060629
v 0.354167 -0.064375 -0.053817
v 0.371875 -0.064375 -0.046068
v 0.389583 -0.064375 -0.036932
v 0.407292 -0.064375 -0.025255
v -0.407292 -0.048750 -0.025101
v -0.389583 -0.048750 -0.036707
v -0.371875 -0.048750 -0.045787
v -0.354167 -0.048750 -0.053489
v -0.336458 -0.048750 -0.060258
v -0.318750 -0.048750 -0.066325
v -0.301042 -0.048750 -0.071821
v -0.283333 -0.048750 -0.076833
v -0.265625 -0.048750 -0.081418
v -0.247917 -0.048750 -0.085617
v -0.230208 -0.048750 -0.089459
v -0.212500 -0.048750 -0.092967
v -0.194792 -0.048750 -0.096157
v -0.177083 -0.048750 -0.099042
v -0.159375 -0.048750 -0.101632
v -0.141667 -0.048750 -0.103933
v -0.123958 -0.048750 -0.105953
v -0.106250 -0.048750 -0.107696
v -0.088542 -0.048750 -0.109166
v -0.070833 -0.048750 -0.110365
v -0.053125 -0.048750 -0.111296
v -0.035417 -0.048750 -0.111959
v -0.017708 -0.048750 -0.112357
v 0.000000 -0.048750 -0.112490
v 0.017708 -0.048750 -0.112357
v 0.035417 -0.048750 -0.111959
v 0.053125 -0.048750 -0.111296
v 0.070833 -0.048750 -0.110365
v 0.088542 -0.048750 -0.109166
v 0.106250 -0.048750 -0.107696
v 0.123958 -0.048750 -0.105953
v 0.141667 -0.048750 -0.103933
v 0.159375 -0.048750 -0.101632
v 0.177083 -0.048750 -0.099042
v 0.194792 -0.048750 -0.096157
v 0.212500 -0.048750 -0.092967
v 0.230208 -0.048750 -0.089459
v 0.247917 -0.048750 -0.085617
v 0.265625 -0.048750 -0.081418
v 0.283333 -0.048750 -0.076833
v 0.301042 -0.048750 -0.071821
v 0.318750 -0.048750 -0.066325
v 0.336458 -0.048750 -0.060258
v 0.354167 -0.048750 -0.053489
v 0.371875 -0.048750 -0.045787
v 0.389583 -0.048750 -0.036707
v 0.407292 -0.048750 -0.025101
v -0.407292 -0.033125 -0.024920
v -0.389583 -0.033125 -0.036442
v -0.371875 -0.033125 -0.045457
v -0.354167 -0.033125 -0.053103
v -0.336458 -0.033125 -0.059824
v -0.318750 -0.033125 -0.065846
v -0.301042 -0.033125 -0.071303
v -0.283333 -0.033125 -0.076279
v -0.265625 -0.033125 -0.080831
v -0.247917 -0.033125 -0.084999
v -0.230208 -0.033125 -0.088814
v -0.212500 -0.033125 -0.092297
v -0.194792 -0.033125 -0.095464
v -0.177083 -0.033125 -0.098328
v -0.159375 -0.033125 -0.100898
v -0.141667 -0.033125 -0.103184
v -0.123958 -0.033125 -0.105189
v -0.106250 -0.033125 -0.106920
v -0.088542 -0.033125 -0.108379
v -0.070833 -0.033125 -0.109569
v -0.053125 -0.033125 -0.110493
v -0.035417 -0.033125 -0.111152
v -0.017708 -0.033125 -0.111547
v 0.000000 -0.033125 -0.111678
v 0.017708 -0.033125 -0.111547
v 0.035417 -0.033125 -0.111152
v 0.053125 -0.033125 -0.110493
v 0.070833 -0.033125 -0.109569
v 0.088542 -0.033125 -0.108379
v 0.106250 -0.033125 -0.106920
v 0.123958 -0.033125 -0.105189
v 0.141667 -0.033125 -0.103184
v 0.159375 -0.033125 -0.100898
v 0.177083 -0.033125 -0.098328
v 0.194792 -0.033125 -0.095464
v 0.212500 -0.033125 -0.092297
v 0.230208 -0.033125 -0.088814
v 0.247917 -0.033125 -0.084999
v 0.265625 -0.033125 -0.080831
v 0.283333 -0.033125 -0.076279
v 0.301042 -0.033125 -0.071303
v 0.318750 -0.033125 -0.065846
v 0.336458 -0.033125 -0.059824
v 0.354167 -0.033125 -0.053103
v 0.371875 -0.033125 -0.045457
v 0.389583 -0.033125 -0.036442
v 0.407292 -0.033125 -0.024920
v -0.407292 -0.017500 -0.024712
v -0.389583 -0.017500 -0.036138
v -0.371875 -0.017500 -0.045078
v -0.354167 -0.017500 -0.052660
v -0.336458 -0.017500 -0.059325
v -0.318750 -0.017500 -0.065297
v -0.301042 -0.017500 -0.070709
v -0.283333 -0.017500 -0.075643
v -0.265625 -0.017500 -0.080157
v -0.247917 -0.017500 -0.084291
v -0.230208 -0.017500 -0.088074
v -0.212500 -0.017500 -0.091527
v -0.194792 -0.017500 -0.094668
v -0.177083 -0.017500 -0.097508
v -0.159375 -0.017500 -0.100058
v -0.141667 -0.017500 -0.102324
v -0.123958 -0.017500 -0.104312
v -0.106250 -0.017500 -0.106029
v -0.088542 -0.017500 -0.107475
v -0.070833 -0.017500 -0.108656
v -0.053125 -0.017500 -0.109572
v -0.035417 -0.017500 -0.110225
v -0.017708 -0.017500 -0.110617
v 0.000000 -0.017500 -0.110748
v 0.017708 -0.017500 -0.110617
v 0.035417 -0.017500 -0.110225
v 0.053125 -0.017500 -0.109572
v 0.070833 -0.017500 -0.108656
v 0.088542 -0.017500 -0.107475
v 0.106250 -0.017500 -0.106029
v 0.123958 -0.017500 -0.104312
v 0.141667 -0.017500 -0.102324
v 0.159375 -0.017500 -0.100058
v 0.177083 -0.017500 -0.097508
v 0.194792 -0.017500 -0.094668
v 0.212500 -0.017500 -0.091527
v 0.230208 -0.017500 -0.088074
v 0.247917 -0.017500 -0.084291
v 0.265625 -0.017500 -0.080157
v 0.283333 -0.017500 -0.075643
v 0.301042 -0.017500 -0.070709
v 0.318750 -0.017500 -0.065297
v 0.336458 -0.017500 -0.059325
v 0.354167 -0.017500 -0.052660
v 0.371875 -0.017500 -0.045078
v 0.389583 -0.017500 -0.036138
v 0.407292 -0.017500 -0.024712
v -0.407292 -0.001875 -0.024478
v -0.389583 -0.001875 -0.035796
v -0.371875 -0.001875 -0.044651
v -0.354167 -0.001875 -0.052161
v -0.336458 -0.001875 -0.058763
v -0.318750 -0.001875 -0.064679
v -0.301042 -0.001875 -0.070039
v -0.283333 -0.001875 -0.074926
v -0.265625 -0.001875 -0.079398
v -0.247917 -0.001875 -0.083492
v -0.230208 -0.001875 -0.087240
v -0.212500 -0.001875 -0.090660
v -0.194792 -0.001875 -0.093771
v -0.177083 -0.001875 -0.096585
v -0.159375 -0.001875 -0.099110
v -0.141667 -0.001875 -0.101354
v -0.123958 -0.001875 -0.103324
v -0.106250 -0.001875 -0.105024
v -0.088542 -0.001875 -0.106457
v -0.070833 -0.001875 -0.107627
v -0.053125 -0.001875 -0.108534
v -0.035417 -0.001875 -0.109181
v -0.017708 -0.001875 -0.109569
v 0.000000 -0.001875 -0.109699
v 0.017708 -0.001875 -0.109569
v 0.035417 -0.001875 -0.109181
v 0.053125 -0.001875 -0.108534
v 0.070833 -0.001875 -0.107627
v 0.088542 -0.001875 -0.106457
v 0.106250 -0.001875 -0.105024
v 0.123958 -0.001875 -0.103324
v 0.141667 -0.001875 -0.101354
v 0.159375 -0.001875 -0.099110
v 0.177083 -0.001875 -0.096585
v 0.194792 -0.001875 -0.093771
v 0.212500 -0.001875 -0.090660
v 0.230208 -0.001875 -0.087240
v 0.247917 -0.001875 -0.083492
v 0.265625 -0.001875 -0.079398
v 0.283333 -0.001875 -0.074926
v 0.301042 -0.001875 -0.070039
v 0.318750 -0.001875 -0.064679
v 0.336458 -0.001875 -0.058763
v 0.354167 -0.001875 -0.052161
v 0.371875 -0.001875 -0.044651
v 0.389583 -0.001875 -0.035796
v 0.407292 -0.001875 -0.024478
v -0.407292 0.013750 -0.024218
v -0.389583 0.013750 -0.035415
v -0.371875 0.013750 -0.044176
v -0.354167 0.013750 -0.051607
v -0.336458 0.013750 -0.058138
v -0.318750 0.013750 -0.063991
v -0.301042 0.013750 -0.069294
v -0.283333 0.013750 -0.074130
v -0.265625 0.013750 -0.078553
v -0.247917 0.013750 -0.082605
v -0.230208 0.013750 -0.086312
v -0.212500 0.013750 -0.089696
v -0.194792 0.013750 -0.092774
v -0.177083 0.013750 -0.095557
v -0.159375 0.013750 -0.098056
v -0.141667 0.013750 -0.100277
v -0.123958 0.013750 -0.102226
v -0.106250 0.013750 -0.103907
v -0.088542 0.013750 -0.105325
v -0.070833 0.013750 -0.106482
v -0.053125 0.013750 -0.107380
v -0.035417 0.013750 -0.108020
v -0.017708 0.013750 -0.108404
v 0.000000 0.013750 -0.108532
v 0.017708 0.013750 -0.108404
v 0.035417 0.013750 -0.108020
v 0.053125 0.013750 -0.107380
v 0.070833 0.013750 -0.106482
v 0.088542 0.013750 -0.105325
v 0.106250 0.013750 -0.103907
v 0.123958 0.013750 -0.102226
v 0.141667 0.013750 -0.100277
v 0.159375 0.013750 -0.098056
v 0.177083 0.013750 -0.095557
v 0.194792 0.013750 -0.092774
v 0.212500 0.013750 -0.089696
v 0.230208 0.013750 -0.086312
v 0.247917 0.013750 -0.082605
v 0.265625 0.013750 -0.078553
v 0.283333 0.013750 -0.074130
v 0.301042 0.013750 -0.069294
v 0.318750 0.013750 -0.063991
v 0.336458 0.013750 -0.058138
v 0.354167 0.013750 -0.051607
v 0.371875 0.013750 -0.044176
v 0.389583 0.013750 -0.035415
v 0.407292 0.013750 -0.024218
v -0.407292 0.029375 -0.023932
v -0.389583 0.029375 -0.034997
v -0.371875 0.029375 -0.043654
v -0.354167 0.029375 -0.050996
v -0.336458 0.029375 -0.057451
v -0.318750 0.029375 -0.063234
v -0.301042 0.029375 -0.068475
v -0.283333 0.029375 -0.073253
v -0.265625 0.029375 -0.077624
v -0.247917 0.029375 -0.081628
v -0.230208 0.029375 -0.085291
v -0.212500 0.029375 -0.088636
v -0.194792 0.029375 -0.091677
v -0.177083 0.029375 -0.094427
v -0.159375 0.029375 -0.096896
v -0.141667 0.029375 -0.099091
v -0.123958 0.029375 -0.101017
v -0.106250 0.029375 -0.102679
v -0.088542 0.029375 -0.104080
v -0.070833 0.029375 -0.105223
v -0.053125 0.029375 -0.106110
v -0.035417 0.029375 -0.106743
v -0.017708 0.029375 -0.107122
v 0.000000 0.029375 -0.107249
v 0.017708 0.029375 -0.107122
v 0.035417 0.029375 -0.106743
v 0.053125 0.029375 -0.106110
v 0.070833 0.029375 -0.105223
v 0.088542 0.029375 -0.104080
v 0.106250 0.029375 -0.102679
v 0.123958 0.029375 -0.101017
v 0.141667 0.029375 -0.099091
v 0.159375 0.029375 -0.096896
v 0.177083 0.029375 -0.094427
v 0.194792 0.029375 -0.091677
v 0.212500 0.029375 -0.088636
v 0.230208 0.029375 -0.085291
v 0.247917 0.029375 -0.081628
v 0.265625 0.029375 -0.077624
v 0.283333 0.029375 -0.073253
v 0.301042 0.029375 -0.068475
v 0.318750 0.029375 -0.063234
v 0.336458 0.029375 -0.057451
v 0.354167 0.029375 -0.050996
v 0.371875 0.029375 -0.043654
v 0.389583 0.029375 -0.034997
v 0.407292 0.029375 -0.023932
v -0.407292 0.045000 -0.023619
v -0.389583 0.045000 -0.034540
v -0.371875 0.045000 -0.043084
v -0.354167 0.045000 -0.050331
v -0.336458 0.045000 -0.056701
v -0.318750 0.045000 -0.062409
v -0.301042 0.045000 -0.067581
v -0.283333 0.045000 -0.072297
v -0.265625 0.045000 -0.076611
v -0.247917 0.045000 -0.080562
v -0.230208 0.045000 -0.084178
v -0.212500 0.045000 -0.087478
v -0.194792 0.045000 -0.090480
v -0.177083 0.045000 -0.093195
v -0.159375 0.045000 -0.095631
v -0.141667 0.045000 -0.097797
v -0.123958 0.045000 -0.099698
v -0.106250 0.045000 -0.101338
v -0.088542 0.045000 -0.102721
v -0.070833 0.045000 -0.103849
v -0.053125 0.045000 -0.104725
v -0.035417 0.045000 -0.105349
v -0.017708 0.045000 -0.105724
v 0.000000 0.045000 -0.105848
v 0.017708 0.045000 -0.105724
v 0.035417 0.045000 -0.105349
v 0.053125 0.045000 -0.104725
v 0.070833 0.045000 -0.103849
v 0.088542 0.045000 -0.102721
v 0.106250 0.045000 -0.101338
v 0.123958 0.045000 -0.099698
v 0.141667 0.045000 -0.097797
v 0.159375 0.045000 -0.095631
v 0.177083 0.045000 -0.093195
v 0.194792 0.045000 -0.090480
v 0.212500 0.045000 -0.087478
v 0.230208 0.045000 -0.084178
v 0.247917 0.045000 -0.080562
v 0.265625 0.045000 -0.076611
v 0.283333 0.045000 -0.072297
v 0.301042 0.045000 -0.067581
v 0.318750 0.045000 -0.062409
v 0.336458 0.045000 -0.056701
v 0.354167 0.045000 -0.050331
v 0.371875 0.045000 -0.043084
v 0.389583 0.045000 -0.034540
v 0.407292 0.045000 -0.023619
v -0.407292 0.060625 -0.023281
v -0.389583 0.060625 -0.034045
v -0.371875 0.060625 -0.042466
v -0.354167 0.060625 -0.049609
v -0.336458 0.060625 -0.055888
v -0.318750 0.060625 -0.061514
v -0.301042 0.060625 -0.066612
v -0.283333 0.060625 -0.071260
v -0.265625 0.060625 -0.075513
v -0.247917 0.060625 -0.079407
v -0.230208 0.060625 -0.082971
v -0.212500 0.060625 -0.086225
v -0.194792 0.060625 -0.089183
v -0.177083 0.060625 -0.091859
v -0.159375 0.060625 -0.094261
v -0.141667 0.060625 -0.096396
v -0.123958 0.060625 -0.098269
v -0.106250 0.060625 -0.099886
v -0.088542 0.060625 -0.101249
v -0.070833 0.060625 -0.102361
v -0.053125 0.060625 -0.103224
v -0.035417 0.060625 -0.103840
v -0.017708 0.060625 -0.104209
v 0.000000 0.060625 -0.104331
v 0.017708 0.060625 -0.104209
v 0.035417 0.060625 -0.103840
v 0.053125 0.060625 -0.103224
v 0.070833 0.060625 -0.102361
v 0.088542 0.060625 -0.101249
v 0.106250 0.060625 -0.099886
v 0.123958 0.060625 -0.098269
v 0.141667 0.060625 -0.096396
v 0.159375 0.060625 -0.094261
v 0.177083 0.060625 -0.091859
v 0.194792 0.060625 -0.089183
v 0.212500 0.060625 -0.086225
v 0.230208 0.060625 -0.082971
v 0.247917 0.060625 -0.079407
v 0.265625 0.060625 -0.075513
v 0.283333 0.060625 -0.071260
v 0.301042 0.060625 -0.066612
v 0.318750 0.060625 -0.061514
v 0.336458 0.060625 -0.055888
v 0.354167 0.060625 -0.049609
v 0.371875 0.060625 -0.042466
v 0.389583 0.060625 -0.034045
v 0.407292 0.060625 -0.023281
v -0.407292 0.076250 -0.022916
v -0.389583 0.076250 -0.033512
v -0.371875 0.076250 -0.041801
v -0.354167 0.076250 -0.048832
v -0.336458 0.076250 -0.055013
v -0.318750 0.076250 -0.060551
v -0.301042 0.076250 -0.065569
v -0.283333 0.076250 -0.070145
v -0.265625 0.076250 -0.074330
v -0.247917 0.076250 -0.078164
v -0.230208 0.076250 -0.081672
v -0.212500 0.076250 -0.084875
v -0.194792 0.076250 -0.087787
v -0.177083 0.076250 -0.090421
v -0.159375 0.076250 -0.092785
v -0.141667 0.076250 -0.094886
v -0.123958 0.076250 -0.096730
v -0.106250 0.076250 -0.098322
v -0.088542 0.076250 -0.099663
v -0.070833 0.076250 -0.100758
v -0.053125 0.076250 -0.101608
v -0.035417 0.076250 -0.102214
v -0.017708 0.076250 -0.102577
v 0.000000 0.076250 -0.102698
v 0.017708 0.076250 -0.102577
v 0.035417 0.076250 -0.102214
v 0.053125 0.076250 -0.101608
v 0.070833 0.076250 -0.100758
v 0.088542 0.076250 -0.099663
v 0.106250 0.076250 -0.098322
v 0.123958 0.076250 -0.096730
v 0.141667 0.076250 -0.094886
v 0.159375 0.076250 -0.092785
v 0.177083 0.076250 -0.090421
v 0.194792 0.076250 -0.087787
v 0.212500 0.076250 -0.084875
v 0.230208 0.076250 -0.081672
v 0.247917 0.076250 -0.078164
v 0.265625 0.076250 -0.074330
v 0.283333 0.076250 -0.070145
v 0.301042 0.076250 -0.065569
v 0.318750 0.076250 -0.060551
v 0.336458 0.076250 -0.055013
v 0.354167 0.076250 -0.048832
v 0.371875 0.076250 -0.041801
v 0.389583 0.076250 -0.033512
v 0.407292 0.076250 -0.022916
v -0.407292 0.091875 -0.022525
v -0.389583 0.091875 -0.032940
v -0.371875 0.091875 -0.041088
v -0.354167 0.091875 -0.048000
v -0.336458 0.091875 -0.054075
v -0.318750 0.091875 -0.059519
v -0.301042 0.091875 -0.064451
v -0.283333 0.091875 -0.068948
v -0.265625 0.091875 -0.073063
v -0.247917 0.091875 -0.076831
v -0.230208 0.091875 -0.080279
v -0.212500 0.091875 -0.083427
v -0.194792 0.091875 -0.086290
v -0.177083 0.091875 -0.088879
v -0.159375 0.091875 -0.091202
v -0.141667 0.091875 -0.093268
v -0.123958 0.091875 -0.095081
v -0.106250 0.091875 -0.096645
v -0.088542 0.091875 -0.097964
v -0.070833 0.091875 -0.099040
v -0.053125 0.091875 -0.099875
v -0.035417 0.091875 -0.100470
v -0.017708 0.091875 -0.100827
v 0.000000 0.091875 -0.100946
v 0.017708 0.091875 -0.100827
v 0.035417 0.091875 -0.100470
v 0.053125 0.091875 -0.099875
v 0.070833 0.091875 -0.099040
v 0.088542 0.091875 -0.097964
v 0.106250 0.091875 -0.096645
v 0.123958 0.091875 -0.095081
v 0.141667 0.091875 -0.093268
v 0.159375 0.091875 -0.091202
v 0.177083 0.091875 -0.088879
v 0.194792 0.091875 -0.086290
v 0.212500 0.091875 -0.083427
v 0.230208 0.091875 -0.080279
v 0.247917 0.091875 -0.076831
v 0.265625 0.091875 -0.073063
v 0.283333 0.091875 -0.068948
v 0.301042 0.091875 -0.064451
v 0.318750 0.091875 -0.059519
v 0.336458 0.091875 -0.054075
v 0.354167 0.091875 -0.048000
v 0.371875 0.091875 -0.041088
v 0.389583 0.091875 -0.032940
v 0.407292 0.091875 -0.022525
v -0.407292 0.107500 -0.022108
v -0.389583 0.107500 -0.032330
v -0.371875 0.107500 -0.040327
v -0.354167 0.107500 -0.047111
v -0.336458 0.107500 -0.053073
v -0.318750 0.107500 -0.058416
v -0.301042 0.107500 -0.063257
v -0.283333 0.107500 -0.067671
v -0.265625 0.107500 -0.071709
v -0.247917 0.107500 -0.075408
v -0.230208 0.107500 -0.078792
v -0.212500 0.107500 -0.081882
v -0.194792 0.107500 -0.084691
v -0.177083 0.107500 -0.087232
v -0.159375 0.107500 -0.089513
v -0.141667 0.107500 -0.091540
v -0.123958 0.107500 -0.093319
v -0.106250 0.107500 -0.094855
v -0.088542 0.107500 -0.096149
v -0.070833 0.107500 -0.097205
v -0.053125 0.107500 -0.098025
v -0.035417 0.107500 -0.098609
v -0.017708 0.107500 -0.098960
v 0.000000 0.107500 -0.099076
v 0.017708 0.107500 -0.098960
v 0.035417 0.107500 -0.098609
v 0.053125 0.107500 -0.098025
v 0.070833 0.107500 -0.097205
v 0.088542 0.107500 -0.096149
v 0.106250 0.107500 -0.094855
v 0.123958 0.107500 -0.093319
v 0.141667 0.107500 -0.091540
v 0.159375 0.107500 -0.089513
v 0.177083 0.107500 -0.087232
v 0.194792 0.107500 -0.084691
v 0.212500 0.107500 -0.081882
v 0.230208 0.107500 -0.078792
v 0.247917 0.107500 -0.075408
v 0.265625 0.107500 -0.071709
v 0.283333 0.107500 -0.067671
v 0.301042 0.107500 -0.063257
v 0.318750 0.107500 -0.058416
v 0.336458 0.107500 -0.053073
v 0.354167 0.107500 -0.047111
v 0.371875 0.107500 -0.040327
v 0.389583 0.107500 -0.032330
v 0.407292 0.107500 -0.022108
v -0.407292 0.123125 -0.021664
v -0.389583 0.123125 -0.031681
v -0.371875 0.123125 -0.039517
v -0.354167 0.123125 -0.046164
v -0.336458 0.123125 -0.052007
v -0.318750 0.123125 -0.057243
v -0.301042 0.123125 -0.061986
v -0.283333 0.123125 -0.066312
v -0.265625 0.123125 -0.070269
v -0.247917 0.123125 -0.073893
v -0.230208 0.123125 -0.077209
v -0.212500 0.123125 -0.080237
v -0.194792 0.123125 -0.082990
v -0.177083 0.123125 -0.085480
v -0.159375 0.123125 -0.087715
v -0.141667 0.123125 -0.089702
v -0.123958 0.123125 -0.091445
v -0.106250 0.123125 -0.092949
v -0.088542 0.123125 -0.094218
v -0.070833 0.123125 -0.095253
v -0.053125 0.123125 -0.096056
v -0.035417 0.123125 -0.096629
v -0.017708 0.123125 -0.096972
v 0.000000 0.123125 -0.097086
v 0.017708 0.123125 -0.096972
v 0.035417 0.123125 -0.096629
v 0.053125 0.123125 -0.096056
v 0.070833 0.123125 -0.095253
v 0.088542 0.123125 -0.094218
v 0.106250 0.123125 -0.092949
v 0.123958 0.123125 -0.091445
v 0.141667 0.123125 -0.089702
v 0.159375 0.123125 -0.087715
v 0.177083 0.123125 -0.085480
v 0.194792 0.123125 -0.082990
v 0.212500 0.123125 -0.080237
v 0.230208 0.123125 -0.077209
v 0.247917 0.123125 -0.073893
v 0.265625 0.123125 -0.070269
v 0.283333 0.123125 -0.066312
v 0.301042 0.123125 -0.061986
v 0.318750 0.123125 -0.057243
v 0.336458 0.123125 -0.052007
v 0.354167 0.123125 -0.046164
v 0.371875 0.123125 -0.039517
v 0.389583 0.123125 -0.031681
v 0.407292 0.123125 -0.021664
v -0.407292 0.138750 -0.021193
v -0.389583 0.138750 -0.030991
v -0.371875 0.138750 -0.038658
v -0.354167 0.138750 -0.045160
v -0.336458 0.138750 -0.050876
v -0.318750 0.138750 -0.055997
v -0.301042 0.138750 -0.060638
v -0.283333 0.138750 -0.064869
v -0.265625 0.138750 -0.068740
v -0.247917 0.138750 -0.072286
v -0.230208 0.138750 -0.075530
v -0.212500 0.138750 -0.078492
v -0.194792 0.138750 -0.081185
v -0.177083 0.138750 -0.083620
v -0.159375 0.138750 -0.085807
v -0.141667 0.138750 -0.087750
v -0.123958 0.138750 -0.089456
v -0.106250 0.138750 -0.090927
v -0.088542 0.138750 -0.092168
v -0.070833 0.138750 -0.093181
v -0.053125 0.138750 -0.093966
v -0.035417 0.138750 -0.094527
v -0.017708 0.138750 -0.094862
v 0.000000 0.138750 -0.094974
v 0.017708 0.138750 -0.094862
v 0.035417 0.138750 -0.094527
v 0.053125 0.138750 -0.093966
v 0.070833 0.138750 -0.093181
v 0.088542 0.138750 -0.092168
v 0.106250 0.138750 -0.090927
v 0.123958 0.138750 -0.089456
v 0.141667 0.138750 -0.087750
v 0.159375 0.138750 -0.085807
v 0.177083 0.138750 -0.083620
v 0.194792 0.138750 -0.081185
v 0.212500 0.138750 -0.078492
v 0.230208 0.138750 -0.075530
v 0.247917 0.138750 -0.072286
v 0.265625 0.138750 -0.068740
v 0.283333 0.138750 -0.064869
v 0.301042 0.138750 -0.060638
v 0.318750 0.138750 -0.055997
v 0.336458 0.138750 -0.050876
v 0.354167 0.138750 -0.045160
v 0.371875 0.138750 -0.038658
v 0.389583 0.138750 -0.030991
v 0.407292 0.138750 -0.021193
v -0.407292 0.154375 -0.020694
v -0.389583 0.154375 -0.030261
v -0.371875 0.154375 -0.037747
v -0.354167 0.154375 -0.044096
v -0.336458 0.154375 -0.049677
v -0.318750 0.154375 -0.054679
v -0.301042 0.154375 -0.059210
v -0.283333 0.154375 -0.063342
v -0.265625 0.154375 -0.067121
v -0.247917 0.154375 -0.070583
v -0.230208 0.154375 -0.073751
v -0.212500 0.154375 -0.076643
v -0.194792 0.154375 -0.079273
v -0.177083 0.154375 -0.081651
v -0.159375 0.154375 -0.083786
v -0.141667 0.154375 -0.085683
v -0.123958 0.154375 -0.087349
v -0.106250 0.154375 -0.088786
v -0.088542 0.154375 -0.089997
v -0.070833 0.154375 -0.090986
v -0.053125 0.154375 -0.091753
v -0.035417 0.154375 -0.092300
v -0.017708 0.154375 -0.092628
v 0.000000 0.154375 -0.092737
v 0.017708 0.154375 -0.092628
v 0.035417 0.154375 -0.092300
v 0.053125 0.154375 -0.091753
v 0.070833 0.154375 -0.090986
v 0.088542 0.154375 -0.089997
v 0.106250 0.154375 -0.088786
v 0.123958 0.154375 -0.087349
v 0.141667 0.154375 -0.085683
v 0.159375 0.154375 -0.083786
v 0.177083 0.154375 -0.081651
v 0.194792 0.154375 -0.079273
v 0.212500 0.154375 -0.076643
v 0.230208 0.154375 -0.073751
v 0.247917 0.154375 -0.070583
v 0.265625 0.154375 -0.067121
v 0.283333 0.154375 -0.063342
v 0.301042 0.154375 -0.059210
v 0.318750 0.154375 -0.054679
v 0.336458 0.154375 -0.049677
v 0.354167 0.154375 -0.044096
v 0.371875 0.154375 -0.037747
v 0.389583 0.154375 -0.030261
v 0.407292 0.154375 -0.020694
v -0.407292 0.170000 -0.020166
v -0.389583 0.170000 -0.029490
v -0.371875 0.170000 -0.036784
v -0.354167 0.170000 -0.042972
v -0.336458 0.170000 -0.048410
v -0.318750 0.170000 -0.053284
v -0.301042 0.170000 -0.057700
v -0.283333 0.170000 -0.061726
v -0.265625 0.170000 -0.065410
v -0.247917 0.170000 -0.068783
v -0.230208 0.170000 -0.071870
v -0.212500 0.170000 -0.074688
v -0.194792 0.170000 -0.077251
v -0.177083 0.170000 -0.079569
v -0.159375 0.170000 -0.081649
v -0.141667 0.170000 -0.083498
v -0.123958 0.170000 -0.085121
v -0.106250 0.170000 -0.086521
v -0.088542 0.170000 -0.087702
v -0.070833 0.170000 -0.088665
v -0.053125 0.170000 -0.089413
v -0.035417 0.170000 -0.089946
v -0.017708 0.170000 -0.090266
v 0.000000 0.170000 -0.090372
v 0.017708 0.170000 -0.090266
v 0.035417 0.170000 -0.089946
v 0.053125 0.170000 -0.089413
v 0.070833 0.170000 -0.088665
v 0.088542 0.170000 -0.087702
v 0.106250 0.170000 -0.086521
v 0.123958 0.170000 -0.085121
v 0.141667 0.170000 -0.083498
v 0.159375 0.170000 -0.081649
v 0.177083 0.170000 -0.079569
v 0.194792 0.170000 -0.077251
v 0.212500 0.170000 -0.074688
v 0.230208 0.170000 -0.071870
v 0.247917 0.170000 -0.068783
v 0.265625 0.170000 -0.065410
v 0.283333 0.170000 -0.061726
v 0.301042 0.170000 -0.057700
v 0.318750 0.170000 -0.053284
v 0.336458 0.170000 -0.048410
v 0.354167 0.170000 -0.042972
v 0.371875 0.170000 -0.036784
v 0.389583 0.170000 -0.029490
v 0.407292 0.170000 -0.020166
v -0.407292 0.185625 -0.019608
v -0.389583 0.185625 -0.028674
v -0.371875 0.185625 -0.035768
v -0.354167 0.185625 -0.041784
v -0.336458 0.185625 -0.047072
v -0.318750 0.185625 -0.051811
v -0.301042 0.185625 -0.056105
v -0.283333 0.185625 -0.060020
v -0.265625 0.185625 -0.063602
v -0.247917 0.185625 -0.066882
v -0.230208 0.185625 -0.069883
v -0.212500 0.185625 -0.072624
v -0.194792 0.185625 -0.075116
v -0.177083 0.185625 -0.077369
v -0.159375 0.185625 -0.079392
v -0.141667 0.185625 -0.081190
v -0.123958 0.185625 -0.082768
v -0.106250 0.185625 -0.084130
v -0.088542 0.185625 -0.085278
v -0.070833 0.185625 -0.086215
v -0.053125 0.185625 -0.086942
v -0.035417 0.185625 -0.087460
v -0.017708 0.185625 -0.087771
v 0.000000 0.185625 -0.087874
v 0.017708 0.185625 -0.087771
v 0.035417 0.185625 -0.087460
v 0.053125 0.185625 -0.086942
v 0.070833 0.185625 -0.086215
v 0.088542 0.185625 -0.085278
v 0.106250 0.185625 -0.084130
v 0.123958 0.185625 -0.082768
v 0.141667 0.185625 -0.081190
v 0.159375 0.185625 -0.079392
v 0.177083 0.185625 -0.077369
v 0.194792 0.185625 -0.075116
v 0.212500 0.185625 -0.072624
v 0.230208 0.185625 -0.069883
v 0.247917 0.185625 -0.066882
v 0.265625 0.185625 -0.063602
v 0.283333 0.185625 -0.060020
v 0.301042 0.185625 -0.056105
v 0.318750 0.185625 -0.051811
v 0.336458 0.185625 -0.047072
v 0.354167 0.185625 -0.041784
v 0.371875 0.185625 -0.035768
v 0.389583 0.185625 -0.028674
v 0.407292 0.185625 -0.019608
v -0.407292 0.201250 -0.019020
v -0.389583 0.201250 -0.027814
v -0.371875 0.201250 -0.034695
v -0.354167 0.201250 -0.040530
v -0.336458 0.201250 -0.045660
v -0.318750 0.201250 -0.050257
v -0.301042 0.201250 -0.054421
v -0.283333 0.201250 -0.058219
v -0.265625 0.201250 -0.061693
v -0.247917 0.201250 -0.064875
v -0.230208 0.201250 -0.067787
v -0.212500 0.201250 -0.070445
v -0.194792 0.201250 -0.072862
v -0.177083 0.201250 -0.075048
v -0.159375 0.201250 -0.077010
v -0.141667 0.201250 -0.078754
v -0.123958 0.201250 -0.080285
v -0.106250 0.201250 -0.081606
v -0.088542 0.201250 -0.082719
v -0.070833 0.201250 -0.083628
v -0.053125 0.201250 -0.084333
v -0.035417 0.201250 -0.084836
v -0.017708 0.201250 -0.085137
v 0.000000 0.201250 -0.085238
v 0.017708 0.201250 -0.085137
v 0.035417 0.201250 -0.084836
v 0.053125 0.201250 -0.084333
v 0.070833 0.201250 -0.083628
v 0.088542 0.201250 -0.082719
v 0.106250 0.201250 -0.081606
v 0.123958 0.201250 -0.080285
v 0.141667 0.201250 -0.078754
v 0.159375 0.201250 -0.077010
v 0.177083 0.201250 -0.075048
v 0.194792 0.201250 -0.072862
v 0.212500 0.201250 -0.070445
v 0.230208 0.201250 -0.067787
v 0.247917 0.201250 -0.064875
v 0.265625 0.201250 -0.061693
v 0.283333 0.201250 -0.058219
v 0.301042 0.201250 -0.054421
v 0.318750 0.201250 -0.050257
v 0.336458 0.201250 -0.045660
v 0.354167 0.201250 -0.040530
v 0.371875 0.201250 -0.034695
v 0.389583 0.201250 -0.027814
v 0.407292 0.201250 -0.019020
v -0.407292 0.216875 -0.018399
v -0.389583 0.216875 -0.026906
v -0.371875 0.216875 -0.033562
v -0.354167 0.216875 -0.039207
v -0.336458 0.216875 -0.044170
v -0.318750 0.216875 -0.048616
v -0.301042 0.216875 -0.052645
v -0.283333 0.216875 -0.056319
v -0.265625 0.216875 -0.059680
v -0.247917 0.216875 -0.062757
v -0.230208 0.216875 -0.065574
v -0.212500 0.216875 -0.068145
v -0.194792 0.216875 -0.070484
v -0.177083 0.216875 -0.072598
v -0.159375 0.216875 -0.074496
v -0.141667 0.216875 -0.076184
v -0.123958 0.216875 -0.077664
v -0.106250 0.216875 -0.078942
v -0.088542 0.216875 -0.080019
v -0.070833 0.216875 -0.080898
v -0.053125 0.216875 -0.081580
v -0.035417 0.216875 -0.082067
v -0.017708 0.216875 -0.082358
v 0.000000 0.216875 -0.082455
v 0.017708 0.216875 -0.082358
v 0.035417 0.216875 -0.082067
v 0.053125 0.216875 -0.081580
v 0.070833 0.216875 -0.080898
v 0.088542 0.216875 -0.080019
v 0.106250 0.216875 -0.078942
v 0.123958 0.216875 -0.077664
v 0.141667 0.216875 -0.076184
v 0.159375 0.216875 -0.074496
v 0.177083 0.216875 -0.072598
v 0.194792 0.216875 -0.070484
v 0.212500 0.216875 -0.068145
v 0.230208 0.216875 -0.065574
v 0.247917 0.216875 -0.062757
v 0.265625 0.216875 -0.059680
v 0.283333 0.216875 -0.056319
v 0.301042 0.216875 -0.052645
v 0.318750 0.216875 -0.048616
v 0.336458 0.216875 -0.044170
v 0.354167 0.216875 -0.039207
v 0.371875 0.216875 -0.033562
v 0.389583 0.216875 -0.026906
v 0.407292 0.216875 -0.018399
v -0.407292 0.232500 -0.017744
v -0.389583 0.232500 -0.025948
v -0.371875 0.232500 -0.032366
v -0.354167 0.232500 -0.037811
v -0.336458 0.232500 -0.042596
v -0.318750 0.232500 -0.046884
v -0.301042 0.232500 -0.050770
v -0.283333 0.232500 -0.054312
v -0.265625 0.232500 -0.057554
v -0.247917 0.232500 -0.060522
v -0.230208 0.232500 -0.063238
v -0.212500 0.232500 -0.065718
v -0.194792 0.232500 -0.067973
v -0.177083 0.232500 -0.070012
v -0.159375 0.232500 -0.071843
v -0.141667 0.232500 -0.073470
v -0.123958 0.232500 -0.074898
v -0.106250 0.232500 -0.076130
v -0.088542 0.232500 -0.077169
v -0.070833 0.232500 -0.078016
v -0.053125 0.232500 -0.078674
v -0.035417 0.232500 -0.079143
v -0.017708 0.232500 -0.079424
v 0.000000 0.232500 -0.079518
v 0.017708 0.232500 -0.079424
v 0.035417 0.232500 -0.079143
v 0.053125 0.232500 -0.078674
v 0.070833 0.232500 -0.078016
v 0.088542 0.232500 -0.077169
v 0.106250 0.232500 -0.076130
v 0.123958 0.232500 -0.074898
v 0.141667 0.232500 -0.073470
v 0.159375 0.232500 -0.071843
v 0.177083 0.232500 -0.070012
v 0.194792 0.232500 -0.067973
v 0.212500 0.232500 -0.065718
v 0.230208 0.232500 -0.063238
v 0.247917 0.232500 -0.060522
v 0.265625 0.232500 -0.057554
v 0.283333 0.232500 -0.054312
v 0.301042 0.232500 -0.050770
v 0.318750 0.232500 -0.046884
v 0.336458 0.232500 -0.042596
v 0.354167 0.232500 -0.037811
v 0.371875 0.232500 -0.032366
v 0.389583 0.232500 -0.025948
v 0.407292 0.232500 -0.017744
v -0.407292 0.248125 -0.017051
v -0.389583 0.248125 -0.024935
v -0.371875 0.248125 -0.031103
v -0.354167 0.248125 -0.036335
v -0.336458 0.248125 -0.040933
v -0.318750 0.248125 -0.045054
v -0.301042 0.248125 -0.048788
v -0.283333 0.248125 -0.052192
v -0.265625 0.248125 -0.055307
v -0.247917 0.248125 -0.058159
v -0.230208 0.248125 -0.060769
v -0.212500 0.248125 -0.063152
v -0.194792 0.248125 -0.065319
v -0.177083 0.248125 -0.067279
v -0.159375 0.248125 -0.069038
v -0.141667 0.248125 -0.070601
v -0.123958 0.248125 -0.071974
v -0.106250 0.248125 -0.073158
v -0.088542 0.248125 -0.074156
v -0.070833 0.248125 -0.074971
v -0.053125 0.248125 -0.075603
v -0.035417 0.248125 -0.076054
v -0.017708 0.248125 -0.076324
v 0.000000 0.248125 -0.076414
v 0.017708 0.248125 -0.076324
v 0.035417 0.248125 -0.076054
v 0.053125 0.248125 -0.075603
v 0.070833 0.248125 -0.074971
v 0.088542 0.248125 -0.074156
v 0.106250 0.248125 -0.073158
v 0.123958 0.248125 -0.071974
v 0.141667 0.248125 -0.070601
v 0.159375 0.248125 -0.069038
v 0.177083 0.248125 -0.067279
v 0.194792 0.248125 -0.065319
v 0.212500 0.248125 -0.063152
v 0.230208 0.248125 -0.060769
v 0.247917 0.248125 -0.058159
v 0.265625 0.248125 -0.055307
v 0.283333 0.248125 -0.052192
v 0.301042 0.248125 -0.048788
v 0.318750 0.248125 -0.045054
v 0.336458 0.248125 -0.040933
v 0.354167 0.248125 -0.036335
v 0.371875 0.248125 -0.031103
v 0.389583 0.248125 -0.024935
v 0.407292 0.248125 -0.017051
v -0.407292 0.263750 -0.016318
v -0.389583 0.263750 -0.023862
v -0.371875 0.263750 -0.029765
v -0.354167 0.263750 -0.034772
v -0.336458 0.263750 -0.039173
v -0.318750 0.263750 -0.043116
v -0.301042 0.263750 -0.046689
v -0.283333 0.263750 -0.049947
v -0.265625 0.263750 -0.052928
v -0.247917 0.263750 -0.055658
v -0.230208 0.263750 -0.058156
v -0.212500 0.263750 -0.060436
v -0.194792 0.263750 -0.062510
v -0.177083 0.263750 -0.064385
v -0.159375 0.263750 -0.066068
v -0.141667 0.263750 -0.067565
v -0.123958 0.263750 -0.068878
v -0.106250 0.263750 -0.070011
v -0.088542 0.263750 -0.070967
v -0.070833 0.263750 -0.071746
v -0.053125 0.263750 -0.072351
v -0.035417 0.263750 -0.072782
v -0.017708 0.263750 -0.073041
v 0.000000 0.263750 -0.073127
v 0.017708 0.263750 -0.073041
v 0.035417 0.263750 -0.072782
v 0.053125 0.263750 -0.072351
v 0.070833 0.263750 -0.071746
v 0.088542 0.263750 -0.070967
v 0.106250 0.263750 -0.070011
v 0.123958 0.263750 -0.068878
v 0.141667 0.263750 -0.067565
v 0.159375 0.263750 -0.066068
v 0.177083 0.263750 -0.064385
v 0.194792 0.263750 -0.062510
v 0.212500 0.263750 -0.060436
v 0.230208 0.263750 -0.058156
v 0.247917 0.263750 -0.055658
v 0.265625 0.263750 -0.052928
v 0.283333 0.263750 -0.049947
v 0.301042 0.263750 -0.046689
v 0.318750 0.263750 -0.043116
v 0.336458 0.263750 -0.039173
v 0.354167 0.263750 -0.034772
v 0.371875 0.263750 -0.029765
v 0.389583 0.263750 -0.023862
v 0.407292 0.263750 -0.016318
v -0.407292 0.279375 -0.015539
v -0.389583 0.279375 -0.022724
v -0.371875 0.279375 -0.028345
v -0.354167 0.279375 -0.033113
v -0.336458 0.279375 -0.037304
v -0.318750 0.279375 -0.041059
v -0.301042 0.279375 -0.044461
v -0.283333 0.279375 -0.047564
v -0.265625 0.279375 -0.050403
v -0.247917 0.279375 -0.053002
v -0.230208 0.279375 -0.055381
v -0.212500 0.279375 -0.057552
v -0.194792 0.279375 -0.059527
v -0.177083 0.279375 -0.061313
v -0.159375 0.279375 -0.062916
v -0.141667 0.279375 -0.064341
v -0.123958 0.279375 -0.065592
v -0.106250 0.279375 -0.066671
v -0.088542 0.279375 -0.067580
v -0.070833 0.279375 -0.068323
v -0.053125 0.279375 -0.068899
v -0.035417 0.279375 -0.069310
v -0.017708 0.279375 -0.069556
v 0.000000 0.279375 -0.069638
v 0.017708 0.279375 -0.069556
v 0.035417 0.279375 -0.069310
v 0.053125 0.279375 -0.068899
v 0.070833 0.279375 -0.068323
v 0.088542 0.279375 -0.067580
v 0.106250 0.279375 -0.066671
v 0.123958 0.279375 -0.065592
v 0.141667 0.279375 -0.064341
v 0.159375 0.279375 -0.062916
v 0.177083 0.279375 -0.061313
v 0.194792 0.279375 -0.059527
v 0.212500 0.279375 -0.057552
v 0.230208 0.279375 -0.055381
v 0.247917 0.279375 -0.053002
v 0.265625 0.279375 -0.050403
v 0.283333 0.279375 -0.047564
v 0.301042 0.279375 -0.044461
v 0.318750 0.279375 -0.041059
v 0.336458 0.279375 -0.037304
v 0.354167 0.279375 -0.033113
v 0.371875 0.279375 -0.028345
v 0.389583 0.279375 -0.022724
v 0.407292 0.279375 -0.015539
v -0.407292 0.295000 -0.014709
v -0.389583 0.295000 -0.021510
v -0.371875 0.295000 -0.026831
v -0.354167 0.295000 -0.031344
v -0.336458 0.295000 -0.035311
v -0.318750 0.295000 -0.038866
v -0.301042 0.295000 -0.042087
v -0.283333 0.295000 -0.045024
v -0.265625 0.295000 -0.047711
v -0.247917 0.295000 -0.050172
v -0.230208 0.295000 -0.052423
v -0.212500 0.295000 -0.054479
v -0.194792 0.295000 -0.056348
v -0.177083 0.295000 -0.058039
v -0.159375 0.295000 -0.059556
v -0.141667 0.295000 -0.060905
v -0.123958 0.295000 -0.062089
v -0.106250 0.295000 -0.063110
v -0.088542 0.295000 -0.063971
v -0.070833 0.295000 -0.064674
v -0.053125 0.295000 -0.065219
v -0.035417 0.295000 -0.065608
v -0.017708 0.295000 -0.065841
v 0.000000 0.295000 -0.065919
v 0.017708 0.295000 -0.065841
v 0.035417 0.295000 -0.065608
v 0.053125 0.295000 -0.065219
v 0.070833 0.295000 -0.064674
v 0.088542 0.295000 -0.063971
v 0.106250 0.295000 -0.063110
v 0.123958 0.295000 -0.062089
v 0.141667 0.295000 -0.060905
v 0.159375 0.295000 -0.059556
v 0.177083 0.295000 -0.058039
v 0.194792 0.295000 -0.056348
v 0.212500 0.295000 -0.054479
v 0.230208 0.295000 -0.052423
v 0.247917 0.295000 -0.050172
v 0.265625 0.295000 -0.047711
v 0.283333 0.295000 -0.045024
v 0.301042 0.295000 -0.042087
v 0.318750 0.295000 -0.038866
v 0.336458 0.295000 -0.035311
v 0.354167 0.295000 -0.031344
v 0.371875 0.295000 -0.026831
v 0.389583 0.295000 -0.021510
v 0.407292 0.295000 -0.014709
v -0.407292 0.310625 -0.013820
v -0.389583 0.310625 -0.020210
v -0.371875 0.310625 -0.025209
v -0.354167 0.310625 -0.029449
v -0.336458 0.310625 -0.033177
v -0.318750 0.310625 -0.036516
v -0.301042 0.310625 -0.039543
v -0.283333 0.310625 -0.042302
v -0.265625 0.310625 -0.044826
v -0.247917 0.310625 -0.047138
v -0.230208 0.310625 -0.049254
v -0.212500 0.310625 -0.051185
v -0.194792 0.310625 -0.052941
v -0.177083 0.310625 -0.054530
v -0.159375 0.310625 -0.055955
v -0.141667 0.310625 -0.057223
v -0.123958 0.310625 -0.058335
v -0.106250 0.310625 -0.059295
v -0.088542 0.310625 -0.060104
v -0.070833 0.310625 -0.060764
v -0.053125 0.310625 -0.061276
v -0.035417 0.310625 -0.061642
v -0.017708 0.310625 -0.061861
v 0.000000 0.310625 -0.061934
v 0.017708 0.310625 -0.061861
v 0.035417 0.310625 -0.061642
v 0.053125 0.310625 -0.061276
v 0.070833 0.310625 -0.060764
v 0.088542 0.310625 -0.060104
v 0.106250 0.310625 -0.059295
v 0.123958 0.310625 -0.058335
v 0.141667 0.310625 -0.057223
v 0.159375 0.310625 -0.055955
v 0.177083 0.310625 -0.054530
v 0.194792 0.310625 -0.052941
v 0.212500 0.310625 -0.051185
v 0.230208 0.310625 -0.049254
v 0.247917 0.310625 -0.047138
v 0.265625 0.310625 -0.044826
v 0.283333 0.310625 -0.042302
v 0.301042 0.310625 -0.039543
v 0.318750 0.310625 -0.036516
v 0.336458 0.310625 -0.033177
v 0.354167 0.310625 -0.029449
v 0.371875 0.310625 -0.025209
v 0.389583 0.310625 -0.020210
v 0.407292 0.310625 -0.013820
v -0.407292 0.326250 -0.012859
v -0.389583 0.326250 -0.018805
v -0.371875 0.326250 -0.023457
v -0.354167 0.326250 -0.027402
v -0.336458 0.326250 -0.030871
v -0.318750 0.326250 -0.033978
v -0.301042 0.326250 -0.036794
v -0.283333 0.326250 -0.039362
v -0.265625 0.326250 -0.041711
v -0.247917 0.326250 -0.043862
v -0.230208 0.326250 -0.045830
v -0.212500 0.326250 -0.047627
v -0.194792 0.326250 -0.049262
v -0.177083 0.326250 -0.050739
v -0.159375 0.326250 -0.052066
v -0.141667 0.326250 -0.053245
v -0.123958 0.326250 -0.054280
v -0.106250 0.326250 -0.055173
v -0.088542 0.326250 -0.055926
v -0.070833 0.326250 -0.056540
v -0.053125 0.326250 -0.057017
v -0.035417 0.326250 -0.057357
v -0.017708 0.326250 -0.057561
v 0.000000 0.326250 -0.057629
v 0.017708 0.326250 -0.057561
v 0.035417 0.326250 -0.057357
v 0.053125 0.326250 -0.057017
v 0.070833 0.326250 -0.056540
v 0.088542 0.326250 -0.055926
v 0.106250 0.326250 -0.055173
v 0.123958 0.326250 -0.054280
v 0.141667 0.326250 -0.053245
v 0.159375 0.326250 -0.052066
v 0.177083 0.326250 -0.050739
v 0.194792 0.326250 -0.049262
v 0.212500 0.326250 -0.047627
v 0.230208 0.326250 -0.045830
v 0.247917 0.326250 -0.043862
v 0.265625 0.326250 -0.041711
v 0.283333 0.326250 -0.039362
v 0.301042 0.326250 -0.036794
v 0.318750 0.326250 -0.033978
v 0.336458 0.326250 -0.030871
v 0.354167 0.326250 -0.027402
v 0.371875 0.326250 -0.023457
v 0.389583 0.326250 -0.018805
v 0.407292 0.326250 -0.012859
v -0.407292 0.341875 -0.011810
v -0.389583 0.341875 -0.017271
v -0.371875 0.341875 -0.021543
v -0.354167 0.341875 -0.025167
v -0.336458 0.341875 -0.028352
v -0.318750 0.341875 -0.031206
v -0.301042 0.341875 -0.033792
v -0.283333 0.341875 -0.036150
v -0.265625 0.341875 -0.038307
v -0.247917 0.341875 -0.040283
v -0.230208 0.341875 -0.042091
v -0.212500 0.341875 -0.043741
v -0.194792 0.341875 -0.045242
v -0.177083 0.341875 -0.046600
v -0.159375 0.341875 -0.047818
v -0.141667 0.341875 -0.048901
v -0.123958 0.341875 -0.049852
v -0.106250 0.341875 -0.050672
v -0.088542 0.341875 -0.051363
v -0.070833 0.341875 -0.051927
v -0.053125 0.341875 -0.052365
v -0.035417 0.341875 -0.052677
v -0.017708 0.341875 -0.052865
v 0.000000 0.341875 -0.052927
v 0.017708 0.341875 -0.052865
v 0.035417 0.341875 -0.052677
v 0.053125 0.341875 -0.052365
v 0.070833 0.341875 -0.051927
v 0.088542 0.341875 -0.051363
v 0.106250 0.341875 -0.050672
v 0.123958 0.341875 -0.049852
v 0.141667 0.341875 -0.048901
v 0.159375 0.341875 -0.047818
v 0.177083 0.341875 -0.046600
v 0.194792 0.341875 -0.045242
v 0.212500 0.341875 -0.043741
v 0.230208 0.341875 -0.042091
v 0.247917 0.341875 -0.040283
v 0.265625 0.341875 -0.038307
v 0.283333 0.341875 -0.036150
v 0.301042 0.341875 -0.033792
v 0.318750 0.341875 -0.031206
v 0.336458 0.341875 -0.028352
v 0.354167 0.341875 -0.025167
v 0.371875 0.341875 -0.021543
v 0.389583 0.341875 -0.017271
v 0.407292 0.341875 -0.011810
v -0.407292 0.357500 -0.010645
v -0.389583 0.357500 -0.015567
v -0.371875 0.357500 -0.019418
v -0.354167 0.357500 -0.022684
v -0.336458 0.357500 -0.025555
v -0.318750 0.357500 -0.028127
v -0.301042 0.357500 -0.030458
v -0.283333 0.357500 -0.032584
v -0.265625 0.357500 -0.034528
v -0.247917 0.357500 -0.036309
v -0.230208 0.357500 -0.037938
v -0.212500 0.357500 -0.039426
v -0.194792 0.357500 -0.040779
v -0.177083 0.357500 -0.042002
v -0.159375 0.357500 -0.043100
v -0.141667 0.357500 -0.044077
v -0.123958 0.357500 -0.044933
v -0.106250 0.357500 -0.045672
v -0.088542 0.357500 -0.046296
v -0.070833 0.357500 -0.046804
v -0.053125 0.357500 -0.047199
v -0.035417 0.357500 -0.047480
v -0.017708 0.357500 -0.047649
v 0.000000 0.357500 -0.047705
v 0.017708 0.357500 -0.047649
v 0.035417 0.357500 -0.047480
v 0.053125 0.357500 -0.047199
v 0.070833 0.357500 -0.046804
v 0.088542 0.357500 -0.046296
v 0.106250 0.357500 -0.045672
v 0.123958 0.357500 -0.044933
v 0.141667 0.357500 -0.044077
v 0.159375 0.357500 -0.043100
v 0.177083 0.357500 -0.042002
v 0.194792 0.357500 -0.040779
v 0.212500 0.357500 -0.039426
v 0.230208 0.357500 -0.037938
v 0.247917 0.357500 -0.036309
v 0.265625 0.357500 -0.034528
v 0.283333 0.357500 -0.032584
v 0.301042 0.357500 -0.030458
v 0.318750 0.357500 -0.028127
v 0.336458 0.357500 -0.025555
v 0.354167 0.357500 -0.022684
v 0.371875 0.357500 -0.019418
v 0.389583 0.357500 -0.015567
v 0.407292 0.357500 -0.010645
v -0.407292 0.373125 -0.009316
v -0.389583 0.373125 -0.013624
v -0.371875 0.373125 -0.016994
v -0.354167 0.373125 -0.019853
v -0.336458 0.373125 -0.022365
v -0.318750 0.373125 -0.024617
v -0.301042 0.373125 -0.026657
v -0.283333 0.373125 -0.028517
v -0.265625 0.373125 -0.030219
v -0.247917 0.373125 -0.031777
v -0.230208 0.373125 -0.033204
v -0.212500 0.373125 -0.034506
v -0.194792 0.373125 -0.035690
v -0.177083 0.373125 -0.036760
v -0.159375 0.373125 -0.037721
v -0.141667 0.373125 -0.038576
v -0.123958 0.373125 -0.039325
v -0.106250 0.373125 -0.039972
v -0.088542 0.373125 -0.040518
v -0.070833 0.373125 -0.040963
v -0.053125 0.373125 -0.041308
v -0.035417 0.373125 -0.041555
v -0.017708 0.373125 -0.041702
v 0.000000 0.373125 -0.041752
v 0.017708 0.373125 -0.041702
v 0.035417 0.373125 -0.041555
v 0.053125 0.373125 -0.041308
v 0.070833 0.373125 -0.040963
v 0.088542 0.373125 -0.040518
v 0.106250 0.373125 -0.039972
v 0.123958 0.373125 -0.039325
v 0.141667 0.373125 -0.038576
v 0.159375 0.373125 -0.037721
v 0.177083 0.373125 -0.036760
v 0.194792 0.373125 -0.035690
v 0.212500 0.373125 -0.034506
v 0.230208 0.373125 -0.033204
v 0.247917 0.373125 -0.031777
v 0.265625 0.373125 -0.030219
v 0.283333 0.373125 -0.028517
v 0.301042 0.373125 -0.026657
v 0.318750 0.373125 -0.024617
v 0.336458 0.373125 -0.022365
v 0.354167 0.373125 -0.019853
v 0.371875 0.373125 -0.016994
v 0.389583 0.373125 -0.013624
v 0.407292 0.373125 -0.009316
v -0.407292 0.388750 -0.007730
v -0.389583 0.388750 -0.011304
v -0.371875 0.388750 -0.014100
v -0.354167 0.388750 -0.016472
v -0.336458 0.388750 -0.018556
v -0.318750 0.388750 -0.020425
v -0.301042 0.388750 -0.022117
v -0.283333 0.388750 -0.023661
v -0.265625 0.388750 -0.025072
v -0.247917 0.388750 -0.026366
v -0.230208 0.388750 -0.027549
v -0.212500 0.388750 -0.028629
v -0.194792 0.388750 -0.029611
v -0.177083 0.388750 -0.030500
v -0.159375 0.388750 -0.031297
v -0.141667 0.388750 -0.032006
v -0.123958 0.388750 -0.032628
v -0.106250 0.388750 -0.033165
v -0.088542 0.388750 -0.033618
v -0.070833 0.388750 -0.033987
v -0.053125 0.388750 -0.034273
v -0.035417 0.388750 -0.034478
v -0.017708 0.388750 -0.034600
v 0.000000 0.388750 -0.034641
v 0.017708 0.388750 -0.034600
v 0.035417 0.388750 -0.034478
v 0.053125 0.388750 -0.034273
v 0.070833 0.388750 -0.033987
v 0.088542 0.388750 -0.033618
v 0.106250 0.388750 -0.033165
v 0.123958 0.388750 -0.032628
v 0.141667 0.388750 -0.032006
v 0.159375 0.388750 -0.031297
v 0.177083 0.388750 -0.030500
v 0.194792 0.388750 -0.029611
v 0.212500 0.388750 -0.028629
v 0.230208 0.388750 -0.027549
v 0.247917 0.388750 -0.026366
v 0.265625 0.388750 -0.025072
v 0.283333 0.388750 -0.023661
v 0.301042 0.388750 -0.022117
v 0.318750 0.388750 -0.020425
v 0.336458 0.388750 -0.018556
v 0.354167 0.388750 -0.016472
v 0.371875 0.388750 -0.014100
v 0.389583 0.388750 -0.011304
v 0.407292 0.388750 -0.007730
v -0.407292 0.404375 -0.005632
v -0.389583 0.404375 -0.008237
v -0.371875 0.404375 -0.010274
v -0.354167 0.404375 -0.012002
v -0.336458 0.404375 -0.013521
v -0.318750 0.404375 -0.014883
v -0.301042 0.404375 -0.016116
v -0.283333 0.404375 -0.017241
v -0.265625 0.404375 -0.018269
v -0.247917 0.404375 -0.019212
v -0.230208 0.404375 -0.020074
v -0.212500 0.404375 -0.020861
v -0.194792 0.404375 -0.021577
v -0.177083 0.404375 -0.022224
v -0.159375 0.404375 -0.022805
v -0.141667 0.404375 -0.023322
v -0.123958 0.404375 -0.023775
v -0.106250 0.404375 -0.024166
v -0.088542 0.404375 -0.024496
v -0.070833 0.404375 -0.024765
v -0.053125 0.404375 -0.024974
v -0.035417 0.404375 -0.025123
v -0.017708 0.404375 -0.025212
v 0.000000 0.404375 -0.025242
v 0.017708 0.404375 -0.025212
v 0.035417 0.404375 -0.025123
v 0.053125 0.404375 -0.024974
v 0.070833 0.404375 -0.024765
v 0.088542 0.404375 -0.024496
v 0.106250 0.404375 -0.024166
v 0.123958 0.404375 -0.023775
v 0.141667 0.404375 -0.023322
v 0.159375 0.404375 -0.022805
v 0.177083 0.404375 -0.022224
v 0.194792 0.404375 -0.021577
v 0.212500 0.404375 -0.020861
v 0.230208 0.404375 -0.020074
v 0.247917 0.404375 -0.019212
v 0.265625 0.404375 -0.018269
v 0.283333 0.404375 -0.017241
v 0.301042 0.404375 -0.016116
v 0.318750 0.404375 -0.014883
v 0.336458 0.404375 -0.013521
v 0.354167 0.404375 -0.012002
v 0.371875 0.404375 -0.010274
v 0.389583 0.404375 -0.008237
v 0.407292 0.404375 -0.005632
v 0.000000 0.420000 -0.000000
v 0.425000 0.432000 0.012000
v 0.424852 0.430123 0.012000
v 0.424413 0.428292 0.012000
v 0.423692 0.426552 0.012000
v 0.422708 0.424947 0.012000
v 0.421485 0.423515 0.012000
v 0.420053 0.422292 0.012000
v 0.418448 0.421308 0.012000
v 0.416708 0.420587 0.012000
v 0.414877 0.420148 0.012000
v 0.413000 0.420000 0.012000
v -0.413000 0.420000 0.012000
v -0.414877 0.420148 0.012000
v -0.416708 0.420587 0.012000
v -0.418448 0.421308 0.012000
v -0.420053 0.422292 0.012000
v -0.421485 0.423515 0.012000
v -0.422708 0.424947 0.012000
v -0.423692 0.426552 0.012000
v -0.424413 0.428292 0.012000
v -0.424852 0.430123 0.012000
v -0.425000 0.432000 0.012000
v -0.425000 0.568000 0.012000
v -0.424852 0.569877 0.012000
v -0.424413 0.571708 0.012000
v -0.423692 0.573448 0.012000
v -0.422708 0.575053 0.012000
v -0.421485 0.576485 0.012000
v -0.420053 0.577708 0.012000
v -0.418448 0.578692 0.012000
v -0.416708 0.579413 0.012000
v -0.414877 0.579852 0.012000
v -0.413000 0.580000 0.012000
v 0.413000 0.580000 0.012000
v 0.414877 0.579852 0.012000
v 0.416708 0.579413 0.012000
v 0.418448 0.578692 0.012000
v 0.420053 0.577708 0.012000
v 0.421485 0.576485 0.012000
v 0.422708 0.575053 0.012000
v 0.423692 0.573448 0.012000
v 0.424413 0.571708 0.012000
v 0.424852 0.569877 0.012000
v 0.425000 0.568000 0.012000
v 0.130000 0.508000 0.012000
v 0.129661 0.512302 0.012000
v 0.128654 0.516498 0.012000
v 0.127003 0.520485 0.012000
v 0.124748 0.524164 0.012000
v 0.121945 0.527445 0.012000
v 0.118664 0.530248 0.012000
v 0.114985 0.532503 0.012000
v 0.110998 0.534154 0.012000
v 0.106802 0.535161 0.012000
v 0.102500 0.535500 0.012000
v -0.102500 0.535500 0.012000
v -0.106802 0.535161 0.012000
v -0.110998 0.534154 0.012000
v -0.114985 0.532503 0.012000
v -0.118664 0.530248 0.012000
v -0.121945 0.527445 0.012000
v -0.124748 0.524164 0.012000
v -0.127003 0.520485 0.012000
v -0.128654 0.516498 0.012000
v -0.129661 0.512302 0.012000
v -0.130000 0.508000 0.012000
v -0.129661 0.503698 0.012000
v -0.128654 0.499502 0.012000
v -0.127003 0.495515 0.012000
v -0.124748 0.491836 0.012000
v -0.121945 0.488555 0.012000
v -0.118664 0.485752 0.012000
v -0.114985 0.483497 0.012000
v -0.110998 0.481846 0.012000
v -0.106802 0.480839 0.012000
v -0.102500 0.480500 0.012000
v 0.102500 0.480500 0.012000
v 0.106802 0.480839 0.012000
v 0.110998 0.481846 0.012000
v 0.114985 0.483497 0.012000
v 0.118664 0.485752 0.012000
v 0.121945 0.488555 0.012000
v 0.124748 0.491836 0.012000
v 0.127003 0.495515 0.012000
v 0.128654 0.499502 0.012000
v 0.129661 0.503698 0.012000
v 0.425000 0.432000 -0.012000
v 0.424852 0.430123 -0.012000
v 0.424413 0.428292 -0.012000
v 0.423692 0.426552 -0.012000
v 0.422708 0.424947 -0.012000
v 0.421485 0.423515 -0.012000
v 0.420053 0.422292 -0.012000
v 0.418448 0.421308 -0.012000
v 0.416708 0.420587 -0.012000
v 0.414877 0.420148 -0.012000
v 0.413000 0.420000 -0.012000
v -0.413000 0.420000 -0.012000
v -0.414877 0.420148 -0.012000
v -0.416708 0.420587 -0.012000
v -0.418448 0.421308 -0.012000
v -0.420053 0.422292 -0.012000
v -0.421485 0.423515 -0.012000
v -0.422708 0.424947 -0.012000
v -0.423692 0.426552 -0.012000
v -0.424413 0.428292 -0.012000
v -0.424852 0.430123 -0.012000
v -0.425000 0.432000 -0.012000
v -0.425000 0.568000 -0.012000
v -0.424852 0.569877 -0.012000
v -0.424413 0.571708 -0.012000
v -0.423692 0.573448 -0.012000
v -0.422708 0.575053 -0.012000
v -0.421485 0.576485 -0.012000
v -0.420053 0.577708 -0.012000
v -0.418448 0.578692 -0.012000
v -0.416708 0.579413 -0.012000
v -0.414877 0.579852 -0.012000
v -0.413000 0.580000 -0.012000
v 0.413000 0.580000 -0.012000
v 0.414877 0.579852 -0.012000
v 0.416708 0.579413 -0.012000
v 0.418448 0.578692 -0.012000
v 0.420053 0.577708 -0.012000
v 0.421485 0.576485 -0.012000
v 0.422708 0.575053 -0.012000
v 0.423692 0.573448 -0.012000
v 0.424413 0.571708 -0.012000
v 0.424852 0.569877 -0.012000
v 0.425000 0.568000 -0.012000
v 0.130000 0.508000 -0.012000
v 0.129661 0.512302 -0.012000
v 0.128654 0.516498 -0.012000
v 0.127003 0.520485 -0.012000
v 0.124748 0.524164 -0.012000
v 0.121945 0.527445 -0.012000
v 0.118664 0.530248 -0.012000
v 0.114985 0.532503 -0.012000
v 0.110998 0.534154 -0.012000
v 0.106802 0.535161 -0.012000
v 0.102500 0.535500 -0.012000
v -0.102500 0.535500 -0.012000
v -0.106802 0.535161 -0.012000
v -0.110998 0.534154 -0.012000
v -0.114985 0.532503 -0.012000
v -0.118664 0.530248 -0.012000
v -0.121945 0.527445 -0.012000
v -0.124748 0.524164 -0.012000
v -0.127003 0.520485 -0.012000
v -0.128654 0.516498 -0.012000
v -0.129661 0.512302 -0.012000
v -0.130000 0.508000 -0.012000
v -0.129661 0.503698 -0.012000
v -0.128654 0.499502 -0.012000
v -0.127003 0.495515 -0.012000
v -0.124748 0.491836 -0.012000
v -0.121945 0.488555 -0.012000
v -0.118664 0.485752 -0.012000
v -0.114985 0.483497 -0.012000
v -0.110998 0.481846 -0.012000
v -0.106802 0.480839 -0.012000
v -0.102500 0.480500 -0.012000
v 0.102500 0.480500 -0.012000
v 0.106802 0.480839 -0.012000
v 0.110998 0.481846 -0.012000
v 0.114985 0.483497 -0.012000
v 0.118664 0.485752 -0.012000
v 0.121945 0.488555 -0.012000
v 0.124748 0.491836 -0.012000
v 0.127003 0.495515 -0.012000
v 0.128654 0.499502 -0.012000
v 0.129661 0.503698 -0.012000
v 0.425000 0.432000 -0.012000
v 0.425000 0.432000 0.012000
v 0.424852 0.430123 -0.012000
v 0.424852 0.430123 0.012000
v 0.424413 0.428292 -0.012000
v 0.424413 0.428292 0.012000
v 0.423692 0.426552 -0.012000
v 0.423692 0.426552 0.012000
v 0.422708 0.424947 -0.012000
v 0.422708 0.424947 0.012000
v 0.421485 0.423515 -0.012000
v 0.421485 0.423515 0.012000
v 0.420053 0.422292 -0.012000
v 0.420053 0.422292 0.012000
v 0.418448 0.421308 -0.012000
v 0.418448 0.421308 0.012000
v 0.416708 0.420587 -0.012000
v 0.416708 0.420587 0.012000
v 0.414877 0.420148 -0.012000
v 0.414877 0.420148 0.012000
v 0.413000 0.420000 -0.012000
v 0.413000 0.420000 0.012000
v -0.413000 0.420000 -0.012000
v -0.413000 0.420000 0.012000
v -0.414877 0.420148 -0.012000
v -0.414877 0.420148 0.012000
v -0.416708 0.420587 -0.012000
v -0.416708 0.420587 0.012000
v -0.418448 0.421308 -0.012000
v -0.418448 0.421308 0.012000
v -0.420053 0.422292 -0.012000
v -0.420053 0.422292 0.012000
v -0.421485 0.423515 -0.012000
v -0.421485 0.423515 0.012000
v -0.422708 0.424947 -0.012000
v -0.422708 0.424947 0.012000
v -0.423692 0.426552 -0.012000
v -0.423692 0.426552 0.012000
v -0.424413 0.428292 -0.012000
v -0.424413 0.428292 0.012000
v -0.424852 0.430123 -0.012000
v -0.424852 0.430123 0.012000
v -0.425000 0.432000 -0.012000
v -0.425000 0.432000 0.012000
v -0.425000 0.568000 -0.012000
v -0.425000 0.568000 0.012000
v -0.424852 0.569877 -0.012000
v -0.424852 0.569877 0.012000
v -0.424413 0.571708 -0.012000
v -0.424413 0.571708 0.012000
v -0.423692 0.573448 -0.012000
v -0.423692 0.573448 0.012000
v -0.422708 0.575053 -0.012000
v -0.422708 0.575053 0.012000
v -0.421485 0.576485 -0.012000
v -0.421485 0.576485 0.012000
v -0.420053 0.577708 -0.012000
v -0.420053 0.577708 0.012000
v -0.418448 0.578692 -0.012000
v -0.418448 0.578692 0.012000
v -0.416708 0.579413 -0.012000
v -0.416708 0.579413 0.012000
v -0.414877 0.579852 -0.012000
v -0.414877 0.579852 0.012000
v -0.413000 0.580000 -0.012000
v -0.413000 0.580000 0.012000
v 0.413000 0.580000 -0.012000
v 0.413000 0.580000 0.012000
v 0.414877 0.579852 -0.012000
v 0.414877 0.579852 0.012000
v 0.416708 0.579413 -0.012000
v 0.416708 0.579413 0.012000
v 0.418448 0.578692 -0.012000
v 0.418448 0.578692 0.012000
v 0.420053 0.577708 -0.012000
v 0.420053 0.577708 0.012000
v 0.421485 0.576485 -0.012000
v 0.421485 0.576485 0.012000
v 0.422708 0.575053 -0.012000
v 0.422708 0.575053 0.012000
v 0.423692 0.573448 -0.012000
v 0.423692 0.573448 0.012000
v 0.424413 0.571708 -0.012000
v 0.424413 0.571708 0.012000
v 0.424852 0.569877 -0.012000
v 0.424852 0.569877 0.012000
v 0.425000 0.568000 -0.012000
v 0.425000 0.568000 0.012000
v 0.130000 0.508000 -0.012000
v 0.130000 0.508000 0.012000
v 0.129661 0.512302 -0.012000
v 0.129661 0.512302 0.012000
v 0.128654 0.516498 -0.012000
v 0.128654 0.516498 0.012000
v 0.127003 0.520485 -0.012000
v 0.127003 0.520485 0.012000
v 0.124748 0.524164 -0.012000
v 0.124748 0.524164 0.012000
v 0.121945 0.527445 -0.012000
v 0.121945 0.527445 0.012000
v 0.118664 0.530248 -0.012000
v 0.118664 0.530248 0.012000
v 0.114985 0.532503 -0.012000
v 0.114985 0.532503 0.012000
v 0.110998 0.534154 -0.012000
v 0.110998 0.534154 0.012000
v 0.106802 0.535161 -0.012000
v 0.106802 0.535161 0.012000
v 0.102500 0.535500 -0.012000
v 0.102500 0.535500 0.012000
v -0.102500 0.535500 -0.012000
v -0.102500 0.535500 0.012000
v -0.106802 0.535161 -0.012000
v -0.106802 0.535161 0.012000
v -0.110998 0.534154 -0.012000
v -0.110998 0.534154 0.012000
v -0.114985 0.532503 -0.012000
v -0.114985 0.532503 0.012000
v -0.118664 0.530248 -0.012000
v -0.118664 0.530248 0.012000
v -0.121945 0.527445 -0.012000
v -0.121945 0.527445 0.012000
v -0.124748 0.524164 -0.012000
v -0.124748 0.524164 0.012000
v -0.127003 0.520485 -0.012000
v -0.127003 0.520485 0.012000
v -0.128654 0.516498 -0.012000
v -0.128654 0.516498 0.012000
v -0.129661 0.512302 -0.012000
v -0.129661 0.512302 0.012000
v -0.130000 0.508000 -0.012000
v -0.130000 0.508000 0.012000
v -0.129661 0.503698 -0.012000
v -0.129661 0.503698 0.012000
v -0.128654 0.499502 -0.012000
v -0.128654 0.499502 0.012000
v -0.127003 0.495515 -0.012000
v -0.127003 0.495515 0.012000
v -0.124748 0.491836 -0.012000
v -0.124748 0.491836 0.012000
v -0.121945 0.488555 -0.012000
v -0.121945 0.488555 0.012000
v -0.118664 0.485752 -0.012000
v -0.118664 0.485752 0.012000
v -0.114985 0.483497 -0.012000
v -0.114985 0.483497 0.012000
v -0.110998 0.481846 -0.012000
v -0.110998 0.481846 0.012000
v -0.106802 0.480839 -0.012000
v -0.106802 0.480839 0.012000
v -0.102500 0.480500 -0.012000
v -0.102500 0.480500 0.012000
v 0.102500 0.480500 -0.012000
v 0.102500 0.480500 0.012000
v 0.106802 0.480839 -0.012000
v 0.106802 0.480839 0.012000
v 0.110998 0.481846 -0.012000
v 0.110998 0.481846 0.012000
v 0.114985 0.483497 -0.012000
v 0.114985 0.483497 0.012000
v 0.118664 0.485752 -0.012000
v 0.118664 0.485752 0.012000
v 0.121945 0.488555 -0.012000
v 0.121945 0.488555 0.012000
v 0.124748 0.491836 -0.012000
v 0.124748 0.491836 0.012000
v 0.127003 0.495515 -0.012000
v 0.127003 0.495515 0.012000
v 0.128654 0.499502 -0.012000
v 0.128654 0.499502 0.012000
v 0.129661 0.503698 -0.012000
v 0.129661 0.503698 0.012000
vn -0.1255 -0.4363 0.8910
vn -0.2561 -0.3788 0.8894
vn -0.4203 -0.2932 0.8587
vn -0.0400 -0.5392 0.8413
vn -0.1469 -0.4593 0.8760
vn -0.0277 -0.6338 0.7730
vn -0.1163 -0.5197 0.8464
vn -0.0210 -0.6958 0.7179
vn -0.0979 -0.5652 0.8191
vn -0.0167 -0.7398 0.6726
vn -0.0848 -0.6009 0.7948
vn -0.0136 -0.7725 0.6349
vn -0.0747 -0.6298 0.7732
vn -0.0113 -0.7976 0.6031
vn -0.0665 -0.6537 0.7539
vn -0.0095 -0.8174 0.5759
vn -0.0596 -0.6737 0.7366
vn -0.0081 -0.8334 0.5527
vn -0.0536 -0.6906 0.7212
vn -0.0070 -0.8464 0.5326
vn -0.0482 -0.7052 0.7074
vn -0.0060 -0.8571 0.5151
vn -0.0434 -0.7176 0.6951
vn -0.0052 -0.8661 0.4999
vn -0.0390 -0.7284 0.6840
vn -0.0045 -0.8736 0.4867
vn -0.0349 -0.7377 0.6742
vn -0.0038 -0.8799 0.4752
vn -0.0311 -0.7458 0.6654
vn -0.0033 -0.8852 0.4652
vn -0.0275 -0.7528 0.6577
vn -0.0028 -0.8897 0.4565
vn -0.0240 -0.7587 0.6510
vn -0.0024 -0.8935 0.4491
vn -0.0207 -0.7638 0.6451
vn -0.0020 -0.8966 0.4428
vn -0.0176 -0.7680 0.6402
vn -0.0016 -0.8992 0.4375
vn -0.0145 -0.7715 0.6360
vn -0.0013 -0.9013 0.4331
vn -0.0115 -0.7744 0.6326
vn -0.0010 -0.9030 0.4297
vn -0.0085 -0.7765 0.6300
vn -0.0007 -0.9042 0.4272
vn -0.0056 -0.7780 0.6282
vn -0.0004 -0.9050 0.4254
vn -0.0027 -0.7789 0.6271
vn -0.0001 -0.9054 0.4245
vn -0.0000 -0.7792 0.6267
vn 0.0001 -0.9054 0.4245
vn -0.0000 -0.9055 0.4243
vn 0.0004 -0.9050 0.4254
vn 0.0027 -0.7789 0.6271
vn 0.0007 -0.9042 0.4272
vn 0.0056 -0.7780 0.6282
vn 0.0010 -0.9030 0.4297
vn 0.0085 -0.7765 0.6300
vn 0.0013 -0.9013 0.4331
vn 0.0115 -0.7744 0.6326
vn 0.0016 -0.8992 0.4375
vn 0.0145 -0.7715 0.6360
vn 0.0020 -0.8966 0.4428
vn 0.0176 -0.7680 0.6402
vn 0.0024 -0.8935 0.4491
vn 0.0207 -0.7638 0.6451
vn 0.0028 -0.8897 0.4565
vn 0.0240 -0.7587 0.6510
vn 0.0033 -0.8852 0.4652
vn 0.0275 -0.7528 0.6577
vn 0.0038 -0.8799 0.4752
vn 0.0311 -0.7458 0.6654
vn 0.0045 -0.8736 0.4867
vn 0.0349 -0.7377 0.6742
vn 0.0052 -0.8661 0.4999
vn 0.0390 -0.7284 0.6840
vn 0.0060 -0.8571 0.5151
vn 0.0434 -0.7176 0.6951
vn 0.0070 -0.8464 0.5326
vn 0.0482 -0.7052 0.7074
vn 0.0081 -0.8334 0.5527
vn 0.0536 -0.6906 0.7212
vn 0.0095 -0.8174 0.5759
vn 0.0596 -0.6737 0.7366
vn 0.0113 -0.7976 0.6031
vn 0.0665 -0.6537 0.7539
vn 0.0136 -0.7725 0.6349
vn 0.0747 -0.6298 0.7732
vn 0.0167 -0.7398 0.6726
vn 0.0848 -0.6009 0.7948
vn 0.0210 -0.6958 0.7179
vn 0.0979 -0.5652 0.8191
vn 0.0277 -0.6338 0.7730
vn 0.1163 -0.5197 0.8464
vn 0.0400 -0.5392 0.8413
vn 0.1469 -0.4593 0.8760
vn 0.1255 -0.4363 0.8910
vn 0.2561 -0.3788 0.8894
vn -0.3675 -0.2262 0.9021
vn -0.5160 -0.1693 0.8397
vn -0.2209 -0.2589 0.9403
vn -0.1791 -0.2965 0.9381
vn -0.1535 -0.3293 0.9317
vn -0.1352 -0.3579 0.9239
vn -0.1207 -0.3831 0.9158
vn -0.1088 -0.4055 0.9076
vn -0.0985 -0.4254 0.8996
vn -0.0895 -0.4432 0.8919
vn -0.0813 -0.4591 0.8847
vn -0.0737 -0.4733 0.8778
vn -0.0667 -0.4860 0.8714
vn -0.0601 -0.4973 0.8655
vn -0.0538 -0.5073 0.8601
vn -0.0478 -0.5161 0.8552
vn -0.0420 -0.5238 0.8508
vn -0.0364 -0.5305 0.8469
vn -0.0310 -0.5362 0.8435
vn -0.0256 -0.5409 0.8407
vn -0.0204 -0.5447 0.8384
vn -0.0152 -0.5477 0.8365
vn -0.0100 -0.5498 0.8352
vn -0.0049 -0.5511 0.8344
vn -0.0000 -0.5515 0.8342
vn 0.0049 -0.5511 0.8344
vn 0.0100 -0.5498 0.8352
vn 0.0152 -0.5477 0.8365
vn 0.0204 -0.5447 0.8384
vn 0.0256 -0.5409 0.8407
vn 0.0310 -0.5362 0.8435
vn 0.0364 -0.5305 0.8469
vn 0.0420 -0.5238 0.8508
vn 0.0478 -0.5161 0.8552
vn 0.0538 -0.5073 0.8601
vn 0.0601 -0.4973 0.8655
vn 0.0667 -0.4860 0.8714
vn 0.0737 -0.4733 0.8778
vn 0.0813 -0.4591 0.8847
vn 0.0895 -0.4432 0.8919
vn 0.0985 -0.4254 0.8996
vn 0.1088 -0.4055 0.9076
vn 0.1207 -0.3831 0.9158
vn 0.1352 -0.3579 0.9239
vn 0.1535 -0.3293 0.9317
vn 0.1791 -0.2965 0.9381
vn 0.2209 -0.2589 0.9403
vn 0.4203 -0.2932 0.8587
vn 0.3675 -0.2262 0.9021
vn -0.4309 -0.1578 0.8885
vn -0.5779 -0.1023 0.8097
vn -0.2650 -0.1919 0.9449
vn -0.2164 -0.2246 0.9501
vn -0.1866 -0.2528 0.9494
vn -0.1650 -0.2776 0.9464
vn -0.1481 -0.2997 0.9425
vn -0.1339 -0.3194 0.9381
vn -0.1218 -0.3372 0.9335
vn -0.1109 -0.3531 0.9290
vn -0.1010 -0.3676 0.9245
vn -0.0919 -0.3806 0.9202
vn -0.0834 -0.3923 0.9161
vn -0.0753 -0.4028 0.9122
vn -0.0676 -0.4122 0.9086
vn -0.0602 -0.4205 0.9053
vn -0.0530 -0.4278 0.9023
vn -0.0460 -0.4341 0.8997
vn -0.0392 -0.4396 0.8973
vn -0.0324 -0.4441 0.8954
vn -0.0258 -0.4478 0.8937
vn -0.0193 -0.4507 0.8925
vn -0.0128 -0.4527 0.8916
vn -0.0063 -0.4539 0.8910
vn -0.0000 -0.4544 0.8908
vn 0.0063 -0.4539 0.8910
vn 0.0128 -0.4527 0.8916
vn 0.0193 -0.4507 0.8925
vn 0.0258 -0.4478 0.8937
vn 0.0324 -0.4441 0.8954
vn 0.0392 -0.4396 0.8973
vn 0.0460 -0.4341 0.8997
vn 0.0530 -0.4278 0.9023
vn 0.0602 -0.4205 0.9053
vn 0.0676 -0.4122 0.9086
vn 0.0753 -0.4028 0.9122
vn 0.0834 -0.3923 0.9161
vn 0.0919 -0.3806 0.9202
vn 0.1010 -0.3676 0.9245
vn 0.1109 -0.3531 0.9290
vn 0.1218 -0.3372 0.9335
vn 0.1339 -0.3194 0.9381
vn 0.1481 -0.2997 0.9425
vn 0.1650 -0.2776 0.9464
vn 0.1866 -0.2528 0.9494
vn 0.2164 -0.2246 0.9501
vn 0.2650 -0.1919 0.9449
vn 0.5160 -0.1693 0.8397
vn 0.4309 -0.1578 0.8885
vn -0.4800 -0.0917 0.8725
vn -0.6114 -0.0319 0.7907
vn -0.3005 -0.1359 0.9440
vn -0.2465 -0.1686 0.9544
vn -0.2132 -0.1960 0.9572
vn -0.1891 -0.2197 0.9571
vn -0.1700 -0.2406 0.9556
vn -0.1542 -0.2593 0.9534
vn -0.1404 -0.2761 0.9508
vn -0.1281 -0.2914 0.9480
vn -0.1170 -0.3051 0.9451
vn -0.1066 -0.3176 0.9422
vn -0.0968 -0.3288 0.9394
vn -0.0876 -0.3390 0.9367
vn -0.0787 -0.3481 0.9342
vn -0.0701 -0.3562 0.9318
vn -0.0618 -0.3634 0.9296
vn -0.0537 -0.3696 0.9276
vn -0.0458 -0.3750 0.9259
vn -0.0380 -0.3796 0.9244
vn -0.0303 -0.3833 0.9231
vn -0.0226 -0.3862 0.9221
vn -0.0150 -0.3884 0.9214
vn -0.0075 -0.3897 0.9209
vn -0.0000 -0.3902 0.9207
vn 0.0075 -0.3897 0.9209
vn 0.0150 -0.3884 0.9214
vn 0.0226 -0.3862 0.9221
vn 0.0303 -0.3833 0.9231
vn 0.0380 -0.3796 0.9244
vn 0.0458 -0.3750 0.9259
vn 0.0537 -0.3696 0.9276
vn 0.0618 -0.3634 0.9296
vn 0.0701 -0.3562 0.9318
vn 0.0787 -0.3481 0.9342
vn 0.0876 -0.3390 0.9367
vn 0.0968 -0.3288 0.9394
vn 0.1066 -0.3176 0.9422
vn 0.1170 -0.3051 0.9451
vn 0.1281 -0.2914 0.9480
vn 0.1404 -0.2761 0.9508
vn 0.1542 -0.2593 0.9534
vn 0.1700 -0.2406 0.9556
vn 0.1891 -0.2197 0.9571
vn 0.2132 -0.1960 0.9572
vn 0.2465 -0.1686 0.9544
vn 0.3005 -0.1359 0.9440
vn 0.5779 -0.1023 0.8097
vn 0.4800 -0.0917 0.8725
vn -0.6367 -0.0162 0.7710
vn -0.5141 -0.0710 0.8548
vn -0.3282 -0.1133 0.9378
vn -0.2704 -0.1429 0.9521
vn -0.2345 -0.1676 0.9576
vn -0.2085 -0.1889 0.9596
vn -0.1878 -0.2078 0.9600
vn -0.1706 -0.2247 0.9594
vn -0.1556 -0.2399 0.9582
vn -0.1422 -0.2537 0.9568
vn -0.1300 -0.2662 0.9551
vn -0.1186 -0.2775 0.9534
vn -0.1079 -0.2878 0.9516
vn -0.0977 -0.2971 0.9499
vn -0.0879 -0.3054 0.9482
vn -0.0784 -0.3128 0.9466
vn -0.0692 -0.3193 0.9451
vn -0.0601 -0.3250 0.9438
vn -0.0513 -0.3299 0.9426
vn -0.0426 -0.3340 0.9416
vn -0.0340 -0.3373 0.9408
vn -0.0254 -0.3399 0.9401
vn -0.0170 -0.3417 0.9396
vn -0.0085 -0.3428 0.9394
vn 0.0085 -0.3428 0.9394
vn -0.0000 -0.3432 0.9393
vn 0.0170 -0.3417 0.9396
vn 0.0254 -0.3399 0.9401
vn 0.0340 -0.3373 0.9408
vn 0.0426 -0.3340 0.9416
vn 0.0513 -0.3299 0.9426
vn 0.0601 -0.3250 0.9438
vn 0.0692 -0.3193 0.9451
vn 0.0784 -0.3128 0.9466
vn 0.0879 -0.3054 0.9482
vn 0.0977 -0.2971 0.9499
vn 0.1079 -0.2878 0.9516
vn 0.1186 -0.2775 0.9534
vn 0.1300 -0.2662 0.9551
vn 0.1422 -0.2537 0.9568
vn 0.1556 -0.2399 0.9582
vn 0.1706 -0.2247 0.9594
vn 0.1878 -0.2078 0.9600
vn 0.2085 -0.1889 0.9596
vn 0.2345 -0.1676 0.9576
vn 0.2704 -0.1429 0.9521
vn 0.3282 -0.1133 0.9378
vn 0.5141 -0.0710 0.8548
vn 0.6367 -0.0162 0.7710
vn -0.6671 -0.0106 0.7449
vn -0.5411 -0.0593 0.8389
vn -0.3514 -0.0976 0.9311
vn -0.2907 -0.1243 0.9487
vn -0.2527 -0.1464 0.9564
vn -0.2250 -0.1656 0.9602
vn -0.2031 -0.1826 0.9620
vn -0.1847 -0.1979 0.9627
vn -0.1687 -0.2117 0.9627
vn -0.1543 -0.2242 0.9622
vn -0.1412 -0.2356 0.9615
vn -0.1289 -0.2459 0.9607
vn -0.1174 -0.2553 0.9597
vn -0.1064 -0.2638 0.9587
vn -0.0958 -0.2714 0.9577
vn -0.0855 -0.2782 0.9567
vn -0.0755 -0.2842 0.9558
vn -0.0657 -0.2894 0.9549
vn -0.0560 -0.2939 0.9542
vn -0.0465 -0.2977 0.9535
vn -0.0371 -0.3008 0.9530
vn -0.0278 -0.3032 0.9525
vn -0.0185 -0.3049 0.9522
vn -0.0093 -0.3059 0.9520
vn 0.0093 -0.3059 0.9520
vn -0.0000 -0.3063 0.9520
vn 0.0185 -0.3049 0.9522
vn 0.0278 -0.3032 0.9525
vn 0.0371 -0.3008 0.9530
vn 0.0465 -0.2977 0.9535
vn 0.0560 -0.2939 0.9542
vn 0.0657 -0.2894 0.9549
vn 0.0755 -0.2842 0.9558
vn 0.0855 -0.2782 0.9567
vn 0.0958 -0.2714 0.9577
vn 0.1064 -0.2638 0.9587
vn 0.1174 -0.2553 0.9597
vn 0.1289 -0.2459 0.9607
vn 0.1412 -0.2356 0.9615
vn 0.1543 -0.2242 0.9622
vn 0.1687 -0.2117 0.9627
vn 0.1847 -0.1979 0.9627
vn 0.2031 -0.1826 0.9620
vn 0.2250 -0.1656 0.9602
vn 0.2527 -0.1464 0.9564
vn 0.2907 -0.1243 0.9487
vn 0.3514 -0.0976 0.9311
vn 0.5411 -0.0593 0.8389
vn 0.6671 -0.0106 0.7449
vn -0.6915 -0.0089 0.7223
vn -0.5637 -0.0521 0.8243
vn -0.3714 -0.0865 0.9244
vn -0.3083 -0.1104 0.9449
vn -0.2686 -0.1303 0.9544
vn -0.2395 -0.1477 0.9596
vn -0.2164 -0.1630 0.9626
vn -0.1971 -0.1769 0.9643
vn -0.1801 -0.1894 0.9652
vn -0.1650 -0.2008 0.9657
vn -0.1510 -0.2111 0.9657
vn -0.1380 -0.2205 0.9656
vn -0.1257 -0.2291 0.9652
vn -0.1140 -0.2369 0.9648
vn -0.1027 -0.2438 0.9644
vn -0.0917 -0.2501 0.9639
vn -0.0810 -0.2556 0.9634
vn -0.0705 -0.2604 0.9629
vn -0.0602 -0.2646 0.9625
vn -0.0500 -0.2681 0.9621
vn -0.0399 -0.2709 0.9618
vn -0.0299 -0.2731 0.9615
vn -0.0199 -0.2747 0.9613
vn -0.0100 -0.2756 0.9612
vn 0.0100 -0.2756 0.9612
vn -0.0000 -0.2759 0.9612
vn 0.0199 -0.2747 0.9613
vn 0.0299 -0.2731 0.9615
vn 0.0399 -0.2709 0.9618
vn 0.0500 -0.2681 0.9621
vn 0.0602 -0.2646 0.9625
vn 0.0705 -0.2604 0.9629
vn 0.0810 -0.2556 0.9634
vn 0.0917 -0.2501 0.9639
vn 0.1027 -0.2438 0.9644
vn 0.1140 -0.2369 0.9648
vn 0.1257 -0.2291 0.9652
vn 0.1380 -0.2205 0.9656
vn 0.1510 -0.2111 0.9657
vn 0.1650 -0.2008 0.9657
vn 0.1801 -0.1894 0.9652
vn 0.1971 -0.1769 0.9643
vn 0.2164 -0.1630 0.9626
vn 0.2395 -0.1477 0.9596
vn 0.2686 -0.1303 0.9544
vn 0.3083 -0.1104 0.9449
vn 0.3714 -0.0865 0.9244
vn 0.5637 -0.0521 0.8243
vn 0.6915 -0.0089 0.7223
vn -0.7115 -0.0076 0.7027
vn -0.5830 -0.0462 0.8112
vn -0.3889 -0.0773 0.9180
vn -0.3238 -0.0990 0.9409
vn -0.2826 -0.1170 0.9521
vn -0.2524 -0.1328 0.9585
vn -0.2283 -0.1467 0.9625
vn -0.2080 -0.1593 0.9651
vn -0.1903 -0.1707 0.9668
vn -0.1744 -0.1811 0.9679
vn -0.1598 -0.1906 0.9686
vn -0.1461 -0.1992 0.9690
vn -0.1332 -0.2071 0.9692
vn -0.1208 -0.2142 0.9693
vn -0.1089 -0.2206 0.9693
vn -0.0973 -0.2264 0.9692
vn -0.0859 -0.2314 0.9690
vn -0.0748 -0.2359 0.9689
vn -0.0639 -0.2397 0.9687
vn -0.0531 -0.2430 0.9686
vn -0.0424 -0.2456 0.9684
vn -0.0317 -0.2476 0.9683
vn -0.0211 -0.2491 0.9683
vn -0.0106 -0.2499 0.9682
vn 0.0106 -0.2499 0.9682
vn -0.0000 -0.2502 0.9682
vn 0.0211 -0.2491 0.9683
vn 0.0317 -0.2476 0.9683
vn 0.0424 -0.2456 0.9684
vn 0.0531 -0.2430 0.9686
vn 0.0639 -0.2397 0.9687
vn 0.0748 -0.2359 0.9689
vn 0.0859 -0.2314 0.9690
vn 0.0973 -0.2264 0.9692
vn 0.1089 -0.2206 0.9693
vn 0.1208 -0.2142 0.9693
vn 0.1332 -0.2071 0.9692
vn 0.1461 -0.1992 0.9690
vn 0.1598 -0.1906 0.9686
vn 0.1744 -0.1811 0.9679
vn 0.1903 -0.1707 0.9668
vn 0.2080 -0.1593 0.9651
vn 0.2283 -0.1467 0.9625
vn 0.2524 -0.1328 0.9585
vn 0.2826 -0.1170 0.9521
vn 0.3238 -0.0990 0.9409
vn 0.3889 -0.0773 0.9180
vn 0.5830 -0.0462 0.8112
vn 0.7115 -0.0076 0.7027
vn -0.7281 -0.0065 0.6854
vn -0.5994 -0.0413 0.7994
vn -0.4044 -0.0695 0.9119
vn -0.3376 -0.0892 0.9371
vn -0.2951 -0.1057 0.9496
vn -0.2638 -0.1200 0.9571
vn -0.2389 -0.1328 0.9619
vn -0.2178 -0.1443 0.9653
vn -0.1994 -0.1547 0.9676
vn -0.1829 -0.1643 0.9693
vn -0.1676 -0.1729 0.9706
vn -0.1534 -0.1809 0.9715
vn -0.1399 -0.1881 0.9721
vn -0.1269 -0.1946 0.9726
vn -0.1144 -0.2005 0.9730
vn -0.1023 -0.2058 0.9732
vn -0.0904 -0.2105 0.9734
vn -0.0787 -0.2146 0.9735
vn -0.0672 -0.2182 0.9736
vn -0.0558 -0.2211 0.9736
vn -0.0446 -0.2236 0.9737
vn -0.0334 -0.2255 0.9737
vn -0.0223 -0.2268 0.9737
vn -0.0111 -0.2276 0.9737
vn 0.0111 -0.2276 0.9737
vn -0.0000 -0.2279 0.9737
vn 0.0223 -0.2268 0.9737
vn 0.0334 -0.2255 0.9737
vn 0.0446 -0.2236 0.9737
vn 0.0558 -0.2211 0.9736
vn 0.0672 -0.2182 0.9736
vn 0.0787 -0.2146 0.9735
vn 0.0904 -0.2105 0.9734
vn 0.1023 -0.2058 0.9732
vn 0.1144 -0.2005 0.9730
vn 0.1269 -0.1946 0.9726
vn 0.1399 -0.1881 0.9721
vn 0.1534 -0.1809 0.9715
vn 0.1676 -0.1729 0.9706
vn 0.1829 -0.1643 0.9693
vn 0.1994 -0.1547 0.9676
vn 0.2178 -0.1443 0.9653
vn 0.2389 -0.1328 0.9619
vn 0.2638 -0.1200 0.9571
vn 0.2951 -0.1057 0.9496
vn 0.3376 -0.0892 0.9371
vn 0.4044 -0.0695 0.9119
vn 0.5994 -0.0413 0.7994
vn 0.7281 -0.0065 0.6854
vn -0.7422 -0.0057 0.6701
vn -0.6137 -0.0371 0.7887
vn -0.4181 -0.0628 0.9062
vn -0.3499 -0.0808 0.9333
vn -0.3063 -0.0958 0.9471
vn -0.2741 -0.1089 0.9555
vn -0.2484 -0.1206 0.9611
vn -0.2267 -0.1311 0.9651
vn -0.2076 -0.1407 0.9680
vn -0.1905 -0.1494 0.9703
vn -0.1747 -0.1574 0.9720
vn -0.1599 -0.1647 0.9733
vn -0.1459 -0.1713 0.9744
vn -0.1324 -0.1773 0.9752
vn -0.1194 -0.1828 0.9759
vn -0.1068 -0.1877 0.9764
vn -0.0944 -0.1920 0.9768
vn -0.0822 -0.1958 0.9772
vn -0.0702 -0.1990 0.9775
vn -0.0584 -0.2018 0.9777
vn -0.0466 -0.2040 0.9779
vn -0.0349 -0.2058 0.9780
vn -0.0233 -0.2070 0.9781
vn -0.0116 -0.2078 0.9781
vn 0.0116 -0.2078 0.9781
vn -0.0000 -0.2080 0.9781
vn 0.0233 -0.2070 0.9781
vn 0.0349 -0.2058 0.9780
vn 0.0466 -0.2040 0.9779
vn 0.0584 -0.2018 0.9777
vn 0.0702 -0.1990 0.9775
vn 0.0822 -0.1958 0.9772
vn 0.0944 -0.1920 0.9768
vn 0.1068 -0.1877 0.9764
vn 0.1194 -0.1828 0.9759
vn 0.1324 -0.1773 0.9752
vn 0.1459 -0.1713 0.9744
vn 0.1599 -0.1647 0.9733
vn 0.1747 -0.1574 0.9720
vn 0.1905 -0.1494 0.9703
vn 0.2076 -0.1407 0.9680
vn 0.2267 -0.1311 0.9651
vn 0.2484 -0.1206 0.9611
vn 0.2741 -0.1089 0.9555
vn 0.3063 -0.0958 0.9471
vn 0.3499 -0.0808 0.9333
vn 0.4181 -0.0628 0.9062
vn 0.6137 -0.0371 0.7887
vn 0.7422 -0.0057 0.6701
vn -0.7542 -0.0050 0.6566
vn -0.6261 -0.0334 0.7790
vn -0.4303 -0.0568 0.9009
vn -0.3609 -0.0733 0.9297
vn -0.3163 -0.0870 0.9447
vn -0.2834 -0.0990 0.9539
vn -0.2569 -0.1097 0.9602
vn -0.2346 -0.1193 0.9647
vn -0.2150 -0.1281 0.9682
vn -0.1974 -0.1361 0.9708
vn -0.1811 -0.1435 0.9729
vn -0.1658 -0.1502 0.9747
vn -0.1513 -0.1563 0.9761
vn -0.1374 -0.1618 0.9772
vn -0.1240 -0.1668 0.9782
vn -0.1108 -0.1713 0.9790
vn -0.0980 -0.1753 0.9796
vn -0.0854 -0.1788 0.9802
vn -0.0729 -0.1818 0.9806
vn -0.0606 -0.1844 0.9810
vn -0.0484 -0.1865 0.9813
vn -0.0363 -0.1881 0.9815
vn -0.0242 -0.1892 0.9816
vn -0.0121 -0.1899 0.9817
vn 0.0121 -0.1899 0.9817
vn -0.0000 -0.1901 0.9818
vn 0.0242 -0.1892 0.9816
vn 0.0363 -0.1881 0.9815
vn 0.0484 -0.1865 0.9813
vn 0.0606 -0.1844 0.9810
vn 0.0729 -0.1818 0.9806
vn 0.0854 -0.1788 0.9802
vn 0.0980 -0.1753 0.9796
vn 0.1108 -0.1713 0.9790
vn 0.1240 -0.1668 0.9782
vn 0.1374 -0.1618 0.9772
vn 0.1513 -0.1563 0.9761
vn 0.1658 -0.1502 0.9747
vn 0.1811 -0.1435 0.9729
vn 0.1974 -0.1361 0.9708
vn 0.2150 -0.1281 0.9682
vn 0.2346 -0.1193 0.9647
vn 0.2569 -0.1097 0.9602
vn 0.2834 -0.0990 0.9539
vn 0.3163 -0.0870 0.9447
vn 0.3609 -0.0733 0.9297
vn 0.4303 -0.0568 0.9009
vn 0.6261 -0.0334 0.7790
vn 0.7542 -0.0050 0.6566
vn -0.7646 -0.0044 0.6445
vn -0.6370 -0.0301 0.7702
vn -0.4413 -0.0515 0.8959
vn -0.3708 -0.0665 0.9263
vn -0.3254 -0.0791 0.9423
vn -0.2917 -0.0900 0.9523
vn -0.2647 -0.0998 0.9591
vn -0.2418 -0.1087 0.9642
vn -0.2218 -0.1167 0.9681
vn -0.2036 -0.1241 0.9712
vn -0.1869 -0.1308 0.9736
vn -0.1712 -0.1370 0.9757
vn -0.1563 -0.1426 0.9774
vn -0.1419 -0.1477 0.9788
vn -0.1281 -0.1523 0.9800
vn -0.1146 -0.1564 0.9810
vn -0.1013 -0.1601 0.9819
vn -0.0883 -0.1633 0.9826
vn -0.0754 -0.1661 0.9832
vn -0.0627 -0.1685 0.9837
vn -0.0501 -0.1704 0.9841
vn -0.0375 -0.1719 0.9844
vn -0.0250 -0.1729 0.9846
vn -0.0125 -0.1736 0.9847
vn 0.0125 -0.1736 0.9847
vn -0.0000 -0.1738 0.9848
vn 0.0250 -0.1729 0.9846
vn 0.0375 -0.1719 0.9844
vn 0.0501 -0.1704 0.9841
vn 0.0627 -0.1685 0.9837
vn 0.0754 -0.1661 0.9832
vn 0.0883 -0.1633 0.9826
vn 0.1013 -0.1601 0.9819
vn 0.1146 -0.1564 0.9810
vn 0.1281 -0.1523 0.9800
vn 0.1419 -0.1477 0.9788
vn 0.1563 -0.1426 0.9774
vn 0.1712 -0.1370 0.9757
vn 0.1869 -0.1308 0.9736
vn 0.2036 -0.1241 0.9712
vn 0.2218 -0.1167 0.9681
vn 0.2418 -0.1087 0.9642
vn 0.2647 -0.0998 0.9591
vn 0.2917 -0.0900 0.9523
vn 0.3254 -0.0791 0.9423
vn 0.3708 -0.0665 0.9263
vn 0.4413 -0.0515 0.8959
vn 0.6370 -0.0301 0.7702
vn 0.7646 -0.0044 0.6445
vn -0.7735 -0.0039 0.6338
vn -0.6466 -0.0272 0.7623
vn -0.4510 -0.0467 0.8913
vn -0.3797 -0.0604 0.9231
vn -0.3336 -0.0718 0.9400
vn -0.2993 -0.0819 0.9506
vn -0.2717 -0.0908 0.9581
vn -0.2484 -0.0989 0.9636
vn -0.2278 -0.1063 0.9679
vn -0.2093 -0.1130 0.9713
vn -0.1921 -0.1192 0.9741
vn -0.1761 -0.1248 0.9764
vn -0.1608 -0.1300 0.9784
vn -0.1461 -0.1347 0.9801
vn -0.1318 -0.1389 0.9815
vn -0.1179 -0.1427 0.9827
vn -0.1043 -0.1461 0.9838
vn -0.0909 -0.1491 0.9846
vn -0.0777 -0.1516 0.9854
vn -0.0646 -0.1538 0.9860
vn -0.0516 -0.1556 0.9865
vn -0.0386 -0.1569 0.9869
vn -0.0257 -0.1579 0.9871
vn -0.0129 -0.1585 0.9873
vn 0.0129 -0.1585 0.9873
vn -0.0000 -0.1587 0.9873
vn 0.0257 -0.1579 0.9871
vn 0.0386 -0.1569 0.9869
vn 0.0516 -0.1556 0.9865
vn 0.0646 -0.1538 0.9860
vn 0.0777 -0.1516 0.9854
vn 0.0909 -0.1491 0.9846
vn 0.1043 -0.1461 0.9838
vn 0.1179 -0.1427 0.9827
vn 0.1318 -0.1389 0.9815
vn 0.1461 -0.1347 0.9801
vn 0.1608 -0.1300 0.9784
vn 0.1761 -0.1248 0.9764
vn 0.1921 -0.1192 0.9741
vn 0.2093 -0.1130 0.9713
vn 0.2278 -0.1063 0.9679
vn 0.2484 -0.0989 0.9636
vn 0.2717 -0.0908 0.9581
vn 0.2993 -0.0819 0.9506
vn 0.3336 -0.0718 0.9400
vn 0.3797 -0.0604 0.9231
vn 0.4510 -0.0467 0.8913
vn 0.6466 -0.0272 0.7623
vn 0.7735 -0.0039 0.6338
vn -0.7812 -0.0034 0.6242
vn -0.6551 -0.0245 0.7552
vn -0.4598 -0.0422 0.8870
vn -0.3877 -0.0547 0.9201
vn -0.3409 -0.0652 0.9378
vn -0.3061 -0.0743 0.9491
vn -0.2781 -0.0825 0.9570
vn -0.2543 -0.0899 0.9629
vn -0.2333 -0.0966 0.9676
vn -0.2144 -0.1028 0.9713
vn -0.1969 -0.1084 0.9744
vn -0.1805 -0.1136 0.9770
vn -0.1648 -0.1183 0.9792
vn -0.1498 -0.1226 0.9811
vn -0.1352 -0.1265 0.9827
vn -0.1210 -0.1299 0.9841
vn -0.1070 -0.1330 0.9853
vn -0.0933 -0.1358 0.9863
vn -0.0797 -0.1381 0.9872
vn -0.0663 -0.1401 0.9879
vn -0.0529 -0.1417 0.9885
vn -0.0397 -0.1430 0.9889
vn -0.0264 -0.1439 0.9892
vn -0.0132 -0.1444 0.9894
vn 0.0132 -0.1444 0.9894
vn -0.0000 -0.1446 0.9895
vn 0.0264 -0.1439 0.9892
vn 0.0397 -0.1430 0.9889
vn 0.0529 -0.1417 0.9885
vn 0.0663 -0.1401 0.9879
vn 0.0797 -0.1381 0.9872
vn 0.0933 -0.1358 0.9863
vn 0.1070 -0.1330 0.9853
vn 0.1210 -0.1299 0.9841
vn 0.1352 -0.1265 0.9827
vn 0.1498 -0.1226 0.9811
vn 0.1648 -0.1183 0.9792
vn 0.1805 -0.1136 0.9770
vn 0.1969 -0.1084 0.9744
vn 0.2144 -0.1028 0.9713
vn 0.2333 -0.0966 0.9676
vn 0.2543 -0.0899 0.9629
vn 0.2781 -0.0825 0.9570
vn 0.3061 -0.0743 0.9491
vn 0.3409 -0.0652 0.9378
vn 0.3877 -0.0547 0.9201
vn 0.4598 -0.0422 0.8870
vn 0.6551 -0.0245 0.7552
vn 0.7812 -0.0034 0.6242
vn -0.7880 -0.0030 0.6157
vn -0.6625 -0.0221 0.7487
vn -0.4676 -0.0381 0.8831
vn -0.3949 -0.0495 0.9174
vn -0.3476 -0.0590 0.9358
vn -0.3123 -0.0673 0.9476
vn -0.2838 -0.0747 0.9560
vn -0.2596 -0.0814 0.9623
vn -0.2383 -0.0876 0.9672
vn -0.2190 -0.0932 0.9713
vn -0.2012 -0.0983 0.9746
vn -0.1845 -0.1030 0.9774
vn -0.1685 -0.1073 0.9798
vn -0.1532 -0.1112 0.9819
vn -0.1383 -0.1148 0.9837
vn -0.1238 -0.1180 0.9853
vn -0.1095 -0.1208 0.9866
vn -0.0955 -0.1233 0.9878
vn -0.0816 -0.1254 0.9887
vn -0.0678 -0.1273 0.9895
vn -0.0542 -0.1287 0.9902
vn -0.0406 -0.1299 0.9907
vn -0.0270 -0.1307 0.9911
vn -0.0135 -0.1312 0.9913
vn 0.0135 -0.1312 0.9913
vn -0.0000 -0.1314 0.9913
vn 0.0270 -0.1307 0.9911
vn 0.0406 -0.1299 0.9907
vn 0.0542 -0.1287 0.9902
vn 0.0678 -0.1273 0.9895
vn 0.0816 -0.1254 0.9887
vn 0.0955 -0.1233 0.9878
vn 0.1095 -0.1208 0.9866
vn 0.1238 -0.1180 0.9853
vn 0.1383 -0.1148 0.9837
vn 0.1532 -0.1112 0.9819
vn 0.1685 -0.1073 0.9798
vn 0.1845 -0.1030 0.9774
vn 0.2012 -0.0983 0.9746
vn 0.2190 -0.0932 0.9713
vn 0.2383 -0.0876 0.9672
vn 0.2596 -0.0814 0.9623
vn 0.2838 -0.0747 0.9560
vn 0.3123 -0.0673 0.9476
vn 0.3476 -0.0590 0.9358
vn 0.3949 -0.0495 0.9174
vn 0.4676 -0.0381 0.8831
vn 0.6625 -0.0221 0.7487
vn 0.7880 -0.0030 0.6157
vn -0.7938 -0.0027 0.6081
vn -0.6691 -0.0198 0.7429
vn -0.4746 -0.0343 0.8795
vn -0.4014 -0.0446 0.9148
vn -0.3535 -0.0532 0.9339
vn -0.3178 -0.0607 0.9462
vn -0.2889 -0.0674 0.9550
vn -0.2644 -0.0735 0.9616
vn -0.2428 -0.0791 0.9668
vn -0.2232 -0.0842 0.9711
vn -0.2051 -0.0888 0.9747
vn -0.1881 -0.0931 0.9777
vn -0.1718 -0.0970 0.9803
vn -0.1562 -0.1006 0.9826
vn -0.1411 -0.1038 0.9845
vn -0.1263 -0.1067 0.9862
vn -0.1117 -0.1092 0.9877
vn -0.0974 -0.1115 0.9890
vn -0.0833 -0.1135 0.9900
vn -0.0692 -0.1151 0.9909
vn -0.0553 -0.1165 0.9917
vn -0.0414 -0.1175 0.9922
vn -0.0276 -0.1182 0.9926
vn -0.0138 -0.1187 0.9928
vn 0.0138 -0.1187 0.9928
vn -0.0000 -0.1188 0.9929
vn 0.0276 -0.1182 0.9926
vn 0.0414 -0.1175 0.9922
vn 0.0553 -0.1165 0.9917
vn 0.0692 -0.1151 0.9909
vn 0.0833 -0.1135 0.9900
vn 0.0974 -0.1115 0.9890
vn 0.1117 -0.1092 0.9877
vn 0.1263 -0.1067 0.9862
vn 0.1411 -0.1038 0.9845
vn 0.1562 -0.1006 0.9826
vn 0.1718 -0.0970 0.9803
vn 0.1881 -0.0931 0.9777
vn 0.2051 -0.0888 0.9747
vn 0.2232 -0.0842 0.9711
vn 0.2428 -0.0791 0.9668
vn 0.2644 -0.0735 0.9616
vn 0.2889 -0.0674 0.9550
vn 0.3178 -0.0607 0.9462
vn 0.3535 -0.0532 0.9339
vn 0.4014 -0.0446 0.9148
vn 0.4746 -0.0343 0.8795
vn 0.6691 -0.0198 0.7429
vn 0.7938 -0.0027 0.6081
vn -0.7990 -0.0024 0.6014
vn -0.6749 -0.0177 0.7377
vn -0.4809 -0.0307 0.8763
vn -0.4072 -0.0400 0.9125
vn -0.3589 -0.0477 0.9322
vn -0.3227 -0.0545 0.9449
vn -0.2935 -0.0605 0.9540
vn -0.2687 -0.0660 0.9610
vn -0.2468 -0.0710 0.9665
vn -0.2270 -0.0756 0.9710
vn -0.2086 -0.0798 0.9747
vn -0.1913 -0.0837 0.9780
vn -0.1748 -0.0872 0.9807
vn -0.1590 -0.0904 0.9831
vn -0.1436 -0.0933 0.9852
vn -0.1285 -0.0959 0.9871
vn -0.1137 -0.0983 0.9886
vn -0.0992 -0.1003 0.9900
vn -0.0848 -0.1021 0.9912
vn -0.0705 -0.1036 0.9921
vn -0.0563 -0.1048 0.9929
vn -0.0422 -0.1057 0.9935
vn -0.0281 -0.1064 0.9939
vn -0.0141 -0.1068 0.9942
vn 0.0141 -0.1068 0.9942
vn -0.0000 -0.1069 0.9943
vn 0.0281 -0.1064 0.9939
vn 0.0422 -0.1057 0.9935
vn 0.0563 -0.1048 0.9929
vn 0.0705 -0.1036 0.9921
vn 0.0848 -0.1021 0.9912
vn 0.0992 -0.1003 0.9900
vn 0.1137 -0.0983 0.9886
vn 0.1285 -0.0959 0.9871
vn 0.1436 -0.0933 0.9852
vn 0.1590 -0.0904 0.9831
vn 0.1748 -0.0872 0.9807
vn 0.1913 -0.0837 0.9780
vn 0.2086 -0.0798 0.9747
vn 0.2270 -0.0756 0.9710
vn 0.2468 -0.0710 0.9665
vn 0.2687 -0.0660 0.9610
vn 0.2935 -0.0605 0.9540
vn 0.3227 -0.0545 0.9449
vn 0.3589 -0.0477 0.9322
vn 0.4072 -0.0400 0.9125
vn 0.4809 -0.0307 0.8763
vn 0.6749 -0.0177 0.7377
vn 0.7990 -0.0024 0.6014
vn -0.8034 -0.0021 0.5954
vn -0.6800 -0.0157 0.7331
vn -0.4864 -0.0273 0.8733
vn -0.4123 -0.0356 0.9104
vn -0.3636 -0.0425 0.9306
vn -0.3271 -0.0486 0.9437
vn -0.2977 -0.0540 0.9531
vn -0.2726 -0.0589 0.9603
vn -0.2504 -0.0634 0.9661
vn -0.2303 -0.0675 0.9708
vn -0.2117 -0.0712 0.9747
vn -0.1942 -0.0747 0.9781
vn -0.1775 -0.0779 0.9810
vn -0.1614 -0.0807 0.9836
vn -0.1458 -0.0833 0.9858
vn -0.1305 -0.0857 0.9877
vn -0.1155 -0.0878 0.9894
vn -0.1007 -0.0896 0.9909
vn -0.0861 -0.0912 0.9921
vn -0.0716 -0.0925 0.9931
vn -0.0572 -0.0936 0.9940
vn -0.0429 -0.0945 0.9946
vn -0.0286 -0.0951 0.9951
vn -0.0143 -0.0954 0.9953
vn 0.0143 -0.0954 0.9953
vn -0.0000 -0.0956 0.9954
vn 0.0286 -0.0951 0.9951
vn 0.0429 -0.0945 0.9946
vn 0.0572 -0.0936 0.9940
vn 0.0716 -0.0925 0.9931
vn 0.0861 -0.0912 0.9921
vn 0.1007 -0.0896 0.9909
vn 0.1155 -0.0878 0.9894
vn 0.1305 -0.0857 0.9877
vn 0.1458 -0.0833 0.9858
vn 0.1614 -0.0807 0.9836
vn 0.1775 -0.0779 0.9810
vn 0.1942 -0.0747 0.9781
vn 0.2117 -0.0712 0.9747
vn 0.2303 -0.0675 0.9708
vn 0.2504 -0.0634 0.9661
vn 0.2726 -0.0589 0.9603
vn 0.2977 -0.0540 0.9531
vn 0.3271 -0.0486 0.9437
vn 0.3636 -0.0425 0.9306
vn 0.4123 -0.0356 0.9104
vn 0.4864 -0.0273 0.8733
vn 0.6800 -0.0157 0.7331
vn 0.8034 -0.0021 0.5954
vn -0.8073 -0.0018 0.5902
vn -0.6844 -0.0138 0.7290
vn -0.4912 -0.0241 0.8707
vn -0.4168 -0.0314 0.9085
vn -0.3678 -0.0376 0.9291
vn -0.3311 -0.0429 0.9426
vn -0.3013 -0.0477 0.9523
vn -0.2760 -0.0521 0.9598
vn -0.2536 -0.0561 0.9657
vn -0.2333 -0.0597 0.9706
vn -0.2145 -0.0630 0.9747
vn -0.1968 -0.0661 0.9782
vn -0.1799 -0.0689 0.9813
vn -0.1636 -0.0715 0.9839
vn -0.1478 -0.0738 0.9863
vn -0.1323 -0.0759 0.9883
vn -0.1171 -0.0777 0.9901
vn -0.1021 -0.0793 0.9916
vn -0.0873 -0.0808 0.9929
vn -0.0726 -0.0819 0.9940
vn -0.0580 -0.0829 0.9949
vn -0.0435 -0.0837 0.9955
vn -0.0290 -0.0842 0.9960
vn -0.0145 -0.0845 0.9963
vn 0.0145 -0.0845 0.9963
vn -0.0000 -0.0846 0.9964
vn 0.0290 -0.0842 0.9960
vn 0.0435 -0.0837 0.9955
vn 0.0580 -0.0829 0.9949
vn 0.0726 -0.0819 0.9940
vn 0.0873 -0.0808 0.9929
vn 0.1021 -0.0793 0.9916
vn 0.1171 -0.0777 0.9901
vn 0.1323 -0.0759 0.9883
vn 0.1478 -0.0738 0.9863
vn 0.1636 -0.0715 0.9839
vn 0.1799 -0.0689 0.9813
vn 0.1968 -0.0661 0.9782
vn 0.2145 -0.0630 0.9747
vn 0.2333 -0.0597 0.9706
vn 0.2536 -0.0561 0.9657
vn 0.2760 -0.0521 0.9598
vn 0.3013 -0.0477 0.9523
vn 0.3311 -0.0429 0.9426
vn 0.3678 -0.0376 0.9291
vn 0.4168 -0.0314 0.9085
vn 0.4912 -0.0241 0.8707
vn 0.6844 -0.0138 0.7290
vn 0.8073 -0.0018 0.5902
vn -0.8106 -0.0016 0.5856
vn -0.6882 -0.0121 0.7254
vn -0.4954 -0.0211 0.8684
vn -0.4207 -0.0275 0.9068
vn -0.3715 -0.0328 0.9279
vn -0.3345 -0.0375 0.9417
vn -0.3045 -0.0417 0.9516
vn -0.2790 -0.0455 0.9592
vn -0.2564 -0.0490 0.9653
vn -0.2359 -0.0522 0.9704
vn -0.2169 -0.0552 0.9746
vn -0.1990 -0.0578 0.9783
vn -0.1820 -0.0603 0.9815
vn -0.1655 -0.0625 0.9842
vn -0.1495 -0.0646 0.9866
vn -0.1339 -0.0664 0.9888
vn -0.1185 -0.0680 0.9906
vn -0.1034 -0.0695 0.9922
vn -0.0884 -0.0707 0.9936
vn -0.0735 -0.0718 0.9947
vn -0.0587 -0.0726 0.9956
vn -0.0440 -0.0733 0.9963
vn -0.0293 -0.0737 0.9968
vn -0.0147 -0.0740 0.9971
vn 0.0147 -0.0740 0.9971
vn -0.0000 -0.0741 0.9972
vn 0.0293 -0.0737 0.9968
vn 0.0440 -0.0733 0.9963
vn 0.0587 -0.0726 0.9956
vn 0.0735 -0.0718 0.9947
vn 0.0884 -0.0707 0.9936
vn 0.1034 -0.0695 0.9922
vn 0.1185 -0.0680 0.9906
vn 0.1339 -0.0664 0.9888
vn 0.1495 -0.0646 0.9866
vn 0.1655 -0.0625 0.9842
vn 0.1820 -0.0603 0.9815
vn 0.1990 -0.0578 0.9783
vn 0.2169 -0.0552 0.9746
vn 0.2359 -0.0522 0.9704
vn 0.2564 -0.0490 0.9653
vn 0.2790 -0.0455 0.9592
vn 0.3045 -0.0417 0.9516
vn 0.3345 -0.0375 0.9417
vn 0.3715 -0.0328 0.9279
vn 0.4207 -0.0275 0.9068
vn 0.4954 -0.0211 0.8684
vn 0.6882 -0.0121 0.7254
vn 0.8106 -0.0016 0.5856
vn -0.8135 -0.0014 0.5816
vn -0.6915 -0.0104 0.7223
vn -0.4991 -0.0181 0.8664
vn -0.4241 -0.0236 0.9053
vn -0.3746 -0.0283 0.9267
vn -0.3374 -0.0323 0.9408
vn -0.3073 -0.0360 0.9509
vn -0.2816 -0.0393 0.9587
vn -0.2588 -0.0423 0.9650
vn -0.2382 -0.0450 0.9702
vn -0.2190 -0.0476 0.9746
vn -0.2010 -0.0499 0.9783
vn -0.1838 -0.0520 0.9816
vn -0.1672 -0.0539 0.9845
vn -0.1510 -0.0557 0.9870
vn -0.1352 -0.0573 0.9892
vn -0.1197 -0.0587 0.9911
vn -0.1044 -0.0599 0.9927
vn -0.0893 -0.0610 0.9941
vn -0.0743 -0.0619 0.9953
vn -0.0593 -0.0626 0.9963
vn -0.0444 -0.0632 0.9970
vn -0.0296 -0.0636 0.9975
vn -0.0148 -0.0639 0.9978
vn 0.0148 -0.0639 0.9978
vn -0.0000 -0.0639 0.9980
vn 0.0296 -0.0636 0.9975
vn 0.0444 -0.0632 0.9970
vn 0.0593 -0.0626 0.9963
vn 0.0743 -0.0619 0.9953
vn 0.0893 -0.0610 0.9941
vn 0.1044 -0.0599 0.9927
vn 0.1197 -0.0587 0.9911
vn 0.1352 -0.0573 0.9892
vn 0.1510 -0.0557 0.9870
vn 0.1672 -0.0539 0.9845
vn 0.1838 -0.0520 0.9816
vn 0.2010 -0.0499 0.9783
vn 0.2190 -0.0476 0.9746
vn 0.2382 -0.0450 0.9702
vn 0.2588 -0.0423 0.9650
vn 0.2816 -0.0393 0.9587
vn 0.3073 -0.0360 0.9509
vn 0.3374 -0.0323 0.9408
vn 0.3746 -0.0283 0.9267
vn 0.4241 -0.0236 0.9053
vn 0.4991 -0.0181 0.8664
vn 0.6915 -0.0104 0.7223
vn 0.8135 -0.0014 0.5816
vn -0.8159 -0.0011 0.5782
vn -0.6942 -0.0087 0.7197
vn -0.5022 -0.0153 0.8646
vn -0.4270 -0.0200 0.9040
vn -0.3773 -0.0239 0.9258
vn -0.3400 -0.0273 0.9400
vn -0.3096 -0.0304 0.9504
vn -0.2838 -0.0332 0.9583
vn -0.2609 -0.0357 0.9647
vn -0.2401 -0.0381 0.9700
vn -0.2208 -0.0402 0.9745
vn -0.2027 -0.0422 0.9783
vn -0.1853 -0.0440 0.9817
vn -0.1686 -0.0456 0.9846
vn -0.1523 -0.0471 0.9872
vn -0.1364 -0.0485 0.9895
vn -0.1208 -0.0496 0.9914
vn -0.1053 -0.0507 0.9931
vn -0.0901 -0.0516 0.9946
vn -0.0749 -0.0524 0.9958
vn -0.0598 -0.0530 0.9968
vn -0.0448 -0.0535 0.9976
vn -0.0299 -0.0538 0.9981
vn -0.0149 -0.0540 0.9984
vn 0.0149 -0.0540 0.9984
vn -0.0000 -0.0541 0.9985
vn 0.0299 -0.0538 0.9981
vn 0.0448 -0.0535 0.9976
vn 0.0598 -0.0530 0.9968
vn 0.0749 -0.0524 0.9958
vn 0.0901 -0.0516 0.9946
vn 0.1053 -0.0507 0.9931
vn 0.1208 -0.0496 0.9914
vn 0.1364 -0.0485 0.9895
vn 0.1523 -0.0471 0.9872
vn 0.1686 -0.0456 0.9846
vn 0.1853 -0.0440 0.9817
vn 0.2027 -0.0422 0.9783
vn 0.2208 -0.0402 0.9745
vn 0.2401 -0.0381 0.9700
vn 0.2609 -0.0357 0.9647
vn 0.2838 -0.0332 0.9583
vn 0.3096 -0.0304 0.9504
vn 0.3400 -0.0273 0.9400
vn 0.3773 -0.0239 0.9258
vn 0.4270 -0.0200 0.9040
vn 0.5022 -0.0153 0.8646
vn 0.6942 -0.0087 0.7197
vn 0.8159 -0.0011 0.5782
vn -0.8179 -0.0009 0.5754
vn -0.6965 -0.0072 0.7175
vn -0.5048 -0.0126 0.8632
vn -0.4295 -0.0164 0.9029
vn -0.3796 -0.0196 0.9249
vn -0.3420 -0.0225 0.9394
vn -0.3116 -0.0250 0.9499
vn -0.2856 -0.0273 0.9580
vn -0.2626 -0.0294 0.9645
vn -0.2417 -0.0313 0.9698
vn -0.2223 -0.0331 0.9744
vn -0.2040 -0.0347 0.9783
vn -0.1866 -0.0362 0.9818
vn -0.1697 -0.0375 0.9848
vn -0.1534 -0.0388 0.9874
vn -0.1374 -0.0399 0.9897
vn -0.1216 -0.0409 0.9917
vn -0.1061 -0.0417 0.9935
vn -0.0907 -0.0425 0.9950
vn -0.0754 -0.0431 0.9962
vn -0.0603 -0.0436 0.9972
vn -0.0452 -0.0440 0.9980
vn -0.0301 -0.0443 0.9986
vn -0.0150 -0.0445 0.9989
vn 0.0150 -0.0445 0.9989
vn -0.0000 -0.0445 0.9990
vn 0.0301 -0.0443 0.9986
vn 0.0452 -0.0440 0.9980
vn 0.0603 -0.0436 0.9972
vn 0.0754 -0.0431 0.9962
vn 0.0907 -0.0425 0.9950
vn 0.1061 -0.0417 0.9935
vn 0.1216 -0.0409 0.9917
vn 0.1374 -0.0399 0.9897
vn 0.1534 -0.0388 0.9874
vn 0.1697 -0.0375 0.9848
vn 0.1866 -0.0362 0.9818
vn 0.2040 -0.0347 0.9783
vn 0.2223 -0.0331 0.9744
vn 0.2417 -0.0313 0.9698
vn 0.2626 -0.0294 0.9645
vn 0.2856 -0.0273 0.9580
vn 0.3116 -0.0250 0.9499
vn 0.3420 -0.0225 0.9394
vn 0.3796 -0.0196 0.9249
vn 0.4295 -0.0164 0.9029
vn 0.5048 -0.0126 0.8632
vn 0.6965 -0.0072 0.7175
vn 0.8179 -0.0009 0.5754
vn -0.8195 -0.0008 0.5731
vn -0.6983 -0.0057 0.7157
vn -0.5068 -0.0100 0.8620
vn -0.4314 -0.0130 0.9021
vn -0.3814 -0.0155 0.9243
vn -0.3437 -0.0178 0.9389
vn -0.3132 -0.0198 0.9495
vn -0.2871 -0.0216 0.9577
vn -0.2640 -0.0232 0.9642
vn -0.2430 -0.0248 0.9697
vn -0.2235 -0.0262 0.9743
vn -0.2052 -0.0274 0.9783
vn -0.1876 -0.0286 0.9818
vn -0.1707 -0.0297 0.9849
vn -0.1542 -0.0307 0.9876
vn -0.1381 -0.0315 0.9899
vn -0.1223 -0.0323 0.9920
vn -0.1067 -0.0330 0.9937
vn -0.0912 -0.0336 0.9953
vn -0.0759 -0.0341 0.9965
vn -0.0606 -0.0345 0.9976
vn -0.0454 -0.0348 0.9984
vn -0.0303 -0.0350 0.9989
vn -0.0151 -0.0352 0.9993
vn 0.0151 -0.0352 0.9993
vn -0.0000 -0.0352 0.9994
vn 0.0303 -0.0350 0.9989
vn 0.0454 -0.0348 0.9984
vn 0.0606 -0.0345 0.9976
vn 0.0759 -0.0341 0.9965
vn 0.0912 -0.0336 0.9953
vn 0.1067 -0.0330 0.9937
vn 0.1223 -0.0323 0.9920
vn 0.1381 -0.0315 0.9899
vn 0.1542 -0.0307 0.9876
vn 0.1707 -0.0297 0.9849
vn 0.1876 -0.0286 0.9818
vn 0.2052 -0.0274 0.9783
vn 0.2235 -0.0262 0.9743
vn 0.2430 -0.0248 0.9697
vn 0.2640 -0.0232 0.9642
vn 0.2871 -0.0216 0.9577
vn 0.3132 -0.0198 0.9495
vn 0.3437 -0.0178 0.9389
vn 0.3814 -0.0155 0.9243
vn 0.4314 -0.0130 0.9021
vn 0.5068 -0.0100 0.8620
vn 0.6983 -0.0057 0.7157
vn 0.8195 -0.0008 0.5731
vn -0.8207 -0.0006 0.5713
vn -0.6997 -0.0042 0.7144
vn -0.5084 -0.0074 0.8611
vn -0.4329 -0.0096 0.9014
vn -0.3828 -0.0115 0.9238
vn -0.3450 -0.0132 0.9385
vn -0.3144 -0.0147 0.9492
vn -0.2882 -0.0160 0.9574
vn -0.2651 -0.0173 0.9641
vn -0.2440 -0.0184 0.9696
vn -0.2245 -0.0194 0.9743
vn -0.2060 -0.0204 0.9783
vn -0.1884 -0.0212 0.9819
vn -0.1714 -0.0220 0.9850
vn -0.1549 -0.0228 0.9877
vn -0.1387 -0.0234 0.9901
vn -0.1229 -0.0240 0.9921
vn -0.1072 -0.0245 0.9939
vn -0.0916 -0.0249 0.9955
vn -0.0762 -0.0253 0.9968
vn -0.0609 -0.0256 0.9978
vn -0.0456 -0.0258 0.9986
vn -0.0304 -0.0260 0.9992
vn -0.0152 -0.0261 0.9995
vn 0.0152 -0.0261 0.9995
vn -0.0000 -0.0261 0.9997
vn 0.0304 -0.0260 0.9992
vn 0.0456 -0.0258 0.9986
vn 0.0609 -0.0256 0.9978
vn 0.0762 -0.0253 0.9968
vn 0.0916 -0.0249 0.9955
vn 0.1072 -0.0245 0.9939
vn 0.1229 -0.0240 0.9921
vn 0.1387 -0.0234 0.9901
vn 0.1549 -0.0228 0.9877
vn 0.1714 -0.0220 0.9850
vn 0.1884 -0.0212 0.9819
vn 0.2060 -0.0204 0.9783
vn 0.2245 -0.0194 0.9743
vn 0.2440 -0.0184 0.9696
vn 0.2651 -0.0173 0.9641
vn 0.2882 -0.0160 0.9574
vn 0.3144 -0.0147 0.9492
vn 0.3450 -0.0132 0.9385
vn 0.3828 -0.0115 0.9238
vn 0.4329 -0.0096 0.9014
vn 0.5084 -0.0074 0.8611
vn 0.6997 -0.0042 0.7144
vn 0.8207 -0.0006 0.5713
vn -0.8216 -0.0004 0.5700
vn -0.7007 -0.0028 0.7134
vn -0.5095 -0.0049 0.8605
vn -0.4339 -0.0064 0.9009
vn -0.3838 -0.0076 0.9234
vn -0.3460 -0.0087 0.9382
vn -0.3152 -0.0097 0.9490
vn -0.2890 -0.0106 0.9573
vn -0.2658 -0.0114 0.9640
vn -0.2447 -0.0122 0.9695
vn -0.2251 -0.0128 0.9742
vn -0.2066 -0.0135 0.9783
vn -0.1890 -0.0140 0.9819
vn -0.1719 -0.0146 0.9850
vn -0.1554 -0.0150 0.9877
vn -0.1392 -0.0155 0.9901
vn -0.1232 -0.0159 0.9923
vn -0.1075 -0.0162 0.9941
vn -0.0919 -0.0165 0.9956
vn -0.0765 -0.0167 0.9969
vn -0.0611 -0.0169 0.9980
vn -0.0458 -0.0171 0.9988
vn -0.0305 -0.0172 0.9994
vn -0.0152 -0.0172 0.9997
vn 0.0152 -0.0172 0.9997
vn -0.0000 -0.0173 0.9999
vn 0.0305 -0.0172 0.9994
vn 0.0458 -0.0171 0.9988
vn 0.0611 -0.0169 0.9980
vn 0.0765 -0.0167 0.9969
vn 0.0919 -0.0165 0.9956
vn 0.1075 -0.0162 0.9941
vn 0.1232 -0.0159 0.9923
vn 0.1392 -0.0155 0.9901
vn 0.1554 -0.0150 0.9877
vn 0.1719 -0.0146 0.9850
vn 0.1890 -0.0140 0.9819
vn 0.2066 -0.0135 0.9783
vn 0.2251 -0.0128 0.9742
vn 0.2447 -0.0122 0.9695
vn 0.2658 -0.0114 0.9640
vn 0.2890 -0.0106 0.9573
vn 0.3152 -0.0097 0.9490
vn 0.3460 -0.0087 0.9382
vn 0.3838 -0.0076 0.9234
vn 0.4339 -0.0064 0.9009
vn 0.5095 -0.0049 0.8605
vn 0.7007 -0.0028 0.7134
vn 0.8216 -0.0004 0.5700
vn -0.8222 -0.0002 0.5692
vn -0.7013 -0.0014 0.7129
vn -0.5102 -0.0025 0.8601
vn -0.4345 -0.0032 0.9006
vn -0.3843 -0.0038 0.9232
vn -0.3465 -0.0044 0.9380
vn -0.3157 -0.0048 0.9488
vn -0.2895 -0.0053 0.9572
vn -0.2663 -0.0057 0.9639
vn -0.2451 -0.0061 0.9695
vn -0.2255 -0.0064 0.9742
vn -0.2070 -0.0067 0.9783
vn -0.1893 -0.0070 0.9819
vn -0.1722 -0.0073 0.9850
vn -0.1557 -0.0075 0.9878
vn -0.1394 -0.0077 0.9902
vn -0.1235 -0.0079 0.9923
vn -0.1077 -0.0081 0.9942
vn -0.0921 -0.0082 0.9957
vn -0.0766 -0.0083 0.9970
vn -0.0612 -0.0084 0.9981
vn -0.0458 -0.0085 0.9989
vn -0.0305 -0.0085 0.9995
vn -0.0153 -0.0086 0.9998
vn 0.0153 -0.0086 0.9998
vn -0.0000 -0.0086 1.0000
vn 0.0305 -0.0085 0.9995
vn 0.0458 -0.0085 0.9989
vn 0.0612 -0.0084 0.9981
vn 0.0766 -0.0083 0.9970
vn 0.0921 -0.0082 0.9957
vn 0.1077 -0.0081 0.9942
vn 0.1235 -0.0079 0.9923
vn 0.1394 -0.0077 0.9902
vn 0.1557 -0.0075 0.9878
vn 0.1722 -0.0073 0.9850
vn 0.1893 -0.0070 0.9819
vn 0.2070 -0.0067 0.9783
vn 0.2255 -0.0064 0.9742
vn 0.2451 -0.0061 0.9695
vn 0.2663 -0.0057 0.9639
vn 0.2895 -0.0053 0.9572
vn 0.3157 -0.0048 0.9488
vn 0.3465 -0.0044 0.9380
vn 0.3843 -0.0038 0.9232
vn 0.4345 -0.0032 0.9006
vn 0.5102 -0.0025 0.8601
vn 0.7013 -0.0014 0.7129
vn 0.8222 -0.0002 0.5692
vn -0.8224 -0.0000 0.5689
vn -0.7015 -0.0000 0.7127
vn -0.5104 -0.0000 0.8600
vn -0.4347 -0.0000 0.9006
vn -0.3845 -0.0000 0.9231
vn -0.3467 -0.0000 0.9380
vn -0.3159 -0.0000 0.9488
vn -0.2896 -0.0001 0.9571
vn -0.2664 -0.0001 0.9639
vn -0.2453 -0.0001 0.9695
vn -0.2256 -0.0001 0.9742
vn -0.2071 -0.0001 0.9783
vn -0.1894 -0.0001 0.9819
vn -0.1723 -0.0001 0.9850
vn -0.1557 -0.0001 0.9878
vn -0.1395 -0.0001 0.9902
vn -0.1235 -0.0001 0.9923
vn -0.1078 -0.0001 0.9942
vn -0.0921 -0.0001 0.9957
vn -0.0766 -0.0001 0.9971
vn -0.0612 -0.0001 0.9981
vn -0.0459 -0.0001 0.9989
vn -0.0306 -0.0001 0.9995
vn -0.0153 -0.0001 0.9999
vn 0.0153 -0.0001 0.9999
vn -0.0000 -0.0001 1.0000
vn 0.0306 -0.0001 0.9995
vn 0.0459 -0.0001 0.9989
vn 0.0612 -0.0001 0.9981
vn 0.0766 -0.0001 0.9971
vn 0.0921 -0.0001 0.9957
vn 0.1078 -0.0001 0.9942
vn 0.1235 -0.0001 0.9923
vn 0.1395 -0.0001 0.9902
vn 0.1557 -0.0001 0.9878
vn 0.1723 -0.0001 0.9850
vn 0.1894 -0.0001 0.9819
vn 0.2071 -0.0001 0.9783
vn 0.2256 -0.0001 0.9742
vn 0.2453 -0.0001 0.9695
vn 0.2664 -0.0001 0.9639
vn 0.2896 -0.0001 0.9571
vn 0.3159 -0.0000 0.9488
vn 0.3467 -0.0000 0.9380
vn 0.3845 -0.0000 0.9231
vn 0.4347 -0.0000 0.9006
vn 0.5104 -0.0000 0.8600
vn 0.7015 -0.0000 0.7127
vn 0.8224 -0.0000 0.5689
vn -0.7013 0.0014 0.7129
vn -0.8222 0.0002 0.5692
vn -0.5102 0.0024 0.8601
vn -0.4345 0.0031 0.9006
vn -0.3844 0.0037 0.9232
vn -0.3465 0.0042 0.9380
vn -0.3158 0.0047 0.9488
vn -0.2895 0.0051 0.9572
vn -0.2663 0.0055 0.9639
vn -0.2451 0.0058 0.9695
vn -0.2255 0.0062 0.9742
vn -0.2070 0.0065 0.9783
vn -0.1893 0.0067 0.9819
vn -0.1723 0.0070 0.9850
vn -0.1557 0.0072 0.9878
vn -0.1394 0.0074 0.9902
vn -0.1235 0.0076 0.9923
vn -0.1077 0.0077 0.9942
vn -0.0921 0.0079 0.9957
vn -0.0766 0.0080 0.9970
vn -0.0612 0.0081 0.9981
vn -0.0458 0.0082 0.9989
vn -0.0305 0.0082 0.9995
vn -0.0153 0.0083 0.9998
vn -0.0000 0.0083 1.0000
vn 0.0153 0.0083 0.9998
vn 0.0305 0.0082 0.9995
vn 0.0458 0.0082 0.9989
vn 0.0612 0.0081 0.9981
vn 0.0766 0.0080 0.9970
vn 0.0921 0.0079 0.9957
vn 0.1077 0.0077 0.9942
vn 0.1235 0.0076 0.9923
vn 0.1394 0.0074 0.9902
vn 0.1557 0.0072 0.9878
vn 0.1723 0.0070 0.9850
vn 0.1893 0.0067 0.9819
vn 0.2070 0.0065 0.9783
vn 0.2255 0.0062 0.9742
vn 0.2451 0.0058 0.9695
vn 0.2663 0.0055 0.9639
vn 0.2895 0.0051 0.9572
vn 0.3158 0.0047 0.9488
vn 0.3465 0.0042 0.9380
vn 0.3844 0.0037 0.9232
vn 0.4345 0.0031 0.9006
vn 0.5102 0.0024 0.8601
vn 0.7013 0.0014 0.7129
vn -0.7007 0.0027 0.7134
vn -0.8217 0.0004 0.5700
vn -0.5095 0.0047 0.8604
vn -0.4340 0.0061 0.9009
vn -0.3838 0.0073 0.9234
vn -0.3460 0.0083 0.9382
vn -0.3153 0.0092 0.9490
vn -0.2890 0.0101 0.9573
vn -0.2658 0.0109 0.9640
vn -0.2447 0.0116 0.9695
vn -0.2251 0.0122 0.9743
vn -0.2067 0.0128 0.9783
vn -0.1890 0.0134 0.9819
vn -0.1720 0.0139 0.9850
vn -0.1554 0.0143 0.9877
vn -0.1392 0.0147 0.9902
vn -0.1232 0.0151 0.9923
vn -0.1075 0.0154 0.9941
vn -0.0919 0.0157 0.9956
vn -0.0765 0.0159 0.9969
vn -0.0611 0.0161 0.9980
vn -0.0458 0.0163 0.9988
vn -0.0305 0.0164 0.9994
vn -0.0152 0.0164 0.9997
vn -0.0000 0.0165 0.9999
vn 0.0152 0.0164 0.9997
vn 0.0305 0.0164 0.9994
vn 0.0458 0.0163 0.9988
vn 0.0611 0.0161 0.9980
vn 0.0765 0.0159 0.9969
vn 0.0919 0.0157 0.9956
vn 0.1075 0.0154 0.9941
vn 0.1232 0.0151 0.9923
vn 0.1392 0.0147 0.9902
vn 0.1554 0.0143 0.9877
vn 0.1720 0.0139 0.9850
vn 0.1890 0.0134 0.9819
vn 0.2067 0.0128 0.9783
vn 0.2251 0.0122 0.9743
vn 0.2447 0.0116 0.9695
vn 0.2658 0.0109 0.9640
vn 0.2890 0.0101 0.9573
vn 0.3153 0.0092 0.9490
vn 0.3460 0.0083 0.9382
vn 0.3838 0.0073 0.9234
vn 0.4340 0.0061 0.9009
vn 0.5095 0.0047 0.8604
vn 0.8222 0.0002 0.5692
vn 0.7007 0.0027 0.7134
vn -0.6998 0.0040 0.7143
vn -0.8208 0.0005 0.5712
vn -0.5085 0.0069 0.8610
vn -0.4330 0.0090 0.9014
vn -0.3829 0.0108 0.9237
vn -0.3451 0.0124 0.9385
vn -0.3145 0.0138 0.9492
vn -0.2883 0.0150 0.9574
vn -0.2651 0.0162 0.9641
vn -0.2441 0.0172 0.9696
vn -0.2245 0.0182 0.9743
vn -0.2061 0.0191 0.9783
vn -0.1885 0.0199 0.9819
vn -0.1715 0.0207 0.9850
vn -0.1550 0.0213 0.9877
vn -0.1388 0.0220 0.9901
vn -0.1229 0.0225 0.9922
vn -0.1072 0.0230 0.9940
vn -0.0917 0.0234 0.9955
vn -0.0762 0.0237 0.9968
vn -0.0609 0.0240 0.9979
vn -0.0456 0.0242 0.9987
vn -0.0304 0.0244 0.9992
vn -0.0152 0.0245 0.9996
vn -0.0000 0.0245 0.9997
vn 0.0152 0.0245 0.9996
vn 0.0304 0.0244 0.9992
vn 0.0456 0.0242 0.9987
vn 0.0609 0.0240 0.9979
vn 0.0762 0.0237 0.9968
vn 0.0917 0.0234 0.9955
vn 0.1072 0.0230 0.9940
vn 0.1229 0.0225 0.9922
vn 0.1388 0.0220 0.9901
vn 0.1550 0.0213 0.9877
vn 0.1715 0.0207 0.9850
vn 0.1885 0.0199 0.9819
vn 0.2061 0.0191 0.9783
vn 0.2245 0.0182 0.9743
vn 0.2441 0.0172 0.9696
vn 0.2651 0.0162 0.9641
vn 0.2883 0.0150 0.9574
vn 0.3145 0.0138 0.9492
vn 0.3451 0.0124 0.9385
vn 0.3829 0.0108 0.9237
vn 0.4330 0.0090 0.9014
vn 0.5085 0.0069 0.8610
vn 0.8217 0.0004 0.5700
vn 0.6998 0.0040 0.7143
vn -0.6985 0.0052 0.7156
vn -0.8197 0.0007 0.5729
vn -0.5070 0.0092 0.8619
vn -0.4316 0.0120 0.9020
vn -0.3816 0.0143 0.9242
vn -0.3439 0.0164 0.9389
vn -0.3133 0.0182 0.9495
vn -0.2872 0.0199 0.9577
vn -0.2641 0.0214 0.9642
vn -0.2431 0.0228 0.9697
vn -0.2237 0.0241 0.9744
vn -0.2053 0.0253 0.9784
vn -0.1877 0.0264 0.9819
vn -0.1708 0.0274 0.9849
vn -0.1543 0.0283 0.9876
vn -0.1382 0.0291 0.9900
vn -0.1224 0.0298 0.9920
vn -0.1068 0.0304 0.9938
vn -0.0913 0.0310 0.9953
vn -0.0759 0.0314 0.9966
vn -0.0607 0.0318 0.9977
vn -0.0454 0.0321 0.9985
vn -0.0303 0.0323 0.9990
vn -0.0151 0.0324 0.9994
vn -0.0000 0.0325 0.9995
vn 0.0151 0.0324 0.9994
vn 0.0303 0.0323 0.9990
vn 0.0454 0.0321 0.9985
vn 0.0607 0.0318 0.9977
vn 0.0759 0.0314 0.9966
vn 0.0913 0.0310 0.9953
vn 0.1068 0.0304 0.9938
vn 0.1224 0.0298 0.9920
vn 0.1382 0.0291 0.9900
vn 0.1543 0.0283 0.9876
vn 0.1708 0.0274 0.9849
vn 0.1877 0.0264 0.9819
vn 0.2053 0.0253 0.9784
vn 0.2237 0.0241 0.9744
vn 0.2431 0.0228 0.9697
vn 0.2641 0.0214 0.9642
vn 0.2872 0.0199 0.9577
vn 0.3133 0.0182 0.9495
vn 0.3439 0.0164 0.9389
vn 0.3816 0.0143 0.9242
vn 0.4316 0.0120 0.9020
vn 0.5070 0.0092 0.8619
vn 0.8208 0.0005 0.5712
vn 0.6985 0.0052 0.7156
vn -0.6969 0.0065 0.7172
vn -0.8182 0.0008 0.5749
vn -0.5052 0.0114 0.8630
vn -0.4298 0.0148 0.9028
vn -0.3799 0.0178 0.9248
vn -0.3424 0.0203 0.9393
vn -0.3119 0.0226 0.9498
vn -0.2859 0.0247 0.9579
vn -0.2629 0.0266 0.9645
vn -0.2420 0.0283 0.9699
vn -0.2226 0.0299 0.9745
vn -0.2043 0.0314 0.9784
vn -0.1868 0.0327 0.9819
vn -0.1699 0.0340 0.9849
vn -0.1536 0.0351 0.9875
vn -0.1375 0.0361 0.9898
vn -0.1218 0.0370 0.9919
vn -0.1062 0.0377 0.9936
vn -0.0908 0.0384 0.9951
vn -0.0755 0.0390 0.9964
vn -0.0603 0.0395 0.9974
vn -0.0452 0.0398 0.9982
vn -0.0301 0.0401 0.9987
vn -0.0151 0.0402 0.9991
vn -0.0000 0.0403 0.9992
vn 0.0151 0.0402 0.9991
vn 0.0301 0.0401 0.9987
vn 0.0452 0.0398 0.9982
vn 0.0603 0.0395 0.9974
vn 0.0755 0.0390 0.9964
vn 0.0908 0.0384 0.9951
vn 0.1062 0.0377 0.9936
vn 0.1218 0.0370 0.9919
vn 0.1375 0.0361 0.9898
vn 0.1536 0.0351 0.9875
vn 0.1699 0.0340 0.9849
vn 0.1868 0.0327 0.9819
vn 0.2043 0.0314 0.9784
vn 0.2226 0.0299 0.9745
vn 0.2420 0.0283 0.9699
vn 0.2629 0.0266 0.9645
vn 0.2859 0.0247 0.9579
vn 0.3119 0.0226 0.9498
vn 0.3424 0.0203 0.9393
vn 0.3799 0.0178 0.9248
vn 0.4298 0.0148 0.9028
vn 0.5051 0.0114 0.8630
vn 0.8197 0.0007 0.5729
vn 0.6969 0.0065 0.7172
vn -0.6948 0.0077 0.7191
vn -0.8164 0.0010 0.5774
vn -0.5029 0.0136 0.8643
vn -0.4277 0.0177 0.9038
vn -0.3779 0.0212 0.9256
vn -0.3405 0.0242 0.9399
vn -0.3101 0.0270 0.9503
vn -0.2843 0.0294 0.9583
vn -0.2614 0.0317 0.9647
vn -0.2405 0.0338 0.9701
vn -0.2212 0.0357 0.9746
vn -0.2030 0.0374 0.9785
vn -0.1857 0.0390 0.9818
vn -0.1689 0.0405 0.9848
vn -0.1526 0.0418 0.9874
vn -0.1367 0.0430 0.9897
vn -0.1210 0.0441 0.9917
vn -0.1055 0.0450 0.9934
vn -0.0902 0.0458 0.9949
vn -0.0751 0.0465 0.9961
vn -0.0600 0.0470 0.9971
vn -0.0449 0.0475 0.9979
vn -0.0299 0.0478 0.9984
vn -0.0150 0.0479 0.9987
vn -0.0000 0.0480 0.9988
vn 0.0150 0.0479 0.9987
vn 0.0299 0.0478 0.9984
vn 0.0449 0.0475 0.9979
vn 0.0600 0.0470 0.9971
vn 0.0751 0.0465 0.9961
vn 0.0902 0.0458 0.9949
vn 0.1055 0.0450 0.9934
vn 0.1210 0.0441 0.9917
vn 0.1367 0.0430 0.9897
vn 0.1526 0.0418 0.9874
vn 0.1689 0.0405 0.9848
vn 0.1857 0.0390 0.9818
vn 0.2030 0.0374 0.9785
vn 0.2212 0.0357 0.9746
vn 0.2405 0.0338 0.9701
vn 0.2614 0.0317 0.9647
vn 0.2843 0.0294 0.9583
vn 0.3101 0.0270 0.9503
vn 0.3405 0.0242 0.9399
vn 0.3779 0.0212 0.9256
vn 0.4277 0.0177 0.9038
vn 0.5029 0.0136 0.8643
vn 0.8182 0.0008 0.5749
vn 0.6948 0.0077 0.7191
vn -0.6924 0.0090 0.7214
vn -0.8143 0.0012 0.5804
vn -0.5001 0.0158 0.8658
vn -0.4251 0.0205 0.9049
vn -0.3756 0.0246 0.9265
vn -0.3383 0.0281 0.9406
vn -0.3081 0.0313 0.9508
vn -0.2823 0.0341 0.9587
vn -0.2596 0.0368 0.9650
vn -0.2389 0.0392 0.9703
vn -0.2197 0.0414 0.9747
vn -0.2016 0.0434 0.9785
vn -0.1843 0.0452 0.9818
vn -0.1677 0.0469 0.9847
vn -0.1515 0.0485 0.9873
vn -0.1357 0.0498 0.9895
vn -0.1201 0.0511 0.9914
vn -0.1048 0.0521 0.9931
vn -0.0896 0.0531 0.9946
vn -0.0745 0.0539 0.9958
vn -0.0595 0.0545 0.9967
vn -0.0446 0.0550 0.9975
vn -0.0297 0.0554 0.9980
vn -0.0149 0.0556 0.9983
vn -0.0000 0.0556 0.9985
vn 0.0149 0.0556 0.9983
vn 0.0297 0.0554 0.9980
vn 0.0446 0.0550 0.9975
vn 0.0595 0.0545 0.9967
vn 0.0745 0.0539 0.9958
vn 0.0896 0.0531 0.9946
vn 0.1048 0.0521 0.9931
vn 0.1201 0.0511 0.9914
vn 0.1357 0.0498 0.9895
vn 0.1515 0.0485 0.9873
vn 0.1677 0.0469 0.9847
vn 0.1843 0.0452 0.9818
vn 0.2016 0.0434 0.9785
vn 0.2197 0.0414 0.9747
vn 0.2389 0.0392 0.9703
vn 0.2596 0.0368 0.9650
vn 0.2823 0.0341 0.9587
vn 0.3081 0.0313 0.9508
vn 0.3383 0.0281 0.9406
vn 0.3756 0.0246 0.9265
vn 0.4251 0.0205 0.9049
vn 0.5001 0.0158 0.8658
vn 0.8164 0.0010 0.5774
vn 0.6924 0.0090 0.7214
vn -0.6896 0.0102 0.7241
vn -0.8119 0.0013 0.5837
vn -0.4970 0.0179 0.8676
vn -0.4222 0.0234 0.9062
vn -0.3729 0.0279 0.9275
vn -0.3358 0.0320 0.9414
vn -0.3057 0.0356 0.9515
vn -0.2801 0.0388 0.9592
vn -0.2575 0.0418 0.9654
vn -0.2369 0.0445 0.9705
vn -0.2179 0.0470 0.9748
vn -0.1999 0.0493 0.9786
vn -0.1828 0.0514 0.9818
vn -0.1663 0.0533 0.9846
vn -0.1502 0.0551 0.9871
vn -0.1345 0.0566 0.9893
vn -0.1191 0.0580 0.9912
vn -0.1039 0.0592 0.9928
vn -0.0888 0.0603 0.9942
vn -0.0738 0.0612 0.9954
vn -0.0590 0.0619 0.9963
vn -0.0442 0.0625 0.9971
vn -0.0294 0.0629 0.9976
vn -0.0147 0.0631 0.9979
vn -0.0000 0.0632 0.9980
vn 0.0147 0.0631 0.9979
vn 0.0294 0.0629 0.9976
vn 0.0442 0.0625 0.9971
vn 0.0590 0.0619 0.9963
vn 0.0738 0.0612 0.9954
vn 0.0888 0.0603 0.9942
vn 0.1039 0.0592 0.9928
vn 0.1191 0.0580 0.9912
vn 0.1345 0.0566 0.9893
vn 0.1502 0.0551 0.9871
vn 0.1663 0.0533 0.9846
vn 0.1828 0.0514 0.9818
vn 0.1999 0.0493 0.9786
vn 0.2179 0.0470 0.9748
vn 0.2369 0.0445 0.9705
vn 0.2575 0.0418 0.9654
vn 0.2801 0.0388 0.9592
vn 0.3057 0.0356 0.9515
vn 0.3358 0.0320 0.9414
vn 0.3729 0.0279 0.9275
vn 0.4222 0.0234 0.9062
vn 0.4970 0.0179 0.8676
vn 0.8143 0.0012 0.5804
vn 0.6896 0.0102 0.7241
vn -0.6864 0.0115 0.7271
vn -0.8092 0.0015 0.5876
vn -0.4935 0.0201 0.8695
vn -0.4189 0.0262 0.9077
vn -0.3698 0.0313 0.9286
vn -0.3329 0.0358 0.9423
vn -0.3031 0.0398 0.9521
vn -0.2776 0.0435 0.9597
vn -0.2552 0.0468 0.9658
vn -0.2348 0.0498 0.9708
vn -0.2159 0.0526 0.9750
vn -0.1980 0.0552 0.9786
vn -0.1810 0.0575 0.9818
vn -0.1647 0.0597 0.9845
vn -0.1488 0.0616 0.9870
vn -0.1332 0.0634 0.9891
vn -0.1179 0.0649 0.9909
vn -0.1028 0.0663 0.9925
vn -0.0879 0.0674 0.9938
vn -0.0731 0.0684 0.9950
vn -0.0584 0.0693 0.9959
vn -0.0438 0.0699 0.9966
vn -0.0292 0.0703 0.9971
vn -0.0146 0.0706 0.9974
vn -0.0000 0.0707 0.9975
vn 0.0146 0.0706 0.9974
vn 0.0292 0.0703 0.9971
vn 0.0438 0.0699 0.9966
vn 0.0584 0.0693 0.9959
vn 0.0731 0.0684 0.9950
vn 0.0879 0.0674 0.9938
vn 0.1028 0.0663 0.9925
vn 0.1179 0.0649 0.9909
vn 0.1332 0.0634 0.9891
vn 0.1488 0.0616 0.9870
vn 0.1647 0.0597 0.9845
vn 0.1810 0.0575 0.9818
vn 0.1980 0.0552 0.9786
vn 0.2159 0.0526 0.9750
vn 0.2348 0.0498 0.9708
vn 0.2552 0.0468 0.9658
vn 0.2776 0.0435 0.9597
vn 0.3031 0.0398 0.9521
vn 0.3329 0.0358 0.9423
vn 0.3698 0.0313 0.9286
vn 0.4189 0.0262 0.9077
vn 0.4935 0.0201 0.8695
vn 0.8119 0.0013 0.5837
vn 0.6864 0.0115 0.7271
vn -0.6828 0.0128 0.7305
vn -0.8061 0.0017 0.5918
vn -0.4895 0.0223 0.8717
vn -0.4152 0.0290 0.9093
vn -0.3664 0.0347 0.9298
vn -0.3297 0.0396 0.9432
vn -0.3001 0.0441 0.9529
vn -0.2748 0.0481 0.9603
vn -0.2526 0.0517 0.9662
vn -0.2323 0.0551 0.9711
vn -0.2136 0.0582 0.9752
vn -0.1960 0.0610 0.9787
vn -0.1791 0.0636 0.9818
vn -0.1629 0.0660 0.9844
vn -0.1471 0.0681 0.9868
vn -0.1318 0.0700 0.9888
vn -0.1166 0.0717 0.9906
vn -0.1017 0.0733 0.9921
vn -0.0869 0.0746 0.9934
vn -0.0723 0.0757 0.9945
vn -0.0578 0.0766 0.9954
vn -0.0433 0.0772 0.9961
vn -0.0288 0.0777 0.9966
vn -0.0144 0.0780 0.9968
vn -0.0000 0.0781 0.9969
vn 0.0144 0.0780 0.9968
vn 0.0288 0.0777 0.9966
vn 0.0433 0.0772 0.9961
vn 0.0578 0.0766 0.9954
vn 0.0723 0.0757 0.9945
vn 0.0869 0.0746 0.9934
vn 0.1017 0.0733 0.9921
vn 0.1166 0.0717 0.9906
vn 0.1318 0.0700 0.9888
vn 0.1471 0.0681 0.9868
vn 0.1629 0.0660 0.9844
vn 0.1791 0.0636 0.9818
vn 0.1960 0.0610 0.9787
vn 0.2136 0.0582 0.9752
vn 0.2323 0.0551 0.9711
vn 0.2526 0.0517 0.9662
vn 0.2748 0.0481 0.9603
vn 0.3001 0.0441 0.9529
vn 0.3297 0.0396 0.9432
vn 0.3664 0.0347 0.9298
vn 0.4152 0.0290 0.9093
vn 0.4895 0.0223 0.8717
vn 0.8092 0.0015 0.5876
vn 0.6828 0.0128 0.7305
vn -0.6788 0.0140 0.7342
vn -0.8026 0.0018 0.5966
vn -0.4851 0.0245 0.8741
vn -0.4111 0.0318 0.9110
vn -0.3626 0.0380 0.9312
vn -0.3262 0.0434 0.9443
vn -0.2968 0.0483 0.9537
vn -0.2718 0.0527 0.9609
vn -0.2497 0.0567 0.9667
vn -0.2297 0.0604 0.9714
vn -0.2111 0.0638 0.9754
vn -0.1937 0.0668 0.9788
vn -0.1770 0.0697 0.9817
vn -0.1610 0.0723 0.9843
vn -0.1454 0.0746 0.9866
vn -0.1302 0.0767 0.9885
vn -0.1152 0.0786 0.9902
vn -0.1005 0.0802 0.9917
vn -0.0859 0.0816 0.9930
vn -0.0714 0.0828 0.9940
vn -0.0570 0.0838 0.9948
vn -0.0427 0.0846 0.9955
vn -0.0285 0.0851 0.9960
vn -0.0142 0.0854 0.9962
vn -0.0000 0.0855 0.9963
vn 0.0142 0.0854 0.9962
vn 0.0285 0.0851 0.9960
vn 0.0427 0.0846 0.9955
vn 0.0570 0.0838 0.9948
vn 0.0714 0.0828 0.9940
vn 0.0859 0.0816 0.9930
vn 0.1005 0.0802 0.9917
vn 0.1152 0.0786 0.9902
vn 0.1302 0.0767 0.9885
vn 0.1454 0.0746 0.9866
vn 0.1610 0.0723 0.9843
vn 0.1770 0.0697 0.9817
vn 0.1937 0.0668 0.9788
vn 0.2111 0.0638 0.9754
vn 0.2297 0.0604 0.9714
vn 0.2497 0.0567 0.9667
vn 0.2718 0.0527 0.9609
vn 0.2968 0.0483 0.9537
vn 0.3262 0.0434 0.9443
vn 0.3626 0.0380 0.9312
vn 0.4111 0.0318 0.9110
vn 0.4851 0.0245 0.8741
vn 0.8061 0.0017 0.5918
vn 0.6788 0.0140 0.7342
vn -0.6743 0.0153 0.7383
vn -0.7987 0.0020 0.6018
vn -0.4802 0.0267 0.8767
vn -0.4066 0.0347 0.9129
vn -0.3584 0.0414 0.9326
vn -0.3223 0.0473 0.9454
vn -0.2932 0.0525 0.9546
vn -0.2684 0.0573 0.9616
vn -0.2466 0.0617 0.9672
vn -0.2268 0.0657 0.9717
vn -0.2084 0.0693 0.9756
vn -0.1911 0.0727 0.9789
vn -0.1747 0.0757 0.9817
vn -0.1588 0.0785 0.9842
vn -0.1435 0.0811 0.9863
vn -0.1284 0.0833 0.9882
vn -0.1137 0.0854 0.9898
vn -0.0991 0.0871 0.9913
vn -0.0847 0.0887 0.9925
vn -0.0705 0.0900 0.9934
vn -0.0563 0.0910 0.9943
vn -0.0422 0.0919 0.9949
vn -0.0281 0.0924 0.9953
vn -0.0141 0.0928 0.9956
vn -0.0000 0.0929 0.9957
vn 0.0141 0.0928 0.9956
vn 0.0281 0.0924 0.9953
vn 0.0422 0.0919 0.9949
vn 0.0563 0.0910 0.9943
vn 0.0705 0.0900 0.9934
vn 0.0847 0.0887 0.9925
vn 0.0991 0.0871 0.9913
vn 0.1137 0.0854 0.9898
vn 0.1284 0.0833 0.9882
vn 0.1435 0.0811 0.9863
vn 0.1588 0.0785 0.9842
vn 0.1747 0.0757 0.9817
vn 0.1911 0.0727 0.9789
vn 0.2084 0.0693 0.9756
vn 0.2268 0.0657 0.9717
vn 0.2466 0.0617 0.9672
vn 0.2684 0.0573 0.9616
vn 0.2932 0.0525 0.9546
vn 0.3223 0.0473 0.9454
vn 0.3584 0.0414 0.9326
vn 0.4066 0.0347 0.9129
vn 0.4802 0.0267 0.8767
vn 0.8026 0.0018 0.5966
vn 0.6743 0.0153 0.7383
vn -0.6694 0.0166 0.7428
vn -0.7943 0.0022 0.6075
vn -0.4749 0.0289 0.8795
vn -0.4017 0.0375 0.9150
vn -0.3539 0.0448 0.9342
vn -0.3181 0.0511 0.9467
vn -0.2893 0.0568 0.9556
vn -0.2648 0.0619 0.9623
vn -0.2432 0.0666 0.9677
vn -0.2236 0.0709 0.9721
vn -0.2055 0.0749 0.9758
vn -0.1884 0.0785 0.9789
vn -0.1722 0.0818 0.9817
vn -0.1565 0.0848 0.9840
vn -0.1414 0.0875 0.9861
vn -0.1265 0.0900 0.9879
vn -0.1120 0.0922 0.9894
vn -0.0976 0.0941 0.9908
vn -0.0835 0.0957 0.9919
vn -0.0694 0.0971 0.9928
vn -0.0554 0.0983 0.9936
vn -0.0415 0.0991 0.9942
vn -0.0277 0.0998 0.9946
vn -0.0138 0.1002 0.9949
vn -0.0000 0.1003 0.9950
vn 0.0138 0.1002 0.9949
vn 0.0277 0.0998 0.9946
vn 0.0415 0.0991 0.9942
vn 0.0554 0.0983 0.9936
vn 0.0694 0.0971 0.9928
vn 0.0835 0.0957 0.9919
vn 0.0976 0.0941 0.9908
vn 0.1120 0.0922 0.9894
vn 0.1265 0.0900 0.9879
vn 0.1414 0.0875 0.9861
vn 0.1565 0.0848 0.9840
vn 0.1722 0.0818 0.9817
vn 0.1884 0.0785 0.9789
vn 0.2055 0.0749 0.9758
vn 0.2236 0.0709 0.9721
vn 0.2432 0.0666 0.9677
vn 0.2648 0.0619 0.9623
vn 0.2893 0.0568 0.9556
vn 0.3181 0.0511 0.9467
vn 0.3539 0.0448 0.9342
vn 0.4017 0.0375 0.9150
vn 0.4749 0.0289 0.8795
vn 0.7987 0.0020 0.6018
vn 0.6694 0.0166 0.7428
vn -0.6639 0.0180 0.7476
vn -0.7895 0.0024 0.6137
vn -0.4692 0.0311 0.8826
vn -0.3964 0.0404 0.9172
vn -0.3490 0.0482 0.9359
vn -0.3136 0.0550 0.9480
vn -0.2851 0.0611 0.9566
vn -0.2608 0.0666 0.9631
vn -0.2395 0.0716 0.9682
vn -0.2202 0.0762 0.9725
vn -0.2023 0.0805 0.9760
vn -0.1855 0.0843 0.9790
vn -0.1695 0.0879 0.9816
vn -0.1541 0.0911 0.9839
vn -0.1391 0.0940 0.9858
vn -0.1245 0.0966 0.9875
vn -0.1102 0.0990 0.9890
vn -0.0961 0.1010 0.9902
vn -0.0821 0.1028 0.9913
vn -0.0683 0.1043 0.9922
vn -0.0545 0.1055 0.9929
vn -0.0408 0.1064 0.9935
vn -0.0272 0.1071 0.9939
vn -0.0136 0.1075 0.9941
vn -0.0000 0.1077 0.9942
vn 0.0136 0.1075 0.9941
vn 0.0272 0.1071 0.9939
vn 0.0408 0.1064 0.9935
vn 0.0545 0.1055 0.9929
vn 0.0683 0.1043 0.9922
vn 0.0821 0.1028 0.9913
vn 0.0961 0.1010 0.9902
vn 0.1102 0.0990 0.9890
vn 0.1245 0.0966 0.9875
vn 0.1391 0.0940 0.9858
vn 0.1541 0.0911 0.9839
vn 0.1695 0.0879 0.9816
vn 0.1855 0.0843 0.9790
vn 0.2023 0.0805 0.9760
vn 0.2202 0.0762 0.9725
vn 0.2395 0.0716 0.9682
vn 0.2608 0.0666 0.9631
vn 0.2851 0.0611 0.9566
vn 0.3136 0.0550 0.9480
vn 0.3490 0.0482 0.9359
vn 0.3964 0.0404 0.9172
vn 0.4692 0.0311 0.8826
vn 0.7943 0.0022 0.6075
vn 0.6639 0.0180 0.7476
vn -0.6580 0.0193 0.7528
vn -0.7842 0.0026 0.6205
vn -0.4629 0.0334 0.8858
vn -0.3906 0.0433 0.9195
vn -0.3437 0.0516 0.9377
vn -0.3087 0.0589 0.9493
vn -0.2805 0.0654 0.9576
vn -0.2566 0.0713 0.9639
vn -0.2356 0.0767 0.9688
vn -0.2165 0.0816 0.9729
vn -0.1989 0.0861 0.9762
vn -0.1823 0.0902 0.9791
vn -0.1666 0.0940 0.9815
vn -0.1514 0.0974 0.9837
vn -0.1367 0.1005 0.9855
vn -0.1223 0.1033 0.9871
vn -0.1083 0.1058 0.9885
vn -0.0944 0.1080 0.9897
vn -0.0807 0.1099 0.9907
vn -0.0671 0.1115 0.9915
vn -0.0536 0.1128 0.9922
vn -0.0401 0.1138 0.9927
vn -0.0267 0.1145 0.9931
vn -0.0134 0.1149 0.9933
vn -0.0000 0.1151 0.9934
vn 0.0134 0.1149 0.9933
vn 0.0267 0.1145 0.9931
vn 0.0401 0.1138 0.9927
vn 0.0536 0.1128 0.9922
vn 0.0671 0.1115 0.9915
vn 0.0807 0.1099 0.9907
vn 0.0944 0.1080 0.9897
vn 0.1083 0.1058 0.9885
vn 0.1223 0.1033 0.9871
vn 0.1367 0.1005 0.9855
vn 0.1514 0.0974 0.9837
vn 0.1666 0.0940 0.9815
vn 0.1823 0.0902 0.9791
vn 0.1989 0.0861 0.9762
vn 0.2165 0.0816 0.9729
vn 0.2356 0.0767 0.9688
vn 0.2566 0.0713 0.9639
vn 0.2805 0.0654 0.9576
vn 0.3087 0.0589 0.9493
vn 0.3437 0.0516 0.9377
vn 0.3906 0.0433 0.9195
vn 0.4629 0.0334 0.8858
vn 0.7895 0.0024 0.6137
vn 0.6580 0.0193 0.7528
vn -0.6515 0.0208 0.7584
vn -0.7784 0.0029 0.6278
vn -0.4561 0.0357 0.8892
vn -0.3845 0.0463 0.9220
vn -0.3380 0.0551 0.9395
vn -0.3034 0.0629 0.9508
vn -0.2756 0.0698 0.9587
vn -0.2521 0.0761 0.9647
vn -0.2313 0.0818 0.9694
vn -0.2126 0.0870 0.9733
vn -0.1953 0.0918 0.9764
vn -0.1790 0.0962 0.9791
vn -0.1635 0.1002 0.9814
vn -0.1486 0.1038 0.9834
vn -0.1341 0.1071 0.9852
vn -0.1200 0.1101 0.9866
vn -0.1062 0.1127 0.9879
vn -0.0926 0.1150 0.9890
vn -0.0791 0.1170 0.9900
vn -0.0658 0.1187 0.9907
vn -0.0525 0.1201 0.9914
vn -0.0393 0.1212 0.9919
vn -0.0262 0.1219 0.9922
vn -0.0131 0.1224 0.9924
vn -0.0000 0.1226 0.9925
vn 0.0131 0.1224 0.9924
vn 0.0262 0.1219 0.9922
vn 0.0393 0.1212 0.9919
vn 0.0525 0.1201 0.9914
vn 0.0658 0.1187 0.9907
vn 0.0791 0.1170 0.9900
vn 0.0926 0.1150 0.9890
vn 0.1062 0.1127 0.9879
vn 0.1200 0.1101 0.9866
vn 0.1341 0.1071 0.9852
vn 0.1486 0.1038 0.9834
vn 0.1635 0.1002 0.9814
vn 0.1790 0.0962 0.9791
vn 0.1953 0.0918 0.9764
vn 0.2126 0.0870 0.9733
vn 0.2313 0.0818 0.9694
vn 0.2521 0.0761 0.9647
vn 0.2756 0.0698 0.9587
vn 0.3034 0.0629 0.9508
vn 0.3380 0.0551 0.9395
vn 0.3845 0.0463 0.9220
vn 0.4561 0.0357 0.8892
vn 0.7842 0.0026 0.6205
vn 0.6515 0.0208 0.7584
vn -0.6444 0.0222 0.7644
vn -0.7719 0.0031 0.6357
vn -0.4488 0.0381 0.8928
vn -0.3778 0.0493 0.9246
vn -0.3319 0.0587 0.9415
vn -0.2978 0.0669 0.9523
vn -0.2704 0.0743 0.9599
vn -0.2472 0.0809 0.9656
vn -0.2268 0.0870 0.9700
vn -0.2084 0.0925 0.9737
vn -0.1914 0.0976 0.9767
vn -0.1754 0.1022 0.9792
vn -0.1602 0.1064 0.9813
vn -0.1456 0.1103 0.9832
vn -0.1314 0.1138 0.9848
vn -0.1176 0.1169 0.9862
vn -0.1040 0.1197 0.9873
vn -0.0907 0.1222 0.9884
vn -0.0775 0.1243 0.9892
vn -0.0644 0.1261 0.9899
vn -0.0514 0.1275 0.9905
vn -0.0385 0.1287 0.9909
vn -0.0257 0.1295 0.9913
vn -0.0128 0.1300 0.9914
vn -0.0000 0.1301 0.9915
vn 0.0128 0.1300 0.9914
vn 0.0257 0.1295 0.9913
vn 0.0385 0.1287 0.9909
vn 0.0514 0.1275 0.9905
vn 0.0644 0.1261 0.9899
vn 0.0775 0.1243 0.9892
vn 0.0907 0.1222 0.9884
vn 0.1040 0.1197 0.9873
vn 0.1176 0.1169 0.9862
vn 0.1314 0.1138 0.9848
vn 0.1456 0.1103 0.9832
vn 0.1602 0.1064 0.9813
vn 0.1754 0.1022 0.9792
vn 0.1914 0.0976 0.9767
vn 0.2084 0.0925 0.9737
vn 0.2268 0.0870 0.9700
vn 0.2472 0.0809 0.9656
vn 0.2704 0.0743 0.9599
vn 0.2978 0.0669 0.9523
vn 0.3319 0.0587 0.9415
vn 0.3778 0.0493 0.9246
vn 0.4488 0.0381 0.8928
vn 0.7784 0.0029 0.6278
vn 0.6444 0.0222 0.7644
vn -0.6367 0.0237 0.7708
vn -0.7648 0.0034 0.6442
vn -0.4410 0.0406 0.8966
vn -0.3707 0.0525 0.9273
vn -0.3254 0.0624 0.9435
vn -0.2918 0.0711 0.9538
vn -0.2649 0.0788 0.9611
vn -0.2421 0.0859 0.9664
vn -0.2221 0.0922 0.9707
vn -0.2040 0.0981 0.9741
vn -0.1873 0.1035 0.9768
vn -0.1716 0.1084 0.9792
vn -0.1567 0.1128 0.9812
vn -0.1423 0.1169 0.9829
vn -0.1285 0.1206 0.9844
vn -0.1149 0.1239 0.9856
vn -0.1017 0.1268 0.9867
vn -0.0886 0.1294 0.9876
vn -0.0757 0.1317 0.9884
vn -0.0629 0.1335 0.9890
vn -0.0503 0.1351 0.9896
vn -0.0377 0.1363 0.9900
vn -0.0251 0.1371 0.9902
vn -0.0126 0.1376 0.9904
vn -0.0000 0.1378 0.9905
vn 0.0126 0.1376 0.9904
vn 0.0251 0.1371 0.9902
vn 0.0377 0.1363 0.9900
vn 0.0503 0.1351 0.9896
vn 0.0629 0.1335 0.9890
vn 0.0757 0.1317 0.9884
vn 0.0886 0.1294 0.9876
vn 0.1017 0.1268 0.9867
vn 0.1149 0.1239 0.9856
vn 0.1285 0.1206 0.9844
vn 0.1423 0.1169 0.9829
vn 0.1567 0.1128 0.9812
vn 0.1716 0.1084 0.9792
vn 0.1873 0.1035 0.9768
vn 0.2040 0.0981 0.9741
vn 0.2221 0.0922 0.9707
vn 0.2421 0.0859 0.9664
vn 0.2649 0.0788 0.9611
vn 0.2918 0.0711 0.9538
vn 0.3254 0.0624 0.9435
vn 0.3707 0.0525 0.9273
vn 0.4410 0.0406 0.8966
vn 0.7719 0.0031 0.6357
vn 0.6367 0.0237 0.7708
vn -0.6283 0.0253 0.7776
vn -0.7570 0.0037 0.6534
vn -0.4326 0.0431 0.9006
vn -0.3631 0.0557 0.9301
vn -0.3185 0.0662 0.9456
vn -0.2854 0.0753 0.9554
vn -0.2590 0.0835 0.9623
vn -0.2366 0.0909 0.9673
vn -0.2170 0.0977 0.9713
vn -0.1992 0.1038 0.9744
vn -0.1829 0.1095 0.9770
vn -0.1675 0.1147 0.9792
vn -0.1530 0.1194 0.9810
vn -0.1390 0.1237 0.9825
vn -0.1254 0.1275 0.9839
vn -0.1122 0.1310 0.9850
vn -0.0992 0.1341 0.9860
vn -0.0865 0.1369 0.9868
vn -0.0739 0.1392 0.9875
vn -0.0614 0.1412 0.9881
vn -0.0490 0.1428 0.9885
vn -0.0367 0.1440 0.9889
vn -0.0245 0.1449 0.9891
vn -0.0123 0.1455 0.9893
vn -0.0000 0.1457 0.9893
vn 0.0123 0.1455 0.9893
vn 0.0245 0.1449 0.9891
vn 0.0367 0.1440 0.9889
vn 0.0490 0.1428 0.9885
vn 0.0614 0.1412 0.9881
vn 0.0739 0.1392 0.9875
vn 0.0865 0.1369 0.9868
vn 0.0992 0.1341 0.9860
vn 0.1122 0.1310 0.9850
vn 0.1254 0.1275 0.9839
vn 0.1390 0.1237 0.9825
vn 0.1530 0.1194 0.9810
vn 0.1675 0.1147 0.9792
vn 0.1829 0.1095 0.9770
vn 0.1992 0.1038 0.9744
vn 0.2170 0.0977 0.9713
vn 0.2366 0.0909 0.9673
vn 0.2590 0.0835 0.9623
vn 0.2854 0.0753 0.9554
vn 0.3185 0.0662 0.9456
vn 0.3631 0.0557 0.9301
vn 0.4326 0.0431 0.9006
vn 0.7648 0.0034 0.6442
vn 0.6283 0.0253 0.7776
vn -0.6191 0.0269 0.7848
vn -0.7484 0.0040 0.6633
vn -0.4236 0.0458 0.9047
vn -0.3550 0.0590 0.9330
vn -0.3111 0.0701 0.9478
vn -0.2786 0.0797 0.9571
vn -0.2527 0.0884 0.9635
vn -0.2308 0.0962 0.9682
vn -0.2116 0.1033 0.9719
vn -0.1942 0.1098 0.9748
vn -0.1783 0.1157 0.9772
vn -0.1633 0.1212 0.9791
vn -0.1490 0.1261 0.9808
vn -0.1354 0.1306 0.9821
vn -0.1221 0.1347 0.9833
vn -0.1092 0.1384 0.9843
vn -0.0966 0.1416 0.9852
vn -0.0842 0.1445 0.9859
vn -0.0719 0.1469 0.9865
vn -0.0598 0.1490 0.9870
vn -0.0477 0.1507 0.9874
vn -0.0358 0.1520 0.9877
vn -0.0238 0.1530 0.9879
vn -0.0119 0.1535 0.9881
vn -0.0000 0.1537 0.9881
vn 0.0119 0.1535 0.9881
vn 0.0238 0.1530 0.9879
vn 0.0358 0.1520 0.9877
vn 0.0477 0.1507 0.9874
vn 0.0598 0.1490 0.9870
vn 0.0719 0.1469 0.9865
vn 0.0842 0.1445 0.9859
vn 0.0966 0.1416 0.9852
vn 0.1092 0.1384 0.9843
vn 0.1221 0.1347 0.9833
vn 0.1354 0.1306 0.9821
vn 0.1490 0.1261 0.9808
vn 0.1633 0.1212 0.9791
vn 0.1783 0.1157 0.9772
vn 0.1942 0.1098 0.9748
vn 0.2116 0.1033 0.9719
vn 0.2308 0.0962 0.9682
vn 0.2527 0.0884 0.9635
vn 0.2786 0.0797 0.9571
vn 0.3111 0.0701 0.9478
vn 0.3550 0.0590 0.9330
vn 0.4236 0.0458 0.9047
vn 0.7570 0.0037 0.6534
vn 0.6191 0.0269 0.7848
vn -0.6091 0.0287 0.7926
vn -0.7388 0.0043 0.6739
vn -0.4139 0.0486 0.9090
vn -0.3463 0.0625 0.9360
vn -0.3032 0.0742 0.9500
vn -0.2714 0.0843 0.9588
vn -0.2460 0.0934 0.9647
vn -0.2246 0.1016 0.9691
vn -0.2059 0.1091 0.9725
vn -0.1889 0.1159 0.9751
vn -0.1733 0.1222 0.9773
vn -0.1587 0.1279 0.9790
vn -0.1449 0.1331 0.9805
vn -0.1316 0.1378 0.9817
vn -0.1187 0.1421 0.9827
vn -0.1061 0.1460 0.9836
vn -0.0939 0.1494 0.9843
vn -0.0818 0.1524 0.9849
vn -0.0699 0.1550 0.9854
vn -0.0581 0.1572 0.9859
vn -0.0464 0.1589 0.9862
vn -0.0347 0.1603 0.9865
vn -0.0231 0.1613 0.9866
vn -0.0116 0.1619 0.9867
vn -0.0000 0.1621 0.9868
vn 0.0116 0.1619 0.9867
vn 0.0231 0.1613 0.9866
vn 0.0347 0.1603 0.9865
vn 0.0464 0.1589 0.9862
vn 0.0581 0.1572 0.9859
vn 0.0699 0.1550 0.9854
vn 0.0818 0.1524 0.9849
vn 0.0939 0.1494 0.9843
vn 0.1061 0.1460 0.9836
vn 0.1187 0.1421 0.9827
vn 0.1316 0.1378 0.9817
vn 0.1449 0.1331 0.9805
vn 0.1587 0.1279 0.9790
vn 0.1733 0.1222 0.9773
vn 0.1889 0.1159 0.9751
vn 0.2059 0.1091 0.9725
vn 0.2246 0.1016 0.9691
vn 0.2460 0.0934 0.9647
vn 0.2714 0.0843 0.9588
vn 0.3032 0.0742 0.9500
vn 0.3463 0.0625 0.9360
vn 0.4139 0.0486 0.9090
vn 0.7484 0.0040 0.6633
vn 0.6091 0.0287 0.7926
vn -0.5982 0.0305 0.8007
vn -0.7282 0.0047 0.6853
vn -0.4035 0.0515 0.9135
vn -0.3371 0.0662 0.9392
vn -0.2948 0.0785 0.9523
vn -0.2638 0.0892 0.9605
vn -0.2390 0.0987 0.9660
vn -0.2181 0.1074 0.9700
vn -0.1998 0.1152 0.9730
vn -0.1833 0.1224 0.9754
vn -0.1682 0.1290 0.9773
vn -0.1539 0.1350 0.9788
vn -0.1405 0.1404 0.9801
vn -0.1275 0.1454 0.9811
vn -0.1150 0.1499 0.9820
vn -0.1029 0.1539 0.9827
vn -0.0910 0.1575 0.9833
vn -0.0792 0.1606 0.9838
vn -0.0677 0.1634 0.9842
vn -0.0563 0.1656 0.9846
vn -0.0449 0.1675 0.9848
vn -0.0336 0.1689 0.9851
vn -0.0224 0.1700 0.9852
vn -0.0112 0.1706 0.9853
vn -0.0000 0.1708 0.9853
vn 0.0112 0.1706 0.9853
vn 0.0224 0.1700 0.9852
vn 0.0336 0.1689 0.9851
vn 0.0449 0.1675 0.9848
vn 0.0563 0.1656 0.9846
vn 0.0677 0.1634 0.9842
vn 0.0792 0.1606 0.9838
vn 0.0910 0.1575 0.9833
vn 0.1029 0.1539 0.9827
vn 0.1150 0.1499 0.9820
vn 0.1275 0.1454 0.9811
vn 0.1405 0.1404 0.9801
vn 0.1539 0.1350 0.9788
vn 0.1682 0.1290 0.9773
vn 0.1833 0.1224 0.9754
vn 0.1998 0.1152 0.9730
vn 0.2181 0.1074 0.9700
vn 0.2390 0.0987 0.9660
vn 0.2638 0.0892 0.9605
vn 0.2948 0.0785 0.9523
vn 0.3371 0.0662 0.9392
vn 0.4035 0.0515 0.9135
vn 0.7388 0.0043 0.6739
vn 0.5982 0.0305 0.8007
vn -0.5863 0.0325 0.8094
vn -0.7164 0.0052 0.6976
vn -0.3924 0.0546 0.9182
vn -0.3272 0.0701 0.9424
vn -0.2859 0.0830 0.9547
vn -0.2556 0.0943 0.9622
vn -0.2315 0.1043 0.9672
vn -0.2112 0.1134 0.9708
vn -0.1934 0.1217 0.9735
vn -0.1774 0.1292 0.9756
vn -0.1627 0.1361 0.9772
vn -0.1489 0.1424 0.9785
vn -0.1358 0.1481 0.9796
vn -0.1233 0.1534 0.9804
vn -0.1112 0.1581 0.9811
vn -0.0994 0.1623 0.9817
vn -0.0879 0.1661 0.9822
vn -0.0766 0.1694 0.9826
vn -0.0654 0.1722 0.9829
vn -0.0543 0.1746 0.9831
vn -0.0434 0.1765 0.9833
vn -0.0325 0.1780 0.9835
vn -0.0217 0.1791 0.9836
vn -0.0108 0.1798 0.9836
vn -0.0000 0.1800 0.9837
vn 0.0108 0.1798 0.9836
vn 0.0217 0.1791 0.9836
vn 0.0325 0.1780 0.9835
vn 0.0434 0.1765 0.9833
vn 0.0543 0.1746 0.9831
vn 0.0654 0.1722 0.9829
vn 0.0766 0.1694 0.9826
vn 0.0879 0.1661 0.9822
vn 0.0994 0.1623 0.9817
vn 0.1112 0.1581 0.9811
vn 0.1233 0.1534 0.9804
vn 0.1358 0.1481 0.9796
vn 0.1489 0.1424 0.9785
vn 0.1627 0.1361 0.9772
vn 0.1774 0.1292 0.9756
vn 0.1934 0.1217 0.9735
vn 0.2112 0.1134 0.9708
vn 0.2315 0.1043 0.9672
vn 0.2556 0.0943 0.9622
vn 0.2859 0.0830 0.9547
vn 0.3272 0.0701 0.9424
vn 0.3924 0.0546 0.9182
vn 0.7282 0.0047 0.6853
vn 0.5863 0.0325 0.8094
vn -0.5733 0.0347 0.8186
vn -0.7033 0.0056 0.7109
vn -0.3805 0.0580 0.9230
vn -0.3167 0.0743 0.9456
vn -0.2764 0.0879 0.9570
vn -0.2470 0.0998 0.9639
vn -0.2235 0.1104 0.9684
vn -0.2038 0.1199 0.9716
vn -0.1866 0.1286 0.9740
vn -0.1711 0.1365 0.9758
vn -0.1568 0.1438 0.9771
vn -0.1435 0.1504 0.9782
vn -0.1309 0.1564 0.9790
vn -0.1188 0.1619 0.9796
vn -0.1071 0.1668 0.9802
vn -0.0958 0.1712 0.9806
vn -0.0846 0.1752 0.9809
vn -0.0737 0.1786 0.9812
vn -0.0630 0.1816 0.9814
vn -0.0523 0.1841 0.9815
vn -0.0418 0.1861 0.9816
vn -0.0313 0.1877 0.9817
vn -0.0208 0.1889 0.9818
vn -0.0104 0.1895 0.9818
vn -0.0000 0.1898 0.9818
vn 0.0104 0.1895 0.9818
vn 0.0208 0.1889 0.9818
vn 0.0313 0.1877 0.9817
vn 0.0418 0.1861 0.9816
vn 0.0523 0.1841 0.9815
vn 0.0630 0.1816 0.9814
vn 0.0737 0.1786 0.9812
vn 0.0846 0.1752 0.9809
vn 0.0958 0.1712 0.9806
vn 0.1071 0.1668 0.9802
vn 0.1188 0.1619 0.9796
vn 0.1309 0.1564 0.9790
vn 0.1435 0.1504 0.9782
vn 0.1568 0.1438 0.9771
vn 0.1711 0.1365 0.9758
vn 0.1866 0.1286 0.9740
vn 0.2038 0.1199 0.9716
vn 0.2235 0.1104 0.9684
vn 0.2470 0.0998 0.9639
vn 0.2764 0.0879 0.9570
vn 0.3167 0.0743 0.9456
vn 0.3805 0.0580 0.9230
vn 0.7164 0.0052 0.6976
vn 0.5733 0.0347 0.8186
vn -0.5590 0.0371 0.8283
vn -0.6886 0.0062 0.7251
vn -0.3677 0.0617 0.9279
vn -0.3054 0.0789 0.9490
vn -0.2663 0.0932 0.9594
vn -0.2377 0.1057 0.9656
vn -0.2150 0.1169 0.9696
vn -0.1960 0.1269 0.9724
vn -0.1794 0.1361 0.9743
vn -0.1644 0.1444 0.9758
vn -0.1507 0.1520 0.9768
vn -0.1378 0.1590 0.9776
vn -0.1257 0.1653 0.9782
vn -0.1141 0.1710 0.9786
vn -0.1028 0.1762 0.9790
vn -0.0919 0.1809 0.9792
vn -0.0812 0.1850 0.9794
vn -0.0707 0.1886 0.9795
vn -0.0604 0.1918 0.9796
vn -0.0502 0.1944 0.9796
vn -0.0401 0.1965 0.9797
vn -0.0300 0.1982 0.9797
vn -0.0200 0.1994 0.9797
vn -0.0100 0.2001 0.9797
vn -0.0000 0.2003 0.9797
vn 0.0100 0.2001 0.9797
vn 0.0200 0.1994 0.9797
vn 0.0300 0.1982 0.9797
vn 0.0401 0.1965 0.9797
vn 0.0502 0.1944 0.9796
vn 0.0604 0.1918 0.9796
vn 0.0707 0.1886 0.9795
vn 0.0812 0.1850 0.9794
vn 0.0919 0.1809 0.9792
vn 0.1028 0.1762 0.9790
vn 0.1141 0.1710 0.9786
vn 0.1257 0.1653 0.9782
vn 0.1378 0.1590 0.9776
vn 0.1507 0.1520 0.9768
vn 0.1644 0.1444 0.9758
vn 0.1794 0.1361 0.9743
vn 0.1960 0.1269 0.9724
vn 0.2150 0.1169 0.9696
vn 0.2377 0.1057 0.9656
vn 0.2663 0.0932 0.9594
vn 0.3054 0.0789 0.9490
vn 0.3677 0.0617 0.9279
vn 0.7033 0.0056 0.7109
vn 0.5590 0.0371 0.8283
vn -0.5432 0.0397 0.8387
vn -0.6720 0.0068 0.7405
vn -0.3539 0.0657 0.9330
vn -0.2933 0.0839 0.9523
vn -0.2555 0.0991 0.9617
vn -0.2279 0.1123 0.9672
vn -0.2060 0.1240 0.9707
vn -0.1877 0.1347 0.9730
vn -0.1717 0.1443 0.9745
vn -0.1573 0.1531 0.9756
vn -0.1441 0.1611 0.9764
vn -0.1318 0.1684 0.9769
vn -0.1202 0.1751 0.9772
vn -0.1090 0.1811 0.9774
vn -0.0983 0.1866 0.9775
vn -0.0878 0.1915 0.9776
vn -0.0776 0.1958 0.9776
vn -0.0676 0.1996 0.9775
vn -0.0577 0.2029 0.9775
vn -0.0479 0.2056 0.9775
vn -0.0383 0.2079 0.9774
vn -0.0286 0.2096 0.9774
vn -0.0191 0.2108 0.9773
vn -0.0096 0.2116 0.9773
vn -0.0000 0.2118 0.9773
vn 0.0096 0.2116 0.9773
vn 0.0191 0.2108 0.9773
vn 0.0286 0.2096 0.9774
vn 0.0383 0.2079 0.9774
vn 0.0479 0.2056 0.9775
vn 0.0577 0.2029 0.9775
vn 0.0676 0.1996 0.9775
vn 0.0776 0.1958 0.9776
vn 0.0878 0.1915 0.9776
vn 0.0983 0.1866 0.9775
vn 0.1090 0.1811 0.9774
vn 0.1202 0.1751 0.9772
vn 0.1318 0.1684 0.9769
vn 0.1441 0.1611 0.9764
vn 0.1573 0.1531 0.9756
vn 0.1717 0.1443 0.9745
vn 0.1877 0.1347 0.9730
vn 0.2060 0.1240 0.9707
vn 0.2279 0.1123 0.9672
vn 0.2555 0.0991 0.9617
vn 0.2933 0.0839 0.9523
vn 0.3539 0.0657 0.9330
vn 0.6886 0.0062 0.7251
vn 0.5432 0.0397 0.8387
vn -0.5257 0.0427 0.8496
vn -0.6532 0.0076 0.7571
vn -0.3390 0.0703 0.9382
vn -0.2804 0.0896 0.9557
vn -0.2439 0.1056 0.9640
vn -0.2174 0.1196 0.9687
vn -0.1964 0.1321 0.9716
vn -0.1788 0.1433 0.9734
vn -0.1635 0.1535 0.9745
vn -0.1498 0.1628 0.9752
vn -0.1372 0.1712 0.9756
vn -0.1254 0.1790 0.9758
vn -0.1143 0.1860 0.9759
vn -0.1036 0.1924 0.9758
vn -0.0934 0.1981 0.9757
vn -0.0834 0.2033 0.9756
vn -0.0737 0.2078 0.9754
vn -0.0642 0.2118 0.9752
vn -0.0548 0.2153 0.9750
vn -0.0455 0.2182 0.9749
vn -0.0363 0.2205 0.9747
vn -0.0272 0.2223 0.9746
vn -0.0181 0.2236 0.9745
vn -0.0091 0.2244 0.9744
vn -0.0000 0.2247 0.9744
vn 0.0091 0.2244 0.9744
vn 0.0181 0.2236 0.9745
vn 0.0272 0.2223 0.9746
vn 0.0363 0.2205 0.9747
vn 0.0455 0.2182 0.9749
vn 0.0548 0.2153 0.9750
vn 0.0642 0.2118 0.9752
vn 0.0737 0.2078 0.9754
vn 0.0834 0.2033 0.9756
vn 0.0934 0.1981 0.9757
vn 0.1036 0.1924 0.9758
vn 0.1143 0.1860 0.9759
vn 0.1254 0.1790 0.9758
vn 0.1372 0.1712 0.9756
vn 0.1498 0.1628 0.9752
vn 0.1635 0.1535 0.9745
vn 0.1788 0.1433 0.9734
vn 0.1964 0.1321 0.9716
vn 0.2174 0.1196 0.9687
vn 0.2439 0.1056 0.9640
vn 0.2804 0.0896 0.9557
vn 0.3390 0.0703 0.9382
vn 0.6720 0.0068 0.7405
vn 0.5257 0.0427 0.8496
vn -0.5062 0.0462 0.8612
vn -0.6317 0.0085 0.7751
vn -0.3228 0.0756 0.9435
vn -0.2663 0.0961 0.9591
vn -0.2314 0.1132 0.9663
vn -0.2061 0.1281 0.9701
vn -0.1860 0.1413 0.9723
vn -0.1693 0.1532 0.9736
vn -0.1547 0.1640 0.9742
vn -0.1417 0.1739 0.9745
vn -0.1297 0.1828 0.9746
vn -0.1185 0.1910 0.9744
vn -0.1080 0.1984 0.9741
vn -0.0979 0.2052 0.9738
vn -0.0882 0.2113 0.9734
vn -0.0788 0.2167 0.9731
vn -0.0696 0.2215 0.9727
vn -0.0606 0.2257 0.9723
vn -0.0517 0.2294 0.9720
vn -0.0430 0.2324 0.9717
vn -0.0343 0.2349 0.9714
vn -0.0257 0.2368 0.9712
vn -0.0171 0.2382 0.9711
vn -0.0086 0.2390 0.9710
vn -0.0000 0.2393 0.9709
vn 0.0086 0.2390 0.9710
vn 0.0171 0.2382 0.9711
vn 0.0257 0.2368 0.9712
vn 0.0343 0.2349 0.9714
vn 0.0430 0.2324 0.9717
vn 0.0517 0.2294 0.9720
vn 0.0606 0.2257 0.9723
vn 0.0696 0.2215 0.9727
vn 0.0788 0.2167 0.9731
vn 0.0882 0.2113 0.9734
vn 0.0979 0.2052 0.9738
vn 0.1080 0.1984 0.9741
vn 0.1185 0.1910 0.9744
vn 0.1297 0.1828 0.9746
vn 0.1417 0.1739 0.9745
vn 0.1547 0.1640 0.9742
vn 0.1693 0.1532 0.9736
vn 0.1860 0.1413 0.9723
vn 0.2061 0.1281 0.9701
vn 0.2314 0.1132 0.9663
vn 0.2663 0.0961 0.9591
vn 0.3228 0.0756 0.9435
vn 0.6532 0.0076 0.7571
vn 0.5062 0.0462 0.8612
vn -0.4842 0.0503 0.8735
vn -0.6069 0.0096 0.7947
vn -0.3051 0.0818 0.9488
vn -0.2511 0.1038 0.9624
vn -0.2179 0.1221 0.9683
vn -0.1938 0.1380 0.9713
vn -0.1749 0.1521 0.9728
vn -0.1590 0.1648 0.9734
vn -0.1453 0.1764 0.9735
vn -0.1329 0.1869 0.9734
vn -0.1216 0.1964 0.9729
vn -0.1111 0.2051 0.9724
vn -0.1012 0.2130 0.9718
vn -0.0917 0.2202 0.9711
vn -0.0826 0.2266 0.9705
vn -0.0738 0.2324 0.9698
vn -0.0652 0.2375 0.9692
vn -0.0567 0.2420 0.9686
vn -0.0484 0.2458 0.9681
vn -0.0402 0.2490 0.9677
vn -0.0321 0.2517 0.9673
vn -0.0240 0.2537 0.9670
vn -0.0160 0.2552 0.9668
vn -0.0080 0.2560 0.9666
vn -0.0000 0.2563 0.9666
vn 0.0080 0.2560 0.9666
vn 0.0160 0.2552 0.9668
vn 0.0240 0.2537 0.9670
vn 0.0321 0.2517 0.9673
vn 0.0402 0.2490 0.9677
vn 0.0484 0.2458 0.9681
vn 0.0567 0.2420 0.9686
vn 0.0652 0.2375 0.9692
vn 0.0738 0.2324 0.9698
vn 0.0826 0.2266 0.9705
vn 0.0917 0.2202 0.9711
vn 0.1012 0.2130 0.9718
vn 0.1111 0.2051 0.9724
vn 0.1216 0.1964 0.9729
vn 0.1329 0.1869 0.9734
vn 0.1453 0.1764 0.9735
vn 0.1590 0.1648 0.9734
vn 0.1749 0.1521 0.9728
vn 0.1938 0.1380 0.9713
vn 0.2179 0.1221 0.9683
vn 0.2511 0.1038 0.9624
vn 0.3051 0.0818 0.9488
vn 0.6317 0.0085 0.7751
vn 0.4842 0.0503 0.8735
vn -0.4593 0.0554 0.8866
vn -0.5779 0.0110 0.8160
vn -0.2856 0.0894 0.9542
vn -0.2345 0.1131 0.9655
vn -0.2031 0.1329 0.9701
vn -0.1805 0.1500 0.9721
vn -0.1627 0.1653 0.9727
vn -0.1479 0.1790 0.9727
vn -0.1350 0.1914 0.9722
vn -0.1234 0.2026 0.9714
vn -0.1129 0.2129 0.9705
vn -0.1031 0.2222 0.9695
vn -0.0938 0.2307 0.9685
vn -0.0850 0.2383 0.9675
vn -0.0766 0.2452 0.9664
vn -0.0683 0.2513 0.9655
vn -0.0603 0.2568 0.9646
vn -0.0525 0.2615 0.9638
vn -0.0448 0.2656 0.9630
vn -0.0372 0.2691 0.9624
vn -0.0297 0.2719 0.9619
vn -0.0222 0.2741 0.9615
vn -0.0148 0.2756 0.9612
vn -0.0074 0.2765 0.9610
vn -0.0000 0.2768 0.9609
vn 0.0074 0.2765 0.9610
vn 0.0148 0.2756 0.9612
vn 0.0222 0.2741 0.9615
vn 0.0297 0.2719 0.9619
vn 0.0372 0.2691 0.9624
vn 0.0448 0.2656 0.9630
vn 0.0525 0.2615 0.9638
vn 0.0603 0.2568 0.9646
vn 0.0683 0.2513 0.9655
vn 0.0766 0.2452 0.9664
vn 0.0850 0.2383 0.9675
vn 0.0938 0.2307 0.9685
vn 0.1031 0.2222 0.9695
vn 0.1129 0.2129 0.9705
vn 0.1234 0.2026 0.9714
vn 0.1350 0.1914 0.9722
vn 0.1479 0.1790 0.9727
vn 0.1627 0.1653 0.9727
vn 0.1805 0.1500 0.9721
vn 0.2031 0.1329 0.9701
vn 0.2345 0.1131 0.9655
vn 0.2856 0.0894 0.9542
vn 0.6069 0.0096 0.7947
vn 0.4593 0.0554 0.8866
vn -0.4305 0.0619 0.9005
vn -0.5433 0.0128 0.8395
vn -0.2638 0.0991 0.9595
vn -0.2160 0.1250 0.9684
vn -0.1868 0.1466 0.9714
vn -0.1658 0.1654 0.9722
vn -0.1493 0.1820 0.9719
vn -0.1355 0.1969 0.9710
vn -0.1236 0.2103 0.9698
vn -0.1130 0.2225 0.9684
vn -0.1033 0.2336 0.9668
vn -0.0943 0.2437 0.9653
vn -0.0858 0.2529 0.9637
vn -0.0777 0.2611 0.9622
vn -0.0699 0.2685 0.9607
vn -0.0624 0.2752 0.9594
vn -0.0550 0.2810 0.9581
vn -0.0479 0.2861 0.9570
vn -0.0408 0.2905 0.9560
vn -0.0339 0.2942 0.9551
vn -0.0271 0.2972 0.9544
vn -0.0203 0.2995 0.9539
vn -0.0135 0.3012 0.9535
vn -0.0068 0.3022 0.9532
vn -0.0000 0.3025 0.9531
vn 0.0068 0.3022 0.9532
vn 0.0135 0.3012 0.9535
vn 0.0203 0.2995 0.9539
vn 0.0271 0.2972 0.9544
vn 0.0339 0.2942 0.9551
vn 0.0408 0.2905 0.9560
vn 0.0479 0.2861 0.9570
vn 0.0550 0.2810 0.9581
vn 0.0624 0.2752 0.9594
vn 0.0699 0.2685 0.9607
vn 0.0777 0.2611 0.9622
vn 0.0858 0.2529 0.9637
vn 0.0943 0.2437 0.9653
vn 0.1033 0.2336 0.9668
vn 0.1130 0.2225 0.9684
vn 0.1236 0.2103 0.9698
vn 0.1355 0.1969 0.9710
vn 0.1493 0.1820 0.9719
vn 0.1658 0.1654 0.9722
vn 0.1868 0.1466 0.9714
vn 0.2160 0.1250 0.9684
vn 0.2638 0.0991 0.9595
vn 0.5779 0.0110 0.8160
vn 0.4305 0.0619 0.9005
vn -0.3965 0.0707 0.9153
vn -0.5010 0.0154 0.8653
vn -0.2391 0.1122 0.9645
vn -0.1951 0.1412 0.9706
vn -0.1684 0.1652 0.9718
vn -0.1492 0.1861 0.9711
vn -0.1342 0.2045 0.9696
vn -0.1217 0.2210 0.9677
vn -0.1109 0.2358 0.9655
vn -0.1013 0.2493 0.9631
vn -0.0925 0.2615 0.9608
vn -0.0843 0.2725 0.9584
vn -0.0767 0.2825 0.9562
vn -0.0694 0.2915 0.9540
vn -0.0624 0.2996 0.9520
vn -0.0557 0.3068 0.9501
vn -0.0491 0.3132 0.9484
vn -0.0427 0.3188 0.9469
vn -0.0364 0.3235 0.9455
vn -0.0302 0.3275 0.9444
vn -0.0241 0.3308 0.9434
vn -0.0181 0.3333 0.9427
vn -0.0120 0.3351 0.9421
vn -0.0061 0.3361 0.9418
vn -0.0000 0.3365 0.9417
vn 0.0061 0.3361 0.9418
vn 0.0120 0.3351 0.9421
vn 0.0181 0.3333 0.9427
vn 0.0241 0.3308 0.9434
vn 0.0302 0.3275 0.9444
vn 0.0364 0.3235 0.9455
vn 0.0427 0.3188 0.9469
vn 0.0491 0.3132 0.9484
vn 0.0557 0.3068 0.9501
vn 0.0624 0.2996 0.9520
vn 0.0694 0.2915 0.9540
vn 0.0767 0.2825 0.9562
vn 0.0843 0.2725 0.9584
vn 0.0925 0.2615 0.9608
vn 0.1013 0.2493 0.9631
vn 0.1109 0.2358 0.9655
vn 0.1217 0.2210 0.9677
vn 0.1342 0.2045 0.9696
vn 0.1492 0.1861 0.9711
vn 0.1684 0.1652 0.9718
vn 0.1951 0.1412 0.9706
vn 0.2391 0.1122 0.9645
vn 0.5433 0.0128 0.8395
vn 0.3965 0.0707 0.9153
vn -0.3553 0.0841 0.9310
vn -0.4472 0.0195 0.8942
vn -0.2101 0.1319 0.9687
vn -0.1708 0.1653 0.9713
vn -0.1470 0.1929 0.9701
vn -0.1300 0.2168 0.9675
vn -0.1167 0.2377 0.9643
vn -0.1057 0.2565 0.9608
vn -0.0961 0.2733 0.9571
vn -0.0877 0.2884 0.9535
vn -0.0799 0.3021 0.9499
vn -0.0728 0.3145 0.9465
vn -0.0661 0.3257 0.9432
vn -0.0598 0.3357 0.9401
vn -0.0537 0.3447 0.9372
vn -0.0479 0.3526 0.9345
vn -0.0422 0.3597 0.9321
vn -0.0367 0.3658 0.9300
vn -0.0313 0.3710 0.9281
vn -0.0259 0.3754 0.9265
vn -0.0207 0.3790 0.9252
vn -0.0155 0.3817 0.9241
vn -0.0103 0.3837 0.9234
vn -0.0052 0.3848 0.9230
vn -0.0000 0.3852 0.9228
vn 0.0052 0.3848 0.9230
vn 0.0103 0.3837 0.9234
vn 0.0155 0.3817 0.9241
vn 0.0207 0.3790 0.9252
vn 0.0259 0.3754 0.9265
vn 0.0313 0.3710 0.9281
vn 0.0367 0.3658 0.9300
vn 0.0422 0.3597 0.9321
vn 0.0479 0.3526 0.9345
vn 0.0537 0.3447 0.9372
vn 0.0598 0.3357 0.9401
vn 0.0661 0.3257 0.9432
vn 0.0728 0.3145 0.9465
vn 0.0799 0.3021 0.9499
vn 0.0877 0.2884 0.9535
vn 0.0961 0.2733 0.9571
vn 0.1057 0.2565 0.9608
vn 0.1167 0.2377 0.9643
vn 0.1300 0.2168 0.9675
vn 0.1470 0.1929 0.9701
vn 0.1708 0.1653 0.9713
vn 0.2101 0.1319 0.9687
vn 0.5010 0.0154 0.8653
vn 0.3553 0.0841 0.9310
vn -0.3022 0.1085 0.9471
vn -0.3734 0.0274 0.9273
vn -0.1743 0.1674 0.9704
vn -0.1408 0.2084 0.9679
vn -0.1207 0.2421 0.9627
vn -0.1063 0.2709 0.9567
vn -0.0951 0.2960 0.9504
vn -0.0859 0.3182 0.9441
vn -0.0779 0.3381 0.9379
vn -0.0709 0.3558 0.9319
vn -0.0645 0.3717 0.9261
vn -0.0586 0.3859 0.9207
vn -0.0531 0.3987 0.9155
vn -0.0480 0.4101 0.9108
vn -0.0430 0.4203 0.9064
vn -0.0383 0.4293 0.9024
vn -0.0337 0.4371 0.8988
vn -0.0293 0.4440 0.8956
vn -0.0249 0.4498 0.8928
vn -0.0207 0.4547 0.8904
vn -0.0165 0.4586 0.8885
vn -0.0124 0.4616 0.8870
vn -0.0083 0.4638 0.8859
vn -0.0042 0.4650 0.8853
vn -0.0000 0.4655 0.8851
vn 0.0042 0.4650 0.8853
vn 0.0083 0.4638 0.8859
vn 0.0124 0.4616 0.8870
vn 0.0165 0.4586 0.8885
vn 0.0207 0.4547 0.8904
vn 0.0249 0.4498 0.8928
vn 0.0293 0.4440 0.8956
vn 0.0337 0.4371 0.8988
vn 0.0383 0.4293 0.9024
vn 0.0430 0.4203 0.9064
vn 0.0480 0.4101 0.9108
vn 0.0531 0.3987 0.9155
vn 0.0586 0.3859 0.9207
vn 0.0645 0.3717 0.9261
vn 0.0709 0.3558 0.9319
vn 0.0779 0.3381 0.9379
vn 0.0859 0.3182 0.9441
vn 0.0951 0.2960 0.9504
vn 0.1063 0.2709 0.9567
vn 0.1207 0.2421 0.9627
vn 0.1408 0.2084 0.9679
vn 0.1743 0.1674 0.9704
vn 0.4472 0.0195 0.8942
vn 0.3022 0.1085 0.9471
vn -0.2156 0.2352 0.9477
vn -0.3013 0.1086 0.9473
vn -0.1169 0.3363 0.9345
vn -0.0925 0.4020 0.9109
vn -0.0782 0.4520 0.8886
vn -0.0680 0.4918 0.8680
vn -0.0602 0.5246 0.8492
vn -0.0539 0.5520 0.8321
vn -0.0485 0.5752 0.8166
vn -0.0437 0.5952 0.8024
vn -0.0395 0.6124 0.7896
vn -0.0357 0.6273 0.7780
vn -0.0322 0.6402 0.7675
vn -0.0289 0.6515 0.7581
vn -0.0258 0.6613 0.7497
vn -0.0229 0.6698 0.7422
vn -0.0201 0.6771 0.7356
vn -0.0174 0.6833 0.7299
vn -0.0148 0.6886 0.7250
vn -0.0122 0.6929 0.7209
vn -0.0097 0.6964 0.7176
vn -0.0073 0.6990 0.7150
vn -0.0049 0.7009 0.7132
vn -0.0025 0.7020 0.7122
vn -0.0000 0.7024 0.7118
vn 0.0025 0.7020 0.7122
vn 0.0049 0.7009 0.7132
vn 0.0073 0.6990 0.7150
vn 0.0097 0.6964 0.7176
vn 0.0122 0.6929 0.7209
vn 0.0148 0.6886 0.7250
vn 0.0174 0.6833 0.7299
vn 0.0201 0.6771 0.7356
vn 0.0229 0.6698 0.7422
vn 0.0258 0.6613 0.7497
vn 0.0289 0.6515 0.7581
vn 0.0322 0.6402 0.7675
vn 0.0357 0.6273 0.7780
vn 0.0395 0.6124 0.7896
vn 0.0437 0.5952 0.8024
vn 0.0485 0.5752 0.8166
vn 0.0539 0.5520 0.8321
vn 0.0602 0.5246 0.8492
vn 0.0680 0.4918 0.8680
vn 0.0782 0.4520 0.8886
vn 0.0925 0.4020 0.9109
vn 0.1169 0.3363 0.9345
vn 0.3734 0.0274 0.9273
vn 0.2156 0.2352 0.9477
vn -0.0000 -0.0000 1.0000
vn -0.0340 0.4364 0.8991
vn -0.1054 0.3372 0.9355
vn -0.0241 0.5290 0.8483
vn -0.0187 0.5939 0.8043
vn -0.0151 0.6424 0.7662
vn -0.0126 0.6801 0.7330
vn -0.0106 0.7101 0.7040
vn -0.0091 0.7344 0.6786
vn -0.0078 0.7544 0.6563
vn -0.0068 0.7711 0.6367
vn -0.0059 0.7851 0.6193
vn -0.0052 0.7970 0.6040
vn -0.0045 0.8070 0.5906
vn -0.0039 0.8155 0.5787
vn -0.0034 0.8228 0.5684
vn -0.0029 0.8289 0.5594
vn -0.0025 0.8341 0.5516
vn -0.0021 0.8384 0.5450
vn -0.0018 0.8420 0.5395
vn -0.0014 0.8449 0.5350
vn -0.0011 0.8471 0.5314
vn -0.0008 0.8487 0.5289
vn -0.0005 0.8497 0.5272
vn -0.0000 0.8501 0.5266
vn 0.0005 0.8497 0.5272
vn 0.0008 0.8487 0.5289
vn 0.0011 0.8471 0.5314
vn 0.0014 0.8449 0.5350
vn 0.0018 0.8420 0.5395
vn 0.0021 0.8384 0.5450
vn 0.0025 0.8341 0.5516
vn 0.0029 0.8289 0.5594
vn 0.0034 0.8228 0.5684
vn 0.0039 0.8155 0.5787
vn 0.0045 0.8070 0.5906
vn 0.0052 0.7970 0.6040
vn 0.0059 0.7851 0.6193
vn 0.0068 0.7711 0.6367
vn 0.0078 0.7544 0.6563
vn 0.0091 0.7344 0.6786
vn 0.0106 0.7101 0.7040
vn 0.0126 0.6801 0.7330
vn 0.0151 0.6424 0.7662
vn 0.0187 0.5939 0.8043
vn 0.0241 0.5290 0.8483
vn 0.0340 0.4364 0.8991
vn 0.3013 0.1086 0.9473
vn 0.1054 0.3372 0.9355
vn -0.2561 -0.3788 -0.8894
vn -0.1255 -0.4363 -0.8910
vn -0.4203 -0.2932 -0.8587
vn -0.1469 -0.4593 -0.8760
vn -0.0400 -0.5392 -0.8413
vn -0.1163 -0.5197 -0.8464
vn -0.0277 -0.6338 -0.7730
vn -0.0979 -0.5652 -0.8191
vn -0.0210 -0.6958 -0.7179
vn -0.0848 -0.6009 -0.7948
vn -0.0167 -0.7398 -0.6726
vn -0.0747 -0.6298 -0.7732
vn -0.0136 -0.7725 -0.6349
vn -0.0665 -0.6537 -0.7539
vn -0.0113 -0.7976 -0.6031
vn -0.0596 -0.6737 -0.7366
vn -0.0095 -0.8174 -0.5759
vn -0.0536 -0.6906 -0.7212
vn -0.0081 -0.8334 -0.5527
vn -0.0482 -0.7052 -0.7074
vn -0.0069 -0.8464 -0.5326
vn -0.0434 -0.7176 -0.6951
vn -0.0060 -0.8571 -0.5151
vn -0.0390 -0.7284 -0.6840
vn -0.0052 -0.8661 -0.4999
vn -0.0349 -0.7377 -0.6742
vn -0.0045 -0.8736 -0.4867
vn -0.0311 -0.7458 -0.6654
vn -0.0038 -0.8799 -0.4752
vn -0.0275 -0.7528 -0.6577
vn -0.0033 -0.8852 -0.4652
vn -0.0240 -0.7587 -0.6510
vn -0.0028 -0.8897 -0.4565
vn -0.0207 -0.7638 -0.6451
vn -0.0024 -0.8935 -0.4491
vn -0.0176 -0.7680 -0.6402
vn -0.0020 -0.8966 -0.4428
vn -0.0145 -0.7715 -0.6360
vn -0.0016 -0.8992 -0.4375
vn -0.0115 -0.7744 -0.6326
vn -0.0013 -0.9013 -0.4331
vn -0.0085 -0.7765 -0.6300
vn -0.0010 -0.9030 -0.4297
vn -0.0056 -0.7780 -0.6282
vn -0.0007 -0.9042 -0.4272
vn -0.0027 -0.7789 -0.6271
vn -0.0004 -0.9050 -0.4254
vn -0.0000 -0.7792 -0.6267
vn -0.0001 -0.9054 -0.4245
vn 0.0001 -0.9054 -0.4245
vn -0.0000 -0.9055 -0.4243
vn 0.0027 -0.7789 -0.6271
vn 0.0004 -0.9050 -0.4254
vn 0.0056 -0.7780 -0.6282
vn 0.0007 -0.9042 -0.4272
vn 0.0085 -0.7765 -0.6300
vn 0.0010 -0.9030 -0.4297
vn 0.0115 -0.7744 -0.6326
vn 0.0013 -0.9013 -0.4331
vn 0.0145 -0.7715 -0.6360
vn 0.0016 -0.8992 -0.4375
vn 0.0176 -0.7680 -0.6402
vn 0.0020 -0.8966 -0.4428
vn 0.0207 -0.7638 -0.6451
vn 0.0024 -0.8935 -0.4491
vn 0.0240 -0.7587 -0.6510
vn 0.0028 -0.8897 -0.4565
vn 0.0275 -0.7528 -0.6577
vn 0.0033 -0.8852 -0.4652
vn 0.0311 -0.7458 -0.6654
vn 0.0038 -0.8799 -0.4752
vn 0.0349 -0.7377 -0.6742
vn 0.0045 -0.8736 -0.4867
vn 0.0390 -0.7284 -0.6840
vn 0.0052 -0.8661 -0.4999
vn 0.0434 -0.7176 -0.6951
vn 0.0060 -0.8571 -0.5151
vn 0.0482 -0.7052 -0.7074
vn 0.0069 -0.8464 -0.5326
vn 0.0536 -0.6906 -0.7212
vn 0.0081 -0.8334 -0.5527
vn 0.0596 -0.6737 -0.7366
vn 0.0095 -0.8174 -0.5759
vn 0.0665 -0.6537 -0.7539
vn 0.0113 -0.7976 -0.6031
vn 0.0747 -0.6298 -0.7732
vn 0.0136 -0.7725 -0.6349
vn 0.0848 -0.6009 -0.7948
vn 0.0167 -0.7398 -0.6726
vn 0.0979 -0.5652 -0.8191
vn 0.0210 -0.6958 -0.7179
vn 0.1163 -0.5197 -0.8464
vn 0.0277 -0.6338 -0.7730
vn 0.1469 -0.4593 -0.8760
vn 0.0400 -0.5392 -0.8413
vn 0.2561 -0.3788 -0.8894
vn 0.1255 -0.4363 -0.8910
vn -0.3675 -0.2262 -0.9021
vn -0.5160 -0.1693 -0.8397
vn -0.2209 -0.2589 -0.9403
vn -0.1791 -0.2965 -0.9381
vn -0.1535 -0.3293 -0.9317
vn -0.1352 -0.3579 -0.9239
vn -0.1207 -0.3831 -0.9158
vn -0.1088 -0.4055 -0.9076
vn -0.0985 -0.4254 -0.8996
vn -0.0895 -0.4432 -0.8919
vn -0.0813 -0.4591 -0.8847
vn -0.0737 -0.4733 -0.8778
vn -0.0667 -0.4860 -0.8714
vn -0.0601 -0.4973 -0.8655
vn -0.0538 -0.5073 -0.8601
vn -0.0478 -0.5161 -0.8552
vn -0.0420 -0.5238 -0.8508
vn -0.0364 -0.5305 -0.8469
vn -0.0310 -0.5362 -0.8435
vn -0.0256 -0.5409 -0.8407
vn -0.0204 -0.5447 -0.8384
vn -0.0152 -0.5477 -0.8365
vn -0.0100 -0.5498 -0.8352
vn -0.0049 -0.5511 -0.8344
vn -0.0000 -0.5515 -0.8342
vn 0.0049 -0.5511 -0.8344
vn 0.0100 -0.5498 -0.8352
vn 0.0152 -0.5477 -0.8365
vn 0.0204 -0.5447 -0.8384
vn 0.0256 -0.5409 -0.8407
vn 0.0310 -0.5362 -0.8435
vn 0.0364 -0.5305 -0.8469
vn 0.0420 -0.5238 -0.8508
vn 0.0478 -0.5161 -0.8552
vn 0.0538 -0.5073 -0.8601
vn 0.0601 -0.4973 -0.8655
vn 0.0667 -0.4860 -0.8714
vn 0.0737 -0.4733 -0.8778
vn 0.0813 -0.4591 -0.8847
vn 0.0895 -0.4432 -0.8919
vn 0.0985 -0.4254 -0.8996
vn 0.1088 -0.4055 -0.9076
vn 0.1207 -0.3831 -0.9158
vn 0.1352 -0.3579 -0.9239
vn 0.1535 -0.3293 -0.9317
vn 0.1791 -0.2965 -0.9381
vn 0.2209 -0.2589 -0.9403
vn 0.3675 -0.2262 -0.9021
vn 0.4203 -0.2932 -0.8587
vn -0.4309 -0.1578 -0.8885
vn -0.5779 -0.1023 -0.8097
vn -0.2650 -0.1919 -0.9449
vn -0.2164 -0.2246 -0.9501
vn -0.1866 -0.2528 -0.9494
vn -0.1650 -0.2776 -0.9464
vn -0.1481 -0.2997 -0.9425
vn -0.1339 -0.3194 -0.9381
vn -0.1218 -0.3372 -0.9335
vn -0.1109 -0.3531 -0.9290
vn -0.1010 -0.3676 -0.9245
vn -0.0919 -0.3806 -0.9202
vn -0.0834 -0.3923 -0.9161
vn -0.0753 -0.4028 -0.9122
vn -0.0676 -0.4122 -0.9086
vn -0.0602 -0.4205 -0.9053
vn -0.0530 -0.4278 -0.9023
vn -0.0460 -0.4341 -0.8997
vn -0.0392 -0.4396 -0.8973
vn -0.0324 -0.4441 -0.8954
vn -0.0258 -0.4478 -0.8937
vn -0.0193 -0.4507 -0.8925
vn -0.0128 -0.4527 -0.8916
vn -0.0063 -0.4539 -0.8910
vn -0.0000 -0.4544 -0.8908
vn 0.0063 -0.4539 -0.8910
vn 0.0128 -0.4527 -0.8916
vn 0.0193 -0.4507 -0.8925
vn 0.0258 -0.4478 -0.8937
vn 0.0324 -0.4441 -0.8954
vn 0.0392 -0.4396 -0.8973
vn 0.0460 -0.4341 -0.8997
vn 0.0530 -0.4278 -0.9023
vn 0.0602 -0.4205 -0.9053
vn 0.0676 -0.4122 -0.9086
vn 0.0753 -0.4028 -0.9122
vn 0.0834 -0.3923 -0.9161
vn 0.0919 -0.3806 -0.9202
vn 0.1010 -0.3676 -0.9245
vn 0.1109 -0.3531 -0.9290
vn 0.1218 -0.3372 -0.9335
vn 0.1339 -0.3194 -0.9381
vn 0.1481 -0.2997 -0.9425
vn 0.1650 -0.2776 -0.9464
vn 0.1866 -0.2528 -0.9494
vn 0.2164 -0.2246 -0.9501
vn 0.2650 -0.1919 -0.9449
vn 0.4309 -0.1578 -0.8885
vn 0.5160 -0.1693 -0.8397
vn -0.4800 -0.0917 -0.8725
vn -0.6114 -0.0319 -0.7907
vn -0.3005 -0.1359 -0.9440
vn -0.2465 -0.1686 -0.9544
vn -0.2132 -0.1960 -0.9572
vn -0.1891 -0.2197 -0.9571
vn -0.1700 -0.2406 -0.9556
vn -0.1542 -0.2593 -0.9534
vn -0.1404 -0.2761 -0.9508
vn -0.1281 -0.2914 -0.9480
vn -0.1170 -0.3051 -0.9451
vn -0.1066 -0.3176 -0.9422
vn -0.0968 -0.3288 -0.9394
vn -0.0876 -0.3390 -0.9367
vn -0.0787 -0.3481 -0.9342
vn -0.0701 -0.3562 -0.9318
vn -0.0618 -0.3634 -0.9296
vn -0.0537 -0.3696 -0.9276
vn -0.0458 -0.3750 -0.9259
vn -0.0380 -0.3796 -0.9244
vn -0.0303 -0.3833 -0.9231
vn -0.0226 -0.3862 -0.9221
vn -0.0150 -0.3884 -0.9214
vn -0.0075 -0.3897 -0.9209
vn -0.0000 -0.3902 -0.9207
vn 0.0075 -0.3897 -0.9209
vn 0.0150 -0.3884 -0.9214
vn 0.0226 -0.3862 -0.9221
vn 0.0303 -0.3833 -0.9231
vn 0.0380 -0.3796 -0.9244
vn 0.0458 -0.3750 -0.9259
vn 0.0537 -0.3696 -0.9276
vn 0.0618 -0.3634 -0.9296
vn 0.0701 -0.3562 -0.9318
vn 0.0787 -0.3481 -0.9342
vn 0.0876 -0.3390 -0.9367
vn 0.0968 -0.3288 -0.9394
vn 0.1066 -0.3176 -0.9422
vn 0.1170 -0.3051 -0.9451
vn 0.1281 -0.2914 -0.9480
vn 0.1404 -0.2761 -0.9508
vn 0.1542 -0.2593 -0.9534
vn 0.1700 -0.2406 -0.9556
vn 0.1891 -0.2197 -0.9571
vn 0.2132 -0.1960 -0.9572
vn 0.2465 -0.1686 -0.9544
vn 0.3005 -0.1359 -0.9440
vn 0.4800 -0.0917 -0.8725
vn 0.5779 -0.1023 -0.8097
vn -0.6367 -0.0162 -0.7710
vn -0.5141 -0.0710 -0.8548
vn -0.3282 -0.1133 -0.9378
vn -0.2704 -0.1429 -0.9521
vn -0.2345 -0.1676 -0.9576
vn -0.2085 -0.1889 -0.9596
vn -0.1878 -0.2078 -0.9600
vn -0.1706 -0.2247 -0.9594
vn -0.1556 -0.2399 -0.9582
vn -0.1422 -0.2537 -0.9568
vn -0.1300 -0.2662 -0.9551
vn -0.1186 -0.2775 -0.9534
vn -0.1079 -0.2878 -0.9516
vn -0.0977 -0.2971 -0.9499
vn -0.0879 -0.3054 -0.9482
vn -0.0784 -0.3128 -0.9466
vn -0.0692 -0.3193 -0.9451
vn -0.0601 -0.3250 -0.9438
vn -0.0513 -0.3299 -0.9426
vn -0.0426 -0.3340 -0.9416
vn -0.0340 -0.3373 -0.9408
vn -0.0254 -0.3399 -0.9401
vn -0.0170 -0.3417 -0.9396
vn -0.0085 -0.3428 -0.9394
vn 0.0085 -0.3428 -0.9394
vn -0.0000 -0.3432 -0.9393
vn 0.0170 -0.3417 -0.9396
vn 0.0254 -0.3399 -0.9401
vn 0.0340 -0.3373 -0.9408
vn 0.0426 -0.3340 -0.9416
vn 0.0513 -0.3299 -0.9426
vn 0.0601 -0.3250 -0.9438
vn 0.0692 -0.3193 -0.9451
vn 0.0784 -0.3128 -0.9466
vn 0.0879 -0.3054 -0.9482
vn 0.0977 -0.2971 -0.9499
vn 0.1079 -0.2878 -0.9516
vn 0.1186 -0.2775 -0.9534
vn 0.1300 -0.2662 -0.9551
vn 0.1422 -0.2537 -0.9568
vn 0.1556 -0.2399 -0.9582
vn 0.1706 -0.2247 -0.9594
vn 0.1878 -0.2078 -0.9600
vn 0.2085 -0.1889 -0.9596
vn 0.2345 -0.1676 -0.9576
vn 0.2704 -0.1429 -0.9521
vn 0.3282 -0.1133 -0.9378
vn 0.5141 -0.0710 -0.8548
vn 0.6367 -0.0162 -0.7710
vn -0.6671 -0.0106 -0.7449
vn -0.5411 -0.0593 -0.8389
vn -0.3514 -0.0976 -0.9311
vn -0.2907 -0.1243 -0.9487
vn -0.2527 -0.1464 -0.9564
vn -0.2250 -0.1656 -0.9602
vn -0.2031 -0.1826 -0.9620
vn -0.1847 -0.1979 -0.9627
vn -0.1687 -0.2117 -0.9627
vn -0.1543 -0.2242 -0.9622
vn -0.1412 -0.2356 -0.9615
vn -0.1289 -0.2459 -0.9607
vn -0.1174 -0.2553 -0.9597
vn -0.1064 -0.2638 -0.9587
vn -0.0958 -0.2714 -0.9577
vn -0.0855 -0.2782 -0.9567
vn -0.0755 -0.2842 -0.9558
vn -0.0657 -0.2894 -0.9549
vn -0.0560 -0.2939 -0.9542
vn -0.0465 -0.2977 -0.9535
vn -0.0371 -0.3008 -0.9530
vn -0.0278 -0.3032 -0.9525
vn -0.0185 -0.3049 -0.9522
vn -0.0093 -0.3059 -0.9520
vn 0.0093 -0.3059 -0.9520
vn -0.0000 -0.3063 -0.9520
vn 0.0185 -0.3049 -0.9522
vn 0.0278 -0.3032 -0.9525
vn 0.0371 -0.3008 -0.9530
vn 0.0465 -0.2977 -0.9535
vn 0.0560 -0.2939 -0.9542
vn 0.0657 -0.2894 -0.9549
vn 0.0755 -0.2842 -0.9558
vn 0.0855 -0.2782 -0.9567
vn 0.0958 -0.2714 -0.9577
vn 0.1064 -0.2638 -0.9587
vn 0.1174 -0.2553 -0.9597
vn 0.1289 -0.2459 -0.9607
vn 0.1412 -0.2356 -0.9615
vn 0.1543 -0.2242 -0.9622
vn 0.1687 -0.2117 -0.9627
vn 0.1847 -0.1979 -0.9627
vn 0.2031 -0.1826 -0.9620
vn 0.2250 -0.1656 -0.9602
vn 0.2527 -0.1464 -0.9564
vn 0.2907 -0.1243 -0.9487
vn 0.3514 -0.0976 -0.9311
vn 0.5411 -0.0593 -0.8389
vn 0.6671 -0.0106 -0.7449
vn -0.6915 -0.0089 -0.7223
vn -0.5637 -0.0521 -0.8243
vn -0.3714 -0.0865 -0.9244
vn -0.3083 -0.1104 -0.9449
vn -0.2686 -0.1303 -0.9544
vn -0.2395 -0.1477 -0.9596
vn -0.2164 -0.1630 -0.9626
vn -0.1971 -0.1769 -0.9643
vn -0.1801 -0.1894 -0.9652
vn -0.1650 -0.2008 -0.9657
vn -0.1510 -0.2111 -0.9657
vn -0.1380 -0.2205 -0.9656
vn -0.1257 -0.2291 -0.9652
vn -0.1140 -0.2369 -0.9648
vn -0.1027 -0.2438 -0.9644
vn -0.0917 -0.2501 -0.9639
vn -0.0810 -0.2556 -0.9634
vn -0.0705 -0.2604 -0.9629
vn -0.0602 -0.2646 -0.9625
vn -0.0500 -0.2681 -0.9621
vn -0.0399 -0.2709 -0.9618
vn -0.0299 -0.2731 -0.9615
vn -0.0199 -0.2747 -0.9613
vn -0.0100 -0.2756 -0.9612
vn 0.0100 -0.2756 -0.9612
vn -0.0000 -0.2759 -0.9612
vn 0.0199 -0.2747 -0.9613
vn 0.0299 -0.2731 -0.9615
vn 0.0399 -0.2709 -0.9618
vn 0.0500 -0.2681 -0.9621
vn 0.0602 -0.2646 -0.9625
vn 0.0705 -0.2604 -0.9629
vn 0.0810 -0.2556 -0.9634
vn 0.0917 -0.2501 -0.9639
vn 0.1027 -0.2438 -0.9644
vn 0.1140 -0.2369 -0.9648
vn 0.1257 -0.2291 -0.9652
vn 0.1380 -0.2205 -0.9656
vn 0.1510 -0.2111 -0.9657
vn 0.1650 -0.2008 -0.9657
vn 0.1801 -0.1894 -0.9652
vn 0.1971 -0.1769 -0.9643
vn 0.2164 -0.1630 -0.9626
vn 0.2395 -0.1477 -0.9596
vn 0.2686 -0.1303 -0.9544
vn 0.3083 -0.1104 -0.9449
vn 0.3714 -0.0865 -0.9244
vn 0.5637 -0.0521 -0.8243
vn 0.6915 -0.0089 -0.7223
vn -0.7115 -0.0076 -0.7027
vn -0.5830 -0.0462 -0.8112
vn -0.3889 -0.0773 -0.9180
vn -0.3238 -0.0990 -0.9409
vn -0.2826 -0.1170 -0.9521
vn -0.2524 -0.1328 -0.9585
vn -0.2283 -0.1467 -0.9625
vn -0.2080 -0.1593 -0.9651
vn -0.1903 -0.1707 -0.9668
vn -0.1744 -0.1811 -0.9679
vn -0.1598 -0.1906 -0.9686
vn -0.1461 -0.1992 -0.9690
vn -0.1332 -0.2071 -0.9692
vn -0.1208 -0.2142 -0.9693
vn -0.1089 -0.2206 -0.9693
vn -0.0973 -0.2264 -0.9692
vn -0.0859 -0.2314 -0.9690
vn -0.0748 -0.2359 -0.9689
vn -0.0639 -0.2397 -0.9687
vn -0.0531 -0.2430 -0.9686
vn -0.0424 -0.2456 -0.9684
vn -0.0317 -0.2476 -0.9683
vn -0.0211 -0.2491 -0.9683
vn -0.0106 -0.2499 -0.9682
vn 0.0106 -0.2499 -0.9682
vn -0.0000 -0.2502 -0.9682
vn 0.0211 -0.2491 -0.9683
vn 0.0317 -0.2476 -0.9683
vn 0.0424 -0.2456 -0.9684
vn 0.0531 -0.2430 -0.9686
vn 0.0639 -0.2397 -0.9687
vn 0.0748 -0.2359 -0.9689
vn 0.0859 -0.2314 -0.9690
vn 0.0973 -0.2264 -0.9692
vn 0.1089 -0.2206 -0.9693
vn 0.1208 -0.2142 -0.9693
vn 0.1332 -0.2071 -0.9692
vn 0.1461 -0.1992 -0.9690
vn 0.1598 -0.1906 -0.9686
vn 0.1744 -0.1811 -0.9679
vn 0.1903 -0.1707 -0.9668
vn 0.2080 -0.1593 -0.9651
vn 0.2283 -0.1467 -0.9625
vn 0.2524 -0.1328 -0.9585
vn 0.2826 -0.1170 -0.9521
vn 0.3238 -0.0990 -0.9409
vn 0.3889 -0.0773 -0.9180
vn 0.5830 -0.0462 -0.8112
vn 0.7115 -0.0076 -0.7027
vn -0.7281 -0.0065 -0.6854
vn -0.5994 -0.0413 -0.7994
vn -0.4044 -0.0695 -0.9119
vn -0.3376 -0.0892 -0.9371
vn -0.2951 -0.1057 -0.9496
vn -0.2638 -0.1200 -0.9571
vn -0.2389 -0.1328 -0.9619
vn -0.2178 -0.1443 -0.9653
vn -0.1994 -0.1547 -0.9676
vn -0.1829 -0.1643 -0.9693
vn -0.1676 -0.1729 -0.9706
vn -0.1534 -0.1809 -0.9715
vn -0.1399 -0.1881 -0.9721
vn -0.1269 -0.1946 -0.9726
vn -0.1144 -0.2005 -0.9730
vn -0.1023 -0.2058 -0.9732
vn -0.0904 -0.2105 -0.9734
vn -0.0787 -0.2146 -0.9735
vn -0.0672 -0.2182 -0.9736
vn -0.0558 -0.2211 -0.9736
vn -0.0446 -0.2236 -0.9737
vn -0.0334 -0.2255 -0.9737
vn -0.0223 -0.2268 -0.9737
vn -0.0111 -0.2276 -0.9737
vn 0.0111 -0.2276 -0.9737
vn -0.0000 -0.2279 -0.9737
vn 0.0223 -0.2268 -0.9737
vn 0.0334 -0.2255 -0.9737
vn 0.0446 -0.2236 -0.9737
vn 0.0558 -0.2211 -0.9736
vn 0.0672 -0.2182 -0.9736
vn 0.0787 -0.2146 -0.9735
vn 0.0904 -0.2105 -0.9734
vn 0.1023 -0.2058 -0.9732
vn 0.1144 -0.2005 -0.9730
vn 0.1269 -0.1946 -0.9726
vn 0.1399 -0.1881 -0.9721
vn 0.1534 -0.1809 -0.9715
vn 0.1676 -0.1729 -0.9706
vn 0.1829 -0.1643 -0.9693
vn 0.1994 -0.1547 -0.9676
vn 0.2178 -0.1443 -0.9653
vn 0.2389 -0.1328 -0.9619
vn 0.2638 -0.1200 -0.9571
vn 0.2951 -0.1057 -0.9496
vn 0.3376 -0.0892 -0.9371
vn 0.4044 -0.0695 -0.9119
vn 0.5994 -0.0413 -0.7994
vn 0.7281 -0.0065 -0.6854
vn -0.7422 -0.0057 -0.6701
vn -0.6137 -0.0371 -0.7887
vn -0.4181 -0.0628 -0.9062
vn -0.3499 -0.0808 -0.9333
vn -0.3063 -0.0958 -0.9471
vn -0.2741 -0.1089 -0.9555
vn -0.2484 -0.1206 -0.9611
vn -0.2267 -0.1311 -0.9651
vn -0.2076 -0.1407 -0.9680
vn -0.1905 -0.1494 -0.9703
vn -0.1747 -0.1574 -0.9720
vn -0.1599 -0.1647 -0.9733
vn -0.1459 -0.1713 -0.9744
vn -0.1324 -0.1773 -0.9752
vn -0.1194 -0.1828 -0.9759
vn -0.1068 -0.1877 -0.9764
vn -0.0944 -0.1920 -0.9768
vn -0.0822 -0.1958 -0.9772
vn -0.0702 -0.1990 -0.9775
vn -0.0584 -0.2018 -0.9777
vn -0.0466 -0.2040 -0.9779
vn -0.0349 -0.2058 -0.9780
vn -0.0233 -0.2070 -0.9781
vn -0.0116 -0.2078 -0.9781
vn 0.0116 -0.2078 -0.9781
vn -0.0000 -0.2080 -0.9781
vn 0.0233 -0.2070 -0.9781
vn 0.0349 -0.2058 -0.9780
vn 0.0466 -0.2040 -0.9779
vn 0.0584 -0.2018 -0.9777
vn 0.0702 -0.1990 -0.9775
vn 0.0822 -0.1958 -0.9772
vn 0.0944 -0.1920 -0.9768
vn 0.1068 -0.1877 -0.9764
vn 0.1194 -0.1828 -0.9759
vn 0.1324 -0.1773 -0.9752
vn 0.1459 -0.1713 -0.9744
vn 0.1599 -0.1647 -0.9733
vn 0.1747 -0.1574 -0.9720
vn 0.1905 -0.1494 -0.9703
vn 0.2076 -0.1407 -0.9680
vn 0.2267 -0.1311 -0.9651
vn 0.2484 -0.1206 -0.9611
vn 0.2741 -0.1089 -0.9555
vn 0.3063 -0.0958 -0.9471
vn 0.3499 -0.0808 -0.9333
vn 0.4181 -0.0628 -0.9062
vn 0.6137 -0.0371 -0.7887
vn 0.7422 -0.0057 -0.6701
vn -0.7542 -0.0050 -0.6566
vn -0.6261 -0.0334 -0.7790
vn -0.4303 -0.0568 -0.9009
vn -0.3609 -0.0733 -0.9297
vn -0.3163 -0.0870 -0.9447
vn -0.2834 -0.0990 -0.9539
vn -0.2569 -0.1097 -0.9602
vn -0.2346 -0.1193 -0.9647
vn -0.2150 -0.1281 -0.9682
vn -0.1974 -0.1361 -0.9708
vn -0.1811 -0.1435 -0.9729
vn -0.1658 -0.1502 -0.9747
vn -0.1513 -0.1563 -0.9761
vn -0.1374 -0.1618 -0.9772
vn -0.1240 -0.1668 -0.9782
vn -0.1108 -0.1713 -0.9790
vn -0.0980 -0.1753 -0.9796
vn -0.0854 -0.1788 -0.9802
vn -0.0729 -0.1818 -0.9806
vn -0.0606 -0.1844 -0.9810
vn -0.0484 -0.1865 -0.9813
vn -0.0363 -0.1881 -0.9815
vn -0.0242 -0.1892 -0.9816
vn -0.0121 -0.1899 -0.9817
vn 0.0121 -0.1899 -0.9817
vn -0.0000 -0.1901 -0.9818
vn 0.0242 -0.1892 -0.9816
vn 0.0363 -0.1881 -0.9815
vn 0.0484 -0.1865 -0.9813
vn 0.0606 -0.1844 -0.9810
vn 0.0729 -0.1818 -0.9806
vn 0.0854 -0.1788 -0.9802
vn 0.0980 -0.1753 -0.9796
vn 0.1108 -0.1713 -0.9790
vn 0.1240 -0.1668 -0.9782
vn 0.1374 -0.1618 -0.9772
vn 0.1513 -0.1563 -0.9761
vn 0.1658 -0.1502 -0.9747
vn 0.1811 -0.1435 -0.9729
vn 0.1974 -0.1361 -0.9708
vn 0.2150 -0.1281 -0.9682
vn 0.2346 -0.1193 -0.9647
vn 0.2569 -0.1097 -0.9602
vn 0.2834 -0.0990 -0.9539
vn 0.3163 -0.0870 -0.9447
vn 0.3609 -0.0733 -0.9297
vn 0.4303 -0.0568 -0.9009
vn 0.6261 -0.0334 -0.7790
vn 0.7542 -0.0050 -0.6566
vn -0.7646 -0.0044 -0.6445
vn -0.6370 -0.0301 -0.7702
vn -0.4413 -0.0515 -0.8959
vn -0.3708 -0.0665 -0.9263
vn -0.3254 -0.0791 -0.9423
vn -0.2917 -0.0900 -0.9523
vn -0.2647 -0.0998 -0.9591
vn -0.2418 -0.1087 -0.9642
vn -0.2218 -0.1167 -0.9681
vn -0.2036 -0.1241 -0.9712
vn -0.1869 -0.1308 -0.9736
vn -0.1712 -0.1370 -0.9757
vn -0.1563 -0.1426 -0.9774
vn -0.1419 -0.1477 -0.9788
vn -0.1281 -0.1523 -0.9800
vn -0.1146 -0.1564 -0.9810
vn -0.1013 -0.1601 -0.9819
vn -0.0883 -0.1633 -0.9826
vn -0.0754 -0.1661 -0.9832
vn -0.0627 -0.1685 -0.9837
vn -0.0501 -0.1704 -0.9841
vn -0.0375 -0.1719 -0.9844
vn -0.0250 -0.1729 -0.9846
vn -0.0125 -0.1736 -0.9847
vn 0.0125 -0.1736 -0.9847
vn -0.0000 -0.1738 -0.9848
vn 0.0250 -0.1729 -0.9846
vn 0.0375 -0.1719 -0.9844
vn 0.0501 -0.1704 -0.9841
vn 0.0627 -0.1685 -0.9837
vn 0.0754 -0.1661 -0.9832
vn 0.0883 -0.1633 -0.9826
vn 0.1013 -0.1601 -0.9819
vn 0.1146 -0.1564 -0.9810
vn 0.1281 -0.1523 -0.9800
vn 0.1419 -0.1477 -0.9788
vn 0.1563 -0.1426 -0.9774
vn 0.1712 -0.1370 -0.9757
vn 0.1869 -0.1308 -0.9736
vn 0.2036 -0.1241 -0.9712
vn 0.2218 -0.1167 -0.9681
vn 0.2418 -0.1087 -0.9642
vn 0.2647 -0.0998 -0.9591
vn 0.2917 -0.0900 -0.9523
vn 0.3254 -0.0791 -0.9423
vn 0.3708 -0.0665 -0.9263
vn 0.4413 -0.0515 -0.8959
vn 0.6370 -0.0301 -0.7702
vn 0.7646 -0.0044 -0.6445
vn -0.7735 -0.0039 -0.6338
vn -0.6466 -0.0272 -0.7623
vn -0.4510 -0.0467 -0.8913
vn -0.3797 -0.0604 -0.9231
vn -0.3336 -0.0718 -0.9400
vn -0.2993 -0.0819 -0.9506
vn -0.2717 -0.0908 -0.9581
vn -0.2484 -0.0989 -0.9636
vn -0.2278 -0.1063 -0.9679
vn -0.2093 -0.1130 -0.9713
vn -0.1921 -0.1192 -0.9741
vn -0.1761 -0.1248 -0.9764
vn -0.1608 -0.1300 -0.9784
vn -0.1461 -0.1347 -0.9801
vn -0.1318 -0.1389 -0.9815
vn -0.1179 -0.1427 -0.9827
vn -0.1043 -0.1461 -0.9838
vn -0.0909 -0.1491 -0.9846
vn -0.0777 -0.1516 -0.9854
vn -0.0646 -0.1538 -0.9860
vn -0.0516 -0.1556 -0.9865
vn -0.0386 -0.1569 -0.9869
vn -0.0257 -0.1579 -0.9871
vn -0.0129 -0.1585 -0.9873
vn 0.0129 -0.1585 -0.9873
vn -0.0000 -0.1587 -0.9873
vn 0.0257 -0.1579 -0.9871
vn 0.0386 -0.1569 -0.9869
vn 0.0516 -0.1556 -0.9865
vn 0.0646 -0.1538 -0.9860
vn 0.0777 -0.1516 -0.9854
vn 0.0909 -0.1491 -0.9846
vn 0.1043 -0.1461 -0.9838
vn 0.1179 -0.1427 -0.9827
vn 0.1318 -0.1389 -0.9815
vn 0.1461 -0.1347 -0.9801
vn 0.1608 -0.1300 -0.9784
vn 0.1761 -0.1248 -0.9764
vn 0.1921 -0.1192 -0.9741
vn 0.2093 -0.1130 -0.9713
vn 0.2278 -0.1063 -0.9679
vn 0.2484 -0.0989 -0.9636
vn 0.2717 -0.0908 -0.9581
vn 0.2993 -0.0819 -0.9506
vn 0.3336 -0.0718 -0.9400
vn 0.3797 -0.0604 -0.9231
vn 0.4510 -0.0467 -0.8913
vn 0.6466 -0.0272 -0.7623
vn 0.7735 -0.0039 -0.6338
vn -0.7812 -0.0034 -0.6242
vn -0.6551 -0.0245 -0.7552
vn -0.4598 -0.0422 -0.8870
vn -0.3877 -0.0547 -0.9201
vn -0.3409 -0.0652 -0.9378
vn -0.3061 -0.0743 -0.9491
vn -0.2781 -0.0825 -0.9570
vn -0.2543 -0.0899 -0.9629
vn -0.2333 -0.0966 -0.9676
vn -0.2144 -0.1028 -0.9713
vn -0.1969 -0.1084 -0.9744
vn -0.1805 -0.1136 -0.9770
vn -0.1648 -0.1183 -0.9792
vn -0.1498 -0.1226 -0.9811
vn -0.1352 -0.1265 -0.9827
vn -0.1210 -0.1299 -0.9841
vn -0.1070 -0.1330 -0.9853
vn -0.0933 -0.1358 -0.9863
vn -0.0797 -0.1381 -0.9872
vn -0.0663 -0.1401 -0.9879
vn -0.0529 -0.1417 -0.9885
vn -0.0397 -0.1430 -0.9889
vn -0.0264 -0.1439 -0.9892
vn -0.0132 -0.1444 -0.9894
vn 0.0132 -0.1444 -0.9894
vn -0.0000 -0.1446 -0.9895
vn 0.0264 -0.1439 -0.9892
vn 0.0397 -0.1430 -0.9889
vn 0.0529 -0.1417 -0.9885
vn 0.0663 -0.1401 -0.9879
vn 0.0797 -0.1381 -0.9872
vn 0.0933 -0.1358 -0.9863
vn 0.1070 -0.1330 -0.9853
vn 0.1210 -0.1299 -0.9841
vn 0.1352 -0.1265 -0.9827
vn 0.1498 -0.1226 -0.9811
vn 0.1648 -0.1183 -0.9792
vn 0.1805 -0.1136 -0.9770
vn 0.1969 -0.1084 -0.9744
vn 0.2144 -0.1028 -0.9713
vn 0.2333 -0.0966 -0.9676
vn 0.2543 -0.0899 -0.9629
vn 0.2781 -0.0825 -0.9570
vn 0.3061 -0.0743 -0.9491
vn 0.3409 -0.0652 -0.9378
vn 0.3877 -0.0547 -0.9201
vn 0.4598 -0.0422 -0.8870
vn 0.6551 -0.0245 -0.7552
vn 0.7812 -0.0034 -0.6242
vn -0.7880 -0.0030 -0.6157
vn -0.6625 -0.0221 -0.7487
vn -0.4676 -0.0381 -0.8831
vn -0.3949 -0.0495 -0.9174
vn -0.3476 -0.0590 -0.9358
vn -0.3123 -0.0673 -0.9476
vn -0.2838 -0.0747 -0.9560
vn -0.2596 -0.0814 -0.9623
vn -0.2383 -0.0876 -0.9672
vn -0.2190 -0.0932 -0.9713
vn -0.2012 -0.0983 -0.9746
vn -0.1845 -0.1030 -0.9774
vn -0.1685 -0.1073 -0.9798
vn -0.1532 -0.1112 -0.9819
vn -0.1383 -0.1148 -0.9837
vn -0.1238 -0.1180 -0.9853
vn -0.1095 -0.1208 -0.9866
vn -0.0955 -0.1233 -0.9878
vn -0.0816 -0.1254 -0.9887
vn -0.0678 -0.1273 -0.9895
vn -0.0542 -0.1287 -0.9902
vn -0.0406 -0.1299 -0.9907
vn -0.0270 -0.1307 -0.9911
vn -0.0135 -0.1312 -0.9913
vn 0.0135 -0.1312 -0.9913
vn -0.0000 -0.1314 -0.9913
vn 0.0270 -0.1307 -0.9911
vn 0.0406 -0.1299 -0.9907
vn 0.0542 -0.1287 -0.9902
vn 0.0678 -0.1273 -0.9895
vn 0.0816 -0.1254 -0.9887
vn 0.0955 -0.1233 -0.9878
vn 0.1095 -0.1208 -0.9866
vn 0.1238 -0.1180 -0.9853
vn 0.1383 -0.1148 -0.9837
vn 0.1532 -0.1112 -0.9819
vn 0.1685 -0.1073 -0.9798
vn 0.1845 -0.1030 -0.9774
vn 0.2012 -0.0983 -0.9746
vn 0.2190 -0.0932 -0.9713
vn 0.2383 -0.0876 -0.9672
vn 0.2596 -0.0814 -0.9623
vn 0.2838 -0.0747 -0.9560
vn 0.3123 -0.0673 -0.9476
vn 0.3476 -0.0590 -0.9358
vn 0.3949 -0.0495 -0.9174
vn 0.4676 -0.0381 -0.8831
vn 0.6625 -0.0221 -0.7487
vn 0.7880 -0.0030 -0.6157
vn -0.7938 -0.0027 -0.6081
vn -0.6691 -0.0198 -0.7429
vn -0.4746 -0.0343 -0.8795
vn -0.4014 -0.0446 -0.9148
vn -0.3535 -0.0532 -0.9339
vn -0.3178 -0.0607 -0.9462
vn -0.2889 -0.0674 -0.9550
vn -0.2644 -0.0735 -0.9616
vn -0.2428 -0.0791 -0.9668
vn -0.2232 -0.0842 -0.9711
vn -0.2051 -0.0888 -0.9747
vn -0.1881 -0.0931 -0.9777
vn -0.1718 -0.0970 -0.9803
vn -0.1562 -0.1006 -0.9826
vn -0.1411 -0.1038 -0.9845
vn -0.1263 -0.1067 -0.9862
vn -0.1117 -0.1092 -0.9877
vn -0.0974 -0.1115 -0.9890
vn -0.0833 -0.1135 -0.9900
vn -0.0692 -0.1151 -0.9909
vn -0.0553 -0.1165 -0.9917
vn -0.0414 -0.1175 -0.9922
vn -0.0276 -0.1182 -0.9926
vn -0.0138 -0.1187 -0.9928
vn 0.0138 -0.1187 -0.9928
vn -0.0000 -0.1188 -0.9929
vn 0.0276 -0.1182 -0.9926
vn 0.0414 -0.1175 -0.9922
vn 0.0553 -0.1165 -0.9917
vn 0.0692 -0.1151 -0.9909
vn 0.0833 -0.1135 -0.9900
vn 0.0974 -0.1115 -0.9890
vn 0.1117 -0.1092 -0.9877
vn 0.1263 -0.1067 -0.9862
vn 0.1411 -0.1038 -0.9845
vn 0.1562 -0.1006 -0.9826
vn 0.1718 -0.0970 -0.9803
vn 0.1881 -0.0931 -0.9777
vn 0.2051 -0.0888 -0.9747
vn 0.2232 -0.0842 -0.9711
vn 0.2428 -0.0791 -0.9668
vn 0.2644 -0.0735 -0.9616
vn 0.2889 -0.0674 -0.9550
vn 0.3178 -0.0607 -0.9462
vn 0.3535 -0.0532 -0.9339
vn 0.4014 -0.0446 -0.9148
vn 0.4746 -0.0343 -0.8795
vn 0.6691 -0.0198 -0.7429
vn 0.7938 -0.0027 -0.6081
vn -0.7990 -0.0024 -0.6014
vn -0.6749 -0.0177 -0.7377
vn -0.4809 -0.0307 -0.8763
vn -0.4072 -0.0400 -0.9125
vn -0.3589 -0.0477 -0.9322
vn -0.3227 -0.0545 -0.9449
vn -0.2935 -0.0605 -0.9540
vn -0.2687 -0.0660 -0.9610
vn -0.2468 -0.0710 -0.9665
vn -0.2270 -0.0756 -0.9710
vn -0.2086 -0.0798 -0.9747
vn -0.1913 -0.0837 -0.9780
vn -0.1748 -0.0872 -0.9807
vn -0.1590 -0.0904 -0.9831
vn -0.1436 -0.0933 -0.9852
vn -0.1285 -0.0959 -0.9871
vn -0.1137 -0.0983 -0.9886
vn -0.0992 -0.1003 -0.9900
vn -0.0848 -0.1021 -0.9912
vn -0.0705 -0.1036 -0.9921
vn -0.0563 -0.1048 -0.9929
vn -0.0422 -0.1057 -0.9935
vn -0.0281 -0.1064 -0.9939
vn -0.0141 -0.1068 -0.9942
vn 0.0141 -0.1068 -0.9942
vn -0.0000 -0.1069 -0.9943
vn 0.0281 -0.1064 -0.9939
vn 0.0422 -0.1057 -0.9935
vn 0.0563 -0.1048 -0.9929
vn 0.0705 -0.1036 -0.9921
vn 0.0848 -0.1021 -0.9912
vn 0.0992 -0.1003 -0.9900
vn 0.1137 -0.0983 -0.9886
vn 0.1285 -0.0959 -0.9871
vn 0.1436 -0.0933 -0.9852
vn 0.1590 -0.0904 -0.9831
vn 0.1748 -0.0872 -0.9807
vn 0.1913 -0.0837 -0.9780
vn 0.2086 -0.0798 -0.9747
vn 0.2270 -0.0756 -0.9710
vn 0.2468 -0.0710 -0.9665
vn 0.2687 -0.0660 -0.9610
vn 0.2935 -0.0605 -0.9540
vn 0.3227 -0.0545 -0.9449
vn 0.3589 -0.0477 -0.9322
vn 0.4072 -0.0400 -0.9125
vn 0.4809 -0.0307 -0.8763
vn 0.6749 -0.0177 -0.7377
vn 0.7990 -0.0024 -0.6014
vn -0.8034 -0.0021 -0.5954
vn -0.6800 -0.0157 -0.7331
vn -0.4864 -0.0273 -0.8733
vn -0.4123 -0.0356 -0.9104
vn -0.3636 -0.0425 -0.9306
vn -0.3271 -0.0486 -0.9437
vn -0.2977 -0.0540 -0.9531
vn -0.2726 -0.0589 -0.9603
vn -0.2504 -0.0634 -0.9661
vn -0.2303 -0.0675 -0.9708
vn -0.2117 -0.0712 -0.9747
vn -0.1942 -0.0747 -0.9781
vn -0.1775 -0.0779 -0.9810
vn -0.1614 -0.0807 -0.9836
vn -0.1458 -0.0833 -0.9858
vn -0.1305 -0.0857 -0.9877
vn -0.1155 -0.0878 -0.9894
vn -0.1007 -0.0896 -0.9909
vn -0.0861 -0.0912 -0.9921
vn -0.0716 -0.0925 -0.9931
vn -0.0572 -0.0936 -0.9940
vn -0.0429 -0.0945 -0.9946
vn -0.0286 -0.0951 -0.9951
vn -0.0143 -0.0954 -0.9953
vn 0.0143 -0.0954 -0.9953
vn -0.0000 -0.0956 -0.9954
vn 0.0286 -0.0951 -0.9951
vn 0.0429 -0.0945 -0.9946
vn 0.0572 -0.0936 -0.9940
vn 0.0716 -0.0925 -0.9931
vn 0.0861 -0.0912 -0.9921
vn 0.1007 -0.0896 -0.9909
vn 0.1155 -0.0878 -0.9894
vn 0.1305 -0.0857 -0.9877
vn 0.1458 -0.0833 -0.9858
vn 0.1614 -0.0807 -0.9836
vn 0.1775 -0.0779 -0.9810
vn 0.1942 -0.0747 -0.9781
vn 0.2117 -0.0712 -0.9747
vn 0.2303 -0.0675 -0.9708
vn 0.2504 -0.0634 -0.9661
vn 0.2726 -0.0589 -0.9603
vn 0.2977 -0.0540 -0.9531
vn 0.3271 -0.0486 -0.9437
vn 0.3636 -0.0425 -0.9306
vn 0.4123 -0.0356 -0.9104
vn 0.4864 -0.0273 -0.8733
vn 0.6800 -0.0157 -0.7331
vn 0.8034 -0.0021 -0.5954
vn -0.8073 -0.0018 -0.5902
vn -0.6844 -0.0138 -0.7290
vn -0.4912 -0.0241 -0.8707
vn -0.4168 -0.0314 -0.9085
vn -0.3678 -0.0376 -0.9291
vn -0.3311 -0.0429 -0.9426
vn -0.3013 -0.0477 -0.9523
vn -0.2760 -0.0521 -0.9598
vn -0.2536 -0.0561 -0.9657
vn -0.2333 -0.0597 -0.9706
vn -0.2145 -0.0630 -0.9747
vn -0.1968 -0.0661 -0.9782
vn -0.1799 -0.0689 -0.9813
vn -0.1636 -0.0715 -0.9839
vn -0.1478 -0.0738 -0.9863
vn -0.1323 -0.0759 -0.9883
vn -0.1171 -0.0777 -0.9901
vn -0.1021 -0.0793 -0.9916
vn -0.0873 -0.0808 -0.9929
vn -0.0726 -0.0819 -0.9940
vn -0.0580 -0.0829 -0.9949
vn -0.0435 -0.0837 -0.9955
vn -0.0290 -0.0842 -0.9960
vn -0.0145 -0.0845 -0.9963
vn 0.0145 -0.0845 -0.9963
vn -0.0000 -0.0846 -0.9964
vn 0.0290 -0.0842 -0.9960
vn 0.0435 -0.0837 -0.9955
vn 0.0580 -0.0829 -0.9949
vn 0.0726 -0.0819 -0.9940
vn 0.0873 -0.0808 -0.9929
vn 0.1021 -0.0793 -0.9916
vn 0.1171 -0.0777 -0.9901
vn 0.1323 -0.0759 -0.9883
vn 0.1478 -0.0738 -0.9863
vn 0.1636 -0.0715 -0.9839
vn 0.1799 -0.0689 -0.9813
vn 0.1968 -0.0661 -0.9782
vn 0.2145 -0.0630 -0.9747
vn 0.2333 -0.0597 -0.9706
vn 0.2536 -0.0561 -0.9657
vn 0.2760 -0.0521 -0.9598
vn 0.3013 -0.0477 -0.9523
vn 0.3311 -0.0429 -0.9426
vn 0.3678 -0.0376 -0.9291
vn 0.4168 -0.0314 -0.9085
vn 0.4912 -0.0241 -0.8707
vn 0.6844 -0.0138 -0.7290
vn 0.8073 -0.0018 -0.5902
vn -0.8106 -0.0016 -0.5856
vn -0.6882 -0.0121 -0.7254
vn -0.4954 -0.0211 -0.8684
vn -0.4207 -0.0275 -0.9068
vn -0.3715 -0.0328 -0.9279
vn -0.3345 -0.0375 -0.9417
vn -0.3045 -0.0417 -0.9516
vn -0.2790 -0.0455 -0.9592
vn -0.2564 -0.0490 -0.9653
vn -0.2359 -0.0522 -0.9704
vn -0.2169 -0.0552 -0.9746
vn -0.1990 -0.0578 -0.9783
vn -0.1820 -0.0603 -0.9815
vn -0.1655 -0.0625 -0.9842
vn -0.1495 -0.0646 -0.9866
vn -0.1339 -0.0664 -0.9888
vn -0.1185 -0.0680 -0.9906
vn -0.1034 -0.0695 -0.9922
vn -0.0884 -0.0707 -0.9936
vn -0.0735 -0.0718 -0.9947
vn -0.0587 -0.0726 -0.9956
vn -0.0440 -0.0733 -0.9963
vn -0.0293 -0.0737 -0.9968
vn -0.0147 -0.0740 -0.9971
vn 0.0147 -0.0740 -0.9971
vn -0.0000 -0.0741 -0.9973
vn 0.0293 -0.0737 -0.9968
vn 0.0440 -0.0733 -0.9963
vn 0.0587 -0.0726 -0.9956
vn 0.0735 -0.0718 -0.9947
vn 0.0884 -0.0707 -0.9936
vn 0.1034 -0.0695 -0.9922
vn 0.1185 -0.0680 -0.9906
vn 0.1339 -0.0664 -0.9888
vn 0.1495 -0.0646 -0.9866
vn 0.1655 -0.0625 -0.9842
vn 0.1820 -0.0603 -0.9815
vn 0.1990 -0.0578 -0.9783
vn 0.2169 -0.0552 -0.9746
vn 0.2359 -0.0522 -0.9704
vn 0.2564 -0.0490 -0.9653
vn 0.2790 -0.0455 -0.9592
vn 0.3045 -0.0417 -0.9516
vn 0.3345 -0.0375 -0.9417
vn 0.3715 -0.0328 -0.9279
vn 0.4207 -0.0275 -0.9068
vn 0.4954 -0.0211 -0.8684
vn 0.6882 -0.0121 -0.7254
vn 0.8106 -0.0016 -0.5856
vn -0.8135 -0.0014 -0.5816
vn -0.6915 -0.0104 -0.7223
vn -0.4991 -0.0181 -0.8664
vn -0.4241 -0.0236 -0.9053
vn -0.3746 -0.0283 -0.9267
vn -0.3374 -0.0323 -0.9408
vn -0.3073 -0.0360 -0.9509
vn -0.2816 -0.0393 -0.9587
vn -0.2588 -0.0423 -0.9650
vn -0.2382 -0.0450 -0.9702
vn -0.2190 -0.0476 -0.9746
vn -0.2010 -0.0499 -0.9783
vn -0.1838 -0.0520 -0.9816
vn -0.1672 -0.0539 -0.9845
vn -0.1510 -0.0557 -0.9870
vn -0.1352 -0.0573 -0.9892
vn -0.1197 -0.0587 -0.9911
vn -0.1044 -0.0599 -0.9927
vn -0.0893 -0.0610 -0.9941
vn -0.0743 -0.0619 -0.9953
vn -0.0593 -0.0626 -0.9963
vn -0.0444 -0.0632 -0.9970
vn -0.0296 -0.0636 -0.9975
vn -0.0148 -0.0639 -0.9978
vn 0.0148 -0.0639 -0.9978
vn -0.0000 -0.0639 -0.9980
vn 0.0296 -0.0636 -0.9975
vn 0.0444 -0.0632 -0.9970
vn 0.0593 -0.0626 -0.9963
vn 0.0743 -0.0619 -0.9953
vn 0.0893 -0.0610 -0.9941
vn 0.1044 -0.0599 -0.9927
vn 0.1197 -0.0587 -0.9911
vn 0.1352 -0.0573 -0.9892
vn 0.1510 -0.0557 -0.9870
vn 0.1672 -0.0539 -0.9845
vn 0.1838 -0.0520 -0.9816
vn 0.2010 -0.0499 -0.9783
vn 0.2190 -0.0476 -0.9746
vn 0.2382 -0.0450 -0.9702
vn 0.2588 -0.0423 -0.9650
vn 0.2816 -0.0393 -0.9587
vn 0.3073 -0.0360 -0.9509
vn 0.3374 -0.0323 -0.9408
vn 0.3746 -0.0283 -0.9267
vn 0.4241 -0.0236 -0.9053
vn 0.4991 -0.0181 -0.8664
vn 0.6915 -0.0104 -0.7223
vn 0.8135 -0.0014 -0.5816
vn -0.8159 -0.0011 -0.5782
vn -0.6942 -0.0087 -0.7197
vn -0.5022 -0.0153 -0.8646
vn -0.4270 -0.0200 -0.9040
vn -0.3773 -0.0239 -0.9258
vn -0.3400 -0.0273 -0.9400
vn -0.3096 -0.0304 -0.9504
vn -0.2838 -0.0332 -0.9583
vn -0.2609 -0.0357 -0.9647
vn -0.2401 -0.0381 -0.9700
vn -0.2208 -0.0402 -0.9745
vn -0.2027 -0.0422 -0.9783
vn -0.1853 -0.0440 -0.9817
vn -0.1686 -0.0456 -0.9846
vn -0.1523 -0.0471 -0.9872
vn -0.1364 -0.0485 -0.9895
vn -0.1208 -0.0496 -0.9914
vn -0.1053 -0.0507 -0.9931
vn -0.0901 -0.0516 -0.9946
vn -0.0749 -0.0524 -0.9958
vn -0.0598 -0.0530 -0.9968
vn -0.0448 -0.0535 -0.9976
vn -0.0299 -0.0538 -0.9981
vn -0.0149 -0.0540 -0.9984
vn 0.0149 -0.0540 -0.9984
vn -0.0000 -0.0541 -0.9985
vn 0.0299 -0.0538 -0.9981
vn 0.0448 -0.0535 -0.9976
vn 0.0598 -0.0530 -0.9968
vn 0.0749 -0.0524 -0.9958
vn 0.0901 -0.0516 -0.9946
vn 0.1053 -0.0507 -0.9931
vn 0.1208 -0.0496 -0.9914
vn 0.1364 -0.0485 -0.9895
vn 0.1523 -0.0471 -0.9872
vn 0.1686 -0.0456 -0.9846
vn 0.1853 -0.0440 -0.9817
vn 0.2027 -0.0422 -0.9783
vn 0.2208 -0.0402 -0.9745
vn 0.2401 -0.0381 -0.9700
vn 0.2609 -0.0357 -0.9647
vn 0.2838 -0.0332 -0.9583
vn 0.3096 -0.0304 -0.9504
vn 0.3400 -0.0273 -0.9400
vn 0.3773 -0.0239 -0.9258
vn 0.4270 -0.0200 -0.9040
vn 0.5022 -0.0153 -0.8646
vn 0.6942 -0.0087 -0.7197
vn 0.8159 -0.0011 -0.5782
vn -0.8179 -0.0009 -0.5754
vn -0.6965 -0.0072 -0.7175
vn -0.5048 -0.0126 -0.8632
vn -0.4295 -0.0164 -0.9029
vn -0.3796 -0.0196 -0.9249
vn -0.3420 -0.0225 -0.9394
vn -0.3116 -0.0250 -0.9499
vn -0.2856 -0.0273 -0.9580
vn -0.2626 -0.0294 -0.9645
vn -0.2417 -0.0313 -0.9698
vn -0.2223 -0.0331 -0.9744
vn -0.2040 -0.0347 -0.9783
vn -0.1866 -0.0362 -0.9818
vn -0.1697 -0.0375 -0.9848
vn -0.1534 -0.0388 -0.9874
vn -0.1374 -0.0399 -0.9897
vn -0.1216 -0.0409 -0.9917
vn -0.1061 -0.0417 -0.9935
vn -0.0907 -0.0425 -0.9950
vn -0.0754 -0.0431 -0.9962
vn -0.0603 -0.0436 -0.9972
vn -0.0452 -0.0440 -0.9980
vn -0.0301 -0.0443 -0.9986
vn -0.0150 -0.0445 -0.9989
vn 0.0150 -0.0445 -0.9989
vn -0.0000 -0.0445 -0.9990
vn 0.0301 -0.0443 -0.9986
vn 0.0452 -0.0440 -0.9980
vn 0.0603 -0.0436 -0.9972
vn 0.0754 -0.0431 -0.9962
vn 0.0907 -0.0425 -0.9950
vn 0.1061 -0.0417 -0.9935
vn 0.1216 -0.0409 -0.9917
vn 0.1374 -0.0399 -0.9897
vn 0.1534 -0.0388 -0.9874
vn 0.1697 -0.0375 -0.9848
vn 0.1866 -0.0362 -0.9818
vn 0.2040 -0.0347 -0.9783
vn 0.2223 -0.0331 -0.9744
vn 0.2417 -0.0313 -0.9698
vn 0.2626 -0.0294 -0.9645
vn 0.2856 -0.0273 -0.9580
vn 0.3116 -0.0250 -0.9499
vn 0.3420 -0.0225 -0.9394
vn 0.3796 -0.0196 -0.9249
vn 0.4295 -0.0164 -0.9029
vn 0.5048 -0.0126 -0.8632
vn 0.6965 -0.0072 -0.7175
vn 0.8179 -0.0009 -0.5754
vn -0.8195 -0.0008 -0.5731
vn -0.6983 -0.0057 -0.7157
vn -0.5068 -0.0100 -0.8620
vn -0.4314 -0.0130 -0.9021
vn -0.3814 -0.0155 -0.9243
vn -0.3437 -0.0178 -0.9389
vn -0.3132 -0.0198 -0.9495
vn -0.2871 -0.0216 -0.9577
vn -0.2640 -0.0232 -0.9642
vn -0.2430 -0.0248 -0.9697
vn -0.2235 -0.0262 -0.9743
vn -0.2052 -0.0274 -0.9783
vn -0.1876 -0.0286 -0.9818
vn -0.1707 -0.0297 -0.9849
vn -0.1542 -0.0307 -0.9876
vn -0.1381 -0.0315 -0.9899
vn -0.1223 -0.0323 -0.9920
vn -0.1067 -0.0330 -0.9937
vn -0.0912 -0.0336 -0.9953
vn -0.0759 -0.0341 -0.9965
vn -0.0606 -0.0345 -0.9976
vn -0.0454 -0.0348 -0.9984
vn -0.0303 -0.0350 -0.9989
vn -0.0151 -0.0352 -0.9993
vn 0.0151 -0.0352 -0.9993
vn -0.0000 -0.0352 -0.9994
vn 0.0303 -0.0350 -0.9989
vn 0.0454 -0.0348 -0.9984
vn 0.0606 -0.0345 -0.9976
vn 0.0759 -0.0341 -0.9965
vn 0.0912 -0.0336 -0.9953
vn 0.1067 -0.0330 -0.9937
vn 0.1223 -0.0323 -0.9920
vn 0.1381 -0.0315 -0.9899
vn 0.1542 -0.0307 -0.9876
vn 0.1707 -0.0297 -0.9849
vn 0.1876 -0.0286 -0.9818
vn 0.2052 -0.0274 -0.9783
vn 0.2235 -0.0262 -0.9743
vn 0.2430 -0.0248 -0.9697
vn 0.2640 -0.0232 -0.9642
vn 0.2871 -0.0216 -0.9577
vn 0.3132 -0.0198 -0.9495
vn 0.3437 -0.0178 -0.9389
vn 0.3814 -0.0155 -0.9243
vn 0.4314 -0.0130 -0.9021
vn 0.5068 -0.0100 -0.8620
vn 0.6983 -0.0057 -0.7157
vn 0.8195 -0.0008 -0.5731
vn -0.8207 -0.0006 -0.5713
vn -0.6997 -0.0042 -0.7144
vn -0.5084 -0.0074 -0.8611
vn -0.4329 -0.0096 -0.9014
vn -0.3828 -0.0115 -0.9238
vn -0.3450 -0.0132 -0.9385
vn -0.3144 -0.0147 -0.9492
vn -0.2882 -0.0160 -0.9574
vn -0.2651 -0.0173 -0.9641
vn -0.2440 -0.0184 -0.9696
vn -0.2245 -0.0194 -0.9743
vn -0.2060 -0.0204 -0.9783
vn -0.1884 -0.0212 -0.9819
vn -0.1714 -0.0220 -0.9850
vn -0.1549 -0.0228 -0.9877
vn -0.1387 -0.0234 -0.9901
vn -0.1229 -0.0240 -0.9921
vn -0.1072 -0.0245 -0.9939
vn -0.0916 -0.0249 -0.9955
vn -0.0762 -0.0253 -0.9968
vn -0.0609 -0.0256 -0.9978
vn -0.0456 -0.0258 -0.9986
vn -0.0304 -0.0260 -0.9992
vn -0.0152 -0.0261 -0.9995
vn 0.0152 -0.0261 -0.9995
vn -0.0000 -0.0261 -0.9997
vn 0.0304 -0.0260 -0.9992
vn 0.0456 -0.0258 -0.9986
vn 0.0609 -0.0256 -0.9978
vn 0.0762 -0.0253 -0.9968
vn 0.0916 -0.0249 -0.9955
vn 0.1072 -0.0245 -0.9939
vn 0.1229 -0.0240 -0.9921
vn 0.1387 -0.0234 -0.9901
vn 0.1549 -0.0228 -0.9877
vn 0.1714 -0.0220 -0.9850
vn 0.1884 -0.0212 -0.9819
vn 0.2060 -0.0204 -0.9783
vn 0.2245 -0.0194 -0.9743
vn 0.2440 -0.0184 -0.9696
vn 0.2651 -0.0173 -0.9641
vn 0.2882 -0.0160 -0.9574
vn 0.3144 -0.0147 -0.9492
vn 0.3450 -0.0132 -0.9385
vn 0.3828 -0.0115 -0.9238
vn 0.4329 -0.0096 -0.9014
vn 0.5084 -0.0074 -0.8611
vn 0.6997 -0.0042 -0.7144
vn 0.8207 -0.0006 -0.5713
vn -0.8216 -0.0004 -0.5700
vn -0.7007 -0.0028 -0.7134
vn -0.5095 -0.0049 -0.8605
vn -0.4339 -0.0064 -0.9009
vn -0.3838 -0.0076 -0.9234
vn -0.3460 -0.0087 -0.9382
vn -0.3152 -0.0097 -0.9490
vn -0.2890 -0.0106 -0.9573
vn -0.2658 -0.0114 -0.9640
vn -0.2447 -0.0122 -0.9695
vn -0.2251 -0.0128 -0.9742
vn -0.2066 -0.0135 -0.9783
vn -0.1890 -0.0140 -0.9819
vn -0.1719 -0.0146 -0.9850
vn -0.1554 -0.0150 -0.9877
vn -0.1392 -0.0155 -0.9901
vn -0.1232 -0.0159 -0.9923
vn -0.1075 -0.0162 -0.9941
vn -0.0919 -0.0165 -0.9956
vn -0.0765 -0.0167 -0.9969
vn -0.0611 -0.0169 -0.9980
vn -0.0458 -0.0171 -0.9988
vn -0.0305 -0.0172 -0.9994
vn -0.0152 -0.0172 -0.9997
vn 0.0152 -0.0172 -0.9997
vn -0.0000 -0.0173 -0.9999
vn 0.0305 -0.0172 -0.9994
vn 0.0458 -0.0171 -0.9988
vn 0.0611 -0.0169 -0.9980
vn 0.0765 -0.0167 -0.9969
vn 0.0919 -0.0165 -0.9956
vn 0.1075 -0.0162 -0.9941
vn 0.1232 -0.0159 -0.9923
vn 0.1392 -0.0155 -0.9901
vn 0.1554 -0.0150 -0.9877
vn 0.1719 -0.0146 -0.9850
vn 0.1890 -0.0140 -0.9819
vn 0.2066 -0.0135 -0.9783
vn 0.2251 -0.0128 -0.9742
vn 0.2447 -0.0122 -0.9695
vn 0.2658 -0.0114 -0.9640
vn 0.2890 -0.0106 -0.9573
vn 0.3152 -0.0097 -0.9490
vn 0.3460 -0.0087 -0.9382
vn 0.3838 -0.0076 -0.9234
vn 0.4339 -0.0064 -0.9009
vn 0.5095 -0.0049 -0.8605
vn 0.7007 -0.0028 -0.7134
vn 0.8216 -0.0004 -0.5700
vn -0.8222 -0.0002 -0.5692
vn -0.7013 -0.0014 -0.7129
vn -0.5102 -0.0025 -0.8601
vn -0.4345 -0.0032 -0.9006
vn -0.3843 -0.0038 -0.9232
vn -0.3465 -0.0044 -0.9380
vn -0.3157 -0.0048 -0.9488
vn -0.2895 -0.0053 -0.9572
vn -0.2663 -0.0057 -0.9639
vn -0.2451 -0.0061 -0.9695
vn -0.2255 -0.0064 -0.9742
vn -0.2070 -0.0067 -0.9783
vn -0.1893 -0.0070 -0.9819
vn -0.1722 -0.0073 -0.9850
vn -0.1557 -0.0075 -0.9878
vn -0.1394 -0.0077 -0.9902
vn -0.1235 -0.0079 -0.9923
vn -0.1077 -0.0081 -0.9942
vn -0.0921 -0.0082 -0.9957
vn -0.0766 -0.0083 -0.9970
vn -0.0612 -0.0084 -0.9981
vn -0.0458 -0.0085 -0.9989
vn -0.0305 -0.0085 -0.9995
vn -0.0153 -0.0086 -0.9998
vn 0.0153 -0.0086 -0.9998
vn -0.0000 -0.0086 -1.0000
vn 0.0305 -0.0085 -0.9995
vn 0.0458 -0.0085 -0.9989
vn 0.0612 -0.0084 -0.9981
vn 0.0766 -0.0083 -0.9970
vn 0.0921 -0.0082 -0.9957
vn 0.1077 -0.0081 -0.9942
vn 0.1235 -0.0079 -0.9923
vn 0.1394 -0.0077 -0.9902
vn 0.1557 -0.0075 -0.9878
vn 0.1722 -0.0073 -0.9850
vn 0.1893 -0.0070 -0.9819
vn 0.2070 -0.0067 -0.9783
vn 0.2255 -0.0064 -0.9742
vn 0.2451 -0.0061 -0.9695
vn 0.2663 -0.0057 -0.9639
vn 0.2895 -0.0053 -0.9572
vn 0.3157 -0.0048 -0.9488
vn 0.3465 -0.0044 -0.9380
vn 0.3843 -0.0038 -0.9232
vn 0.4345 -0.0032 -0.9006
vn 0.5102 -0.0025 -0.8601
vn 0.7013 -0.0014 -0.7129
vn 0.8222 -0.0002 -0.5692
vn -0.8224 -0.0000 -0.5689
vn -0.7015 -0.0000 -0.7127
vn -0.5104 -0.0000 -0.8600
vn -0.4347 -0.0000 -0.9006
vn -0.3845 -0.0000 -0.9231
vn -0.3467 -0.0000 -0.9380
vn -0.3159 -0.0000 -0.9488
vn -0.2896 -0.0001 -0.9571
vn -0.2664 -0.0001 -0.9639
vn -0.2453 -0.0001 -0.9695
vn -0.2256 -0.0001 -0.9742
vn -0.2071 -0.0001 -0.9783
vn -0.1894 -0.0001 -0.9819
vn -0.1723 -0.0001 -0.9850
vn -0.1557 -0.0001 -0.9878
vn -0.1395 -0.0001 -0.9902
vn -0.1235 -0.0001 -0.9923
vn -0.1078 -0.0001 -0.9942
vn -0.0921 -0.0001 -0.9957
vn -0.0766 -0.0001 -0.9971
vn -0.0612 -0.0001 -0.9981
vn -0.0459 -0.0001 -0.9989
vn -0.0306 -0.0001 -0.9995
vn -0.0153 -0.0001 -0.9999
vn 0.0153 -0.0001 -0.9999
vn -0.0000 -0.0001 -1.0000
vn 0.0306 -0.0001 -0.9995
vn 0.0459 -0.0001 -0.9989
vn 0.0612 -0.0001 -0.9981
vn 0.0766 -0.0001 -0.9971
vn 0.0921 -0.0001 -0.9957
vn 0.1078 -0.0001 -0.9942
vn 0.1235 -0.0001 -0.9923
vn 0.1395 -0.0001 -0.9902
vn 0.1557 -0.0001 -0.9878
vn 0.1723 -0.0001 -0.9850
vn 0.1894 -0.0001 -0.9819
vn 0.2071 -0.0001 -0.9783
vn 0.2256 -0.0001 -0.9742
vn 0.2453 -0.0001 -0.9695
vn 0.2664 -0.0001 -0.9639
vn 0.2896 -0.0001 -0.9571
vn 0.3159 -0.0000 -0.9488
vn 0.3467 -0.0000 -0.9380
vn 0.3845 -0.0000 -0.9231
vn 0.4347 -0.0000 -0.9006
vn 0.5104 -0.0000 -0.8600
vn 0.7015 -0.0000 -0.7127
vn 0.8224 -0.0000 -0.5689
vn -0.7013 0.0014 -0.7129
vn -0.8222 0.0002 -0.5692
vn -0.5102 0.0024 -0.8601
vn -0.4345 0.0031 -0.9006
vn -0.3844 0.0037 -0.9232
vn -0.3465 0.0042 -0.9380
vn -0.3158 0.0047 -0.9488
vn -0.2895 0.0051 -0.9572
vn -0.2663 0.0055 -0.9639
vn -0.2451 0.0058 -0.9695
vn -0.2255 0.0062 -0.9742
vn -0.2070 0.0065 -0.9783
vn -0.1893 0.0067 -0.9819
vn -0.1723 0.0070 -0.9850
vn -0.1557 0.0072 -0.9878
vn -0.1394 0.0074 -0.9902
vn -0.1235 0.0076 -0.9923
vn -0.1077 0.0077 -0.9942
vn -0.0921 0.0079 -0.9957
vn -0.0766 0.0080 -0.9970
vn -0.0612 0.0081 -0.9981
vn -0.0458 0.0082 -0.9989
vn -0.0305 0.0082 -0.9995
vn -0.0153 0.0083 -0.9998
vn -0.0000 0.0083 -1.0000
vn 0.0153 0.0083 -0.9998
vn 0.0305 0.0082 -0.9995
vn 0.0458 0.0082 -0.9989
vn 0.0612 0.0081 -0.9981
vn 0.0766 0.0080 -0.9970
vn 0.0921 0.0079 -0.9957
vn 0.1077 0.0077 -0.9942
vn 0.1235 0.0076 -0.9923
vn 0.1394 0.0074 -0.9902
vn 0.1557 0.0072 -0.9878
vn 0.1723 0.0070 -0.9850
vn 0.1893 0.0067 -0.9819
vn 0.2070 0.0065 -0.9783
vn 0.2255 0.0062 -0.9742
vn 0.2451 0.0058 -0.9695
vn 0.2663 0.0055 -0.9639
vn 0.2895 0.0051 -0.9572
vn 0.3158 0.0047 -0.9488
vn 0.3465 0.0042 -0.9380
vn 0.3844 0.0037 -0.9232
vn 0.4345 0.0031 -0.9006
vn 0.5102 0.0024 -0.8601
vn 0.7013 0.0014 -0.7129
vn -0.7007 0.0027 -0.7134
vn -0.8217 0.0004 -0.5700
vn -0.5095 0.0047 -0.8604
vn -0.4340 0.0061 -0.9009
vn -0.3838 0.0073 -0.9234
vn -0.3460 0.0083 -0.9382
vn -0.3153 0.0092 -0.9490
vn -0.2890 0.0101 -0.9573
vn -0.2658 0.0109 -0.9640
vn -0.2447 0.0116 -0.9695
vn -0.2251 0.0122 -0.9743
vn -0.2067 0.0128 -0.9783
vn -0.1890 0.0134 -0.9819
vn -0.1720 0.0139 -0.9850
vn -0.1554 0.0143 -0.9877
vn -0.1392 0.0147 -0.9902
vn -0.1232 0.0151 -0.9923
vn -0.1075 0.0154 -0.9941
vn -0.0919 0.0157 -0.9956
vn -0.0765 0.0159 -0.9969
vn -0.0611 0.0161 -0.9980
vn -0.0458 0.0163 -0.9988
vn -0.0305 0.0164 -0.9994
vn -0.0152 0.0164 -0.9997
vn -0.0000 0.0165 -0.9999
vn 0.0152 0.0164 -0.9997
vn 0.0305 0.0164 -0.9994
vn 0.0458 0.0163 -0.9988
vn 0.0611 0.0161 -0.9980
vn 0.0765 0.0159 -0.9969
vn 0.0919 0.0157 -0.9956
vn 0.1075 0.0154 -0.9941
vn 0.1232 0.0151 -0.9923
vn 0.1392 0.0147 -0.9902
vn 0.1554 0.0143 -0.9877
vn 0.1720 0.0139 -0.9850
vn 0.1890 0.0134 -0.9819
vn 0.2067 0.0128 -0.9783
vn 0.2251 0.0122 -0.9743
vn 0.2447 0.0116 -0.9695
vn 0.2658 0.0109 -0.9640
vn 0.2890 0.0101 -0.9573
vn 0.3153 0.0092 -0.9490
vn 0.3460 0.0083 -0.9382
vn 0.3838 0.0073 -0.9234
vn 0.4340 0.0061 -0.9009
vn 0.5095 0.0047 -0.8604
vn 0.7007 0.0027 -0.7134
vn 0.8222 0.0002 -0.5692
vn -0.6998 0.0040 -0.7143
vn -0.8208 0.0005 -0.5712
vn -0.5085 0.0069 -0.8610
vn -0.4330 0.0090 -0.9014
vn -0.3829 0.0108 -0.9237
vn -0.3451 0.0124 -0.9385
vn -0.3145 0.0138 -0.9492
vn -0.2883 0.0150 -0.9574
vn -0.2651 0.0162 -0.9641
vn -0.2441 0.0172 -0.9696
vn -0.2245 0.0182 -0.9743
vn -0.2061 0.0191 -0.9783
vn -0.1885 0.0199 -0.9819
vn -0.1715 0.0207 -0.9850
vn -0.1550 0.0213 -0.9877
vn -0.1388 0.0220 -0.9901
vn -0.1229 0.0225 -0.9922
vn -0.1072 0.0230 -0.9940
vn -0.0917 0.0234 -0.9955
vn -0.0762 0.0237 -0.9968
vn -0.0609 0.0240 -0.9979
vn -0.0456 0.0242 -0.9987
vn -0.0304 0.0244 -0.9992
vn -0.0152 0.0245 -0.9996
vn -0.0000 0.0245 -0.9997
vn 0.0152 0.0245 -0.9996
vn 0.0304 0.0244 -0.9992
vn 0.0456 0.0242 -0.9987
vn 0.0609 0.0240 -0.9979
vn 0.0762 0.0237 -0.9968
vn 0.0917 0.0234 -0.9955
vn 0.1072 0.0230 -0.9940
vn 0.1229 0.0225 -0.9922
vn 0.1388 0.0220 -0.9901
vn 0.1550 0.0213 -0.9877
vn 0.1715 0.0207 -0.9850
vn 0.1885 0.0199 -0.9819
vn 0.2061 0.0191 -0.9783
vn 0.2245 0.0182 -0.9743
vn 0.2441 0.0172 -0.9696
vn 0.2651 0.0162 -0.9641
vn 0.2883 0.0150 -0.9574
vn 0.3145 0.0138 -0.9492
vn 0.3451 0.0124 -0.9385
vn 0.3829 0.0108 -0.9237
vn 0.4330 0.0090 -0.9014
vn 0.5085 0.0069 -0.8610
vn 0.6998 0.0040 -0.7143
vn 0.8217 0.0004 -0.5700
vn -0.6985 0.0052 -0.7156
vn -0.8197 0.0007 -0.5729
vn -0.5070 0.0092 -0.8619
vn -0.4316 0.0120 -0.9020
vn -0.3816 0.0143 -0.9242
vn -0.3439 0.0164 -0.9389
vn -0.3133 0.0182 -0.9495
vn -0.2872 0.0199 -0.9577
vn -0.2641 0.0214 -0.9642
vn -0.2431 0.0228 -0.9697
vn -0.2237 0.0241 -0.9744
vn -0.2053 0.0253 -0.9784
vn -0.1877 0.0264 -0.9819
vn -0.1708 0.0274 -0.9849
vn -0.1543 0.0283 -0.9876
vn -0.1382 0.0291 -0.9900
vn -0.1224 0.0298 -0.9920
vn -0.1068 0.0304 -0.9938
vn -0.0913 0.0310 -0.9953
vn -0.0759 0.0314 -0.9966
vn -0.0607 0.0318 -0.9977
vn -0.0454 0.0321 -0.9985
vn -0.0303 0.0323 -0.9990
vn -0.0151 0.0324 -0.9994
vn -0.0000 0.0325 -0.9995
vn 0.0151 0.0324 -0.9994
vn 0.0303 0.0323 -0.9990
vn 0.0454 0.0321 -0.9985
vn 0.0607 0.0318 -0.9977
vn 0.0759 0.0314 -0.9966
vn 0.0913 0.0310 -0.9953
vn 0.1068 0.0304 -0.9938
vn 0.1224 0.0298 -0.9920
vn 0.1382 0.0291 -0.9900
vn 0.1543 0.0283 -0.9876
vn 0.1708 0.0274 -0.9849
vn 0.1877 0.0264 -0.9819
vn 0.2053 0.0253 -0.9784
vn 0.2237 0.0241 -0.9744
vn 0.2431 0.0228 -0.9697
vn 0.2641 0.0214 -0.9642
vn 0.2872 0.0199 -0.9577
vn 0.3133 0.0182 -0.9495
vn 0.3439 0.0164 -0.9389
vn 0.3816 0.0143 -0.9242
vn 0.4316 0.0120 -0.9020
vn 0.5070 0.0092 -0.8619
vn 0.6985 0.0052 -0.7156
vn 0.8208 0.0005 -0.5712
vn -0.6969 0.0065 -0.7172
vn -0.8182 0.0008 -0.5749
vn -0.5052 0.0114 -0.8630
vn -0.4298 0.0148 -0.9028
vn -0.3799 0.0178 -0.9248
vn -0.3424 0.0203 -0.9393
vn -0.3119 0.0226 -0.9498
vn -0.2859 0.0247 -0.9579
vn -0.2629 0.0266 -0.9645
vn -0.2420 0.0283 -0.9699
vn -0.2226 0.0299 -0.9745
vn -0.2043 0.0314 -0.9784
vn -0.1868 0.0327 -0.9819
vn -0.1699 0.0340 -0.9849
vn -0.1536 0.0351 -0.9875
vn -0.1375 0.0361 -0.9898
vn -0.1218 0.0370 -0.9919
vn -0.1062 0.0377 -0.9936
vn -0.0908 0.0384 -0.9951
vn -0.0755 0.0390 -0.9964
vn -0.0603 0.0395 -0.9974
vn -0.0452 0.0398 -0.9982
vn -0.0301 0.0401 -0.9987
vn -0.0151 0.0402 -0.9991
vn -0.0000 0.0403 -0.9992
vn 0.0151 0.0402 -0.9991
vn 0.0301 0.0401 -0.9987
vn 0.0452 0.0398 -0.9982
vn 0.0603 0.0395 -0.9974
vn 0.0755 0.0390 -0.9964
vn 0.0908 0.0384 -0.9951
vn 0.1062 0.0377 -0.9936
vn 0.1218 0.0370 -0.9919
vn 0.1375 0.0361 -0.9898
vn 0.1536 0.0351 -0.9875
vn 0.1699 0.0340 -0.9849
vn 0.1868 0.0327 -0.9819
vn 0.2043 0.0314 -0.9784
vn 0.2226 0.0299 -0.9745
vn 0.2420 0.0283 -0.9699
vn 0.2629 0.0266 -0.9645
vn 0.2859 0.0247 -0.9579
vn 0.3119 0.0226 -0.9498
vn 0.3424 0.0203 -0.9393
vn 0.3799 0.0178 -0.9248
vn 0.4298 0.0148 -0.9028
vn 0.5052 0.0114 -0.8630
vn 0.6969 0.0065 -0.7172
vn 0.8197 0.0007 -0.5729
vn -0.6948 0.0077 -0.7191
vn -0.8164 0.0010 -0.5774
vn -0.5029 0.0136 -0.8643
vn -0.4277 0.0177 -0.9038
vn -0.3779 0.0212 -0.9256
vn -0.3405 0.0242 -0.9399
vn -0.3101 0.0270 -0.9503
vn -0.2843 0.0294 -0.9583
vn -0.2614 0.0317 -0.9647
vn -0.2405 0.0338 -0.9701
vn -0.2212 0.0357 -0.9746
vn -0.2030 0.0374 -0.9785
vn -0.1857 0.0390 -0.9818
vn -0.1689 0.0405 -0.9848
vn -0.1526 0.0418 -0.9874
vn -0.1367 0.0430 -0.9897
vn -0.1210 0.0441 -0.9917
vn -0.1055 0.0450 -0.9934
vn -0.0902 0.0458 -0.9949
vn -0.0751 0.0465 -0.9961
vn -0.0600 0.0470 -0.9971
vn -0.0449 0.0475 -0.9979
vn -0.0299 0.0478 -0.9984
vn -0.0150 0.0479 -0.9987
vn -0.0000 0.0480 -0.9988
vn 0.0150 0.0479 -0.9987
vn 0.0299 0.0478 -0.9984
vn 0.0449 0.0475 -0.9979
vn 0.0600 0.0470 -0.9971
vn 0.0751 0.0465 -0.9961
vn 0.0902 0.0458 -0.9949
vn 0.1055 0.0450 -0.9934
vn 0.1210 0.0441 -0.9917
vn 0.1367 0.0430 -0.9897
vn 0.1526 0.0418 -0.9874
vn 0.1689 0.0405 -0.9848
vn 0.1857 0.0390 -0.9818
vn 0.2030 0.0374 -0.9785
vn 0.2212 0.0357 -0.9746
vn 0.2405 0.0338 -0.9701
vn 0.2614 0.0317 -0.9647
vn 0.2843 0.0294 -0.9583
vn 0.3101 0.0270 -0.9503
vn 0.3405 0.0242 -0.9399
vn 0.3779 0.0212 -0.9256
vn 0.4277 0.0177 -0.9038
vn 0.5029 0.0136 -0.8643
vn 0.6948 0.0077 -0.7191
vn 0.8182 0.0008 -0.5749
vn -0.6924 0.0090 -0.7214
vn -0.8143 0.0012 -0.5804
vn -0.5001 0.0158 -0.8658
vn -0.4251 0.0205 -0.9049
vn -0.3756 0.0246 -0.9265
vn -0.3383 0.0281 -0.9406
vn -0.3081 0.0313 -0.9508
vn -0.2823 0.0341 -0.9587
vn -0.2596 0.0368 -0.9650
vn -0.2389 0.0392 -0.9703
vn -0.2197 0.0414 -0.9747
vn -0.2016 0.0434 -0.9785
vn -0.1843 0.0452 -0.9818
vn -0.1677 0.0469 -0.9847
vn -0.1515 0.0485 -0.9873
vn -0.1357 0.0498 -0.9895
vn -0.1201 0.0511 -0.9914
vn -0.1048 0.0521 -0.9931
vn -0.0896 0.0531 -0.9946
vn -0.0745 0.0539 -0.9958
vn -0.0595 0.0545 -0.9967
vn -0.0446 0.0550 -0.9975
vn -0.0297 0.0554 -0.9980
vn -0.0149 0.0556 -0.9983
vn -0.0000 0.0556 -0.9985
vn 0.0149 0.0556 -0.9983
vn 0.0297 0.0554 -0.9980
vn 0.0446 0.0550 -0.9975
vn 0.0595 0.0545 -0.9967
vn 0.0745 0.0539 -0.9958
vn 0.0896 0.0531 -0.9946
vn 0.1048 0.0521 -0.9931
vn 0.1201 0.0511 -0.9914
vn 0.1357 0.0498 -0.9895
vn 0.1515 0.0485 -0.9873
vn 0.1677 0.0469 -0.9847
vn 0.1843 0.0452 -0.9818
vn 0.2016 0.0434 -0.9785
vn 0.2197 0.0414 -0.9747
vn 0.2389 0.0392 -0.9703
vn 0.2596 0.0368 -0.9650
vn 0.2823 0.0341 -0.9587
vn 0.3081 0.0313 -0.9508
vn 0.3383 0.0281 -0.9406
vn 0.3756 0.0246 -0.9265
vn 0.4251 0.0205 -0.9049
vn 0.5001 0.0158 -0.8658
vn 0.6924 0.0090 -0.7214
vn 0.8164 0.0010 -0.5774
vn -0.6896 0.0102 -0.7241
vn -0.8119 0.0013 -0.5837
vn -0.4970 0.0179 -0.8676
vn -0.4222 0.0234 -0.9062
vn -0.3729 0.0279 -0.9275
vn -0.3358 0.0320 -0.9414
vn -0.3057 0.0356 -0.9515
vn -0.2801 0.0388 -0.9592
vn -0.2575 0.0418 -0.9654
vn -0.2369 0.0445 -0.9705
vn -0.2179 0.0470 -0.9748
vn -0.1999 0.0493 -0.9786
vn -0.1828 0.0514 -0.9818
vn -0.1663 0.0533 -0.9846
vn -0.1502 0.0551 -0.9871
vn -0.1345 0.0566 -0.9893
vn -0.1191 0.0580 -0.9912
vn -0.1039 0.0592 -0.9928
vn -0.0888 0.0603 -0.9942
vn -0.0738 0.0612 -0.9954
vn -0.0590 0.0619 -0.9963
vn -0.0442 0.0625 -0.9971
vn -0.0294 0.0629 -0.9976
vn -0.0147 0.0631 -0.9979
vn -0.0000 0.0632 -0.9980
vn 0.0147 0.0631 -0.9979
vn 0.0294 0.0629 -0.9976
vn 0.0442 0.0625 -0.9971
vn 0.0590 0.0619 -0.9963
vn 0.0738 0.0612 -0.9954
vn 0.0888 0.0603 -0.9942
vn 0.1039 0.0592 -0.9928
vn 0.1191 0.0580 -0.9912
vn 0.1345 0.0566 -0.9893
vn 0.1502 0.0551 -0.9871
vn 0.1663 0.0533 -0.9846
vn 0.1828 0.0514 -0.9818
vn 0.1999 0.0493 -0.9786
vn 0.2179 0.0470 -0.9748
vn 0.2369 0.0445 -0.9705
vn 0.2575 0.0418 -0.9654
vn 0.2801 0.0388 -0.9592
vn 0.3057 0.0356 -0.9515
vn 0.3358 0.0320 -0.9414
vn 0.3729 0.0279 -0.9275
vn 0.4222 0.0234 -0.9062
vn 0.4970 0.0179 -0.8676
vn 0.6896 0.0102 -0.7241
vn 0.8143 0.0012 -0.5804
vn -0.6864 0.0115 -0.7271
vn -0.8092 0.0015 -0.5876
vn -0.4935 0.0201 -0.8695
vn -0.4189 0.0262 -0.9077
vn -0.3698 0.0313 -0.9286
vn -0.3329 0.0358 -0.9423
vn -0.3031 0.0398 -0.9521
vn -0.2776 0.0435 -0.9597
vn -0.2552 0.0468 -0.9658
vn -0.2348 0.0498 -0.9708
vn -0.2159 0.0526 -0.9750
vn -0.1980 0.0552 -0.9786
vn -0.1810 0.0575 -0.9818
vn -0.1647 0.0597 -0.9845
vn -0.1488 0.0616 -0.9870
vn -0.1332 0.0634 -0.9891
vn -0.1179 0.0649 -0.9909
vn -0.1028 0.0663 -0.9925
vn -0.0879 0.0674 -0.9938
vn -0.0731 0.0684 -0.9950
vn -0.0584 0.0693 -0.9959
vn -0.0438 0.0699 -0.9966
vn -0.0292 0.0703 -0.9971
vn -0.0146 0.0706 -0.9974
vn -0.0000 0.0707 -0.9975
vn 0.0146 0.0706 -0.9974
vn 0.0292 0.0703 -0.9971
vn 0.0438 0.0699 -0.9966
vn 0.0584 0.0693 -0.9959
vn 0.0731 0.0684 -0.9950
vn 0.0879 0.0674 -0.9938
vn 0.1028 0.0663 -0.9925
vn 0.1179 0.0649 -0.9909
vn 0.1332 0.0634 -0.9891
vn 0.1488 0.0616 -0.9870
vn 0.1647 0.0597 -0.9845
vn 0.1810 0.0575 -0.9818
vn 0.1980 0.0552 -0.9786
vn 0.2159 0.0526 -0.9750
vn 0.2348 0.0498 -0.9708
vn 0.2552 0.0468 -0.9658
vn 0.2776 0.0435 -0.9597
vn 0.3031 0.0398 -0.9521
vn 0.3329 0.0358 -0.9423
vn 0.3698 0.0313 -0.9286
vn 0.4189 0.0262 -0.9077
vn 0.4935 0.0201 -0.8695
vn 0.6864 0.0115 -0.7271
vn 0.8119 0.0013 -0.5837
vn -0.6828 0.0128 -0.7305
vn -0.8061 0.0017 -0.5918
vn -0.4895 0.0223 -0.8717
vn -0.4152 0.0290 -0.9093
vn -0.3664 0.0347 -0.9298
vn -0.3297 0.0396 -0.9432
vn -0.3001 0.0441 -0.9529
vn -0.2748 0.0481 -0.9603
vn -0.2526 0.0517 -0.9662
vn -0.2323 0.0551 -0.9711
vn -0.2136 0.0582 -0.9752
vn -0.1960 0.0610 -0.9787
vn -0.1791 0.0636 -0.9818
vn -0.1629 0.0660 -0.9844
vn -0.1471 0.0681 -0.9868
vn -0.1318 0.0700 -0.9888
vn -0.1166 0.0717 -0.9906
vn -0.1017 0.0733 -0.9921
vn -0.0869 0.0746 -0.9934
vn -0.0723 0.0757 -0.9945
vn -0.0578 0.0766 -0.9954
vn -0.0433 0.0772 -0.9961
vn -0.0288 0.0777 -0.9966
vn -0.0144 0.0780 -0.9968
vn -0.0000 0.0781 -0.9969
vn 0.0144 0.0780 -0.9968
vn 0.0288 0.0777 -0.9966
vn 0.0433 0.0772 -0.9961
vn 0.0578 0.0766 -0.9954
vn 0.0723 0.0757 -0.9945
vn 0.0869 0.0746 -0.9934
vn 0.1017 0.0733 -0.9921
vn 0.1166 0.0717 -0.9906
vn 0.1318 0.0700 -0.9888
vn 0.1471 0.0681 -0.9868
vn 0.1629 0.0660 -0.9844
vn 0.1791 0.0636 -0.9818
vn 0.1960 0.0610 -0.9787
vn 0.2136 0.0582 -0.9752
vn 0.2323 0.0551 -0.9711
vn 0.2526 0.0517 -0.9662
vn 0.2748 0.0481 -0.9603
vn 0.3001 0.0441 -0.9529
vn 0.3297 0.0396 -0.9432
vn 0.3664 0.0347 -0.9298
vn 0.4152 0.0290 -0.9093
vn 0.4895 0.0223 -0.8717
vn 0.6828 0.0128 -0.7305
vn 0.8092 0.0015 -0.5876
vn -0.6788 0.0140 -0.7342
vn -0.8026 0.0018 -0.5966
vn -0.4851 0.0245 -0.8741
vn -0.4111 0.0318 -0.9110
vn -0.3626 0.0380 -0.9312
vn -0.3262 0.0434 -0.9443
vn -0.2968 0.0483 -0.9537
vn -0.2718 0.0527 -0.9609
vn -0.2497 0.0567 -0.9667
vn -0.2297 0.0604 -0.9714
vn -0.2111 0.0638 -0.9754
vn -0.1937 0.0668 -0.9788
vn -0.1770 0.0697 -0.9817
vn -0.1610 0.0723 -0.9843
vn -0.1454 0.0746 -0.9866
vn -0.1302 0.0767 -0.9885
vn -0.1152 0.0786 -0.9902
vn -0.1005 0.0802 -0.9917
vn -0.0859 0.0816 -0.9930
vn -0.0714 0.0828 -0.9940
vn -0.0570 0.0838 -0.9948
vn -0.0427 0.0846 -0.9955
vn -0.0285 0.0851 -0.9960
vn -0.0142 0.0854 -0.9962
vn -0.0000 0.0855 -0.9963
vn 0.0142 0.0854 -0.9962
vn 0.0285 0.0851 -0.9960
vn 0.0427 0.0846 -0.9955
vn 0.0570 0.0838 -0.9948
vn 0.0714 0.0828 -0.9940
vn 0.0859 0.0816 -0.9930
vn 0.1005 0.0802 -0.9917
vn 0.1152 0.0786 -0.9902
vn 0.1302 0.0767 -0.9885
vn 0.1454 0.0746 -0.9866
vn 0.1610 0.0723 -0.9843
vn 0.1770 0.0697 -0.9817
vn 0.1937 0.0668 -0.9788
vn 0.2111 0.0638 -0.9754
vn 0.2297 0.0604 -0.9714
vn 0.2497 0.0567 -0.9667
vn 0.2718 0.0527 -0.9609
vn 0.2968 0.0483 -0.9537
vn 0.3262 0.0434 -0.9443
vn 0.3626 0.0380 -0.9312
vn 0.4111 0.0318 -0.9110
vn 0.4851 0.0245 -0.8741
vn 0.6788 0.0140 -0.7342
vn 0.8061 0.0017 -0.5918
vn -0.6743 0.0153 -0.7383
vn -0.7987 0.0020 -0.6018
vn -0.4802 0.0267 -0.8767
vn -0.4066 0.0347 -0.9129
vn -0.3584 0.0414 -0.9326
vn -0.3223 0.0473 -0.9454
vn -0.2932 0.0525 -0.9546
vn -0.2684 0.0573 -0.9616
vn -0.2466 0.0617 -0.9672
vn -0.2268 0.0657 -0.9717
vn -0.2084 0.0693 -0.9756
vn -0.1911 0.0727 -0.9789
vn -0.1747 0.0757 -0.9817
vn -0.1588 0.0785 -0.9842
vn -0.1435 0.0811 -0.9863
vn -0.1284 0.0833 -0.9882
vn -0.1137 0.0854 -0.9898
vn -0.0991 0.0871 -0.9913
vn -0.0847 0.0887 -0.9925
vn -0.0705 0.0900 -0.9934
vn -0.0563 0.0910 -0.9943
vn -0.0422 0.0919 -0.9949
vn -0.0281 0.0924 -0.9953
vn -0.0141 0.0928 -0.9956
vn -0.0000 0.0929 -0.9957
vn 0.0141 0.0928 -0.9956
vn 0.0281 0.0924 -0.9953
vn 0.0422 0.0919 -0.9949
vn 0.0563 0.0910 -0.9943
vn 0.0705 0.0900 -0.9934
vn 0.0847 0.0887 -0.9925
vn 0.0991 0.0871 -0.9913
vn 0.1137 0.0854 -0.9898
vn 0.1284 0.0833 -0.9882
vn 0.1435 0.0811 -0.9863
vn 0.1588 0.0785 -0.9842
vn 0.1747 0.0757 -0.9817
vn 0.1911 0.0727 -0.9789
vn 0.2084 0.0693 -0.9756
vn 0.2268 0.0657 -0.9717
vn 0.2466 0.0617 -0.9672
vn 0.2684 0.0573 -0.9616
vn 0.2932 0.0525 -0.9546
vn 0.3223 0.0473 -0.9454
vn 0.3584 0.0414 -0.9326
vn 0.4066 0.0347 -0.9129
vn 0.4802 0.0267 -0.8767
vn 0.6743 0.0153 -0.7383
vn 0.8026 0.0018 -0.5966
vn -0.6694 0.0166 -0.7428
vn -0.7943 0.0022 -0.6075
vn -0.4749 0.0289 -0.8795
vn -0.4017 0.0375 -0.9150
vn -0.3539 0.0448 -0.9342
vn -0.3181 0.0511 -0.9467
vn -0.2893 0.0568 -0.9556
vn -0.2648 0.0619 -0.9623
vn -0.2432 0.0666 -0.9677
vn -0.2236 0.0709 -0.9721
vn -0.2055 0.0749 -0.9758
vn -0.1884 0.0785 -0.9789
vn -0.1722 0.0818 -0.9817
vn -0.1565 0.0848 -0.9840
vn -0.1414 0.0875 -0.9861
vn -0.1265 0.0900 -0.9879
vn -0.1120 0.0922 -0.9894
vn -0.0976 0.0941 -0.9908
vn -0.0835 0.0957 -0.9919
vn -0.0694 0.0971 -0.9928
vn -0.0554 0.0983 -0.9936
vn -0.0415 0.0991 -0.9942
vn -0.0277 0.0998 -0.9946
vn -0.0138 0.1002 -0.9949
vn -0.0000 0.1003 -0.9950
vn 0.0138 0.1002 -0.9949
vn 0.0277 0.0998 -0.9946
vn 0.0415 0.0991 -0.9942
vn 0.0554 0.0983 -0.9936
vn 0.0694 0.0971 -0.9928
vn 0.0835 0.0957 -0.9919
vn 0.0976 0.0941 -0.9908
vn 0.1120 0.0922 -0.9894
vn 0.1265 0.0900 -0.9879
vn 0.1414 0.0875 -0.9861
vn 0.1565 0.0848 -0.9840
vn 0.1722 0.0818 -0.9817
vn 0.1884 0.0785 -0.9789
vn 0.2055 0.0749 -0.9758
vn 0.2236 0.0709 -0.9721
vn 0.2432 0.0666 -0.9677
vn 0.2648 0.0619 -0.9623
vn 0.2893 0.0568 -0.9556
vn 0.3181 0.0511 -0.9467
vn 0.3539 0.0448 -0.9342
vn 0.4017 0.0375 -0.9150
vn 0.4749 0.0289 -0.8795
vn 0.6694 0.0166 -0.7428
vn 0.7987 0.0020 -0.6018
vn -0.6639 0.0180 -0.7476
vn -0.7895 0.0024 -0.6137
vn -0.4692 0.0311 -0.8826
vn -0.3964 0.0404 -0.9172
vn -0.3490 0.0482 -0.9359
vn -0.3136 0.0550 -0.9480
vn -0.2851 0.0611 -0.9566
vn -0.2608 0.0666 -0.9631
vn -0.2395 0.0716 -0.9682
vn -0.2202 0.0762 -0.9725
vn -0.2023 0.0805 -0.9760
vn -0.1855 0.0843 -0.9790
vn -0.1695 0.0879 -0.9816
vn -0.1541 0.0911 -0.9839
vn -0.1391 0.0940 -0.9858
vn -0.1245 0.0966 -0.9875
vn -0.1102 0.0990 -0.9890
vn -0.0961 0.1010 -0.9902
vn -0.0821 0.1028 -0.9913
vn -0.0683 0.1043 -0.9922
vn -0.0545 0.1055 -0.9929
vn -0.0408 0.1064 -0.9935
vn -0.0272 0.1071 -0.9939
vn -0.0136 0.1075 -0.9941
vn -0.0000 0.1077 -0.9942
vn 0.0136 0.1075 -0.9941
vn 0.0272 0.1071 -0.9939
vn 0.0408 0.1064 -0.9935
vn 0.0545 0.1055 -0.9929
vn 0.0683 0.1043 -0.9922
vn 0.0821 0.1028 -0.9913
vn 0.0961 0.1010 -0.9902
vn 0.1102 0.0990 -0.9890
vn 0.1245 0.0966 -0.9875
vn 0.1391 0.0940 -0.9858
vn 0.1541 0.0911 -0.9839
vn 0.1695 0.0879 -0.9816
vn 0.1855 0.0843 -0.9790
vn 0.2023 0.0805 -0.9760
vn 0.2202 0.0762 -0.9725
vn 0.2395 0.0716 -0.9682
vn 0.2608 0.0666 -0.9631
vn 0.2851 0.0611 -0.9566
vn 0.3136 0.0550 -0.9480
vn 0.3490 0.0482 -0.9359
vn 0.3964 0.0404 -0.9172
vn 0.4692 0.0311 -0.8826
vn 0.6639 0.0180 -0.7476
vn 0.7943 0.0022 -0.6075
vn -0.6580 0.0193 -0.7528
vn -0.7842 0.0026 -0.6205
vn -0.4629 0.0334 -0.8858
vn -0.3906 0.0433 -0.9195
vn -0.3437 0.0516 -0.9377
vn -0.3087 0.0589 -0.9493
vn -0.2805 0.0654 -0.9576
vn -0.2566 0.0713 -0.9639
vn -0.2356 0.0767 -0.9688
vn -0.2165 0.0816 -0.9729
vn -0.1989 0.0861 -0.9762
vn -0.1823 0.0902 -0.9791
vn -0.1666 0.0940 -0.9815
vn -0.1514 0.0974 -0.9837
vn -0.1367 0.1005 -0.9855
vn -0.1223 0.1033 -0.9871
vn -0.1083 0.1058 -0.9885
vn -0.0944 0.1080 -0.9897
vn -0.0807 0.1099 -0.9907
vn -0.0671 0.1115 -0.9915
vn -0.0536 0.1128 -0.9922
vn -0.0401 0.1138 -0.9927
vn -0.0267 0.1145 -0.9931
vn -0.0134 0.1149 -0.9933
vn -0.0000 0.1151 -0.9934
vn 0.0134 0.1149 -0.9933
vn 0.0267 0.1145 -0.9931
vn 0.0401 0.1138 -0.9927
vn 0.0536 0.1128 -0.9922
vn 0.0671 0.1115 -0.9915
vn 0.0807 0.1099 -0.9907
vn 0.0944 0.1080 -0.9897
vn 0.1083 0.1058 -0.9885
vn 0.1223 0.1033 -0.9871
vn 0.1367 0.1005 -0.9855
vn 0.1514 0.0974 -0.9837
vn 0.1666 0.0940 -0.9815
vn 0.1823 0.0902 -0.9791
vn 0.1989 0.0861 -0.9762
vn 0.2165 0.0816 -0.9729
vn 0.2356 0.0767 -0.9688
vn 0.2566 0.0713 -0.9639
vn 0.2805 0.0654 -0.9576
vn 0.3087 0.0589 -0.9493
vn 0.3437 0.0516 -0.9377
vn 0.3906 0.0433 -0.9195
vn 0.4629 0.0334 -0.8858
vn 0.6580 0.0193 -0.7528
vn 0.7895 0.0024 -0.6137
vn -0.6515 0.0208 -0.7584
vn -0.7784 0.0029 -0.6278
vn -0.4561 0.0357 -0.8892
vn -0.3845 0.0463 -0.9220
vn -0.3380 0.0551 -0.9395
vn -0.3034 0.0629 -0.9508
vn -0.2756 0.0698 -0.9587
vn -0.2521 0.0761 -0.9647
vn -0.2313 0.0818 -0.9694
vn -0.2126 0.0870 -0.9733
vn -0.1953 0.0918 -0.9764
vn -0.1790 0.0962 -0.9791
vn -0.1635 0.1002 -0.9814
vn -0.1486 0.1038 -0.9834
vn -0.1341 0.1071 -0.9852
vn -0.1200 0.1101 -0.9866
vn -0.1062 0.1127 -0.9879
vn -0.0926 0.1150 -0.9890
vn -0.0791 0.1170 -0.9900
vn -0.0658 0.1187 -0.9907
vn -0.0525 0.1201 -0.9914
vn -0.0393 0.1212 -0.9919
vn -0.0262 0.1219 -0.9922
vn -0.0131 0.1224 -0.9924
vn -0.0000 0.1226 -0.9925
vn 0.0131 0.1224 -0.9924
vn 0.0262 0.1219 -0.9922
vn 0.0393 0.1212 -0.9919
vn 0.0525 0.1201 -0.9914
vn 0.0658 0.1187 -0.9907
vn 0.0791 0.1170 -0.9900
vn 0.0926 0.1150 -0.9890
vn 0.1062 0.1127 -0.9879
vn 0.1200 0.1101 -0.9866
vn 0.1341 0.1071 -0.9852
vn 0.1486 0.1038 -0.9834
vn 0.1635 0.1002 -0.9814
vn 0.1790 0.0962 -0.9791
vn 0.1953 0.0918 -0.9764
vn 0.2126 0.0870 -0.9733
vn 0.2313 0.0818 -0.9694
vn 0.2521 0.0761 -0.9647
vn 0.2756 0.0698 -0.9587
vn 0.3034 0.0629 -0.9508
vn 0.3380 0.0551 -0.9395
vn 0.3845 0.0463 -0.9220
vn 0.4561 0.0357 -0.8892
vn 0.6515 0.0208 -0.7584
vn 0.7842 0.0026 -0.6205
vn -0.6444 0.0222 -0.7644
vn -0.7719 0.0031 -0.6357
vn -0.4488 0.0381 -0.8928
vn -0.3778 0.0493 -0.9246
vn -0.3319 0.0587 -0.9415
vn -0.2978 0.0669 -0.9523
vn -0.2704 0.0743 -0.9599
vn -0.2472 0.0809 -0.9656
vn -0.2268 0.0870 -0.9700
vn -0.2084 0.0925 -0.9737
vn -0.1914 0.0976 -0.9767
vn -0.1754 0.1022 -0.9792
vn -0.1602 0.1064 -0.9813
vn -0.1456 0.1103 -0.9832
vn -0.1314 0.1138 -0.9848
vn -0.1176 0.1169 -0.9862
vn -0.1040 0.1197 -0.9873
vn -0.0907 0.1222 -0.9884
vn -0.0775 0.1243 -0.9892
vn -0.0644 0.1261 -0.9899
vn -0.0514 0.1275 -0.9905
vn -0.0385 0.1287 -0.9909
vn -0.0257 0.1295 -0.9913
vn -0.0128 0.1300 -0.9914
vn -0.0000 0.1301 -0.9915
vn 0.0128 0.1300 -0.9914
vn 0.0257 0.1295 -0.9913
vn 0.0385 0.1287 -0.9909
vn 0.0514 0.1275 -0.9905
vn 0.0644 0.1261 -0.9899
vn 0.0775 0.1243 -0.9892
vn 0.0907 0.1222 -0.9884
vn 0.1040 0.1197 -0.9873
vn 0.1176 0.1169 -0.9862
vn 0.1314 0.1138 -0.9848
vn 0.1456 0.1103 -0.9832
vn 0.1602 0.1064 -0.9813
vn 0.1754 0.1022 -0.9792
vn 0.1914 0.0976 -0.9767
vn 0.2084 0.0925 -0.9737
vn 0.2268 0.0870 -0.9700
vn 0.2472 0.0809 -0.9656
vn 0.2704 0.0743 -0.9599
vn 0.2978 0.0669 -0.9523
vn 0.3319 0.0587 -0.9415
vn 0.3778 0.0493 -0.9246
vn 0.4488 0.0381 -0.8928
vn 0.6444 0.0222 -0.7644
vn 0.7784 0.0029 -0.6278
vn -0.6367 0.0237 -0.7708
vn -0.7648 0.0034 -0.6442
vn -0.4410 0.0406 -0.8966
vn -0.3707 0.0525 -0.9273
vn -0.3254 0.0624 -0.9435
vn -0.2918 0.0711 -0.9538
vn -0.2649 0.0788 -0.9611
vn -0.2421 0.0859 -0.9664
vn -0.2221 0.0922 -0.9707
vn -0.2040 0.0981 -0.9741
vn -0.1873 0.1035 -0.9768
vn -0.1716 0.1084 -0.9792
vn -0.1567 0.1128 -0.9812
vn -0.1423 0.1169 -0.9829
vn -0.1285 0.1206 -0.9844
vn -0.1149 0.1239 -0.9856
vn -0.1017 0.1268 -0.9867
vn -0.0886 0.1294 -0.9876
vn -0.0757 0.1317 -0.9884
vn -0.0629 0.1335 -0.9890
vn -0.0503 0.1351 -0.9896
vn -0.0377 0.1363 -0.9900
vn -0.0251 0.1371 -0.9902
vn -0.0126 0.1376 -0.9904
vn -0.0000 0.1378 -0.9905
vn 0.0126 0.1376 -0.9904
vn 0.0251 0.1371 -0.9902
vn 0.0377 0.1363 -0.9900
vn 0.0503 0.1351 -0.9896
vn 0.0629 0.1335 -0.9890
vn 0.0757 0.1317 -0.9884
vn 0.0886 0.1294 -0.9876
vn 0.1017 0.1268 -0.9867
vn 0.1149 0.1239 -0.9856
vn 0.1285 0.1206 -0.9844
vn 0.1423 0.1169 -0.9829
vn 0.1567 0.1128 -0.9812
vn 0.1716 0.1084 -0.9792
vn 0.1873 0.1035 -0.9768
vn 0.2040 0.0981 -0.9741
vn 0.2221 0.0922 -0.9707
vn 0.2421 0.0859 -0.9664
vn 0.2649 0.0788 -0.9611
vn 0.2918 0.0711 -0.9538
vn 0.3254 0.0624 -0.9435
vn 0.3707 0.0525 -0.9273
vn 0.4410 0.0406 -0.8966
vn 0.6367 0.0237 -0.7708
vn 0.7719 0.0031 -0.6357
vn -0.6283 0.0253 -0.7776
vn -0.7570 0.0037 -0.6534
vn -0.4326 0.0431 -0.9006
vn -0.3631 0.0557 -0.9301
vn -0.3185 0.0662 -0.9456
vn -0.2854 0.0753 -0.9554
vn -0.2590 0.0835 -0.9623
vn -0.2366 0.0909 -0.9673
vn -0.2170 0.0977 -0.9713
vn -0.1992 0.1038 -0.9744
vn -0.1829 0.1095 -0.9770
vn -0.1675 0.1147 -0.9792
vn -0.1530 0.1194 -0.9810
vn -0.1390 0.1237 -0.9825
vn -0.1254 0.1275 -0.9839
vn -0.1122 0.1310 -0.9850
vn -0.0992 0.1341 -0.9860
vn -0.0865 0.1369 -0.9868
vn -0.0739 0.1392 -0.9875
vn -0.0614 0.1412 -0.9881
vn -0.0490 0.1428 -0.9885
vn -0.0367 0.1440 -0.9889
vn -0.0245 0.1449 -0.9891
vn -0.0123 0.1455 -0.9893
vn -0.0000 0.1457 -0.9893
vn 0.0123 0.1455 -0.9893
vn 0.0245 0.1449 -0.9891
vn 0.0367 0.1440 -0.9889
vn 0.0490 0.1428 -0.9885
vn 0.0614 0.1412 -0.9881
vn 0.0739 0.1392 -0.9875
vn 0.0865 0.1369 -0.9868
vn 0.0992 0.1341 -0.9860
vn 0.1122 0.1310 -0.9850
vn 0.1254 0.1275 -0.9839
vn 0.1390 0.1237 -0.9825
vn 0.1530 0.1194 -0.9810
vn 0.1675 0.1147 -0.9792
vn 0.1829 0.1095 -0.9770
vn 0.1992 0.1038 -0.9744
vn 0.2170 0.0977 -0.9713
vn 0.2366 0.0909 -0.9673
vn 0.2590 0.0835 -0.9623
vn 0.2854 0.0753 -0.9554
vn 0.3185 0.0662 -0.9456
vn 0.3631 0.0557 -0.9301
vn 0.4326 0.0431 -0.9006
vn 0.6283 0.0253 -0.7776
vn 0.7648 0.0034 -0.6442
vn -0.6191 0.0269 -0.7848
vn -0.7484 0.0040 -0.6633
vn -0.4236 0.0458 -0.9047
vn -0.3550 0.0590 -0.9330
vn -0.3111 0.0701 -0.9478
vn -0.2786 0.0797 -0.9571
vn -0.2527 0.0884 -0.9635
vn -0.2308 0.0962 -0.9682
vn -0.2116 0.1033 -0.9719
vn -0.1942 0.1098 -0.9748
vn -0.1783 0.1157 -0.9772
vn -0.1633 0.1212 -0.9791
vn -0.1490 0.1261 -0.9808
vn -0.1354 0.1306 -0.9821
vn -0.1221 0.1347 -0.9833
vn -0.1092 0.1384 -0.9843
vn -0.0966 0.1416 -0.9852
vn -0.0842 0.1445 -0.9859
vn -0.0719 0.1469 -0.9865
vn -0.0598 0.1490 -0.9870
vn -0.0477 0.1507 -0.9874
vn -0.0358 0.1520 -0.9877
vn -0.0238 0.1530 -0.9879
vn -0.0119 0.1535 -0.9881
vn -0.0000 0.1537 -0.9881
vn 0.0119 0.1535 -0.9881
vn 0.0238 0.1530 -0.9879
vn 0.0358 0.1520 -0.9877
vn 0.0477 0.1507 -0.9874
vn 0.0598 0.1490 -0.9870
vn 0.0719 0.1469 -0.9865
vn 0.0842 0.1445 -0.9859
vn 0.0966 0.1416 -0.9852
vn 0.1092 0.1384 -0.9843
vn 0.1221 0.1347 -0.9833
vn 0.1354 0.1306 -0.9821
vn 0.1490 0.1261 -0.9808
vn 0.1633 0.1212 -0.9791
vn 0.1783 0.1157 -0.9772
vn 0.1942 0.1098 -0.9748
vn 0.2116 0.1033 -0.9719
vn 0.2308 0.0962 -0.9682
vn 0.2527 0.0884 -0.9635
vn 0.2786 0.0797 -0.9571
vn 0.3111 0.0701 -0.9478
vn 0.3550 0.0590 -0.9330
vn 0.4236 0.0458 -0.9047
vn 0.6191 0.0269 -0.7848
vn 0.7570 0.0037 -0.6534
vn -0.6091 0.0287 -0.7926
vn -0.7388 0.0043 -0.6739
vn -0.4139 0.0486 -0.9090
vn -0.3463 0.0625 -0.9360
vn -0.3032 0.0742 -0.9500
vn -0.2714 0.0843 -0.9588
vn -0.2460 0.0934 -0.9647
vn -0.2246 0.1016 -0.9691
vn -0.2059 0.1091 -0.9725
vn -0.1889 0.1159 -0.9751
vn -0.1733 0.1222 -0.9773
vn -0.1587 0.1279 -0.9790
vn -0.1449 0.1331 -0.9805
vn -0.1316 0.1378 -0.9817
vn -0.1187 0.1421 -0.9827
vn -0.1061 0.1460 -0.9836
vn -0.0939 0.1494 -0.9843
vn -0.0818 0.1524 -0.9849
vn -0.0699 0.1550 -0.9854
vn -0.0581 0.1572 -0.9859
vn -0.0464 0.1589 -0.9862
vn -0.0347 0.1603 -0.9865
vn -0.0231 0.1613 -0.9866
vn -0.0116 0.1619 -0.9867
vn -0.0000 0.1621 -0.9868
vn 0.0116 0.1619 -0.9867
vn 0.0231 0.1613 -0.9866
vn 0.0347 0.1603 -0.9865
vn 0.0464 0.1589 -0.9862
vn 0.0581 0.1572 -0.9859
vn 0.0699 0.1550 -0.9854
vn 0.0818 0.1524 -0.9849
vn 0.0939 0.1494 -0.9843
vn 0.1061 0.1460 -0.9836
vn 0.1187 0.1421 -0.9827
vn 0.1316 0.1378 -0.9817
vn 0.1449 0.1331 -0.9805
vn 0.1587 0.1279 -0.9790
vn 0.1733 0.1222 -0.9773
vn 0.1889 0.1159 -0.9751
vn 0.2059 0.1091 -0.9725
vn 0.2246 0.1016 -0.9691
vn 0.2460 0.0934 -0.9647
vn 0.2714 0.0843 -0.9588
vn 0.3032 0.0742 -0.9500
vn 0.3463 0.0625 -0.9360
vn 0.4139 0.0486 -0.9090
vn 0.6091 0.0287 -0.7926
vn 0.7484 0.0040 -0.6633
vn -0.5982 0.0305 -0.8007
vn -0.7282 0.0047 -0.6853
vn -0.4035 0.0515 -0.9135
vn -0.3371 0.0662 -0.9392
vn -0.2948 0.0785 -0.9523
vn -0.2638 0.0892 -0.9605
vn -0.2390 0.0987 -0.9660
vn -0.2181 0.1074 -0.9700
vn -0.1998 0.1152 -0.9730
vn -0.1833 0.1224 -0.9754
vn -0.1682 0.1290 -0.9773
vn -0.1539 0.1350 -0.9788
vn -0.1405 0.1404 -0.9801
vn -0.1275 0.1454 -0.9811
vn -0.1150 0.1499 -0.9820
vn -0.1029 0.1539 -0.9827
vn -0.0910 0.1575 -0.9833
vn -0.0792 0.1606 -0.9838
vn -0.0677 0.1634 -0.9842
vn -0.0563 0.1656 -0.9846
vn -0.0449 0.1675 -0.9848
vn -0.0336 0.1689 -0.9851
vn -0.0224 0.1700 -0.9852
vn -0.0112 0.1706 -0.9853
vn -0.0000 0.1708 -0.9853
vn 0.0112 0.1706 -0.9853
vn 0.0224 0.1700 -0.9852
vn 0.0336 0.1689 -0.9851
vn 0.0449 0.1675 -0.9848
vn 0.0563 0.1656 -0.9846
vn 0.0677 0.1634 -0.9842
vn 0.0792 0.1606 -0.9838
vn 0.0910 0.1575 -0.9833
vn 0.1029 0.1539 -0.9827
vn 0.1150 0.1499 -0.9820
vn 0.1275 0.1454 -0.9811
vn 0.1405 0.1404 -0.9801
vn 0.1539 0.1350 -0.9788
vn 0.1682 0.1290 -0.9773
vn 0.1833 0.1224 -0.9754
vn 0.1998 0.1152 -0.9730
vn 0.2181 0.1074 -0.9700
vn 0.2390 0.0987 -0.9660
vn 0.2638 0.0892 -0.9605
vn 0.2948 0.0785 -0.9523
vn 0.3371 0.0662 -0.9392
vn 0.4035 0.0515 -0.9135
vn 0.5982 0.0305 -0.8007
vn 0.7388 0.0043 -0.6739
vn -0.5863 0.0325 -0.8094
vn -0.7164 0.0052 -0.6976
vn -0.3924 0.0546 -0.9182
vn -0.3272 0.0701 -0.9424
vn -0.2859 0.0830 -0.9547
vn -0.2556 0.0943 -0.9622
vn -0.2315 0.1043 -0.9672
vn -0.2112 0.1134 -0.9708
vn -0.1934 0.1217 -0.9735
vn -0.1774 0.1292 -0.9756
vn -0.1627 0.1361 -0.9772
vn -0.1489 0.1424 -0.9785
vn -0.1358 0.1481 -0.9796
vn -0.1233 0.1534 -0.9804
vn -0.1112 0.1581 -0.9811
vn -0.0994 0.1623 -0.9817
vn -0.0879 0.1661 -0.9822
vn -0.0766 0.1694 -0.9826
vn -0.0654 0.1722 -0.9829
vn -0.0543 0.1746 -0.9831
vn -0.0434 0.1765 -0.9833
vn -0.0325 0.1780 -0.9835
vn -0.0217 0.1791 -0.9836
vn -0.0108 0.1798 -0.9836
vn -0.0000 0.1800 -0.9837
vn 0.0108 0.1798 -0.9836
vn 0.0217 0.1791 -0.9836
vn 0.0325 0.1780 -0.9835
vn 0.0434 0.1765 -0.9833
vn 0.0543 0.1746 -0.9831
vn 0.0654 0.1722 -0.9829
vn 0.0766 0.1694 -0.9826
vn 0.0879 0.1661 -0.9822
vn 0.0994 0.1623 -0.9817
vn 0.1112 0.1581 -0.9811
vn 0.1233 0.1534 -0.9804
vn 0.1358 0.1481 -0.9796
vn 0.1489 0.1424 -0.9785
vn 0.1627 0.1361 -0.9772
vn 0.1774 0.1292 -0.9756
vn 0.1934 0.1217 -0.9735
vn 0.2112 0.1134 -0.9708
vn 0.2315 0.1043 -0.9672
vn 0.2556 0.0943 -0.9622
vn 0.2859 0.0830 -0.9547
vn 0.3272 0.0701 -0.9424
vn 0.3924 0.0546 -0.9182
vn 0.5863 0.0325 -0.8094
vn 0.7282 0.0047 -0.6853
vn -0.5733 0.0347 -0.8186
vn -0.7033 0.0056 -0.7109
vn -0.3805 0.0580 -0.9230
vn -0.3167 0.0743 -0.9456
vn -0.2764 0.0879 -0.9570
vn -0.2470 0.0998 -0.9639
vn -0.2235 0.1104 -0.9684
vn -0.2038 0.1199 -0.9716
vn -0.1866 0.1286 -0.9740
vn -0.1711 0.1365 -0.9758
vn -0.1568 0.1438 -0.9771
vn -0.1435 0.1504 -0.9782
vn -0.1309 0.1564 -0.9790
vn -0.1188 0.1619 -0.9796
vn -0.1071 0.1668 -0.9802
vn -0.0958 0.1712 -0.9806
vn -0.0846 0.1752 -0.9809
vn -0.0737 0.1786 -0.9812
vn -0.0630 0.1816 -0.9814
vn -0.0523 0.1841 -0.9815
vn -0.0418 0.1861 -0.9816
vn -0.0313 0.1877 -0.9817
vn -0.0208 0.1889 -0.9818
vn -0.0104 0.1895 -0.9818
vn -0.0000 0.1898 -0.9818
vn 0.0104 0.1895 -0.9818
vn 0.0208 0.1889 -0.9818
vn 0.0313 0.1877 -0.9817
vn 0.0418 0.1861 -0.9816
vn 0.0523 0.1841 -0.9815
vn 0.0630 0.1816 -0.9814
vn 0.0737 0.1786 -0.9812
vn 0.0846 0.1752 -0.9809
vn 0.0958 0.1712 -0.9806
vn 0.1071 0.1668 -0.9802
vn 0.1188 0.1619 -0.9796
vn 0.1309 0.1564 -0.9790
vn 0.1435 0.1504 -0.9782
vn 0.1568 0.1438 -0.9771
vn 0.1711 0.1365 -0.9758
vn 0.1866 0.1286 -0.9740
vn 0.2038 0.1199 -0.9716
vn 0.2235 0.1104 -0.9684
vn 0.2470 0.0998 -0.9639
vn 0.2764 0.0879 -0.9570
vn 0.3167 0.0743 -0.9456
vn 0.3805 0.0580 -0.9230
vn 0.5733 0.0347 -0.8186
vn 0.7164 0.0052 -0.6976
vn -0.5590 0.0371 -0.8283
vn -0.6886 0.0062 -0.7251
vn -0.3677 0.0617 -0.9279
vn -0.3054 0.0789 -0.9490
vn -0.2663 0.0932 -0.9594
vn -0.2377 0.1057 -0.9656
vn -0.2150 0.1169 -0.9696
vn -0.1960 0.1269 -0.9724
vn -0.1794 0.1361 -0.9743
vn -0.1644 0.1444 -0.9758
vn -0.1507 0.1520 -0.9768
vn -0.1378 0.1590 -0.9776
vn -0.1257 0.1653 -0.9782
vn -0.1141 0.1710 -0.9786
vn -0.1028 0.1762 -0.9790
vn -0.0919 0.1809 -0.9792
vn -0.0812 0.1850 -0.9794
vn -0.0707 0.1886 -0.9795
vn -0.0604 0.1918 -0.9796
vn -0.0502 0.1944 -0.9796
vn -0.0401 0.1965 -0.9797
vn -0.0300 0.1982 -0.9797
vn -0.0200 0.1994 -0.9797
vn -0.0100 0.2001 -0.9797
vn -0.0000 0.2003 -0.9797
vn 0.0100 0.2001 -0.9797
vn 0.0200 0.1994 -0.9797
vn 0.0300 0.1982 -0.9797
vn 0.0401 0.1965 -0.9797
vn 0.0502 0.1944 -0.9796
vn 0.0604 0.1918 -0.9796
vn 0.0707 0.1886 -0.9795
vn 0.0812 0.1850 -0.9794
vn 0.0919 0.1809 -0.9792
vn 0.1028 0.1762 -0.9790
vn 0.1141 0.1710 -0.9786
vn 0.1257 0.1653 -0.9782
vn 0.1378 0.1590 -0.9776
vn 0.1507 0.1520 -0.9768
vn 0.1644 0.1444 -0.9758
vn 0.1794 0.1361 -0.9743
vn 0.1960 0.1269 -0.9724
vn 0.2150 0.1169 -0.9696
vn 0.2377 0.1057 -0.9656
vn 0.2663 0.0932 -0.9594
vn 0.3054 0.0789 -0.9490
vn 0.3677 0.0617 -0.9279
vn 0.5590 0.0371 -0.8283
vn 0.7033 0.0056 -0.7109
vn -0.5432 0.0397 -0.8387
vn -0.6720 0.0068 -0.7405
vn -0.3539 0.0657 -0.9330
vn -0.2933 0.0839 -0.9523
vn -0.2555 0.0991 -0.9617
vn -0.2279 0.1123 -0.9672
vn -0.2060 0.1240 -0.9707
vn -0.1877 0.1347 -0.9730
vn -0.1717 0.1443 -0.9745
vn -0.1573 0.1531 -0.9756
vn -0.1441 0.1611 -0.9764
vn -0.1318 0.1684 -0.9769
vn -0.1202 0.1751 -0.9772
vn -0.1090 0.1811 -0.9774
vn -0.0983 0.1866 -0.9775
vn -0.0878 0.1915 -0.9776
vn -0.0776 0.1958 -0.9776
vn -0.0676 0.1996 -0.9775
vn -0.0577 0.2029 -0.9775
vn -0.0479 0.2056 -0.9775
vn -0.0383 0.2079 -0.9774
vn -0.0286 0.2096 -0.9774
vn -0.0191 0.2108 -0.9773
vn -0.0096 0.2116 -0.9773
vn -0.0000 0.2118 -0.9773
vn 0.0096 0.2116 -0.9773
vn 0.0191 0.2108 -0.9773
vn 0.0286 0.2096 -0.9774
vn 0.0383 0.2079 -0.9774
vn 0.0479 0.2056 -0.9775
vn 0.0577 0.2029 -0.9775
vn 0.0676 0.1996 -0.9775
vn 0.0776 0.1958 -0.9776
vn 0.0878 0.1915 -0.9776
vn 0.0983 0.1866 -0.9775
vn 0.1090 0.1811 -0.9774
vn 0.1202 0.1751 -0.9772
vn 0.1318 0.1684 -0.9769
vn 0.1441 0.1611 -0.9764
vn 0.1573 0.1531 -0.9756
vn 0.1717 0.1443 -0.9745
vn 0.1877 0.1347 -0.9730
vn 0.2060 0.1240 -0.9707
vn 0.2279 0.1123 -0.9672
vn 0.2555 0.0991 -0.9617
vn 0.2933 0.0839 -0.9523
vn 0.3539 0.0657 -0.9330
vn 0.5432 0.0397 -0.8387
vn 0.6886 0.0062 -0.7251
vn -0.5257 0.0427 -0.8496
vn -0.6532 0.0076 -0.7571
vn -0.3390 0.0703 -0.9382
vn -0.2804 0.0896 -0.9557
vn -0.2439 0.1056 -0.9640
vn -0.2174 0.1196 -0.9687
vn -0.1964 0.1321 -0.9716
vn -0.1788 0.1433 -0.9734
vn -0.1635 0.1535 -0.9745
vn -0.1498 0.1628 -0.9752
vn -0.1372 0.1712 -0.9756
vn -0.1254 0.1790 -0.9758
vn -0.1143 0.1860 -0.9759
vn -0.1036 0.1924 -0.9758
vn -0.0934 0.1981 -0.9757
vn -0.0834 0.2033 -0.9756
vn -0.0737 0.2078 -0.9754
vn -0.0642 0.2118 -0.9752
vn -0.0548 0.2153 -0.9750
vn -0.0455 0.2182 -0.9749
vn -0.0363 0.2205 -0.9747
vn -0.0272 0.2223 -0.9746
vn -0.0181 0.2236 -0.9745
vn -0.0091 0.2244 -0.9744
vn -0.0000 0.2247 -0.9744
vn 0.0091 0.2244 -0.9744
vn 0.0181 0.2236 -0.9745
vn 0.0272 0.2223 -0.9746
vn 0.0363 0.2205 -0.9747
vn 0.0455 0.2182 -0.9749
vn 0.0548 0.2153 -0.9750
vn 0.0642 0.2118 -0.9752
vn 0.0737 0.2078 -0.9754
vn 0.0834 0.2033 -0.9756
vn 0.0934 0.1981 -0.9757
vn 0.1036 0.1924 -0.9758
vn 0.1143 0.1860 -0.9759
vn 0.1254 0.1790 -0.9758
vn 0.1372 0.1712 -0.9756
vn 0.1498 0.1628 -0.9752
vn 0.1635 0.1535 -0.9745
vn 0.1788 0.1433 -0.9734
vn 0.1964 0.1321 -0.9716
vn 0.2174 0.1196 -0.9687
vn 0.2439 0.1056 -0.9640
vn 0.2804 0.0896 -0.9557
vn 0.3390 0.0703 -0.9382
vn 0.5257 0.0427 -0.8496
vn 0.6720 0.0068 -0.7405
vn -0.5062 0.0462 -0.8612
vn -0.6317 0.0085 -0.7751
vn -0.3228 0.0756 -0.9435
vn -0.2663 0.0961 -0.9591
vn -0.2314 0.1132 -0.9663
vn -0.2061 0.1281 -0.9701
vn -0.1860 0.1413 -0.9723
vn -0.1693 0.1532 -0.9736
vn -0.1547 0.1640 -0.9742
vn -0.1417 0.1739 -0.9745
vn -0.1297 0.1828 -0.9746
vn -0.1185 0.1910 -0.9744
vn -0.1080 0.1984 -0.9741
vn -0.0979 0.2052 -0.9738
vn -0.0882 0.2113 -0.9734
vn -0.0788 0.2167 -0.9731
vn -0.0696 0.2215 -0.9727
vn -0.0606 0.2257 -0.9723
vn -0.0517 0.2294 -0.9720
vn -0.0430 0.2324 -0.9717
vn -0.0343 0.2349 -0.9714
vn -0.0257 0.2368 -0.9712
vn -0.0171 0.2382 -0.9711
vn -0.0086 0.2390 -0.9710
vn -0.0000 0.2393 -0.9709
vn 0.0086 0.2390 -0.9710
vn 0.0171 0.2382 -0.9711
vn 0.0257 0.2368 -0.9712
vn 0.0343 0.2349 -0.9714
vn 0.0430 0.2324 -0.9717
vn 0.0517 0.2294 -0.9720
vn 0.0606 0.2257 -0.9723
vn 0.0696 0.2215 -0.9727
vn 0.0788 0.2167 -0.9731
vn 0.0882 0.2113 -0.9734
vn 0.0979 0.2052 -0.9738
vn 0.1080 0.1984 -0.9741
vn 0.1185 0.1910 -0.9744
vn 0.1297 0.1828 -0.9746
vn 0.1417 0.1739 -0.9745
vn 0.1547 0.1640 -0.9742
vn 0.1693 0.1532 -0.9736
vn 0.1860 0.1413 -0.9723
vn 0.2061 0.1281 -0.9701
vn 0.2314 0.1132 -0.9663
vn 0.2663 0.0961 -0.9591
vn 0.3228 0.0756 -0.9435
vn 0.5062 0.0462 -0.8612
vn 0.6532 0.0076 -0.7571
vn -0.4842 0.0503 -0.8735
vn -0.6069 0.0096 -0.7947
vn -0.3051 0.0818 -0.9488
vn -0.2511 0.1038 -0.9624
vn -0.2179 0.1221 -0.9683
vn -0.1938 0.1380 -0.9713
vn -0.1749 0.1521 -0.9728
vn -0.1590 0.1648 -0.9734
vn -0.1453 0.1764 -0.9735
vn -0.1329 0.1869 -0.9734
vn -0.1216 0.1964 -0.9729
vn -0.1111 0.2051 -0.9724
vn -0.1012 0.2130 -0.9718
vn -0.0917 0.2202 -0.9711
vn -0.0826 0.2266 -0.9705
vn -0.0738 0.2324 -0.9698
vn -0.0652 0.2375 -0.9692
vn -0.0567 0.2420 -0.9686
vn -0.0484 0.2458 -0.9681
vn -0.0402 0.2490 -0.9677
vn -0.0321 0.2517 -0.9673
vn -0.0240 0.2537 -0.9670
vn -0.0160 0.2552 -0.9668
vn -0.0080 0.2560 -0.9666
vn -0.0000 0.2563 -0.9666
vn 0.0080 0.2560 -0.9666
vn 0.0160 0.2552 -0.9668
vn 0.0240 0.2537 -0.9670
vn 0.0321 0.2517 -0.9673
vn 0.0402 0.2490 -0.9677
vn 0.0484 0.2458 -0.9681
vn 0.0567 0.2420 -0.9686
vn 0.0652 0.2375 -0.9692
vn 0.0738 0.2324 -0.9698
vn 0.0826 0.2266 -0.9705
vn 0.0917 0.2202 -0.9711
vn 0.1012 0.2130 -0.9718
vn 0.1111 0.2051 -0.9724
vn 0.1216 0.1964 -0.9729
vn 0.1329 0.1869 -0.9734
vn 0.1453 0.1764 -0.9735
vn 0.1590 0.1648 -0.9734
vn 0.1749 0.1521 -0.9728
vn 0.1938 0.1380 -0.9713
vn 0.2179 0.1221 -0.9683
vn 0.2511 0.1038 -0.9624
vn 0.3051 0.0818 -0.9488
vn 0.4842 0.0503 -0.8735
vn 0.6317 0.0085 -0.7751
vn -0.4593 0.0554 -0.8866
vn -0.5779 0.0110 -0.8160
vn -0.2856 0.0894 -0.9542
vn -0.2345 0.1131 -0.9655
vn -0.2031 0.1329 -0.9701
vn -0.1805 0.1500 -0.9721
vn -0.1627 0.1653 -0.9727
vn -0.1479 0.1790 -0.9727
vn -0.1350 0.1914 -0.9722
vn -0.1234 0.2026 -0.9714
vn -0.1129 0.2129 -0.9705
vn -0.1031 0.2222 -0.9695
vn -0.0938 0.2307 -0.9685
vn -0.0850 0.2383 -0.9675
vn -0.0766 0.2452 -0.9664
vn -0.0683 0.2513 -0.9655
vn -0.0603 0.2568 -0.9646
vn -0.0525 0.2615 -0.9638
vn -0.0448 0.2656 -0.9630
vn -0.0372 0.2691 -0.9624
vn -0.0297 0.2719 -0.9619
vn -0.0222 0.2741 -0.9615
vn -0.0148 0.2756 -0.9612
vn -0.0074 0.2765 -0.9610
vn -0.0000 0.2768 -0.9609
vn 0.0074 0.2765 -0.9610
vn 0.0148 0.2756 -0.9612
vn 0.0222 0.2741 -0.9615
vn 0.0297 0.2719 -0.9619
vn 0.0372 0.2691 -0.9624
vn 0.0448 0.2656 -0.9630
vn 0.0525 0.2615 -0.9638
vn 0.0603 0.2568 -0.9646
vn 0.0683 0.2513 -0.9655
vn 0.0766 0.2452 -0.9664
vn 0.0850 0.2383 -0.9675
vn 0.0938 0.2307 -0.9685
vn 0.1031 0.2222 -0.9695
vn 0.1129 0.2129 -0.9705
vn 0.1234 0.2026 -0.9714
vn 0.1350 0.1914 -0.9722
vn 0.1479 0.1790 -0.9727
vn 0.1627 0.1653 -0.9727
vn 0.1805 0.1500 -0.9721
vn 0.2031 0.1329 -0.9701
vn 0.2345 0.1131 -0.9655
vn 0.2856 0.0894 -0.9542
vn 0.4593 0.0554 -0.8866
vn 0.6069 0.0096 -0.7947
vn -0.4305 0.0619 -0.9005
vn -0.5433 0.0128 -0.8395
vn -0.2638 0.0991 -0.9595
vn -0.2160 0.1250 -0.9684
vn -0.1868 0.1466 -0.9714
vn -0.1658 0.1654 -0.9722
vn -0.1493 0.1820 -0.9719
vn -0.1355 0.1969 -0.9710
vn -0.1236 0.2103 -0.9698
vn -0.1130 0.2225 -0.9684
vn -0.1033 0.2336 -0.9668
vn -0.0943 0.2437 -0.9653
vn -0.0858 0.2529 -0.9637
vn -0.0777 0.2611 -0.9622
vn -0.0699 0.2685 -0.9607
vn -0.0624 0.2752 -0.9594
vn -0.0550 0.2810 -0.9581
vn -0.0479 0.2861 -0.9570
vn -0.0408 0.2905 -0.9560
vn -0.0339 0.2942 -0.9551
vn -0.0271 0.2972 -0.9544
vn -0.0203 0.2995 -0.9539
vn -0.0135 0.3012 -0.9535
vn -0.0068 0.3022 -0.9532
vn -0.0000 0.3025 -0.9531
vn 0.0068 0.3022 -0.9532
vn 0.0135 0.3012 -0.9535
vn 0.0203 0.2995 -0.9539
vn 0.0271 0.2972 -0.9544
vn 0.0339 0.2942 -0.9551
vn 0.0408 0.2905 -0.9560
vn 0.0479 0.2861 -0.9570
vn 0.0550 0.2810 -0.9581
vn 0.0624 0.2752 -0.9594
vn 0.0699 0.2685 -0.9607
vn 0.0777 0.2611 -0.9622
vn 0.0858 0.2529 -0.9637
vn 0.0943 0.2437 -0.9653
vn 0.1033 0.2336 -0.9668
vn 0.1130 0.2225 -0.9684
vn 0.1236 0.2103 -0.9698
vn 0.1355 0.1969 -0.9710
vn 0.1493 0.1820 -0.9719
vn 0.1658 0.1654 -0.9722
vn 0.1868 0.1466 -0.9714
vn 0.2160 0.1250 -0.9684
vn 0.2638 0.0991 -0.9595
vn 0.4305 0.0619 -0.9005
vn 0.5779 0.0110 -0.8160
vn -0.3965 0.0707 -0.9153
vn -0.5010 0.0154 -0.8653
vn -0.2391 0.1122 -0.9645
vn -0.1951 0.1412 -0.9706
vn -0.1684 0.1652 -0.9718
vn -0.1492 0.1861 -0.9711
vn -0.1342 0.2045 -0.9696
vn -0.1217 0.2210 -0.9677
vn -0.1109 0.2358 -0.9655
vn -0.1013 0.2493 -0.9631
vn -0.0925 0.2615 -0.9608
vn -0.0843 0.2725 -0.9584
vn -0.0767 0.2825 -0.9562
vn -0.0694 0.2915 -0.9540
vn -0.0624 0.2996 -0.9520
vn -0.0557 0.3068 -0.9501
vn -0.0491 0.3132 -0.9484
vn -0.0427 0.3188 -0.9469
vn -0.0364 0.3235 -0.9455
vn -0.0302 0.3275 -0.9444
vn -0.0241 0.3308 -0.9434
vn -0.0181 0.3333 -0.9427
vn -0.0120 0.3351 -0.9421
vn -0.0061 0.3361 -0.9418
vn -0.0000 0.3365 -0.9417
vn 0.0061 0.3361 -0.9418
vn 0.0120 0.3351 -0.9421
vn 0.0181 0.3333 -0.9427
vn 0.0241 0.3308 -0.9434
vn 0.0302 0.3275 -0.9444
vn 0.0364 0.3235 -0.9455
vn 0.0427 0.3188 -0.9469
vn 0.0491 0.3132 -0.9484
vn 0.0557 0.3068 -0.9501
vn 0.0624 0.2996 -0.9520
vn 0.0694 0.2915 -0.9540
vn 0.0767 0.2825 -0.9562
vn 0.0843 0.2725 -0.9584
vn 0.0925 0.2615 -0.9608
vn 0.1013 0.2493 -0.9631
vn 0.1109 0.2358 -0.9655
vn 0.1217 0.2210 -0.9677
vn 0.1342 0.2045 -0.9696
vn 0.1492 0.1861 -0.9711
vn 0.1684 0.1652 -0.9718
vn 0.1951 0.1412 -0.9706
vn 0.2391 0.1122 -0.9645
vn 0.3965 0.0707 -0.9153
vn 0.5433 0.0128 -0.8395
vn -0.3553 0.0841 -0.9310
vn -0.4472 0.0195 -0.8942
vn -0.2101 0.1319 -0.9687
vn -0.1708 0.1653 -0.9713
vn -0.1470 0.1929 -0.9701
vn -0.1300 0.2168 -0.9675
vn -0.1167 0.2377 -0.9643
vn -0.1057 0.2565 -0.9608
vn -0.0961 0.2733 -0.9571
vn -0.0877 0.2884 -0.9535
vn -0.0799 0.3021 -0.9499
vn -0.0728 0.3145 -0.9465
vn -0.0661 0.3257 -0.9432
vn -0.0598 0.3357 -0.9401
vn -0.0537 0.3447 -0.9372
vn -0.0479 0.3526 -0.9345
vn -0.0422 0.3597 -0.9321
vn -0.0367 0.3658 -0.9300
vn -0.0313 0.3710 -0.9281
vn -0.0259 0.3754 -0.9265
vn -0.0207 0.3790 -0.9252
vn -0.0155 0.3817 -0.9241
vn -0.0103 0.3837 -0.9234
vn -0.0052 0.3848 -0.9230
vn -0.0000 0.3852 -0.9228
vn 0.0052 0.3848 -0.9230
vn 0.0103 0.3837 -0.9234
vn 0.0155 0.3817 -0.9241
vn 0.0207 0.3790 -0.9252
vn 0.0259 0.3754 -0.9265
vn 0.0313 0.3710 -0.9281
vn 0.0367 0.3658 -0.9300
vn 0.0422 0.3597 -0.9321
vn 0.0479 0.3526 -0.9345
vn 0.0537 0.3447 -0.9372
vn 0.0598 0.3357 -0.9401
vn 0.0661 0.3257 -0.9432
vn 0.0728 0.3145 -0.9465
vn 0.0799 0.3021 -0.9499
vn 0.0877 0.2884 -0.9535
vn 0.0961 0.2733 -0.9571
vn 0.1057 0.2565 -0.9608
vn 0.1167 0.2377 -0.9643
vn 0.1300 0.2168 -0.9675
vn 0.1470 0.1929 -0.9701
vn 0.1708 0.1653 -0.9713
vn 0.2101 0.1319 -0.9687
vn 0.3553 0.0841 -0.9310
vn 0.5010 0.0154 -0.8653
vn -0.3022 0.1085 -0.9471
vn -0.3734 0.0274 -0.9273
vn -0.1743 0.1674 -0.9704
vn -0.1408 0.2084 -0.9679
vn -0.1207 0.2421 -0.9627
vn -0.1063 0.2709 -0.9567
vn -0.0951 0.2960 -0.9504
vn -0.0859 0.3182 -0.9441
vn -0.0779 0.3381 -0.9379
vn -0.0709 0.3558 -0.9319
vn -0.0645 0.3717 -0.9261
vn -0.0586 0.3859 -0.9207
vn -0.0531 0.3987 -0.9155
vn -0.0480 0.4101 -0.9108
vn -0.0430 0.4203 -0.9064
vn -0.0383 0.4293 -0.9024
vn -0.0337 0.4371 -0.8988
vn -0.0293 0.4440 -0.8956
vn -0.0249 0.4498 -0.8928
vn -0.0207 0.4547 -0.8904
vn -0.0165 0.4586 -0.8885
vn -0.0124 0.4616 -0.8870
vn -0.0083 0.4638 -0.8859
vn -0.0042 0.4650 -0.8853
vn -0.0000 0.4655 -0.8851
vn 0.0042 0.4650 -0.8853
vn 0.0083 0.4638 -0.8859
vn 0.0124 0.4616 -0.8870
vn 0.0165 0.4586 -0.8885
vn 0.0207 0.4547 -0.8904
vn 0.0249 0.4498 -0.8928
vn 0.0293 0.4440 -0.8956
vn 0.0337 0.4371 -0.8988
vn 0.0383 0.4293 -0.9024
vn 0.0430 0.4203 -0.9064
vn 0.0480 0.4101 -0.9108
vn 0.0531 0.3987 -0.9155
vn 0.0586 0.3859 -0.9207
vn 0.0645 0.3717 -0.9261
vn 0.0709 0.3558 -0.9319
vn 0.0779 0.3381 -0.9379
vn 0.0859 0.3182 -0.9441
vn 0.0951 0.2960 -0.9504
vn 0.1063 0.2709 -0.9567
vn 0.1207 0.2421 -0.9627
vn 0.1408 0.2084 -0.9679
vn 0.1743 0.1674 -0.9704
vn 0.3022 0.1085 -0.9471
vn 0.4472 0.0195 -0.8942
vn -0.2156 0.2352 -0.9477
vn -0.3013 0.1086 -0.9473
vn -0.1169 0.3363 -0.9345
vn -0.0925 0.4020 -0.9109
vn -0.0782 0.4520 -0.8886
vn -0.0680 0.4918 -0.8680
vn -0.0602 0.5246 -0.8492
vn -0.0539 0.5520 -0.8321
vn -0.0485 0.5752 -0.8166
vn -0.0437 0.5952 -0.8024
vn -0.0395 0.6124 -0.7896
vn -0.0357 0.6273 -0.7780
vn -0.0322 0.6402 -0.7675
vn -0.0289 0.6515 -0.7581
vn -0.0258 0.6613 -0.7497
vn -0.0229 0.6698 -0.7422
vn -0.0201 0.6771 -0.7356
vn -0.0174 0.6833 -0.7299
vn -0.0148 0.6886 -0.7250
vn -0.0122 0.6929 -0.7209
vn -0.0097 0.6964 -0.7176
vn -0.0073 0.6990 -0.7150
vn -0.0049 0.7009 -0.7132
vn -0.0025 0.7020 -0.7122
vn -0.0000 0.7024 -0.7118
vn 0.0025 0.7020 -0.7122
vn 0.0049 0.7009 -0.7132
vn 0.0073 0.6990 -0.7150
vn 0.0097 0.6964 -0.7176
vn 0.0122 0.6929 -0.7209
vn 0.0148 0.6886 -0.7250
vn 0.0174 0.6833 -0.7299
vn 0.0201 0.6771 -0.7356
vn 0.0229 0.6698 -0.7422
vn 0.0258 0.6613 -0.7497
vn 0.0289 0.6515 -0.7581
vn 0.0322 0.6402 -0.7675
vn 0.0357 0.6273 -0.7780
vn 0.0395 0.6124 -0.7896
vn 0.0437 0.5952 -0.8024
vn 0.0485 0.5752 -0.8166
vn 0.0539 0.5520 -0.8321
vn 0.0602 0.5246 -0.8492
vn 0.0680 0.4918 -0.8680
vn 0.0782 0.4520 -0.8886
vn 0.0925 0.4020 -0.9109
vn 0.1169 0.3363 -0.9345
vn 0.2156 0.2352 -0.9477
vn 0.3734 0.0274 -0.9273
vn -0.0340 0.4364 -0.8991
vn -0.1054 0.3372 -0.9355
vn -0.0241 0.5290 -0.8483
vn -0.0187 0.5939 -0.8043
vn -0.0151 0.6424 -0.7662
vn -0.0126 0.6801 -0.7330
vn -0.0106 0.7101 -0.7040
vn -0.0091 0.7344 -0.6786
vn -0.0078 0.7544 -0.6563
vn -0.0068 0.7711 -0.6367
vn -0.0059 0.7851 -0.6193
vn -0.0052 0.7970 -0.6040
vn -0.0045 0.8070 -0.5906
vn -0.0039 0.8155 -0.5787
vn -0.0034 0.8228 -0.5684
vn -0.0029 0.8289 -0.5593
vn -0.0025 0.8341 -0.5516
vn -0.0021 0.8384 -0.5450
vn -0.0018 0.8420 -0.5395
vn -0.0014 0.8449 -0.5350
vn -0.0011 0.8471 -0.5314
vn -0.0008 0.8487 -0.5289
vn -0.0005 0.8497 -0.5272
vn -0.0000 0.8501 -0.5266
vn 0.0005 0.8497 -0.5272
vn 0.0008 0.8487 -0.5289
vn 0.0011 0.8471 -0.5314
vn 0.0014 0.8449 -0.5350
vn 0.0018 0.8420 -0.5395
vn 0.0021 0.8384 -0.5450
vn 0.0025 0.8341 -0.5516
vn 0.0029 0.8289 -0.5593
vn 0.0034 0.8228 -0.5684
vn 0.0039 0.8155 -0.5787
vn 0.0045 0.8070 -0.5906
vn 0.0052 0.7970 -0.6040
vn 0.0059 0.7851 -0.6193
vn 0.0068 0.7711 -0.6367
vn 0.0078 0.7544 -0.6563
vn 0.0091 0.7344 -0.6786
vn 0.0106 0.7101 -0.7040
vn 0.0126 0.6801 -0.7330
vn 0.0151 0.6424 -0.7662
vn 0.0187 0.5939 -0.8043
vn 0.0241 0.5290 -0.8483
vn 0.0340 0.4364 -0.8991
vn 0.1054 0.3372 -0.9355
vn 0.3013 0.1086 -0.9473
vn -0.0000 -0.0000 -1.0000
vn 0.9877 -0.1564 -0.0000
vn 0.9992 -0.0393 -0.0000
vn 0.9511 -0.3090 -0.0000
vn 0.8910 -0.4540 -0.0000
vn 0.8090 -0.5878 -0.0000
vn 0.7071 -0.7071 -0.0000
vn 0.5878 -0.8090 -0.0000
vn 0.4540 -0.8910 -0.0000
vn 0.3090 -0.9510 -0.0000
vn 0.1564 -0.9877 -0.0000
vn 0.0392 -0.9992 -0.0000
vn -0.0392 -0.9992 -0.0000
vn -0.1564 -0.9877 -0.0000
vn -0.3090 -0.9510 -0.0000
vn -0.4540 -0.8910 -0.0000
vn -0.5878 -0.8090 -0.0000
vn -0.7071 -0.7071 -0.0000
vn -0.8090 -0.5878 -0.0000
vn -0.8910 -0.4540 -0.0000
vn -0.9511 -0.3090 -0.0000
vn -0.9877 -0.1564 -0.0000
vn -0.9992 -0.0393 -0.0000
vn -0.9992 0.0393 -0.0000
vn -0.9877 0.1564 -0.0000
vn -0.9511 0.3090 -0.0000
vn -0.8910 0.4540 -0.0000
vn -0.8090 0.5878 -0.0000
vn -0.7071 0.7071 -0.0000
vn -0.5878 0.8090 -0.0000
vn -0.4540 0.8910 -0.0000
vn -0.3090 0.9511 -0.0000
vn -0.1564 0.9877 -0.0000
vn -0.0392 0.9992 -0.0000
vn 0.0392 0.9992 -0.0000
vn 0.1564 0.9877 -0.0000
vn 0.3090 0.9511 -0.0000
vn 0.4540 0.8910 -0.0000
vn 0.5878 0.8090 -0.0000
vn 0.7071 0.7071 -0.0000
vn 0.8090 0.5878 -0.0000
vn 0.8910 0.4540 -0.0000
vn 0.9511 0.3090 -0.0000
vn 0.9877 0.1564 -0.0000
vn 0.9992 0.0393 -0.0000
vn -1.0000 -0.0000 -0.0000
vn -0.3090 -0.9511 -0.0000
vn -0.0393 -0.9992 -0.0000
vn 0.0393 -0.9992 -0.0000
vn 0.3090 -0.9511 -0.0000
vn 1.0000 -0.0000 -0.0000
vn 0.0393 0.9992 -0.0000
vn -0.0393 0.9992 -0.0000
vn 0.6114 -0.0319 0.7907
vn 0.6114 -0.0319 -0.7907
vt 0.035000 0.000000
vt 0.033252 0.013470
vt 0.012958 0.013470
vt 0.054375 0.000000
vt 0.053545 0.013470
vt 0.073750 0.000000
vt 0.073838 0.013470
vt 0.093125 0.000000
vt 0.094132 0.013470
vt 0.112500 0.000000
vt 0.114425 0.013470
vt 0.131875 0.000000
vt 0.134719 0.013470
vt 0.151250 0.000000
vt 0.155012 0.013470
vt 0.170625 0.000000
vt 0.175305 0.013470
vt 0.190000 0.000000
vt 0.195599 0.013470
vt 0.209375 0.000000
vt 0.215892 0.013470
vt 0.228750 0.000000
vt 0.236186 0.013470
vt 0.248125 0.000000
vt 0.256479 0.013470
vt 0.267500 0.000000
vt 0.276773 0.013470
vt 0.286875 0.000000
vt 0.297066 0.013470
vt 0.306250 0.000000
vt 0.317359 0.013470
vt 0.325625 0.000000
vt 0.337653 0.013470
vt 0.345000 0.000000
vt 0.357946 0.013470
vt 0.364375 0.000000
vt 0.378240 0.013470
vt 0.383750 0.000000
vt 0.398533 0.013470
vt 0.403125 0.000000
vt 0.418826 0.013470
vt 0.422500 0.000000
vt 0.439120 0.013470
vt 0.441875 0.000000
vt 0.459413 0.013470
vt 0.461250 0.000000
vt 0.479707 0.013470
vt 0.480625 0.000000
vt 0.500000 0.013470
vt 0.519375 0.000000
vt 0.500000 0.000000
vt 0.538750 0.000000
vt 0.520293 0.013470
vt 0.558125 0.000000
vt 0.540587 0.013470
vt 0.577500 0.000000
vt 0.560880 0.013470
vt 0.596875 0.000000
vt 0.581174 0.013470
vt 0.616250 0.000000
vt 0.601467 0.013470
vt 0.635625 0.000000
vt 0.621760 0.013470
vt 0.655000 0.000000
vt 0.642054 0.013470
vt 0.674375 0.000000
vt 0.662347 0.013470
vt 0.693750 0.000000
vt 0.682641 0.013470
vt 0.713125 0.000000
vt 0.702934 0.013470
vt 0.732500 0.000000
vt 0.723228 0.013470
vt 0.751875 0.000000
vt 0.743521 0.013470
vt 0.771250 0.000000
vt 0.763814 0.013470
vt 0.790625 0.000000
vt 0.784108 0.013470
vt 0.810000 0.000000
vt 0.804401 0.013470
vt 0.829375 0.000000
vt 0.824695 0.013470
vt 0.848750 0.000000
vt 0.844988 0.013470
vt 0.868125 0.000000
vt 0.865281 0.013470
vt 0.887500 0.000000
vt 0.885575 0.013470
vt 0.906875 0.000000
vt 0.905868 0.013470
vt 0.926250 0.000000
vt 0.926162 0.013470
vt 0.945625 0.000000
vt 0.946455 0.013470
vt 0.965000 0.000000
vt 0.966748 0.013470
vt 0.026441 0.026940
vt 0.005852 0.026940
vt 0.047031 0.026940
vt 0.067620 0.026940
vt 0.088210 0.026940
vt 0.108799 0.026940
vt 0.129389 0.026940
vt 0.149978 0.026940
vt 0.170568 0.026940
vt 0.191157 0.026940
vt 0.211747 0.026940
vt 0.232336 0.026940
vt 0.252926 0.026940
vt 0.273515 0.026940
vt 0.294105 0.026940
vt 0.314694 0.026940
vt 0.335284 0.026940
vt 0.355873 0.026940
vt 0.376463 0.026940
vt 0.397052 0.026940
vt 0.417642 0.026940
vt 0.438231 0.026940
vt 0.458821 0.026940
vt 0.479410 0.026940
vt 0.500000 0.026940
vt 0.520590 0.026940
vt 0.541179 0.026940
vt 0.561769 0.026940
vt 0.582358 0.026940
vt 0.602948 0.026940
vt 0.623537 0.026940
vt 0.644127 0.026940
vt 0.664716 0.026940
vt 0.685306 0.026940
vt 0.705895 0.026940
vt 0.726485 0.026940
vt 0.747074 0.026940
vt 0.767664 0.026940
vt 0.788253 0.026940
vt 0.808843 0.026940
vt 0.829432 0.026940
vt 0.850022 0.026940
vt 0.870611 0.026940
vt 0.891201 0.026940
vt 0.911790 0.026940
vt 0.932380 0.026940
vt 0.952969 0.026940
vt 0.987042 0.013470
vt 0.973559 0.026940
vt 0.022717 0.040409
vt 0.001965 0.040409
vt 0.043468 0.040409
vt 0.064219 0.040409
vt 0.084971 0.040409
vt 0.105722 0.040409
vt 0.126474 0.040409
vt 0.147225 0.040409
vt 0.167977 0.040409
vt 0.188728 0.040409
vt 0.209480 0.040409
vt 0.230231 0.040409
vt 0.250983 0.040409
vt 0.271734 0.040409
vt 0.292485 0.040409
vt 0.313237 0.040409
vt 0.333988 0.040409
vt 0.354740 0.040409
vt 0.375491 0.040409
vt 0.396243 0.040409
vt 0.416994 0.040409
vt 0.437746 0.040409
vt 0.458497 0.040409
vt 0.479249 0.040409
vt 0.500000 0.040409
vt 0.520751 0.040409
vt 0.541503 0.040409
vt 0.562254 0.040409
vt 0.583006 0.040409
vt 0.603757 0.040409
vt 0.624509 0.040409
vt 0.645260 0.040409
vt 0.666012 0.040409
vt 0.686763 0.040409
vt 0.707515 0.040409
vt 0.728266 0.040409
vt 0.749017 0.040409
vt 0.769769 0.040409
vt 0.790520 0.040409
vt 0.811272 0.040409
vt 0.832023 0.040409
vt 0.852775 0.040409
vt 0.873526 0.040409
vt 0.894278 0.040409
vt 0.915029 0.040409
vt 0.935781 0.040409
vt 0.956532 0.040409
vt 0.994148 0.026940
vt 0.977283 0.040409
vt 0.021026 0.053879
vt 0.000201 0.053879
vt 0.041851 0.053879
vt 0.062676 0.053879
vt 0.083501 0.053879
vt 0.104326 0.053879
vt 0.125151 0.053879
vt 0.145976 0.053879
vt 0.166801 0.053879
vt 0.187626 0.053879
vt 0.208451 0.053879
vt 0.229276 0.053879
vt 0.250101 0.053879
vt 0.270926 0.053879
vt 0.291751 0.053879
vt 0.312576 0.053879
vt 0.333400 0.053879
vt 0.354225 0.053879
vt 0.375050 0.053879
vt 0.395875 0.053879
vt 0.416700 0.053879
vt 0.437525 0.053879
vt 0.458350 0.053879
vt 0.479175 0.053879
vt 0.500000 0.053879
vt 0.520825 0.053879
vt 0.541650 0.053879
vt 0.562475 0.053879
vt 0.583300 0.053879
vt 0.604125 0.053879
vt 0.624950 0.053879
vt 0.645775 0.053879
vt 0.666600 0.053879
vt 0.687424 0.053879
vt 0.708249 0.053879
vt 0.729074 0.053879
vt 0.749899 0.053879
vt 0.770724 0.053879
vt 0.791549 0.053879
vt 0.812374 0.053879
vt 0.833199 0.053879
vt 0.854024 0.053879
vt 0.874849 0.053879
vt 0.895674 0.053879
vt 0.916499 0.053879
vt 0.937324 0.053879
vt 0.958149 0.053879
vt 0.998035 0.040409
vt 0.978974 0.053879
vt -0.000000 0.067349
vt 0.020833 0.067349
vt 0.041667 0.067349
vt 0.062500 0.067349
vt 0.083333 0.067349
vt 0.104167 0.067349
vt 0.125000 0.067349
vt 0.145833 0.067349
vt 0.166667 0.067349
vt 0.187500 0.067349
vt 0.208333 0.067349
vt 0.229167 0.067349
vt 0.250000 0.067349
vt 0.270833 0.067349
vt 0.291667 0.067349
vt 0.312500 0.067349
vt 0.333333 0.067349
vt 0.354167 0.067349
vt 0.375000 0.067349
vt 0.395833 0.067349
vt 0.416667 0.067349
vt 0.437500 0.067349
vt 0.458333 0.067349
vt 0.479167 0.067349
vt 0.520833 0.067349
vt 0.500000 0.067349
vt 0.541667 0.067349
vt 0.562500 0.067349
vt 0.583333 0.067349
vt 0.604167 0.067349
vt 0.625000 0.067349
vt 0.645833 0.067349
vt 0.666667 0.067349
vt 0.687500 0.067349
vt 0.708333 0.067349
vt 0.729167 0.067349
vt 0.750000 0.067349
vt 0.770833 0.067349
vt 0.791667 0.067349
vt 0.812500 0.067349
vt 0.833333 0.067349
vt 0.854167 0.067349
vt 0.875000 0.067349
vt 0.895833 0.067349
vt 0.916667 0.067349
vt 0.937500 0.067349
vt 0.958333 0.067349
vt 0.979167 0.067349
vt 1.000000 0.067349
vt -0.000000 0.080819
vt 0.020833 0.080819
vt 0.041667 0.080819
vt 0.062500 0.080819
vt 0.083333 0.080819
vt 0.104167 0.080819
vt 0.125000 0.080819
vt 0.145833 0.080819
vt 0.166667 0.080819
vt 0.187500 0.080819
vt 0.208333 0.080819
vt 0.229167 0.080819
vt 0.250000 0.080819
vt 0.270833 0.080819
vt 0.291667 0.080819
vt 0.312500 0.080819
vt 0.333333 0.080819
vt 0.354167 0.080819
vt 0.375000 0.080819
vt 0.395833 0.080819
vt 0.416667 0.080819
vt 0.437500 0.080819
vt 0.458333 0.080819
vt 0.479167 0.080819
vt 0.520833 0.080819
vt 0.500000 0.080819
vt 0.541667 0.080819
vt 0.562500 0.080819
vt 0.583333 0.080819
vt 0.604167 0.080819
vt 0.625000 0.080819
vt 0.645833 0.080819
vt 0.666667 0.080819
vt 0.687500 0.080819
vt 0.708333 0.080819
vt 0.729167 0.080819
vt 0.750000 0.080819
vt 0.770833 0.080819
vt 0.791667 0.080819
vt 0.812500 0.080819
vt 0.833333 0.080819
vt 0.854167 0.080819
vt 0.875000 0.080819
vt 0.895833 0.080819
vt 0.916667 0.080819
vt 0.937500 0.080819
vt 0.958333 0.080819
vt 0.979167 0.080819
vt 1.000000 0.080819
vt -0.000000 0.094289
vt 0.020833 0.094289
vt 0.041667 0.094289
vt 0.062500 0.094289
vt 0.083333 0.094289
vt 0.104167 0.094289
vt 0.125000 0.094289
vt 0.145833 0.094289
vt 0.166667 0.094289
vt 0.187500 0.094289
vt 0.208333 0.094289
vt 0.229167 0.094289
vt 0.250000 0.094289
vt 0.270833 0.094289
vt 0.291667 0.094289
vt 0.312500 0.094289
vt 0.333333 0.094289
vt 0.354167 0.094289
vt 0.375000 0.094289
vt 0.395833 0.094289
vt 0.416667 0.094289
vt 0.437500 0.094289
vt 0.458333 0.094289
vt 0.479167 0.094289
vt 0.520833 0.094289
vt 0.500000 0.094289
vt 0.541667 0.094289
vt 0.562500 0.094289
vt 0.583333 0.094289
vt 0.604167 0.094289
vt 0.625000 0.094289
vt 0.645833 0.094289
vt 0.666667 0.094289
vt 0.687500 0.094289
vt 0.708333 0.094289
vt 0.729167 0.094289
vt 0.750000 0.094289
vt 0.770833 0.094289
vt 0.791667 0.094289
vt 0.812500 0.094289
vt 0.833333 0.094289
vt 0.854167 0.094289
vt 0.875000 0.094289
vt 0.895833 0.094289
vt 0.916667 0.094289
vt 0.937500 0.094289
vt 0.958333 0.094289
vt 0.979167 0.094289
vt 1.000000 0.094289
vt -0.000000 0.107759
vt 0.020833 0.107759
vt 0.041667 0.107759
vt 0.062500 0.107759
vt 0.083333 0.107759
vt 0.104167 0.107759
vt 0.125000 0.107759
vt 0.145833 0.107759
vt 0.166667 0.107759
vt 0.187500 0.107759
vt 0.208333 0.107759
vt 0.229167 0.107759
vt 0.250000 0.107759
vt 0.270833 0.107759
vt 0.291667 0.107759
vt 0.312500 0.107759
vt 0.333333 0.107759
vt 0.354167 0.107759
vt 0.375000 0.107759
vt 0.395833 0.107759
vt 0.416667 0.107759
vt 0.437500 0.107759
vt 0.458333 0.107759
vt 0.479167 0.107759
vt 0.520833 0.107759
vt 0.500000 0.107759
vt 0.541667 0.107759
vt 0.562500 0.107759
vt 0.583333 0.107759
vt 0.604167 0.107759
vt 0.625000 0.107759
vt 0.645833 0.107759
vt 0.666667 0.107759
vt 0.687500 0.107759
vt 0.708333 0.107759
vt 0.729167 0.107759
vt 0.750000 0.107759
vt 0.770833 0.107759
vt 0.791667 0.107759
vt 0.812500 0.107759
vt 0.833333 0.107759
vt 0.854167 0.107759
vt 0.875000 0.107759
vt 0.895833 0.107759
vt 0.916667 0.107759
vt 0.937500 0.107759
vt 0.958333 0.107759
vt 0.979167 0.107759
vt 1.000000 0.107759
vt -0.000000 0.121228
vt 0.020833 0.121228
vt 0.041667 0.121228
vt 0.062500 0.121228
vt 0.083333 0.121228
vt 0.104167 0.121228
vt 0.125000 0.121228
vt 0.145833 0.121228
vt 0.166667 0.121228
vt 0.187500 0.121228
vt 0.208333 0.121228
vt 0.229167 0.121228
vt 0.250000 0.121228
vt 0.270833 0.121228
vt 0.291667 0.121228
vt 0.312500 0.121228
vt 0.333333 0.121228
vt 0.354167 0.121228
vt 0.375000 0.121228
vt 0.395833 0.121228
vt 0.416667 0.121228
vt 0.437500 0.121228
vt 0.458333 0.121228
vt 0.479167 0.121228
vt 0.520833 0.121228
vt 0.500000 0.121228
vt 0.541667 0.121228
vt 0.562500 0.121228
vt 0.583333 0.121228
vt 0.604167 0.121228
vt 0.625000 0.121228
vt 0.645833 0.121228
vt 0.666667 0.121228
vt 0.687500 0.121228
vt 0.708333 0.121228
vt 0.729167 0.121228
vt 0.750000 0.121228
vt 0.770833 0.121228
vt 0.791667 0.121228
vt 0.812500 0.121228
vt 0.833333 0.121228
vt 0.854167 0.121228
vt 0.875000 0.121228
vt 0.895833 0.121228
vt 0.916667 0.121228
vt 0.937500 0.121228
vt 0.958333 0.121228
vt 0.979167 0.121228
vt 1.000000 0.121228
vt -0.000000 0.134698
vt 0.020833 0.134698
vt 0.041667 0.134698
vt 0.062500 0.134698
vt 0.083333 0.134698
vt 0.104167 0.134698
vt 0.125000 0.134698
vt 0.145833 0.134698
vt 0.166667 0.134698
vt 0.187500 0.134698
vt 0.208333 0.134698
vt 0.229167 0.134698
vt 0.250000 0.134698
vt 0.270833 0.134698
vt 0.291667 0.134698
vt 0.312500 0.134698
vt 0.333333 0.134698
vt 0.354167 0.134698
vt 0.375000 0.134698
vt 0.395833 0.134698
vt 0.416667 0.134698
vt 0.437500 0.134698
vt 0.458333 0.134698
vt 0.479167 0.134698
vt 0.520833 0.134698
vt 0.500000 0.134698
vt 0.541667 0.134698
vt 0.562500 0.134698
vt 0.583333 0.134698
vt 0.604167 0.134698
vt 0.625000 0.134698
vt 0.645833 0.134698
vt 0.666667 0.134698
vt 0.687500 0.134698
vt 0.708333 0.134698
vt 0.729167 0.134698
vt 0.750000 0.134698
vt 0.770833 0.134698
vt 0.791667 0.134698
vt 0.812500 0.134698
vt 0.833333 0.134698
vt 0.854167 0.134698
vt 0.875000 0.134698
vt 0.895833 0.134698
vt 0.916667 0.134698
vt 0.937500 0.134698
vt 0.958333 0.134698
vt 0.979167 0.134698
vt 1.000000 0.134698
vt -0.000000 0.148168
vt 0.020833 0.148168
vt 0.041667 0.148168
vt 0.062500 0.148168
vt 0.083333 0.148168
vt 0.104167 0.148168
vt 0.125000 0.148168
vt 0.145833 0.148168
vt 0.166667 0.148168
vt 0.187500 0.148168
vt 0.208333 0.148168
vt 0.229167 0.148168
vt 0.250000 0.148168
vt 0.270833 0.148168
vt 0.291667 0.148168
vt 0.312500 0.148168
vt 0.333333 0.148168
vt 0.354167 0.148168
vt 0.375000 0.148168
vt 0.395833 0.148168
vt 0.416667 0.148168
vt 0.437500 0.148168
vt 0.458333 0.148168
vt 0.479167 0.148168
vt 0.520833 0.148168
vt 0.500000 0.148168
vt 0.541667 0.148168
vt 0.562500 0.148168
vt 0.583333 0.148168
vt 0.604167 0.148168
vt 0.625000 0.148168
vt 0.645833 0.148168
vt 0.666667 0.148168
vt 0.687500 0.148168
vt 0.708333 0.148168
vt 0.729167 0.148168
vt 0.750000 0.148168
vt 0.770833 0.148168
vt 0.791667 0.148168
vt 0.812500 0.148168
vt 0.833333 0.148168
vt 0.854167 0.148168
vt 0.875000 0.148168
vt 0.895833 0.148168
vt 0.916667 0.148168
vt 0.937500 0.148168
vt 0.958333 0.148168
vt 0.979167 0.148168
vt 1.000000 0.148168
vt -0.000000 0.161638
vt 0.020833 0.161638
vt 0.041667 0.161638
vt 0.062500 0.161638
vt 0.083333 0.161638
vt 0.104167 0.161638
vt 0.125000 0.161638
vt 0.145833 0.161638
vt 0.166667 0.161638
vt 0.187500 0.161638
vt 0.208333 0.161638
vt 0.229167 0.161638
vt 0.250000 0.161638
vt 0.270833 0.161638
vt 0.291667 0.161638
vt 0.312500 0.161638
vt 0.333333 0.161638
vt 0.354167 0.161638
vt 0.375000 0.161638
vt 0.395833 0.161638
vt 0.416667 0.161638
vt 0.437500 0.161638
vt 0.458333 0.161638
vt 0.479167 0.161638
vt 0.520833 0.161638
vt 0.500000 0.161638
vt 0.541667 0.161638
vt 0.562500 0.161638
vt 0.583333 0.161638
vt 0.604167 0.161638
vt 0.625000 0.161638
vt 0.645833 0.161638
vt 0.666667 0.161638
vt 0.687500 0.161638
vt 0.708333 0.161638
vt 0.729167 0.161638
vt 0.750000 0.161638
vt 0.770833 0.161638
vt 0.791667 0.161638
vt 0.812500 0.161638
vt 0.833333 0.161638
vt 0.854167 0.161638
vt 0.875000 0.161638
vt 0.895833 0.161638
vt 0.916667 0.161638
vt 0.937500 0.161638
vt 0.958333 0.161638
vt 0.979167 0.161638
vt 1.000000 0.161638
vt -0.000000 0.175108
vt 0.020833 0.175108
vt 0.041667 0.175108
vt 0.062500 0.175108
vt 0.083333 0.175108
vt 0.104167 0.175108
vt 0.125000 0.175108
vt 0.145833 0.175108
vt 0.166667 0.175108
vt 0.187500 0.175108
vt 0.208333 0.175108
vt 0.229167 0.175108
vt 0.250000 0.175108
vt 0.270833 0.175108
vt 0.291667 0.175108
vt 0.312500 0.175108
vt 0.333333 0.175108
vt 0.354167 0.175108
vt 0.375000 0.175108
vt 0.395833 0.175108
vt 0.416667 0.175108
vt 0.437500 0.175108
vt 0.458333 0.175108
vt 0.479167 0.175108
vt 0.520833 0.175108
vt 0.500000 0.175108
vt 0.541667 0.175108
vt 0.562500 0.175108
vt 0.583333 0.175108
vt 0.604167 0.175108
vt 0.625000 0.175108
vt 0.645833 0.175108
vt 0.666667 0.175108
vt 0.687500 0.175108
vt 0.708333 0.175108
vt 0.729167 0.175108
vt 0.750000 0.175108
vt 0.770833 0.175108
vt 0.791667 0.175108
vt 0.812500 0.175108
vt 0.833333 0.175108
vt 0.854167 0.175108
vt 0.875000 0.175108
vt 0.895833 0.175108
vt 0.916667 0.175108
vt 0.937500 0.175108
vt 0.958333 0.175108
vt 0.979167 0.175108
vt 1.000000 0.175108
vt -0.000000 0.188578
vt 0.020833 0.188578
vt 0.041667 0.188578
vt 0.062500 0.188578
vt 0.083333 0.188578
vt 0.104167 0.188578
vt 0.125000 0.188578
vt 0.145833 0.188578
vt 0.166667 0.188578
vt 0.187500 0.188578
vt 0.208333 0.188578
vt 0.229167 0.188578
vt 0.250000 0.188578
vt 0.270833 0.188578
vt 0.291667 0.188578
vt 0.312500 0.188578
vt 0.333333 0.188578
vt 0.354167 0.188578
vt 0.375000 0.188578
vt 0.395833 0.188578
vt 0.416667 0.188578
vt 0.437500 0.188578
vt 0.458333 0.188578
vt 0.479167 0.188578
vt 0.520833 0.188578
vt 0.500000 0.188578
vt 0.541667 0.188578
vt 0.562500 0.188578
vt 0.583333 0.188578
vt 0.604167 0.188578
vt 0.625000 0.188578
vt 0.645833 0.188578
vt 0.666667 0.188578
vt 0.687500 0.188578
vt 0.708333 0.188578
vt 0.729167 0.188578
vt 0.750000 0.188578
vt 0.770833 0.188578
vt 0.791667 0.188578
vt 0.812500 0.188578
vt 0.833333 0.188578
vt 0.854167 0.188578
vt 0.875000 0.188578
vt 0.895833 0.188578
vt 0.916667 0.188578
vt 0.937500 0.188578
vt 0.958333 0.188578
vt 0.979167 0.188578
vt 1.000000 0.188578
vt -0.000000 0.202047
vt 0.020833 0.202047
vt 0.041667 0.202047
vt 0.062500 0.202047
vt 0.083333 0.202047
vt 0.104167 0.202047
vt 0.125000 0.202047
vt 0.145833 0.202047
vt 0.166667 0.202047
vt 0.187500 0.202047
vt 0.208333 0.202047
vt 0.229167 0.202047
vt 0.250000 0.202047
vt 0.270833 0.202047
vt 0.291667 0.202047
vt 0.312500 0.202047
vt 0.333333 0.202047
vt 0.354167 0.202047
vt 0.375000 0.202047
vt 0.395833 0.202047
vt 0.416667 0.202047
vt 0.437500 0.202047
vt 0.458333 0.202047
vt 0.479167 0.202047
vt 0.520833 0.202047
vt 0.500000 0.202047
vt 0.541667 0.202047
vt 0.562500 0.202047
vt 0.583333 0.202047
vt 0.604167 0.202047
vt 0.625000 0.202047
vt 0.645833 0.202047
vt 0.666667 0.202047
vt 0.687500 0.202047
vt 0.708333 0.202047
vt 0.729167 0.202047
vt 0.750000 0.202047
vt 0.770833 0.202047
vt 0.791667 0.202047
vt 0.812500 0.202047
vt 0.833333 0.202047
vt 0.854167 0.202047
vt 0.875000 0.202047
vt 0.895833 0.202047
vt 0.916667 0.202047
vt 0.937500 0.202047
vt 0.958333 0.202047
vt 0.979167 0.202047
vt 1.000000 0.202047
vt -0.000000 0.215517
vt 0.020833 0.215517
vt 0.041667 0.215517
vt 0.062500 0.215517
vt 0.083333 0.215517
vt 0.104167 0.215517
vt 0.125000 0.215517
vt 0.145833 0.215517
vt 0.166667 0.215517
vt 0.187500 0.215517
vt 0.208333 0.215517
vt 0.229167 0.215517
vt 0.250000 0.215517
vt 0.270833 0.215517
vt 0.291667 0.215517
vt 0.312500 0.215517
vt 0.333333 0.215517
vt 0.354167 0.215517
vt 0.375000 0.215517
vt 0.395833 0.215517
vt 0.416667 0.215517
vt 0.437500 0.215517
vt 0.458333 0.215517
vt 0.479167 0.215517
vt 0.520833 0.215517
vt 0.500000 0.215517
vt 0.541667 0.215517
vt 0.562500 0.215517
vt 0.583333 0.215517
vt 0.604167 0.215517
vt 0.625000 0.215517
vt 0.645833 0.215517
vt 0.666667 0.215517
vt 0.687500 0.215517
vt 0.708333 0.215517
vt 0.729167 0.215517
vt 0.750000 0.215517
vt 0.770833 0.215517
vt 0.791667 0.215517
vt 0.812500 0.215517
vt 0.833333 0.215517
vt 0.854167 0.215517
vt 0.875000 0.215517
vt 0.895833 0.215517
vt 0.916667 0.215517
vt 0.937500 0.215517
vt 0.958333 0.215517
vt 0.979167 0.215517
vt 1.000000 0.215517
vt -0.000000 0.228987
vt 0.020833 0.228987
vt 0.041667 0.228987
vt 0.062500 0.228987
vt 0.083333 0.228987
vt 0.104167 0.228987
vt 0.125000 0.228987
vt 0.145833 0.228987
vt 0.166667 0.228987
vt 0.187500 0.228987
vt 0.208333 0.228987
vt 0.229167 0.228987
vt 0.250000 0.228987
vt 0.270833 0.228987
vt 0.291667 0.228987
vt 0.312500 0.228987
vt 0.333333 0.228987
vt 0.354167 0.228987
vt 0.375000 0.228987
vt 0.395833 0.228987
vt 0.416667 0.228987
vt 0.437500 0.228987
vt 0.458333 0.228987
vt 0.479167 0.228987
vt 0.520833 0.228987
vt 0.500000 0.228987
vt 0.541667 0.228987
vt 0.562500 0.228987
vt 0.583333 0.228987
vt 0.604167 0.228987
vt 0.625000 0.228987
vt 0.645833 0.228987
vt 0.666667 0.228987
vt 0.687500 0.228987
vt 0.708333 0.228987
vt 0.729167 0.228987
vt 0.750000 0.228987
vt 0.770833 0.228987
vt 0.791667 0.228987
vt 0.812500 0.228987
vt 0.833333 0.228987
vt 0.854167 0.228987
vt 0.875000 0.228987
vt 0.895833 0.228987
vt 0.916667 0.228987
vt 0.937500 0.228987
vt 0.958333 0.228987
vt 0.979167 0.228987
vt 1.000000 0.228987
vt -0.000000 0.242457
vt 0.020833 0.242457
vt 0.041667 0.242457
vt 0.062500 0.242457
vt 0.083333 0.242457
vt 0.104167 0.242457
vt 0.125000 0.242457
vt 0.145833 0.242457
vt 0.166667 0.242457
vt 0.187500 0.242457
vt 0.208333 0.242457
vt 0.229167 0.242457
vt 0.250000 0.242457
vt 0.270833 0.242457
vt 0.291667 0.242457
vt 0.312500 0.242457
vt 0.333333 0.242457
vt 0.354167 0.242457
vt 0.375000 0.242457
vt 0.395833 0.242457
vt 0.416667 0.242457
vt 0.437500 0.242457
vt 0.458333 0.242457
vt 0.479167 0.242457
vt 0.520833 0.242457
vt 0.500000 0.242457
vt 0.541667 0.242457
vt 0.562500 0.242457
vt 0.583333 0.242457
vt 0.604167 0.242457
vt 0.625000 0.242457
vt 0.645833 0.242457
vt 0.666667 0.242457
vt 0.687500 0.242457
vt 0.708333 0.242457
vt 0.729167 0.242457
vt 0.750000 0.242457
vt 0.770833 0.242457
vt 0.791667 0.242457
vt 0.812500 0.242457
vt 0.833333 0.242457
vt 0.854167 0.242457
vt 0.875000 0.242457
vt 0.895833 0.242457
vt 0.916667 0.242457
vt 0.937500 0.242457
vt 0.958333 0.242457
vt 0.979167 0.242457
vt 1.000000 0.242457
vt -0.000000 0.255927
vt 0.020833 0.255927
vt 0.041667 0.255927
vt 0.062500 0.255927
vt 0.083333 0.255927
vt 0.104167 0.255927
vt 0.125000 0.255927
vt 0.145833 0.255927
vt 0.166667 0.255927
vt 0.187500 0.255927
vt 0.208333 0.255927
vt 0.229167 0.255927
vt 0.250000 0.255927
vt 0.270833 0.255927
vt 0.291667 0.255927
vt 0.312500 0.255927
vt 0.333333 0.255927
vt 0.354167 0.255927
vt 0.375000 0.255927
vt 0.395833 0.255927
vt 0.416667 0.255927
vt 0.437500 0.255927
vt 0.458333 0.255927
vt 0.479167 0.255927
vt 0.520833 0.255927
vt 0.500000 0.255927
vt 0.541667 0.255927
vt 0.562500 0.255927
vt 0.583333 0.255927
vt 0.604167 0.255927
vt 0.625000 0.255927
vt 0.645833 0.255927
vt 0.666667 0.255927
vt 0.687500 0.255927
vt 0.708333 0.255927
vt 0.729167 0.255927
vt 0.750000 0.255927
vt 0.770833 0.255927
vt 0.791667 0.255927
vt 0.812500 0.255927
vt 0.833333 0.255927
vt 0.854167 0.255927
vt 0.875000 0.255927
vt 0.895833 0.255927
vt 0.916667 0.255927
vt 0.937500 0.255927
vt 0.958333 0.255927
vt 0.979167 0.255927
vt 1.000000 0.255927
vt -0.000000 0.269397
vt 0.020833 0.269397
vt 0.041667 0.269397
vt 0.062500 0.269397
vt 0.083333 0.269397
vt 0.104167 0.269397
vt 0.125000 0.269397
vt 0.145833 0.269397
vt 0.166667 0.269397
vt 0.187500 0.269397
vt 0.208333 0.269397
vt 0.229167 0.269397
vt 0.250000 0.269397
vt 0.270833 0.269397
vt 0.291667 0.269397
vt 0.312500 0.269397
vt 0.333333 0.269397
vt 0.354167 0.269397
vt 0.375000 0.269397
vt 0.395833 0.269397
vt 0.416667 0.269397
vt 0.437500 0.269397
vt 0.458333 0.269397
vt 0.479167 0.269397
vt 0.520833 0.269397
vt 0.500000 0.269397
vt 0.541667 0.269397
vt 0.562500 0.269397
vt 0.583333 0.269397
vt 0.604167 0.269397
vt 0.625000 0.269397
vt 0.645833 0.269397
vt 0.666667 0.269397
vt 0.687500 0.269397
vt 0.708333 0.269397
vt 0.729167 0.269397
vt 0.750000 0.269397
vt 0.770833 0.269397
vt 0.791667 0.269397
vt 0.812500 0.269397
vt 0.833333 0.269397
vt 0.854167 0.269397
vt 0.875000 0.269397
vt 0.895833 0.269397
vt 0.916667 0.269397
vt 0.937500 0.269397
vt 0.958333 0.269397
vt 0.979167 0.269397
vt 1.000000 0.269397
vt -0.000000 0.282866
vt 0.020833 0.282866
vt 0.041667 0.282866
vt 0.062500 0.282866
vt 0.083333 0.282866
vt 0.104167 0.282866
vt 0.125000 0.282866
vt 0.145833 0.282866
vt 0.166667 0.282866
vt 0.187500 0.282866
vt 0.208333 0.282866
vt 0.229167 0.282866
vt 0.250000 0.282866
vt 0.270833 0.282866
vt 0.291667 0.282866
vt 0.312500 0.282866
vt 0.333333 0.282866
vt 0.354167 0.282866
vt 0.375000 0.282866
vt 0.395833 0.282866
vt 0.416667 0.282866
vt 0.437500 0.282866
vt 0.458333 0.282866
vt 0.479167 0.282866
vt 0.520833 0.282866
vt 0.500000 0.282866
vt 0.541667 0.282866
vt 0.562500 0.282866
vt 0.583333 0.282866
vt 0.604167 0.282866
vt 0.625000 0.282866
vt 0.645833 0.282866
vt 0.666667 0.282866
vt 0.687500 0.282866
vt 0.708333 0.282866
vt 0.729167 0.282866
vt 0.750000 0.282866
vt 0.770833 0.282866
vt 0.791667 0.282866
vt 0.812500 0.282866
vt 0.833333 0.282866
vt 0.854167 0.282866
vt 0.875000 0.282866
vt 0.895833 0.282866
vt 0.916667 0.282866
vt 0.937500 0.282866
vt 0.958333 0.282866
vt 0.979167 0.282866
vt 1.000000 0.282866
vt -0.000000 0.296336
vt 0.020833 0.296336
vt 0.041667 0.296336
vt 0.062500 0.296336
vt 0.083333 0.296336
vt 0.104167 0.296336
vt 0.125000 0.296336
vt 0.145833 0.296336
vt 0.166667 0.296336
vt 0.187500 0.296336
vt 0.208333 0.296336
vt 0.229167 0.296336
vt 0.250000 0.296336
vt 0.270833 0.296336
vt 0.291667 0.296336
vt 0.312500 0.296336
vt 0.333333 0.296336
vt 0.354167 0.296336
vt 0.375000 0.296336
vt 0.395833 0.296336
vt 0.416667 0.296336
vt 0.437500 0.296336
vt 0.458333 0.296336
vt 0.479167 0.296336
vt 0.520833 0.296336
vt 0.500000 0.296336
vt 0.541667 0.296336
vt 0.562500 0.296336
vt 0.583333 0.296336
vt 0.604167 0.296336
vt 0.625000 0.296336
vt 0.645833 0.296336
vt 0.666667 0.296336
vt 0.687500 0.296336
vt 0.708333 0.296336
vt 0.729167 0.296336
vt 0.750000 0.296336
vt 0.770833 0.296336
vt 0.791667 0.296336
vt 0.812500 0.296336
vt 0.833333 0.296336
vt 0.854167 0.296336
vt 0.875000 0.296336
vt 0.895833 0.296336
vt 0.916667 0.296336
vt 0.937500 0.296336
vt 0.958333 0.296336
vt 0.979167 0.296336
vt 1.000000 0.296336
vt -0.000000 0.309806
vt 0.020833 0.309806
vt 0.041667 0.309806
vt 0.062500 0.309806
vt 0.083333 0.309806
vt 0.104167 0.309806
vt 0.125000 0.309806
vt 0.145833 0.309806
vt 0.166667 0.309806
vt 0.187500 0.309806
vt 0.208333 0.309806
vt 0.229167 0.309806
vt 0.250000 0.309806
vt 0.270833 0.309806
vt 0.291667 0.309806
vt 0.312500 0.309806
vt 0.333333 0.309806
vt 0.354167 0.309806
vt 0.375000 0.309806
vt 0.395833 0.309806
vt 0.416667 0.309806
vt 0.437500 0.309806
vt 0.458333 0.309806
vt 0.479167 0.309806
vt 0.520833 0.309806
vt 0.500000 0.309806
vt 0.541667 0.309806
vt 0.562500 0.309806
vt 0.583333 0.309806
vt 0.604167 0.309806
vt 0.625000 0.309806
vt 0.645833 0.309806
vt 0.666667 0.309806
vt 0.687500 0.309806
vt 0.708333 0.309806
vt 0.729167 0.309806
vt 0.750000 0.309806
vt 0.770833 0.309806
vt 0.791667 0.309806
vt 0.812500 0.309806
vt 0.833333 0.309806
vt 0.854167 0.309806
vt 0.875000 0.309806
vt 0.895833 0.309806
vt 0.916667 0.309806
vt 0.937500 0.309806
vt 0.958333 0.309806
vt 0.979167 0.309806
vt 1.000000 0.309806
vt -0.000000 0.323276
vt 0.020833 0.323276
vt 0.041667 0.323276
vt 0.062500 0.323276
vt 0.083333 0.323276
vt 0.104167 0.323276
vt 0.125000 0.323276
vt 0.145833 0.323276
vt 0.166667 0.323276
vt 0.187500 0.323276
vt 0.208333 0.323276
vt 0.229167 0.323276
vt 0.250000 0.323276
vt 0.270833 0.323276
vt 0.291667 0.323276
vt 0.312500 0.323276
vt 0.333333 0.323276
vt 0.354167 0.323276
vt 0.375000 0.323276
vt 0.395833 0.323276
vt 0.416667 0.323276
vt 0.437500 0.323276
vt 0.458333 0.323276
vt 0.479167 0.323276
vt 0.520833 0.323276
vt 0.500000 0.323276
vt 0.541667 0.323276
vt 0.562500 0.323276
vt 0.583333 0.323276
vt 0.604167 0.323276
vt 0.625000 0.323276
vt 0.645833 0.323276
vt 0.666667 0.323276
vt 0.687500 0.323276
vt 0.708333 0.323276
vt 0.729167 0.323276
vt 0.750000 0.323276
vt 0.770833 0.323276
vt 0.791667 0.323276
vt 0.812500 0.323276
vt 0.833333 0.323276
vt 0.854167 0.323276
vt 0.875000 0.323276
vt 0.895833 0.323276
vt 0.916667 0.323276
vt 0.937500 0.323276
vt 0.958333 0.323276
vt 0.979167 0.323276
vt 1.000000 0.323276
vt -0.000000 0.336746
vt 0.020833 0.336746
vt 0.041667 0.336746
vt 0.062500 0.336746
vt 0.083333 0.336746
vt 0.104167 0.336746
vt 0.125000 0.336746
vt 0.145833 0.336746
vt 0.166667 0.336746
vt 0.187500 0.336746
vt 0.208333 0.336746
vt 0.229167 0.336746
vt 0.250000 0.336746
vt 0.270833 0.336746
vt 0.291667 0.336746
vt 0.312500 0.336746
vt 0.333333 0.336746
vt 0.354167 0.336746
vt 0.375000 0.336746
vt 0.395833 0.336746
vt 0.416667 0.336746
vt 0.437500 0.336746
vt 0.458333 0.336746
vt 0.479167 0.336746
vt 0.520833 0.336746
vt 0.500000 0.336746
vt 0.541667 0.336746
vt 0.562500 0.336746
vt 0.583333 0.336746
vt 0.604167 0.336746
vt 0.625000 0.336746
vt 0.645833 0.336746
vt 0.666667 0.336746
vt 0.687500 0.336746
vt 0.708333 0.336746
vt 0.729167 0.336746
vt 0.750000 0.336746
vt 0.770833 0.336746
vt 0.791667 0.336746
vt 0.812500 0.336746
vt 0.833333 0.336746
vt 0.854167 0.336746
vt 0.875000 0.336746
vt 0.895833 0.336746
vt 0.916667 0.336746
vt 0.937500 0.336746
vt 0.958333 0.336746
vt 0.979167 0.336746
vt 1.000000 0.336746
vt -0.000000 0.350216
vt 0.020833 0.350216
vt 0.041667 0.350216
vt 0.062500 0.350216
vt 0.083333 0.350216
vt 0.104167 0.350216
vt 0.125000 0.350216
vt 0.145833 0.350216
vt 0.166667 0.350216
vt 0.187500 0.350216
vt 0.208333 0.350216
vt 0.229167 0.350216
vt 0.250000 0.350216
vt 0.270833 0.350216
vt 0.291667 0.350216
vt 0.312500 0.350216
vt 0.333333 0.350216
vt 0.354167 0.350216
vt 0.375000 0.350216
vt 0.395833 0.350216
vt 0.416667 0.350216
vt 0.437500 0.350216
vt 0.458333 0.350216
vt 0.479167 0.350216
vt 0.520833 0.350216
vt 0.500000 0.350216
vt 0.541667 0.350216
vt 0.562500 0.350216
vt 0.583333 0.350216
vt 0.604167 0.350216
vt 0.625000 0.350216
vt 0.645833 0.350216
vt 0.666667 0.350216
vt 0.687500 0.350216
vt 0.708333 0.350216
vt 0.729167 0.350216
vt 0.750000 0.350216
vt 0.770833 0.350216
vt 0.791667 0.350216
vt 0.812500 0.350216
vt 0.833333 0.350216
vt 0.854167 0.350216
vt 0.875000 0.350216
vt 0.895833 0.350216
vt 0.916667 0.350216
vt 0.937500 0.350216
vt 0.958333 0.350216
vt 0.979167 0.350216
vt 1.000000 0.350216
vt -0.000000 0.363685
vt 0.020833 0.363685
vt 0.041667 0.363685
vt 0.062500 0.363685
vt 0.083333 0.363685
vt 0.104167 0.363685
vt 0.125000 0.363685
vt 0.145833 0.363685
vt 0.166667 0.363685
vt 0.187500 0.363685
vt 0.208333 0.363685
vt 0.229167 0.363685
vt 0.250000 0.363685
vt 0.270833 0.363685
vt 0.291667 0.363685
vt 0.312500 0.363685
vt 0.333333 0.363685
vt 0.354167 0.363685
vt 0.375000 0.363685
vt 0.395833 0.363685
vt 0.416667 0.363685
vt 0.437500 0.363685
vt 0.458333 0.363685
vt 0.479167 0.363685
vt 0.520833 0.363685
vt 0.500000 0.363685
vt 0.541667 0.363685
vt 0.562500 0.363685
vt 0.583333 0.363685
vt 0.604167 0.363685
vt 0.625000 0.363685
vt 0.645833 0.363685
vt 0.666667 0.363685
vt 0.687500 0.363685
vt 0.708333 0.363685
vt 0.729167 0.363685
vt 0.750000 0.363685
vt 0.770833 0.363685
vt 0.791667 0.363685
vt 0.812500 0.363685
vt 0.833333 0.363685
vt 0.854167 0.363685
vt 0.875000 0.363685
vt 0.895833 0.363685
vt 0.916667 0.363685
vt 0.937500 0.363685
vt 0.958333 0.363685
vt 0.979167 0.363685
vt 1.000000 0.363685
vt -0.000000 0.377155
vt 0.020833 0.377155
vt 0.041667 0.377155
vt 0.062500 0.377155
vt 0.083333 0.377155
vt 0.104167 0.377155
vt 0.125000 0.377155
vt 0.145833 0.377155
vt 0.166667 0.377155
vt 0.187500 0.377155
vt 0.208333 0.377155
vt 0.229167 0.377155
vt 0.250000 0.377155
vt 0.270833 0.377155
vt 0.291667 0.377155
vt 0.312500 0.377155
vt 0.333333 0.377155
vt 0.354167 0.377155
vt 0.375000 0.377155
vt 0.395833 0.377155
vt 0.416667 0.377155
vt 0.437500 0.377155
vt 0.458333 0.377155
vt 0.479167 0.377155
vt 0.520833 0.377155
vt 0.500000 0.377155
vt 0.541667 0.377155
vt 0.562500 0.377155
vt 0.583333 0.377155
vt 0.604167 0.377155
vt 0.625000 0.377155
vt 0.645833 0.377155
vt 0.666667 0.377155
vt 0.687500 0.377155
vt 0.708333 0.377155
vt 0.729167 0.377155
vt 0.750000 0.377155
vt 0.770833 0.377155
vt 0.791667 0.377155
vt 0.812500 0.377155
vt 0.833333 0.377155
vt 0.854167 0.377155
vt 0.875000 0.377155
vt 0.895833 0.377155
vt 0.916667 0.377155
vt 0.937500 0.377155
vt 0.958333 0.377155
vt 0.979167 0.377155
vt 1.000000 0.377155
vt 0.020833 0.390625
vt -0.000000 0.390625
vt 0.041667 0.390625
vt 0.062500 0.390625
vt 0.083333 0.390625
vt 0.104167 0.390625
vt 0.125000 0.390625
vt 0.145833 0.390625
vt 0.166667 0.390625
vt 0.187500 0.390625
vt 0.208333 0.390625
vt 0.229167 0.390625
vt 0.250000 0.390625
vt 0.270833 0.390625
vt 0.291667 0.390625
vt 0.312500 0.390625
vt 0.333333 0.390625
vt 0.354167 0.390625
vt 0.375000 0.390625
vt 0.395833 0.390625
vt 0.416667 0.390625
vt 0.437500 0.390625
vt 0.458333 0.390625
vt 0.479167 0.390625
vt 0.500000 0.390625
vt 0.520833 0.390625
vt 0.541667 0.390625
vt 0.562500 0.390625
vt 0.583333 0.390625
vt 0.604167 0.390625
vt 0.625000 0.390625
vt 0.645833 0.390625
vt 0.666667 0.390625
vt 0.687500 0.390625
vt 0.708333 0.390625
vt 0.729167 0.390625
vt 0.750000 0.390625
vt 0.770833 0.390625
vt 0.791667 0.390625
vt 0.812500 0.390625
vt 0.833333 0.390625
vt 0.854167 0.390625
vt 0.875000 0.390625
vt 0.895833 0.390625
vt 0.916667 0.390625
vt 0.937500 0.390625
vt 0.958333 0.390625
vt 0.979167 0.390625
vt 0.020833 0.404095
vt -0.000000 0.404095
vt 0.041667 0.404095
vt 0.062500 0.404095
vt 0.083333 0.404095
vt 0.104167 0.404095
vt 0.125000 0.404095
vt 0.145833 0.404095
vt 0.166667 0.404095
vt 0.187500 0.404095
vt 0.208333 0.404095
vt 0.229167 0.404095
vt 0.250000 0.404095
vt 0.270833 0.404095
vt 0.291667 0.404095
vt 0.312500 0.404095
vt 0.333333 0.404095
vt 0.354167 0.404095
vt 0.375000 0.404095
vt 0.395833 0.404095
vt 0.416667 0.404095
vt 0.437500 0.404095
vt 0.458333 0.404095
vt 0.479167 0.404095
vt 0.500000 0.404095
vt 0.520833 0.404095
vt 0.541667 0.404095
vt 0.562500 0.404095
vt 0.583333 0.404095
vt 0.604167 0.404095
vt 0.625000 0.404095
vt 0.645833 0.404095
vt 0.666667 0.404095
vt 0.687500 0.404095
vt 0.708333 0.404095
vt 0.729167 0.404095
vt 0.750000 0.404095
vt 0.770833 0.404095
vt 0.791667 0.404095
vt 0.812500 0.404095
vt 0.833333 0.404095
vt 0.854167 0.404095
vt 0.875000 0.404095
vt 0.895833 0.404095
vt 0.916667 0.404095
vt 0.937500 0.404095
vt 0.958333 0.404095
vt 1.000000 0.390625
vt 0.979167 0.404095
vt 0.020833 0.417565
vt -0.000000 0.417565
vt 0.041667 0.417565
vt 0.062500 0.417565
vt 0.083333 0.417565
vt 0.104167 0.417565
vt 0.125000 0.417565
vt 0.145833 0.417565
vt 0.166667 0.417565
vt 0.187500 0.417565
vt 0.208333 0.417565
vt 0.229167 0.417565
vt 0.250000 0.417565
vt 0.270833 0.417565
vt 0.291667 0.417565
vt 0.312500 0.417565
vt 0.333333 0.417565
vt 0.354167 0.417565
vt 0.375000 0.417565
vt 0.395833 0.417565
vt 0.416667 0.417565
vt 0.437500 0.417565
vt 0.458333 0.417565
vt 0.479167 0.417565
vt 0.500000 0.417565
vt 0.520833 0.417565
vt 0.541667 0.417565
vt 0.562500 0.417565
vt 0.583333 0.417565
vt 0.604167 0.417565
vt 0.625000 0.417565
vt 0.645833 0.417565
vt 0.666667 0.417565
vt 0.687500 0.417565
vt 0.708333 0.417565
vt 0.729167 0.417565
vt 0.750000 0.417565
vt 0.770833 0.417565
vt 0.791667 0.417565
vt 0.812500 0.417565
vt 0.833333 0.417565
vt 0.854167 0.417565
vt 0.875000 0.417565
vt 0.895833 0.417565
vt 0.916667 0.417565
vt 0.937500 0.417565
vt 0.958333 0.417565
vt 1.000000 0.404095
vt 0.979167 0.417565
vt 0.020833 0.431034
vt -0.000000 0.431034
vt 0.041667 0.431034
vt 0.062500 0.431034
vt 0.083333 0.431034
vt 0.104167 0.431034
vt 0.125000 0.431034
vt 0.145833 0.431034
vt 0.166667 0.431034
vt 0.187500 0.431034
vt 0.208333 0.431034
vt 0.229167 0.431034
vt 0.250000 0.431034
vt 0.270833 0.431034
vt 0.291667 0.431034
vt 0.312500 0.431034
vt 0.333333 0.431034
vt 0.354167 0.431034
vt 0.375000 0.431034
vt 0.395833 0.431034
vt 0.416667 0.431034
vt 0.437500 0.431034
vt 0.458333 0.431034
vt 0.479167 0.431034
vt 0.500000 0.431034
vt 0.520833 0.431034
vt 0.541667 0.431034
vt 0.562500 0.431034
vt 0.583333 0.431034
vt 0.604167 0.431034
vt 0.625000 0.431034
vt 0.645833 0.431034
vt 0.666667 0.431034
vt 0.687500 0.431034
vt 0.708333 0.431034
vt 0.729167 0.431034
vt 0.750000 0.431034
vt 0.770833 0.431034
vt 0.791667 0.431034
vt 0.812500 0.431034
vt 0.833333 0.431034
vt 0.854167 0.431034
vt 0.875000 0.431034
vt 0.895833 0.431034
vt 0.916667 0.431034
vt 0.937500 0.431034
vt 0.958333 0.431034
vt 1.000000 0.417565
vt 0.979167 0.431034
vt 0.020833 0.444504
vt -0.000000 0.444504
vt 0.041667 0.444504
vt 0.062500 0.444504
vt 0.083333 0.444504
vt 0.104167 0.444504
vt 0.125000 0.444504
vt 0.145833 0.444504
vt 0.166667 0.444504
vt 0.187500 0.444504
vt 0.208333 0.444504
vt 0.229167 0.444504
vt 0.250000 0.444504
vt 0.270833 0.444504
vt 0.291667 0.444504
vt 0.312500 0.444504
vt 0.333333 0.444504
vt 0.354167 0.444504
vt 0.375000 0.444504
vt 0.395833 0.444504
vt 0.416667 0.444504
vt 0.437500 0.444504
vt 0.458333 0.444504
vt 0.479167 0.444504
vt 0.500000 0.444504
vt 0.520833 0.444504
vt 0.541667 0.444504
vt 0.562500 0.444504
vt 0.583333 0.444504
vt 0.604167 0.444504
vt 0.625000 0.444504
vt 0.645833 0.444504
vt 0.666667 0.444504
vt 0.687500 0.444504
vt 0.708333 0.444504
vt 0.729167 0.444504
vt 0.750000 0.444504
vt 0.770833 0.444504
vt 0.791667 0.444504
vt 0.812500 0.444504
vt 0.833333 0.444504
vt 0.854167 0.444504
vt 0.875000 0.444504
vt 0.895833 0.444504
vt 0.916667 0.444504
vt 0.937500 0.444504
vt 0.958333 0.444504
vt 1.000000 0.431034
vt 0.979167 0.444504
vt 0.020833 0.457974
vt -0.000000 0.457974
vt 0.041667 0.457974
vt 0.062500 0.457974
vt 0.083333 0.457974
vt 0.104167 0.457974
vt 0.125000 0.457974
vt 0.145833 0.457974
vt 0.166667 0.457974
vt 0.187500 0.457974
vt 0.208333 0.457974
vt 0.229167 0.457974
vt 0.250000 0.457974
vt 0.270833 0.457974
vt 0.291667 0.457974
vt 0.312500 0.457974
vt 0.333333 0.457974
vt 0.354167 0.457974
vt 0.375000 0.457974
vt 0.395833 0.457974
vt 0.416667 0.457974
vt 0.437500 0.457974
vt 0.458333 0.457974
vt 0.479167 0.457974
vt 0.500000 0.457974
vt 0.520833 0.457974
vt 0.541667 0.457974
vt 0.562500 0.457974
vt 0.583333 0.457974
vt 0.604167 0.457974
vt 0.625000 0.457974
vt 0.645833 0.457974
vt 0.666667 0.457974
vt 0.687500 0.457974
vt 0.708333 0.457974
vt 0.729167 0.457974
vt 0.750000 0.457974
vt 0.770833 0.457974
vt 0.791667 0.457974
vt 0.812500 0.457974
vt 0.833333 0.457974
vt 0.854167 0.457974
vt 0.875000 0.457974
vt 0.895833 0.457974
vt 0.916667 0.457974
vt 0.937500 0.457974
vt 0.958333 0.457974
vt 1.000000 0.444504
vt 0.979167 0.457974
vt 0.020833 0.471444
vt -0.000000 0.471444
vt 0.041667 0.471444
vt 0.062500 0.471444
vt 0.083333 0.471444
vt 0.104167 0.471444
vt 0.125000 0.471444
vt 0.145833 0.471444
vt 0.166667 0.471444
vt 0.187500 0.471444
vt 0.208333 0.471444
vt 0.229167 0.471444
vt 0.250000 0.471444
vt 0.270833 0.471444
vt 0.291667 0.471444
vt 0.312500 0.471444
vt 0.333333 0.471444
vt 0.354167 0.471444
vt 0.375000 0.471444
vt 0.395833 0.471444
vt 0.416667 0.471444
vt 0.437500 0.471444
vt 0.458333 0.471444
vt 0.479167 0.471444
vt 0.500000 0.471444
vt 0.520833 0.471444
vt 0.541667 0.471444
vt 0.562500 0.471444
vt 0.583333 0.471444
vt 0.604167 0.471444
vt 0.625000 0.471444
vt 0.645833 0.471444
vt 0.666667 0.471444
vt 0.687500 0.471444
vt 0.708333 0.471444
vt 0.729167 0.471444
vt 0.750000 0.471444
vt 0.770833 0.471444
vt 0.791667 0.471444
vt 0.812500 0.471444
vt 0.833333 0.471444
vt 0.854167 0.471444
vt 0.875000 0.471444
vt 0.895833 0.471444
vt 0.916667 0.471444
vt 0.937500 0.471444
vt 0.958333 0.471444
vt 1.000000 0.457974
vt 0.979167 0.471444
vt 0.020833 0.484914
vt -0.000000 0.484914
vt 0.041667 0.484914
vt 0.062500 0.484914
vt 0.083333 0.484914
vt 0.104167 0.484914
vt 0.125000 0.484914
vt 0.145833 0.484914
vt 0.166667 0.484914
vt 0.187500 0.484914
vt 0.208333 0.484914
vt 0.229167 0.484914
vt 0.250000 0.484914
vt 0.270833 0.484914
vt 0.291667 0.484914
vt 0.312500 0.484914
vt 0.333333 0.484914
vt 0.354167 0.484914
vt 0.375000 0.484914
vt 0.395833 0.484914
vt 0.416667 0.484914
vt 0.437500 0.484914
vt 0.458333 0.484914
vt 0.479167 0.484914
vt 0.500000 0.484914
vt 0.520833 0.484914
vt 0.541667 0.484914
vt 0.562500 0.484914
vt 0.583333 0.484914
vt 0.604167 0.484914
vt 0.625000 0.484914
vt 0.645833 0.484914
vt 0.666667 0.484914
vt 0.687500 0.484914
vt 0.708333 0.484914
vt 0.729167 0.484914
vt 0.750000 0.484914
vt 0.770833 0.484914
vt 0.791667 0.484914
vt 0.812500 0.484914
vt 0.833333 0.484914
vt 0.854167 0.484914
vt 0.875000 0.484914
vt 0.895833 0.484914
vt 0.916667 0.484914
vt 0.937500 0.484914
vt 0.958333 0.484914
vt 1.000000 0.471444
vt 0.979167 0.484914
vt 0.020833 0.498384
vt -0.000000 0.498384
vt 0.041667 0.498384
vt 0.062500 0.498384
vt 0.083333 0.498384
vt 0.104167 0.498384
vt 0.125000 0.498384
vt 0.145833 0.498384
vt 0.166667 0.498384
vt 0.187500 0.498384
vt 0.208333 0.498384
vt 0.229167 0.498384
vt 0.250000 0.498384
vt 0.270833 0.498384
vt 0.291667 0.498384
vt 0.312500 0.498384
vt 0.333333 0.498384
vt 0.354167 0.498384
vt 0.375000 0.498384
vt 0.395833 0.498384
vt 0.416667 0.498384
vt 0.437500 0.498384
vt 0.458333 0.498384
vt 0.479167 0.498384
vt 0.500000 0.498384
vt 0.520833 0.498384
vt 0.541667 0.498384
vt 0.562500 0.498384
vt 0.583333 0.498384
vt 0.604167 0.498384
vt 0.625000 0.498384
vt 0.645833 0.498384
vt 0.666667 0.498384
vt 0.687500 0.498384
vt 0.708333 0.498384
vt 0.729167 0.498384
vt 0.750000 0.498384
vt 0.770833 0.498384
vt 0.791667 0.498384
vt 0.812500 0.498384
vt 0.833333 0.498384
vt 0.854167 0.498384
vt 0.875000 0.498384
vt 0.895833 0.498384
vt 0.916667 0.498384
vt 0.937500 0.498384
vt 0.958333 0.498384
vt 1.000000 0.484914
vt 0.979167 0.498384
vt 0.020833 0.511853
vt -0.000000 0.511853
vt 0.041667 0.511853
vt 0.062500 0.511853
vt 0.083333 0.511853
vt 0.104167 0.511853
vt 0.125000 0.511853
vt 0.145833 0.511853
vt 0.166667 0.511853
vt 0.187500 0.511853
vt 0.208333 0.511853
vt 0.229167 0.511853
vt 0.250000 0.511853
vt 0.270833 0.511853
vt 0.291667 0.511853
vt 0.312500 0.511853
vt 0.333333 0.511853
vt 0.354167 0.511853
vt 0.375000 0.511853
vt 0.395833 0.511853
vt 0.416667 0.511853
vt 0.437500 0.511853
vt 0.458333 0.511853
vt 0.479167 0.511853
vt 0.500000 0.511853
vt 0.520833 0.511853
vt 0.541667 0.511853
vt 0.562500 0.511853
vt 0.583333 0.511853
vt 0.604167 0.511853
vt 0.625000 0.511853
vt 0.645833 0.511853
vt 0.666667 0.511853
vt 0.687500 0.511853
vt 0.708333 0.511853
vt 0.729167 0.511853
vt 0.750000 0.511853
vt 0.770833 0.511853
vt 0.791667 0.511853
vt 0.812500 0.511853
vt 0.833333 0.511853
vt 0.854167 0.511853
vt 0.875000 0.511853
vt 0.895833 0.511853
vt 0.916667 0.511853
vt 0.937500 0.511853
vt 0.958333 0.511853
vt 1.000000 0.498384
vt 0.979167 0.511853
vt 0.020833 0.525323
vt -0.000000 0.525323
vt 0.041667 0.525323
vt 0.062500 0.525323
vt 0.083333 0.525323
vt 0.104167 0.525323
vt 0.125000 0.525323
vt 0.145833 0.525323
vt 0.166667 0.525323
vt 0.187500 0.525323
vt 0.208333 0.525323
vt 0.229167 0.525323
vt 0.250000 0.525323
vt 0.270833 0.525323
vt 0.291667 0.525323
vt 0.312500 0.525323
vt 0.333333 0.525323
vt 0.354167 0.525323
vt 0.375000 0.525323
vt 0.395833 0.525323
vt 0.416667 0.525323
vt 0.437500 0.525323
vt 0.458333 0.525323
vt 0.479167 0.525323
vt 0.500000 0.525323
vt 0.520833 0.525323
vt 0.541667 0.525323
vt 0.562500 0.525323
vt 0.583333 0.525323
vt 0.604167 0.525323
vt 0.625000 0.525323
vt 0.645833 0.525323
vt 0.666667 0.525323
vt 0.687500 0.525323
vt 0.708333 0.525323
vt 0.729167 0.525323
vt 0.750000 0.525323
vt 0.770833 0.525323
vt 0.791667 0.525323
vt 0.812500 0.525323
vt 0.833333 0.525323
vt 0.854167 0.525323
vt 0.875000 0.525323
vt 0.895833 0.525323
vt 0.916667 0.525323
vt 0.937500 0.525323
vt 0.958333 0.525323
vt 1.000000 0.511853
vt 0.979167 0.525323
vt 0.020833 0.538793
vt -0.000000 0.538793
vt 0.041667 0.538793
vt 0.062500 0.538793
vt 0.083333 0.538793
vt 0.104167 0.538793
vt 0.125000 0.538793
vt 0.145833 0.538793
vt 0.166667 0.538793
vt 0.187500 0.538793
vt 0.208333 0.538793
vt 0.229167 0.538793
vt 0.250000 0.538793
vt 0.270833 0.538793
vt 0.291667 0.538793
vt 0.312500 0.538793
vt 0.333333 0.538793
vt 0.354167 0.538793
vt 0.375000 0.538793
vt 0.395833 0.538793
vt 0.416667 0.538793
vt 0.437500 0.538793
vt 0.458333 0.538793
vt 0.479167 0.538793
vt 0.500000 0.538793
vt 0.520833 0.538793
vt 0.541667 0.538793
vt 0.562500 0.538793
vt 0.583333 0.538793
vt 0.604167 0.538793
vt 0.625000 0.538793
vt 0.645833 0.538793
vt 0.666667 0.538793
vt 0.687500 0.538793
vt 0.708333 0.538793
vt 0.729167 0.538793
vt 0.750000 0.538793
vt 0.770833 0.538793
vt 0.791667 0.538793
vt 0.812500 0.538793
vt 0.833333 0.538793
vt 0.854167 0.538793
vt 0.875000 0.538793
vt 0.895833 0.538793
vt 0.916667 0.538793
vt 0.937500 0.538793
vt 0.958333 0.538793
vt 1.000000 0.525323
vt 0.979167 0.538793
vt 0.020833 0.552263
vt -0.000000 0.552263
vt 0.041667 0.552263
vt 0.062500 0.552263
vt 0.083333 0.552263
vt 0.104167 0.552263
vt 0.125000 0.552263
vt 0.145833 0.552263
vt 0.166667 0.552263
vt 0.187500 0.552263
vt 0.208333 0.552263
vt 0.229167 0.552263
vt 0.250000 0.552263
vt 0.270833 0.552263
vt 0.291667 0.552263
vt 0.312500 0.552263
vt 0.333333 0.552263
vt 0.354167 0.552263
vt 0.375000 0.552263
vt 0.395833 0.552263
vt 0.416667 0.552263
vt 0.437500 0.552263
vt 0.458333 0.552263
vt 0.479167 0.552263
vt 0.500000 0.552263
vt 0.520833 0.552263
vt 0.541667 0.552263
vt 0.562500 0.552263
vt 0.583333 0.552263
vt 0.604167 0.552263
vt 0.625000 0.552263
vt 0.645833 0.552263
vt 0.666667 0.552263
vt 0.687500 0.552263
vt 0.708333 0.552263
vt 0.729167 0.552263
vt 0.750000 0.552263
vt 0.770833 0.552263
vt 0.791667 0.552263
vt 0.812500 0.552263
vt 0.833333 0.552263
vt 0.854167 0.552263
vt 0.875000 0.552263
vt 0.895833 0.552263
vt 0.916667 0.552263
vt 0.937500 0.552263
vt 0.958333 0.552263
vt 1.000000 0.538793
vt 0.979167 0.552263
vt 0.020833 0.565733
vt -0.000000 0.565733
vt 0.041667 0.565733
vt 0.062500 0.565733
vt 0.083333 0.565733
vt 0.104167 0.565733
vt 0.125000 0.565733
vt 0.145833 0.565733
vt 0.166667 0.565733
vt 0.187500 0.565733
vt 0.208333 0.565733
vt 0.229167 0.565733
vt 0.250000 0.565733
vt 0.270833 0.565733
vt 0.291667 0.565733
vt 0.312500 0.565733
vt 0.333333 0.565733
vt 0.354167 0.565733
vt 0.375000 0.565733
vt 0.395833 0.565733
vt 0.416667 0.565733
vt 0.437500 0.565733
vt 0.458333 0.565733
vt 0.479167 0.565733
vt 0.500000 0.565733
vt 0.520833 0.565733
vt 0.541667 0.565733
vt 0.562500 0.565733
vt 0.583333 0.565733
vt 0.604167 0.565733
vt 0.625000 0.565733
vt 0.645833 0.565733
vt 0.666667 0.565733
vt 0.687500 0.565733
vt 0.708333 0.565733
vt 0.729167 0.565733
vt 0.750000 0.565733
vt 0.770833 0.565733
vt 0.791667 0.565733
vt 0.812500 0.565733
vt 0.833333 0.565733
vt 0.854167 0.565733
vt 0.875000 0.565733
vt 0.895833 0.565733
vt 0.916667 0.565733
vt 0.937500 0.565733
vt 0.958333 0.565733
vt 1.000000 0.552263
vt 0.979167 0.565733
vt 0.020833 0.579203
vt -0.000000 0.579203
vt 0.041667 0.579203
vt 0.062500 0.579203
vt 0.083333 0.579203
vt 0.104167 0.579203
vt 0.125000 0.579203
vt 0.145833 0.579203
vt 0.166667 0.579203
vt 0.187500 0.579203
vt 0.208333 0.579203
vt 0.229167 0.579203
vt 0.250000 0.579203
vt 0.270833 0.579203
vt 0.291667 0.579203
vt 0.312500 0.579203
vt 0.333333 0.579203
vt 0.354167 0.579203
vt 0.375000 0.579203
vt 0.395833 0.579203
vt 0.416667 0.579203
vt 0.437500 0.579203
vt 0.458333 0.579203
vt 0.479167 0.579203
vt 0.500000 0.579203
vt 0.520833 0.579203
vt 0.541667 0.579203
vt 0.562500 0.579203
vt 0.583333 0.579203
vt 0.604167 0.579203
vt 0.625000 0.579203
vt 0.645833 0.579203
vt 0.666667 0.579203
vt 0.687500 0.579203
vt 0.708333 0.579203
vt 0.729167 0.579203
vt 0.750000 0.579203
vt 0.770833 0.579203
vt 0.791667 0.579203
vt 0.812500 0.579203
vt 0.833333 0.579203
vt 0.854167 0.579203
vt 0.875000 0.579203
vt 0.895833 0.579203
vt 0.916667 0.579203
vt 0.937500 0.579203
vt 0.958333 0.579203
vt 1.000000 0.565733
vt 0.979167 0.579203
vt 0.020833 0.592672
vt -0.000000 0.592672
vt 0.041667 0.592672
vt 0.062500 0.592672
vt 0.083333 0.592672
vt 0.104167 0.592672
vt 0.125000 0.592672
vt 0.145833 0.592672
vt 0.166667 0.592672
vt 0.187500 0.592672
vt 0.208333 0.592672
vt 0.229167 0.592672
vt 0.250000 0.592672
vt 0.270833 0.592672
vt 0.291667 0.592672
vt 0.312500 0.592672
vt 0.333333 0.592672
vt 0.354167 0.592672
vt 0.375000 0.592672
vt 0.395833 0.592672
vt 0.416667 0.592672
vt 0.437500 0.592672
vt 0.458333 0.592672
vt 0.479167 0.592672
vt 0.500000 0.592672
vt 0.520833 0.592672
vt 0.541667 0.592672
vt 0.562500 0.592672
vt 0.583333 0.592672
vt 0.604167 0.592672
vt 0.625000 0.592672
vt 0.645833 0.592672
vt 0.666667 0.592672
vt 0.687500 0.592672
vt 0.708333 0.592672
vt 0.729167 0.592672
vt 0.750000 0.592672
vt 0.770833 0.592672
vt 0.791667 0.592672
vt 0.812500 0.592672
vt 0.833333 0.592672
vt 0.854167 0.592672
vt 0.875000 0.592672
vt 0.895833 0.592672
vt 0.916667 0.592672
vt 0.937500 0.592672
vt 0.958333 0.592672
vt 1.000000 0.579203
vt 0.979167 0.592672
vt 0.020833 0.606142
vt -0.000000 0.606142
vt 0.041667 0.606142
vt 0.062500 0.606142
vt 0.083333 0.606142
vt 0.104167 0.606142
vt 0.125000 0.606142
vt 0.145833 0.606142
vt 0.166667 0.606142
vt 0.187500 0.606142
vt 0.208333 0.606142
vt 0.229167 0.606142
vt 0.250000 0.606142
vt 0.270833 0.606142
vt 0.291667 0.606142
vt 0.312500 0.606142
vt 0.333333 0.606142
vt 0.354167 0.606142
vt 0.375000 0.606142
vt 0.395833 0.606142
vt 0.416667 0.606142
vt 0.437500 0.606142
vt 0.458333 0.606142
vt 0.479167 0.606142
vt 0.500000 0.606142
vt 0.520833 0.606142
vt 0.541667 0.606142
vt 0.562500 0.606142
vt 0.583333 0.606142
vt 0.604167 0.606142
vt 0.625000 0.606142
vt 0.645833 0.606142
vt 0.666667 0.606142
vt 0.687500 0.606142
vt 0.708333 0.606142
vt 0.729167 0.606142
vt 0.750000 0.606142
vt 0.770833 0.606142
vt 0.791667 0.606142
vt 0.812500 0.606142
vt 0.833333 0.606142
vt 0.854167 0.606142
vt 0.875000 0.606142
vt 0.895833 0.606142
vt 0.916667 0.606142
vt 0.937500 0.606142
vt 0.958333 0.606142
vt 1.000000 0.592672
vt 0.979167 0.606142
vt 0.020833 0.619612
vt -0.000000 0.619612
vt 0.041667 0.619612
vt 0.062500 0.619612
vt 0.083333 0.619612
vt 0.104167 0.619612
vt 0.125000 0.619612
vt 0.145833 0.619612
vt 0.166667 0.619612
vt 0.187500 0.619612
vt 0.208333 0.619612
vt 0.229167 0.619612
vt 0.250000 0.619612
vt 0.270833 0.619612
vt 0.291667 0.619612
vt 0.312500 0.619612
vt 0.333333 0.619612
vt 0.354167 0.619612
vt 0.375000 0.619612
vt 0.395833 0.619612
vt 0.416667 0.619612
vt 0.437500 0.619612
vt 0.458333 0.619612
vt 0.479167 0.619612
vt 0.500000 0.619612
vt 0.520833 0.619612
vt 0.541667 0.619612
vt 0.562500 0.619612
vt 0.583333 0.619612
vt 0.604167 0.619612
vt 0.625000 0.619612
vt 0.645833 0.619612
vt 0.666667 0.619612
vt 0.687500 0.619612
vt 0.708333 0.619612
vt 0.729167 0.619612
vt 0.750000 0.619612
vt 0.770833 0.619612
vt 0.791667 0.619612
vt 0.812500 0.619612
vt 0.833333 0.619612
vt 0.854167 0.619612
vt 0.875000 0.619612
vt 0.895833 0.619612
vt 0.916667 0.619612
vt 0.937500 0.619612
vt 0.958333 0.619612
vt 1.000000 0.606142
vt 0.979167 0.619612
vt 0.020833 0.633082
vt -0.000000 0.633082
vt 0.041667 0.633082
vt 0.062500 0.633082
vt 0.083333 0.633082
vt 0.104167 0.633082
vt 0.125000 0.633082
vt 0.145833 0.633082
vt 0.166667 0.633082
vt 0.187500 0.633082
vt 0.208333 0.633082
vt 0.229167 0.633082
vt 0.250000 0.633082
vt 0.270833 0.633082
vt 0.291667 0.633082
vt 0.312500 0.633082
vt 0.333333 0.633082
vt 0.354167 0.633082
vt 0.375000 0.633082
vt 0.395833 0.633082
vt 0.416667 0.633082
vt 0.437500 0.633082
vt 0.458333 0.633082
vt 0.479167 0.633082
vt 0.500000 0.633082
vt 0.520833 0.633082
vt 0.541667 0.633082
vt 0.562500 0.633082
vt 0.583333 0.633082
vt 0.604167 0.633082
vt 0.625000 0.633082
vt 0.645833 0.633082
vt 0.666667 0.633082
vt 0.687500 0.633082
vt 0.708333 0.633082
vt 0.729167 0.633082
vt 0.750000 0.633082
vt 0.770833 0.633082
vt 0.791667 0.633082
vt 0.812500 0.633082
vt 0.833333 0.633082
vt 0.854167 0.633082
vt 0.875000 0.633082
vt 0.895833 0.633082
vt 0.916667 0.633082
vt 0.937500 0.633082
vt 0.958333 0.633082
vt 1.000000 0.619612
vt 0.979167 0.633082
vt 0.020833 0.646552
vt -0.000000 0.646552
vt 0.041667 0.646552
vt 0.062500 0.646552
vt 0.083333 0.646552
vt 0.104167 0.646552
vt 0.125000 0.646552
vt 0.145833 0.646552
vt 0.166667 0.646552
vt 0.187500 0.646552
vt 0.208333 0.646552
vt 0.229167 0.646552
vt 0.250000 0.646552
vt 0.270833 0.646552
vt 0.291667 0.646552
vt 0.312500 0.646552
vt 0.333333 0.646552
vt 0.354167 0.646552
vt 0.375000 0.646552
vt 0.395833 0.646552
vt 0.416667 0.646552
vt 0.437500 0.646552
vt 0.458333 0.646552
vt 0.479167 0.646552
vt 0.500000 0.646552
vt 0.520833 0.646552
vt 0.541667 0.646552
vt 0.562500 0.646552
vt 0.583333 0.646552
vt 0.604167 0.646552
vt 0.625000 0.646552
vt 0.645833 0.646552
vt 0.666667 0.646552
vt 0.687500 0.646552
vt 0.708333 0.646552
vt 0.729167 0.646552
vt 0.750000 0.646552
vt 0.770833 0.646552
vt 0.791667 0.646552
vt 0.812500 0.646552
vt 0.833333 0.646552
vt 0.854167 0.646552
vt 0.875000 0.646552
vt 0.895833 0.646552
vt 0.916667 0.646552
vt 0.937500 0.646552
vt 0.958333 0.646552
vt 1.000000 0.633082
vt 0.979167 0.646552
vt 0.020833 0.660022
vt -0.000000 0.660022
vt 0.041667 0.660022
vt 0.062500 0.660022
vt 0.083333 0.660022
vt 0.104167 0.660022
vt 0.125000 0.660022
vt 0.145833 0.660022
vt 0.166667 0.660022
vt 0.187500 0.660022
vt 0.208333 0.660022
vt 0.229167 0.660022
vt 0.250000 0.660022
vt 0.270833 0.660022
vt 0.291667 0.660022
vt 0.312500 0.660022
vt 0.333333 0.660022
vt 0.354167 0.660022
vt 0.375000 0.660022
vt 0.395833 0.660022
vt 0.416667 0.660022
vt 0.437500 0.660022
vt 0.458333 0.660022
vt 0.479167 0.660022
vt 0.500000 0.660022
vt 0.520833 0.660022
vt 0.541667 0.660022
vt 0.562500 0.660022
vt 0.583333 0.660022
vt 0.604167 0.660022
vt 0.625000 0.660022
vt 0.645833 0.660022
vt 0.666667 0.660022
vt 0.687500 0.660022
vt 0.708333 0.660022
vt 0.729167 0.660022
vt 0.750000 0.660022
vt 0.770833 0.660022
vt 0.791667 0.660022
vt 0.812500 0.660022
vt 0.833333 0.660022
vt 0.854167 0.660022
vt 0.875000 0.660022
vt 0.895833 0.660022
vt 0.916667 0.660022
vt 0.937500 0.660022
vt 0.958333 0.660022
vt 1.000000 0.646552
vt 0.979167 0.660022
vt 0.020833 0.673491
vt -0.000000 0.673491
vt 0.041667 0.673491
vt 0.062500 0.673491
vt 0.083333 0.673491
vt 0.104167 0.673491
vt 0.125000 0.673491
vt 0.145833 0.673491
vt 0.166667 0.673491
vt 0.187500 0.673491
vt 0.208333 0.673491
vt 0.229167 0.673491
vt 0.250000 0.673491
vt 0.270833 0.673491
vt 0.291667 0.673491
vt 0.312500 0.673491
vt 0.333333 0.673491
vt 0.354167 0.673491
vt 0.375000 0.673491
vt 0.395833 0.673491
vt 0.416667 0.673491
vt 0.437500 0.673491
vt 0.458333 0.673491
vt 0.479167 0.673491
vt 0.500000 0.673491
vt 0.520833 0.673491
vt 0.541667 0.673491
vt 0.562500 0.673491
vt 0.583333 0.673491
vt 0.604167 0.673491
vt 0.625000 0.673491
vt 0.645833 0.673491
vt 0.666667 0.673491
vt 0.687500 0.673491
vt 0.708333 0.673491
vt 0.729167 0.673491
vt 0.750000 0.673491
vt 0.770833 0.673491
vt 0.791667 0.673491
vt 0.812500 0.673491
vt 0.833333 0.673491
vt 0.854167 0.673491
vt 0.875000 0.673491
vt 0.895833 0.673491
vt 0.916667 0.673491
vt 0.937500 0.673491
vt 0.958333 0.673491
vt 1.000000 0.660022
vt 0.979167 0.673491
vt 0.020833 0.686961
vt -0.000000 0.686961
vt 0.041667 0.686961
vt 0.062500 0.686961
vt 0.083333 0.686961
vt 0.104167 0.686961
vt 0.125000 0.686961
vt 0.145833 0.686961
vt 0.166667 0.686961
vt 0.187500 0.686961
vt 0.208333 0.686961
vt 0.229167 0.686961
vt 0.250000 0.686961
vt 0.270833 0.686961
vt 0.291667 0.686961
vt 0.312500 0.686961
vt 0.333333 0.686961
vt 0.354167 0.686961
vt 0.375000 0.686961
vt 0.395833 0.686961
vt 0.416667 0.686961
vt 0.437500 0.686961
vt 0.458333 0.686961
vt 0.479167 0.686961
vt 0.500000 0.686961
vt 0.520833 0.686961
vt 0.541667 0.686961
vt 0.562500 0.686961
vt 0.583333 0.686961
vt 0.604167 0.686961
vt 0.625000 0.686961
vt 0.645833 0.686961
vt 0.666667 0.686961
vt 0.687500 0.686961
vt 0.708333 0.686961
vt 0.729167 0.686961
vt 0.750000 0.686961
vt 0.770833 0.686961
vt 0.791667 0.686961
vt 0.812500 0.686961
vt 0.833333 0.686961
vt 0.854167 0.686961
vt 0.875000 0.686961
vt 0.895833 0.686961
vt 0.916667 0.686961
vt 0.937500 0.686961
vt 0.958333 0.686961
vt 1.000000 0.673491
vt 0.979167 0.686961
vt 0.020833 0.700431
vt -0.000000 0.700431
vt 0.041667 0.700431
vt 0.062500 0.700431
vt 0.083333 0.700431
vt 0.104167 0.700431
vt 0.125000 0.700431
vt 0.145833 0.700431
vt 0.166667 0.700431
vt 0.187500 0.700431
vt 0.208333 0.700431
vt 0.229167 0.700431
vt 0.250000 0.700431
vt 0.270833 0.700431
vt 0.291667 0.700431
vt 0.312500 0.700431
vt 0.333333 0.700431
vt 0.354167 0.700431
vt 0.375000 0.700431
vt 0.395833 0.700431
vt 0.416667 0.700431
vt 0.437500 0.700431
vt 0.458333 0.700431
vt 0.479167 0.700431
vt 0.500000 0.700431
vt 0.520833 0.700431
vt 0.541667 0.700431
vt 0.562500 0.700431
vt 0.583333 0.700431
vt 0.604167 0.700431
vt 0.625000 0.700431
vt 0.645833 0.700431
vt 0.666667 0.700431
vt 0.687500 0.700431
vt 0.708333 0.700431
vt 0.729167 0.700431
vt 0.750000 0.700431
vt 0.770833 0.700431
vt 0.791667 0.700431
vt 0.812500 0.700431
vt 0.833333 0.700431
vt 0.854167 0.700431
vt 0.875000 0.700431
vt 0.895833 0.700431
vt 0.916667 0.700431
vt 0.937500 0.700431
vt 0.958333 0.700431
vt 1.000000 0.686961
vt 0.979167 0.700431
vt 0.020833 0.713901
vt -0.000000 0.713901
vt 0.041667 0.713901
vt 0.062500 0.713901
vt 0.083333 0.713901
vt 0.104167 0.713901
vt 0.125000 0.713901
vt 0.145833 0.713901
vt 0.166667 0.713901
vt 0.187500 0.713901
vt 0.208333 0.713901
vt 0.229167 0.713901
vt 0.250000 0.713901
vt 0.270833 0.713901
vt 0.291667 0.713901
vt 0.312500 0.713901
vt 0.333333 0.713901
vt 0.354167 0.713901
vt 0.375000 0.713901
vt 0.395833 0.713901
vt 0.416667 0.713901
vt 0.437500 0.713901
vt 0.458333 0.713901
vt 0.479167 0.713901
vt 0.500000 0.713901
vt 0.520833 0.713901
vt 0.541667 0.713901
vt 0.562500 0.713901
vt 0.583333 0.713901
vt 0.604167 0.713901
vt 0.625000 0.713901
vt 0.645833 0.713901
vt 0.666667 0.713901
vt 0.687500 0.713901
vt 0.708333 0.713901
vt 0.729167 0.713901
vt 0.750000 0.713901
vt 0.770833 0.713901
vt 0.791667 0.713901
vt 0.812500 0.713901
vt 0.833333 0.713901
vt 0.854167 0.713901
vt 0.875000 0.713901
vt 0.895833 0.713901
vt 0.916667 0.713901
vt 0.937500 0.713901
vt 0.958333 0.713901
vt 1.000000 0.700431
vt 0.979167 0.713901
vt 0.020833 0.727371
vt -0.000000 0.727371
vt 0.041667 0.727371
vt 0.062500 0.727371
vt 0.083333 0.727371
vt 0.104167 0.727371
vt 0.125000 0.727371
vt 0.145833 0.727371
vt 0.166667 0.727371
vt 0.187500 0.727371
vt 0.208333 0.727371
vt 0.229167 0.727371
vt 0.250000 0.727371
vt 0.270833 0.727371
vt 0.291667 0.727371
vt 0.312500 0.727371
vt 0.333333 0.727371
vt 0.354167 0.727371
vt 0.375000 0.727371
vt 0.395833 0.727371
vt 0.416667 0.727371
vt 0.437500 0.727371
vt 0.458333 0.727371
vt 0.479167 0.727371
vt 0.500000 0.727371
vt 0.520833 0.727371
vt 0.541667 0.727371
vt 0.562500 0.727371
vt 0.583333 0.727371
vt 0.604167 0.727371
vt 0.625000 0.727371
vt 0.645833 0.727371
vt 0.666667 0.727371
vt 0.687500 0.727371
vt 0.708333 0.727371
vt 0.729167 0.727371
vt 0.750000 0.727371
vt 0.770833 0.727371
vt 0.791667 0.727371
vt 0.812500 0.727371
vt 0.833333 0.727371
vt 0.854167 0.727371
vt 0.875000 0.727371
vt 0.895833 0.727371
vt 0.916667 0.727371
vt 0.937500 0.727371
vt 0.958333 0.727371
vt 1.000000 0.713901
vt 0.979167 0.727371
vt 0.020833 0.740840
vt -0.000000 0.740840
vt 0.041667 0.740840
vt 0.062500 0.740840
vt 0.083333 0.740840
vt 0.104167 0.740840
vt 0.125000 0.740840
vt 0.145833 0.740840
vt 0.166667 0.740840
vt 0.187500 0.740840
vt 0.208333 0.740840
vt 0.229167 0.740840
vt 0.250000 0.740840
vt 0.270833 0.740840
vt 0.291667 0.740840
vt 0.312500 0.740840
vt 0.333333 0.740840
vt 0.354167 0.740840
vt 0.375000 0.740840
vt 0.395833 0.740840
vt 0.416667 0.740840
vt 0.437500 0.740840
vt 0.458333 0.740840
vt 0.479167 0.740840
vt 0.500000 0.740840
vt 0.520833 0.740840
vt 0.541667 0.740840
vt 0.562500 0.740840
vt 0.583333 0.740840
vt 0.604167 0.740840
vt 0.625000 0.740840
vt 0.645833 0.740840
vt 0.666667 0.740840
vt 0.687500 0.740840
vt 0.708333 0.740840
vt 0.729167 0.740840
vt 0.750000 0.740840
vt 0.770833 0.740840
vt 0.791667 0.740840
vt 0.812500 0.740840
vt 0.833333 0.740840
vt 0.854167 0.740840
vt 0.875000 0.740840
vt 0.895833 0.740840
vt 0.916667 0.740840
vt 0.937500 0.740840
vt 0.958333 0.740840
vt 1.000000 0.727371
vt 0.979167 0.740840
vt 0.020833 0.754310
vt -0.000000 0.754310
vt 0.041667 0.754310
vt 0.062500 0.754310
vt 0.083333 0.754310
vt 0.104167 0.754310
vt 0.125000 0.754310
vt 0.145833 0.754310
vt 0.166667 0.754310
vt 0.187500 0.754310
vt 0.208333 0.754310
vt 0.229167 0.754310
vt 0.250000 0.754310
vt 0.270833 0.754310
vt 0.291667 0.754310
vt 0.312500 0.754310
vt 0.333333 0.754310
vt 0.354167 0.754310
vt 0.375000 0.754310
vt 0.395833 0.754310
vt 0.416667 0.754310
vt 0.437500 0.754310
vt 0.458333 0.754310
vt 0.479167 0.754310
vt 0.500000 0.754310
vt 0.520833 0.754310
vt 0.541667 0.754310
vt 0.562500 0.754310
vt 0.583333 0.754310
vt 0.604167 0.754310
vt 0.625000 0.754310
vt 0.645833 0.754310
vt 0.666667 0.754310
vt 0.687500 0.754310
vt 0.708333 0.754310
vt 0.729167 0.754310
vt 0.750000 0.754310
vt 0.770833 0.754310
vt 0.791667 0.754310
vt 0.812500 0.754310
vt 0.833333 0.754310
vt 0.854167 0.754310
vt 0.875000 0.754310
vt 0.895833 0.754310
vt 0.916667 0.754310
vt 0.937500 0.754310
vt 0.958333 0.754310
vt 1.000000 0.740840
vt 0.979167 0.754310
vt 0.020833 0.767780
vt -0.000000 0.767780
vt 0.041667 0.767780
vt 0.062500 0.767780
vt 0.083333 0.767780
vt 0.104167 0.767780
vt 0.125000 0.767780
vt 0.145833 0.767780
vt 0.166667 0.767780
vt 0.187500 0.767780
vt 0.208333 0.767780
vt 0.229167 0.767780
vt 0.250000 0.767780
vt 0.270833 0.767780
vt 0.291667 0.767780
vt 0.312500 0.767780
vt 0.333333 0.767780
vt 0.354167 0.767780
vt 0.375000 0.767780
vt 0.395833 0.767780
vt 0.416667 0.767780
vt 0.437500 0.767780
vt 0.458333 0.767780
vt 0.479167 0.767780
vt 0.500000 0.767780
vt 0.520833 0.767780
vt 0.541667 0.767780
vt 0.562500 0.767780
vt 0.583333 0.767780
vt 0.604167 0.767780
vt 0.625000 0.767780
vt 0.645833 0.767780
vt 0.666667 0.767780
vt 0.687500 0.767780
vt 0.708333 0.767780
vt 0.729167 0.767780
vt 0.750000 0.767780
vt 0.770833 0.767780
vt 0.791667 0.767780
vt 0.812500 0.767780
vt 0.833333 0.767780
vt 0.854167 0.767780
vt 0.875000 0.767780
vt 0.895833 0.767780
vt 0.916667 0.767780
vt 0.937500 0.767780
vt 0.958333 0.767780
vt 1.000000 0.754310
vt 0.979167 0.767780
vt 0.020833 0.781250
vt -0.000000 0.781250
vt 0.041667 0.781250
vt 0.062500 0.781250
vt 0.083333 0.781250
vt 0.104167 0.781250
vt 0.125000 0.781250
vt 0.145833 0.781250
vt 0.166667 0.781250
vt 0.187500 0.781250
vt 0.208333 0.781250
vt 0.229167 0.781250
vt 0.250000 0.781250
vt 0.270833 0.781250
vt 0.291667 0.781250
vt 0.312500 0.781250
vt 0.333333 0.781250
vt 0.354167 0.781250
vt 0.375000 0.781250
vt 0.395833 0.781250
vt 0.416667 0.781250
vt 0.437500 0.781250
vt 0.458333 0.781250
vt 0.479167 0.781250
vt 0.500000 0.781250
vt 0.520833 0.781250
vt 0.541667 0.781250
vt 0.562500 0.781250
vt 0.583333 0.781250
vt 0.604167 0.781250
vt 0.625000 0.781250
vt 0.645833 0.781250
vt 0.666667 0.781250
vt 0.687500 0.781250
vt 0.708333 0.781250
vt 0.729167 0.781250
vt 0.750000 0.781250
vt 0.770833 0.781250
vt 0.791667 0.781250
vt 0.812500 0.781250
vt 0.833333 0.781250
vt 0.854167 0.781250
vt 0.875000 0.781250
vt 0.895833 0.781250
vt 0.916667 0.781250
vt 0.937500 0.781250
vt 0.958333 0.781250
vt 1.000000 0.767780
vt 0.979167 0.781250
vt 0.020833 0.794720
vt -0.000000 0.794720
vt 0.041667 0.794720
vt 0.062500 0.794720
vt 0.083333 0.794720
vt 0.104167 0.794720
vt 0.125000 0.794720
vt 0.145833 0.794720
vt 0.166667 0.794720
vt 0.187500 0.794720
vt 0.208333 0.794720
vt 0.229167 0.794720
vt 0.250000 0.794720
vt 0.270833 0.794720
vt 0.291667 0.794720
vt 0.312500 0.794720
vt 0.333333 0.794720
vt 0.354167 0.794720
vt 0.375000 0.794720
vt 0.395833 0.794720
vt 0.416667 0.794720
vt 0.437500 0.794720
vt 0.458333 0.794720
vt 0.479167 0.794720
vt 0.500000 0.794720
vt 0.520833 0.794720
vt 0.541667 0.794720
vt 0.562500 0.794720
vt 0.583333 0.794720
vt 0.604167 0.794720
vt 0.625000 0.794720
vt 0.645833 0.794720
vt 0.666667 0.794720
vt 0.687500 0.794720
vt 0.708333 0.794720
vt 0.729167 0.794720
vt 0.750000 0.794720
vt 0.770833 0.794720
vt 0.791667 0.794720
vt 0.812500 0.794720
vt 0.833333 0.794720
vt 0.854167 0.794720
vt 0.875000 0.794720
vt 0.895833 0.794720
vt 0.916667 0.794720
vt 0.937500 0.794720
vt 0.958333 0.794720
vt 1.000000 0.781250
vt 0.979167 0.794720
vt 0.020833 0.808190
vt -0.000000 0.808190
vt 0.041667 0.808190
vt 0.062500 0.808190
vt 0.083333 0.808190
vt 0.104167 0.808190
vt 0.125000 0.808190
vt 0.145833 0.808190
vt 0.166667 0.808190
vt 0.187500 0.808190
vt 0.208333 0.808190
vt 0.229167 0.808190
vt 0.250000 0.808190
vt 0.270833 0.808190
vt 0.291667 0.808190
vt 0.312500 0.808190
vt 0.333333 0.808190
vt 0.354167 0.808190
vt 0.375000 0.808190
vt 0.395833 0.808190
vt 0.416667 0.808190
vt 0.437500 0.808190
vt 0.458333 0.808190
vt 0.479167 0.808190
vt 0.500000 0.808190
vt 0.520833 0.808190
vt 0.541667 0.808190
vt 0.562500 0.808190
vt 0.583333 0.808190
vt 0.604167 0.808190
vt 0.625000 0.808190
vt 0.645833 0.808190
vt 0.666667 0.808190
vt 0.687500 0.808190
vt 0.708333 0.808190
vt 0.729167 0.808190
vt 0.750000 0.808190
vt 0.770833 0.808190
vt 0.791667 0.808190
vt 0.812500 0.808190
vt 0.833333 0.808190
vt 0.854167 0.808190
vt 0.875000 0.808190
vt 0.895833 0.808190
vt 0.916667 0.808190
vt 0.937500 0.808190
vt 0.958333 0.808190
vt 1.000000 0.794720
vt 0.979167 0.808190
vt 0.020833 0.821660
vt -0.000000 0.821660
vt 0.041667 0.821660
vt 0.062500 0.821660
vt 0.083333 0.821660
vt 0.104167 0.821660
vt 0.125000 0.821660
vt 0.145833 0.821660
vt 0.166667 0.821660
vt 0.187500 0.821660
vt 0.208333 0.821660
vt 0.229167 0.821660
vt 0.250000 0.821660
vt 0.270833 0.821660
vt 0.291667 0.821660
vt 0.312500 0.821660
vt 0.333333 0.821660
vt 0.354167 0.821660
vt 0.375000 0.821660
vt 0.395833 0.821660
vt 0.416667 0.821660
vt 0.437500 0.821660
vt 0.458333 0.821660
vt 0.479167 0.821660
vt 0.500000 0.821660
vt 0.520833 0.821660
vt 0.541667 0.821660
vt 0.562500 0.821660
vt 0.583333 0.821660
vt 0.604167 0.821660
vt 0.625000 0.821660
vt 0.645833 0.821660
vt 0.666667 0.821660
vt 0.687500 0.821660
vt 0.708333 0.821660
vt 0.729167 0.821660
vt 0.750000 0.821660
vt 0.770833 0.821660
vt 0.791667 0.821660
vt 0.812500 0.821660
vt 0.833333 0.821660
vt 0.854167 0.821660
vt 0.875000 0.821660
vt 0.895833 0.821660
vt 0.916667 0.821660
vt 0.937500 0.821660
vt 0.958333 0.821660
vt 1.000000 0.808190
vt 0.979167 0.821660
vt 0.020833 0.835129
vt -0.000000 0.835129
vt 0.041667 0.835129
vt 0.062500 0.835129
vt 0.083333 0.835129
vt 0.104167 0.835129
vt 0.125000 0.835129
vt 0.145833 0.835129
vt 0.166667 0.835129
vt 0.187500 0.835129
vt 0.208333 0.835129
vt 0.229167 0.835129
vt 0.250000 0.835129
vt 0.270833 0.835129
vt 0.291667 0.835129
vt 0.312500 0.835129
vt 0.333333 0.835129
vt 0.354167 0.835129
vt 0.375000 0.835129
vt 0.395833 0.835129
vt 0.416667 0.835129
vt 0.437500 0.835129
vt 0.458333 0.835129
vt 0.479167 0.835129
vt 0.500000 0.835129
vt 0.520833 0.835129
vt 0.541667 0.835129
vt 0.562500 0.835129
vt 0.583333 0.835129
vt 0.604167 0.835129
vt 0.625000 0.835129
vt 0.645833 0.835129
vt 0.666667 0.835129
vt 0.687500 0.835129
vt 0.708333 0.835129
vt 0.729167 0.835129
vt 0.750000 0.835129
vt 0.770833 0.835129
vt 0.791667 0.835129
vt 0.812500 0.835129
vt 0.833333 0.835129
vt 0.854167 0.835129
vt 0.875000 0.835129
vt 0.895833 0.835129
vt 0.916667 0.835129
vt 0.937500 0.835129
vt 0.958333 0.835129
vt 1.000000 0.821660
vt 0.979167 0.835129
vt 0.020833 0.848599
vt -0.000000 0.848599
vt 0.041667 0.848599
vt 0.062500 0.848599
vt 0.083333 0.848599
vt 0.104167 0.848599
vt 0.125000 0.848599
vt 0.145833 0.848599
vt 0.166667 0.848599
vt 0.187500 0.848599
vt 0.208333 0.848599
vt 0.229167 0.848599
vt 0.250000 0.848599
vt 0.270833 0.848599
vt 0.291667 0.848599
vt 0.312500 0.848599
vt 0.333333 0.848599
vt 0.354167 0.848599
vt 0.375000 0.848599
vt 0.395833 0.848599
vt 0.416667 0.848599
vt 0.437500 0.848599
vt 0.458333 0.848599
vt 0.479167 0.848599
vt 0.500000 0.848599
vt 0.520833 0.848599
vt 0.541667 0.848599
vt 0.562500 0.848599
vt 0.583333 0.848599
vt 0.604167 0.848599
vt 0.625000 0.848599
vt 0.645833 0.848599
vt 0.666667 0.848599
vt 0.687500 0.848599
vt 0.708333 0.848599
vt 0.729167 0.848599
vt 0.750000 0.848599
vt 0.770833 0.848599
vt 0.791667 0.848599
vt 0.812500 0.848599
vt 0.833333 0.848599
vt 0.854167 0.848599
vt 0.875000 0.848599
vt 0.895833 0.848599
vt 0.916667 0.848599
vt 0.937500 0.848599
vt 0.958333 0.848599
vt 1.000000 0.835129
vt 0.979167 0.848599
vt 0.020833 0.862069
vt -0.000000 0.862069
vt 0.041667 0.862069
vt 0.062500 0.862069
vt 0.083333 0.862069
vt 0.104167 0.862069
vt 0.125000 0.862069
vt 0.145833 0.862069
vt 0.166667 0.862069
vt 0.187500 0.862069
vt 0.208333 0.862069
vt 0.229167 0.862069
vt 0.250000 0.862069
vt 0.270833 0.862069
vt 0.291667 0.862069
vt 0.312500 0.862069
vt 0.333333 0.862069
vt 0.354167 0.862069
vt 0.375000 0.862069
vt 0.395833 0.862069
vt 0.416667 0.862069
vt 0.437500 0.862069
vt 0.458333 0.862069
vt 0.479167 0.862069
vt 0.500000 0.862069
vt 0.520833 0.862069
vt 0.541667 0.862069
vt 0.562500 0.862069
vt 0.583333 0.862069
vt 0.604167 0.862069
vt 0.625000 0.862069
vt 0.645833 0.862069
vt 0.666667 0.862069
vt 0.687500 0.862069
vt 0.708333 0.862069
vt 0.729167 0.862069
vt 0.750000 0.862069
vt 0.770833 0.862069
vt 0.791667 0.862069
vt 0.812500 0.862069
vt 0.833333 0.862069
vt 0.854167 0.862069
vt 0.875000 0.862069
vt 0.895833 0.862069
vt 0.916667 0.862069
vt 0.937500 0.862069
vt 0.958333 0.862069
vt 1.000000 0.848599
vt 0.979167 0.862069
vt 0.999799 0.053879
vt 0.604125 0.053879
vt 0.011909 0.999873
vt 0.985882 1.000000
vt 0.014118 1.000000
vt 0.988091 0.999873
vt 0.009755 0.999494
vt 0.990245 0.999494
vt 0.007708 0.998873
vt 0.992292 0.998873
vt 0.005820 0.998024
vt 0.994181 0.998024
vt 0.004135 0.996970
vt 0.995865 0.996970
vt 0.002696 0.995736
vt 0.997304 0.995736
vt 0.001539 0.994352
vt 0.998461 0.994352
vt 0.000691 0.992852
vt 0.999309 0.992852
vt 0.000174 0.991273
vt 0.999826 0.991273
vt -0.000000 0.989655
vt 1.000000 0.989655
vt -0.000000 0.872414
vt 0.369414 0.960478
vt 0.374351 0.961346
vt 0.379412 0.961638
vt 0.620588 0.961638
vt 0.625649 0.961346
vt 0.630586 0.960478
vt 1.000000 0.872414
vt 0.364724 0.959054
vt 0.635276 0.959054
vt 0.360395 0.957110
vt 0.639605 0.957110
vt 0.356535 0.954694
vt 0.643465 0.954694
vt 0.353238 0.951866
vt 0.646762 0.951866
vt 0.350585 0.948694
vt 0.649415 0.948694
vt 0.348642 0.945257
vt 0.651358 0.945257
vt 0.347457 0.941640
vt 0.652543 0.941640
vt 0.347059 0.937931
vt 0.652941 0.937931
vt 0.347457 0.934222
vt 0.652543 0.934222
vt 0.348642 0.930605
vt 0.651358 0.930605
vt 0.350585 0.927168
vt 0.649415 0.927168
vt 0.353238 0.923996
vt 0.646762 0.923996
vt 0.356535 0.921168
vt 0.643465 0.921168
vt 0.360395 0.918752
vt 0.639605 0.918752
vt 0.364724 0.916808
vt 0.635276 0.916808
vt 0.369414 0.915384
vt 0.630586 0.915384
vt 0.374351 0.914516
vt 0.625649 0.914516
vt 0.379412 0.914224
vt 0.620588 0.914224
vt 0.000174 0.870795
vt 0.999826 0.870795
vt 0.000691 0.869217
vt 0.999309 0.869217
vt 0.001539 0.867717
vt 0.998461 0.867717
vt 0.002696 0.866333
vt 0.997304 0.866333
vt 0.004135 0.865099
vt 0.995865 0.865099
vt 0.005820 0.864045
vt 0.994181 0.864045
vt 0.007708 0.863196
vt 0.992292 0.863196
vt 0.009755 0.862575
vt 0.990245 0.862575
vt 0.011909 0.862196
vt 0.988091 0.862196
vt 0.014118 0.862069
vt 0.985882 0.862069
vt 1.000000 0.862069
s 1
usemtl CatnipBagMat
f 1/1/1 51/2/2 50/3/3
f 2/4/4 52/5/5 51/2/2
f 3/6/6 53/7/7 52/5/5
f 4/8/8 54/9/9 53/7/7
f 5/10/10 55/11/11 54/9/9
f 6/12/12 56/13/13 55/11/11
f 7/14/14 57/15/15 56/13/13
f 8/16/16 58/17/17 57/15/15
f 9/18/18 59/19/19 58/17/17
f 10/20/20 60/21/21 59/19/19
f 11/22/22 61/23/23 60/21/21
f 12/24/24 62/25/25 61/23/23
f 13/26/26 63/27/27 62/25/25
f 14/28/28 64/29/29 63/27/27
f 15/30/30 65/31/31 64/29/29
f 16/32/32 66/33/33 65/31/31
f 17/34/34 67/35/35 66/33/33
f 18/36/36 68/37/37 67/35/35
f 19/38/38 69/39/39 68/37/37
f 20/40/40 70/41/41 69/39/39
f 21/42/42 71/43/43 70/41/41
f 22/44/44 72/45/45 71/43/43
f 23/46/46 73/47/47 72/45/45
f 24/48/48 74/49/49 73/47/47
f 26/50/50 74/49/49 25/51/51
f 27/52/52 75/53/53 26/50/50
f 28/54/54 76/55/55 27/52/52
f 29/56/56 77/57/57 28/54/54
f 30/58/58 78/59/59 29/56/56
f 31/60/60 79/61/61 30/58/58
f 32/62/62 80/63/63 31/60/60
f 33/64/64 81/65/65 32/62/62
f 34/66/66 82/67/67 33/64/64
f 35/68/68 83/69/69 34/66/66
f 36/70/70 84/71/71 35/68/68
f 37/72/72 85/73/73 36/70/70
f 38/74/74 86/75/75 37/72/72
f 39/76/76 87/77/77 38/74/74
f 40/78/78 88/79/79 39/76/76
f 41/80/80 89/81/81 40/78/78
f 42/82/82 90/83/83 41/80/80
f 43/84/84 91/85/85 42/82/82
f 44/86/86 92/87/87 43/84/84
f 45/88/88 93/89/89 44/86/86
f 46/90/90 94/91/91 45/88/88
f 47/92/92 95/93/93 46/90/90
f 48/94/94 96/95/95 47/92/92
f 49/96/96 97/97/97 48/94/94
f 50/3/3 100/98/98 99/99/99
f 51/2/2 101/100/100 100/98/98
f 52/5/5 102/101/101 101/100/100
f 53/7/7 103/102/102 102/101/101
f 54/9/9 104/103/103 103/102/102
f 55/11/11 105/104/104 104/103/103
f 56/13/13 106/105/105 105/104/104
f 57/15/15 107/106/106 106/105/105
f 58/17/17 108/107/107 107/106/106
f 59/19/19 109/108/108 108/107/107
f 60/21/21 110/109/109 109/108/108
f 61/23/23 111/110/110 110/109/109
f 62/25/25 112/111/111 111/110/110
f 63/27/27 113/112/112 112/111/111
f 64/29/29 114/113/113 113/112/112
f 65/31/31 115/114/114 114/113/113
f 66/33/33 116/115/115 115/114/114
f 67/35/35 117/116/116 116/115/115
f 68/37/37 118/117/117 117/116/116
f 69/39/39 119/118/118 118/117/117
f 70/41/41 120/119/119 119/118/118
f 71/43/43 121/120/120 120/119/119
f 72/45/45 122/121/121 121/120/120
f 73/47/47 123/122/122 122/121/121
f 75/53/53 123/122/122 74/49/49
f 76/55/55 124/123/123 75/53/53
f 77/57/57 125/124/124 76/55/55
f 78/59/59 126/125/125 77/57/57
f 79/61/61 127/126/126 78/59/59
f 80/63/63 128/127/127 79/61/61
f 81/65/65 129/128/128 80/63/63
f 82/67/67 130/129/129 81/65/65
f 83/69/69 131/130/130 82/67/67
f 84/71/71 132/131/131 83/69/69
f 85/73/73 133/132/132 84/71/71
f 86/75/75 134/133/133 85/73/73
f 87/77/77 135/134/134 86/75/75
f 88/79/79 136/135/135 87/77/77
f 89/81/81 137/136/136 88/79/79
f 90/83/83 138/137/137 89/81/81
f 91/85/85 139/138/138 90/83/83
f 92/87/87 140/139/139 91/85/85
f 93/89/89 141/140/140 92/87/87
f 94/91/91 142/141/141 93/89/89
f 95/93/93 143/142/142 94/91/91
f 96/95/95 144/143/143 95/93/93
f 97/97/97 145/144/144 96/95/95
f 98/145/145 146/146/146 97/97/97
f 99/99/99 149/147/147 148/148/148
f 100/98/98 150/149/149 149/147/147
f 101/100/100 151/150/150 150/149/149
f 102/101/101 152/151/151 151/150/150
f 103/102/102 153/152/152 152/151/151
f 104/103/103 154/153/153 153/152/152
f 105/104/104 155/154/154 154/153/153
f 106/105/105 156/155/155 155/154/154
f 107/106/106 157/156/156 156/155/155
f 108/107/107 158/157/157 157/156/156
f 109/108/108 159/158/158 158/157/157
f 110/109/109 160/159/159 159/158/158
f 111/110/110 161/160/160 160/159/159
f 112/111/111 162/161/161 161/160/160
f 113/112/112 163/162/162 162/161/161
f 114/113/113 164/163/163 163/162/162
f 115/114/114 165/164/164 164/163/163
f 116/115/115 166/165/165 165/164/164
f 117/116/116 167/166/166 166/165/165
f 118/117/117 168/167/167 167/166/166
f 119/118/118 169/168/168 168/167/167
f 120/119/119 170/169/169 169/168/168
f 121/120/120 171/170/170 170/169/169
f 122/121/121 172/171/171 171/170/170
f 124/123/123 172/171/171 123/122/122
f 125/124/124 173/172/172 124/123/123
f 126/125/125 174/173/173 125/124/124
f 127/126/126 175/174/174 126/125/125
f 128/127/127 176/175/175 127/126/126
f 129/128/128 177/176/176 128/127/127
f 130/129/129 178/177/177 129/128/128
f 131/130/130 179/178/178 130/129/129
f 132/131/131 180/179/179 131/130/130
f 133/132/132 181/180/180 132/131/131
f 134/133/133 182/181/181 133/132/132
f 135/134/134 183/182/182 134/133/133
f 136/135/135 184/183/183 135/134/134
f 137/136/136 185/184/184 136/135/135
f 138/137/137 186/185/185 137/136/136
f 139/138/138 187/186/186 138/137/137
f 140/139/139 188/187/187 139/138/138
f 141/140/140 189/188/188 140/139/139
f 142/141/141 190/189/189 141/140/140
f 143/142/142 191/190/190 142/141/141
f 144/143/143 192/191/191 143/142/142
f 145/144/144 193/192/192 144/143/143
f 146/146/146 194/193/193 145/144/144
f 147/194/194 195/195/195 146/146/146
f 148/148/148 198/196/196 197/197/197
f 149/147/147 199/198/198 198/196/196
f 150/149/149 200/199/199 199/198/198
f 151/150/150 201/200/200 200/199/199
f 152/151/151 202/201/201 201/200/200
f 153/152/152 203/202/202 202/201/201
f 154/153/153 204/203/203 203/202/202
f 155/154/154 205/204/204 204/203/203
f 156/155/155 206/205/205 205/204/204
f 157/156/156 207/206/206 206/205/205
f 158/157/157 208/207/207 207/206/206
f 159/158/158 209/208/208 208/207/207
f 160/159/159 210/209/209 209/208/208
f 161/160/160 211/210/210 210/209/209
f 162/161/161 212/211/211 211/210/210
f 163/162/162 213/212/212 212/211/211
f 164/163/163 214/213/213 213/212/212
f 165/164/164 215/214/214 214/213/213
f 166/165/165 216/215/215 215/214/214
f 167/166/166 217/216/216 216/215/215
f 168/167/167 218/217/217 217/216/216
f 169/168/168 219/218/218 218/217/217
f 170/169/169 220/219/219 219/218/218
f 171/170/170 221/220/220 220/219/219
f 173/172/172 221/220/220 172/171/171
f 174/173/173 222/221/221 173/172/172
f 175/174/174 223/222/222 174/173/173
f 176/175/175 224/223/223 175/174/174
f 177/176/176 225/224/224 176/175/175
f 178/177/177 226/225/225 177/176/176
f 179/178/178 227/226/226 178/177/177
f 180/179/179 228/227/227 179/178/178
f 181/180/180 229/228/228 180/179/179
f 182/181/181 230/229/229 181/180/180
f 183/182/182 231/230/230 182/181/181
f 184/183/183 232/231/231 183/182/182
f 185/184/184 233/232/232 184/183/183
f 186/185/185 234/233/233 185/184/184
f 187/186/186 235/234/234 186/185/185
f 188/187/187 236/235/235 187/186/186
f 189/188/188 237/236/236 188/187/187
f 190/189/189 238/237/237 189/188/188
f 191/190/190 239/238/238 190/189/189
f 192/191/191 240/239/239 191/190/190
f 193/192/192 241/240/240 192/191/191
f 194/193/193 242/241/241 193/192/192
f 195/195/195 243/242/242 194/193/193
f 196/243/243 244/244/244 195/195/195
f 198/196/196 246/245/245 197/197/197
f 199/198/198 247/246/246 198/196/196
f 200/199/199 248/247/247 199/198/198
f 201/200/200 249/248/248 200/199/199
f 202/201/201 250/249/249 201/200/200
f 203/202/202 251/250/250 202/201/201
f 204/203/203 252/251/251 203/202/202
f 205/204/204 253/252/252 204/203/203
f 206/205/205 254/253/253 205/204/204
f 207/206/206 255/254/254 206/205/205
f 208/207/207 256/255/255 207/206/206
f 209/208/208 257/256/256 208/207/207
f 210/209/209 258/257/257 209/208/208
f 211/210/210 259/258/258 210/209/209
f 212/211/211 260/259/259 211/210/210
f 213/212/212 261/260/260 212/211/211
f 214/213/213 262/261/261 213/212/212
f 215/214/214 263/262/262 214/213/213
f 216/215/215 264/263/263 215/214/214
f 217/216/216 265/264/264 216/215/215
f 218/217/217 266/265/265 217/216/216
f 219/218/218 267/266/266 218/217/217
f 220/219/219 268/267/267 219/218/218
f 221/220/220 269/268/268 220/219/219
f 221/220/220 271/269/269 270/270/270
f 222/221/221 272/271/271 271/269/269
f 223/222/222 273/272/272 272/271/271
f 224/223/223 274/273/273 273/272/272
f 225/224/224 275/274/274 274/273/273
f 226/225/225 276/275/275 275/274/274
f 227/226/226 277/276/276 276/275/275
f 228/227/227 278/277/277 277/276/276
f 229/228/228 279/278/278 278/277/277
f 230/229/229 280/279/279 279/278/278
f 231/230/230 281/280/280 280/279/279
f 232/231/231 282/281/281 281/280/280
f 233/232/232 283/282/282 282/281/281
f 234/233/233 284/283/283 283/282/282
f 235/234/234 285/284/284 284/283/283
f 236/235/235 286/285/285 285/284/284
f 237/236/236 287/286/286 286/285/285
f 238/237/237 288/287/287 287/286/286
f 239/238/238 289/288/288 288/287/287
f 240/239/239 290/289/289 289/288/288
f 241/240/240 291/290/290 290/289/289
f 242/241/241 292/291/291 291/290/290
f 243/242/242 293/292/292 292/291/291
f 244/244/244 294/293/293 293/292/292
f 247/246/246 295/294/294 246/245/245
f 248/247/247 296/295/295 247/246/246
f 249/248/248 297/296/296 248/247/247
f 250/249/249 298/297/297 249/248/248
f 251/250/250 299/298/298 250/249/249
f 252/251/251 300/299/299 251/250/250
f 253/252/252 301/300/300 252/251/251
f 254/253/253 302/301/301 253/252/252
f 255/254/254 303/302/302 254/253/253
f 256/255/255 304/303/303 255/254/254
f 257/256/256 305/304/304 256/255/255
f 258/257/257 306/305/305 257/256/256
f 259/258/258 307/306/306 258/257/257
f 260/259/259 308/307/307 259/258/258
f 261/260/260 309/308/308 260/259/259
f 262/261/261 310/309/309 261/260/260
f 263/262/262 311/310/310 262/261/261
f 264/263/263 312/311/311 263/262/262
f 265/264/264 313/312/312 264/263/263
f 266/265/265 314/313/313 265/264/264
f 267/266/266 315/314/314 266/265/265
f 268/267/267 316/315/315 267/266/266
f 269/268/268 317/316/316 268/267/267
f 270/270/270 318/317/317 269/268/268
f 270/270/270 320/318/318 319/319/319
f 271/269/269 321/320/320 320/318/318
f 272/271/271 322/321/321 321/320/320
f 273/272/272 323/322/322 322/321/321
f 274/273/273 324/323/323 323/322/322
f 275/274/274 325/324/324 324/323/323
f 276/275/275 326/325/325 325/324/324
f 277/276/276 327/326/326 326/325/325
f 278/277/277 328/327/327 327/326/326
f 279/278/278 329/328/328 328/327/327
f 280/279/279 330/329/329 329/328/328
f 281/280/280 331/330/330 330/329/329
f 282/281/281 332/331/331 331/330/330
f 283/282/282 333/332/332 332/331/331
f 284/283/283 334/333/333 333/332/332
f 285/284/284 335/334/334 334/333/333
f 286/285/285 336/335/335 335/334/334
f 287/286/286 337/336/336 336/335/335
f 288/287/287 338/337/337 337/336/336
f 289/288/288 339/338/338 338/337/337
f 290/289/289 340/339/339 339/338/338
f 291/290/290 341/340/340 340/339/339
f 292/291/291 342/341/341 341/340/340
f 293/292/292 343/342/342 342/341/341
f 296/295/295 344/343/343 295/294/294
f 297/296/296 345/344/344 296/295/295
f 298/297/297 346/345/345 297/296/296
f 299/298/298 347/346/346 298/297/297
f 300/299/299 348/347/347 299/298/298
f 301/300/300 349/348/348 300/299/299
f 302/301/301 350/349/349 301/300/300
f 303/302/302 351/350/350 302/301/301
f 304/303/303 352/351/351 303/302/302
f 305/304/304 353/352/352 304/303/303
f 306/305/305 354/353/353 305/304/304
f 307/306/306 355/354/354 306/305/305
f 308/307/307 356/355/355 307/306/306
f 309/308/308 357/356/356 308/307/307
f 310/309/309 358/357/357 309/308/308
f 311/310/310 359/358/358 310/309/309
f 312/311/311 360/359/359 311/310/310
f 313/312/312 361/360/360 312/311/311
f 314/313/313 362/361/361 313/312/312
f 315/314/314 363/362/362 314/313/313
f 316/315/315 364/363/363 315/314/314
f 317/316/316 365/364/364 316/315/315
f 318/317/317 366/365/365 317/316/316
f 319/319/319 367/366/366 318/317/317
f 319/319/319 369/367/367 368/368/368
f 320/318/318 370/369/369 369/367/367
f 321/320/320 371/370/370 370/369/369
f 322/321/321 372/371/371 371/370/370
f 323/322/322 373/372/372 372/371/371
f 324/323/323 374/373/373 373/372/372
f 325/324/324 375/374/374 374/373/373
f 326/325/325 376/375/375 375/374/374
f 327/326/326 377/376/376 376/375/375
f 328/327/327 378/377/377 377/376/376
f 329/328/328 379/378/378 378/377/377
f 330/329/329 380/379/379 379/378/378
f 331/330/330 381/380/380 380/379/379
f 332/331/331 382/381/381 381/380/380
f 333/332/332 383/382/382 382/381/381
f 334/333/333 384/383/383 383/382/382
f 335/334/334 385/384/384 384/383/383
f 336/335/335 386/385/385 385/384/384
f 337/336/336 387/386/386 386/385/385
f 338/337/337 388/387/387 387/386/386
f 339/338/338 389/388/388 388/387/387
f 340/339/339 390/389/389 389/388/388
f 341/340/340 391/390/390 390/389/389
f 342/341/341 392/391/391 391/390/390
f 345/344/344 393/392/392 344/343/343
f 346/345/345 394/393/393 345/344/344
f 347/346/346 395/394/394 346/345/345
f 348/347/347 396/395/395 347/346/346
f 349/348/348 397/396/396 348/347/347
f 350/349/349 398/397/397 349/348/348
f 351/350/350 399/398/398 350/349/349
f 352/351/351 400/399/399 351/350/350
f 353/352/352 401/400/400 352/351/351
f 354/353/353 402/401/401 353/352/352
f 355/354/354 403/402/402 354/353/353
f 356/355/355 404/403/403 355/354/354
f 357/356/356 405/404/404 356/355/355
f 358/357/357 406/405/405 357/356/356
f 359/358/358 407/406/406 358/357/357
f 360/359/359 408/407/407 359/358/358
f 361/360/360 409/408/408 360/359/359
f 362/361/361 410/409/409 361/360/360
f 363/362/362 411/410/410 362/361/361
f 364/363/363 412/411/411 363/362/362
f 365/364/364 413/412/412 364/363/363
f 366/365/365 414/413/413 365/364/364
f 367/366/366 415/414/414 366/365/365
f 368/368/368 416/415/415 367/366/366
f 368/368/368 418/416/416 417/417/417
f 369/367/367 419/418/418 418/416/416
f 370/369/369 420/419/419 419/418/418
f 371/370/370 421/420/420 420/419/419
f 372/371/371 422/421/421 421/420/420
f 373/372/372 423/422/422 422/421/421
f 374/373/373 424/423/423 423/422/422
f 375/374/374 425/424/424 424/423/423
f 376/375/375 426/425/425 425/424/424
f 377/376/376 427/426/426 426/425/425
f 378/377/377 428/427/427 427/426/426
f 379/378/378 429/428/428 428/427/427
f 380/379/379 430/429/429 429/428/428
f 381/380/380 431/430/430 430/429/429
f 382/381/381 432/431/431 431/430/430
f 383/382/382 433/432/432 432/431/431
f 384/383/383 434/433/433 433/432/432
f 385/384/384 435/434/434 434/433/433
f 386/385/385 436/435/435 435/434/434
f 387/386/386 437/436/436 436/435/435
f 388/387/387 438/437/437 437/436/436
f 389/388/388 439/438/438 438/437/437
f 390/389/389 440/439/439 439/438/438
f 391/390/390 441/440/440 440/439/439
f 394/393/393 442/441/441 393/392/392
f 395/394/394 443/442/442 394/393/393
f 396/395/395 444/443/443 395/394/394
f 397/396/396 445/444/444 396/395/395
f 398/397/397 446/445/445 397/396/396
f 399/398/398 447/446/446 398/397/397
f 400/399/399 448/447/447 399/398/398
f 401/400/400 449/448/448 400/399/399
f 402/401/401 450/449/449 401/400/400
f 403/402/402 451/450/450 402/401/401
f 404/403/403 452/451/451 403/402/402
f 405/404/404 453/452/452 404/403/403
f 406/405/405 454/453/453 405/404/404
f 407/406/406 455/454/454 406/405/405
f 408/407/407 456/455/455 407/406/406
f 409/408/408 457/456/456 408/407/407
f 410/409/409 458/457/457 409/408/408
f 411/410/410 459/458/458 410/409/409
f 412/411/411 460/459/459 411/410/410
f 413/412/412 461/460/460 412/411/411
f 414/413/413 462/461/461 413/412/412
f 415/414/414 463/462/462 414/413/413
f 416/415/415 464/463/463 415/414/414
f 417/417/417 465/464/464 416/415/415
f 417/417/417 467/465/465 466/466/466
f 418/416/416 468/467/467 467/465/465
f 419/418/418 469/468/468 468/467/467
f 420/419/419 470/469/469 469/468/468
f 421/420/420 471/470/470 470/469/469
f 422/421/421 472/471/471 471/470/470
f 423/422/422 473/472/472 472/471/471
f 424/423/423 474/473/473 473/472/472
f 425/424/424 475/474/474 474/473/473
f 426/425/425 476/475/475 475/474/474
f 427/426/426 477/476/476 476/475/475
f 428/427/427 478/477/477 477/476/476
f 429/428/428 479/478/478 478/477/477
f 430/429/429 480/479/479 479/478/478
f 431/430/430 481/480/480 480/479/479
f 432/431/431 482/481/481 481/480/480
f 433/432/432 483/482/482 482/481/481
f 434/433/433 484/483/483 483/482/482
f 435/434/434 485/484/484 484/483/483
f 436/435/435 486/485/485 485/484/484
f 437/436/436 487/486/486 486/485/485
f 438/437/437 488/487/487 487/486/486
f 439/438/438 489/488/488 488/487/487
f 440/439/439 490/489/489 489/488/488
f 443/442/442 491/490/490 442/441/441
f 444/443/443 492/491/491 443/442/442
f 445/444/444 493/492/492 444/443/443
f 446/445/445 494/493/493 445/444/444
f 447/446/446 495/494/494 446/445/445
f 448/447/447 496/495/495 447/446/446
f 449/448/448 497/496/496 448/447/447
f 450/449/449 498/497/497 449/448/448
f 451/450/450 499/498/498 450/449/449
f 452/451/451 500/499/499 451/450/450
f 453/452/452 501/500/500 452/451/451
f 454/453/453 502/501/501 453/452/452
f 455/454/454 503/502/502 454/453/453
f 456/455/455 504/503/503 455/454/454
f 457/456/456 505/504/504 456/455/455
f 458/457/457 506/505/505 457/456/456
f 459/458/458 507/506/506 458/457/457
f 460/459/459 508/507/507 459/458/458
f 461/460/460 509/508/508 460/459/459
f 462/461/461 510/509/509 461/460/460
f 463/462/462 511/510/510 462/461/461
f 464/463/463 512/511/511 463/462/462
f 465/464/464 513/512/512 464/463/463
f 466/466/466 514/513/513 465/464/464
f 466/466/466 516/514/514 515/515/515
f 467/465/465 517/516/516 516/514/514
f 468/467/467 518/517/517 517/516/516
f 469/468/468 519/518/518 518/517/517
f 470/469/469 520/519/519 519/518/518
f 471/470/470 521/520/520 520/519/519
f 472/471/471 522/521/521 521/520/520
f 473/472/472 523/522/522 522/521/521
f 474/473/473 524/523/523 523/522/522
f 475/474/474 525/524/524 524/523/523
f 476/475/475 526/525/525 525/524/524
f 477/476/476 527/526/526 526/525/525
f 478/477/477 528/527/527 527/526/526
f 479/478/478 529/528/528 528/527/527
f 480/479/479 530/529/529 529/528/528
f 481/480/480 531/530/530 530/529/529
f 482/481/481 532/531/531 531/530/530
f 483/482/482 533/532/532 532/531/531
f 484/483/483 534/533/533 533/532/532
f 485/484/484 535/534/534 534/533/533
f 486/485/485 536/535/535 535/534/534
f 487/486/486 537/536/536 536/535/535
f 488/487/487 538/537/537 537/536/536
f 489/488/488 539/538/538 538/537/537
f 492/491/491 540/539/539 491/490/490
f 493/492/492 541/540/540 492/491/491
f 494/493/493 542/541/541 493/492/492
f 495/494/494 543/542/542 494/493/493
f 496/495/495 544/543/543 495/494/494
f 497/496/496 545/544/544 496/495/495
f 498/497/497 546/545/545 497/496/496
f 499/498/498 547/546/546 498/497/497
f 500/499/499 548/547/547 499/498/498
f 501/500/500 549/548/548 500/499/499
f 502/501/501 550/549/549 501/500/500
f 503/502/502 551/550/550 502/501/501
f 504/503/503 552/551/551 503/502/502
f 505/504/504 553/552/552 504/503/503
f 506/505/505 554/553/553 505/504/504
f 507/506/506 555/554/554 506/505/505
f 508/507/507 556/555/555 507/506/506
f 509/508/508 557/556/556 508/507/507
f 510/509/509 558/557/557 509/508/508
f 511/510/510 559/558/558 510/509/509
f 512/511/511 560/559/559 511/510/510
f 513/512/512 561/560/560 512/511/511
f 514/513/513 562/561/561 513/512/512
f 515/515/515 563/562/562 514/513/513
f 515/515/515 565/563/563 564/564/564
f 516/514/514 566/565/565 565/563/563
f 517/516/516 567/566/566 566/565/565
f 518/517/517 568/567/567 567/566/566
f 519/518/518 569/568/568 568/567/567
f 520/519/519 570/569/569 569/568/568
f 521/520/520 571/570/570 570/569/569
f 522/521/521 572/571/571 571/570/570
f 523/522/522 573/572/572 572/571/571
f 524/523/523 574/573/573 573/572/572
f 525/524/524 575/574/574 574/573/573
f 526/525/525 576/575/575 575/574/574
f 527/526/526 577/576/576 576/575/575
f 528/527/527 578/577/577 577/576/576
f 529/528/528 579/578/578 578/577/577
f 530/529/529 580/579/579 579/578/578
f 531/530/530 581/580/580 580/579/579
f 532/531/531 582/581/581 581/580/580
f 533/532/532 583/582/582 582/581/581
f 534/533/533 584/583/583 583/582/582
f 535/534/534 585/584/584 584/583/583
f 536/535/535 586/585/585 585/584/584
f 537/536/536 587/586/586 586/585/585
f 538/537/537 588/587/587 587/586/586
f 541/540/540 589/588/588 540/539/539
f 542/541/541 590/589/589 541/540/540
f 543/542/542 591/590/590 542/541/541
f 544/543/543 592/591/591 543/542/542
f 545/544/544 593/592/592 544/543/543
f 546/545/545 594/593/593 545/544/544
f 547/546/546 595/594/594 546/545/545
f 548/547/547 596/595/595 547/546/546
f 549/548/548 597/596/596 548/547/547
f 550/549/549 598/597/597 549/548/548
f 551/550/550 599/598/598 550/549/549
f 552/551/551 600/599/599 551/550/550
f 553/552/552 601/600/600 552/551/551
f 554/553/553 602/601/601 553/552/552
f 555/554/554 603/602/602 554/553/553
f 556/555/555 604/603/603 555/554/554
f 557/556/556 605/604/604 556/555/555
f 558/557/557 606/605/605 557/556/556
f 559/558/558 607/606/606 558/557/557
f 560/559/559 608/607/607 559/558/558
f 561/560/560 609/608/608 560/559/559
f 562/561/561 610/609/609 561/560/560
f 563/562/562 611/610/610 562/561/561
f 564/564/564 612/611/611 563/562/562
f 564/564/564 614/612/612 613/613/613
f 565/563/563 615/614/614 614/612/612
f 566/565/565 616/615/615 615/614/614
f 567/566/566 617/616/616 616/615/615
f 568/567/567 618/617/617 617/616/616
f 569/568/568 619/618/618 618/617/617
f 570/569/569 620/619/619 619/618/618
f 571/570/570 621/620/620 620/619/619
f 572/571/571 622/621/621 621/620/620
f 573/572/572 623/622/622 622/621/621
f 574/573/573 624/623/623 623/622/622
f 575/574/574 625/624/624 624/623/623
f 576/575/575 626/625/625 625/624/624
f 577/576/576 627/626/626 626/625/625
f 578/577/577 628/627/627 627/626/626
f 579/578/578 629/628/628 628/627/627
f 580/579/579 630/629/629 629/628/628
f 581/580/580 631/630/630 630/629/629
f 582/581/581 632/631/631 631/630/630
f 583/582/582 633/632/632 632/631/631
f 584/583/583 634/633/633 633/632/632
f 585/584/584 635/634/634 634/633/633
f 586/585/585 636/635/635 635/634/634
f 587/586/586 637/636/636 636/635/635
f 590/589/589 638/637/637 589/588/588
f 591/590/590 639/638/638 590/589/589
f 592/591/591 640/639/639 591/590/590
f 593/592/592 641/640/640 592/591/591
f 594/593/593 642/641/641 593/592/592
f 595/594/594 643/642/642 594/593/593
f 596/595/595 644/643/643 595/594/594
f 597/596/596 645/644/644 596/595/595
f 598/597/597 646/645/645 597/596/596
f 599/598/598 647/646/646 598/597/597
f 600/599/599 648/647/647 599/598/598
f 601/600/600 649/648/648 600/599/599
f 602/601/601 650/649/649 601/600/600
f 603/602/602 651/650/650 602/601/601
f 604/603/603 652/651/651 603/602/602
f 605/604/604 653/652/652 604/603/603
f 606/605/605 654/653/653 605/604/604
f 607/606/606 655/654/654 606/605/605
f 608/607/607 656/655/655 607/606/606
f 609/608/608 657/656/656 608/607/607
f 610/609/609 658/657/657 609/608/608
f 611/610/610 659/658/658 610/609/609
f 612/611/611 660/659/659 611/610/610
f 613/613/613 661/660/660 612/611/611
f 613/613/613 663/661/661 662/662/662
f 614/612/612 664/663/663 663/661/661
f 615/614/614 665/664/664 664/663/663
f 616/615/615 666/665/665 665/664/664
f 617/616/616 667/666/666 666/665/665
f 618/617/617 668/667/667 667/666/666
f 619/618/618 669/668/668 668/667/667
f 620/619/619 670/669/669 669/668/668
f 621/620/620 671/670/670 670/669/669
f 622/621/621 672/671/671 671/670/670
f 623/622/622 673/672/672 672/671/671
f 624/623/623 674/673/673 673/672/672
f 625/624/624 675/674/674 674/673/673
f 626/625/625 676/675/675 675/674/674
f 627/626/626 677/676/676 676/675/675
f 628/627/627 678/677/677 677/676/676
f 629/628/628 679/678/678 678/677/677
f 630/629/629 680/679/679 679/678/678
f 631/630/630 681/680/680 680/679/679
f 632/631/631 682/681/681 681/680/680
f 633/632/632 683/682/682 682/681/681
f 634/633/633 684/683/683 683/682/682
f 635/634/634 685/684/684 684/683/683
f 636/635/635 686/685/685 685/684/684
f 639/638/638 687/686/686 638/637/637
f 640/639/639 688/687/687 639/638/638
f 641/640/640 689/688/688 640/639/639
f 642/641/641 690/689/689 641/640/640
f 643/642/642 691/690/690 642/641/641
f 644/643/643 692/691/691 643/642/642
f 645/644/644 693/692/692 644/643/643
f 646/645/645 694/693/693 645/644/644
f 647/646/646 695/694/694 646/645/645
f 648/647/647 696/695/695 647/646/646
f 649/648/648 697/696/696 648/647/647
f 650/649/649 698/697/697 649/648/648
f 651/650/650 699/698/698 650/649/649
f 652/651/651 700/699/699 651/650/650
f 653/652/652 701/700/700 652/651/651
f 654/653/653 702/701/701 653/652/652
f 655/654/654 703/702/702 654/653/653
f 656/655/655 704/703/703 655/654/654
f 657/656/656 705/704/704 656/655/655
f 658/657/657 706/705/705 657/656/656
f 659/658/658 707/706/706 658/657/657
f 660/659/659 708/707/707 659/658/658
f 661/660/660 709/708/708 660/659/659
f 662/662/662 710/709/709 661/660/660
f 662/662/662 712/710/710 711/711/711
f 663/661/661 713/712/712 712/710/710
f 664/663/663 714/713/713 713/712/712
f 665/664/664 715/714/714 714/713/713
f 666/665/665 716/715/715 715/714/714
f 667/666/666 717/716/716 716/715/715
f 668/667/667 718/717/717 717/716/716
f 669/668/668 719/718/718 718/717/717
f 670/669/669 720/719/719 719/718/718
f 671/670/670 721/720/720 720/719/719
f 672/671/671 722/721/721 721/720/720
f 673/672/672 723/722/722 722/721/721
f 674/673/673 724/723/723 723/722/722
f 675/674/674 725/724/724 724/723/723
f 676/675/675 726/725/725 725/724/724
f 677/676/676 727/726/726 726/725/725
f 678/677/677 728/727/727 727/726/726
f 679/678/678 729/728/728 728/727/727
f 680/679/679 730/729/729 729/728/728
f 681/680/680 731/730/730 730/729/729
f 682/681/681 732/731/731 731/730/730
f 683/682/682 733/732/732 732/731/731
f 684/683/683 734/733/733 733/732/732
f 685/684/684 735/734/734 734/733/733
f 688/687/687 736/735/735 687/686/686
f 689/688/688 737/736/736 688/687/687
f 690/689/689 738/737/737 689/688/688
f 691/690/690 739/738/738 690/689/689
f 692/691/691 740/739/739 691/690/690
f 693/692/692 741/740/740 692/691/691
f 694/693/693 742/741/741 693/692/692
f 695/694/694 743/742/742 694/693/693
f 696/695/695 744/743/743 695/694/694
f 697/696/696 745/744/744 696/695/695
f 698/697/697 746/745/745 697/696/696
f 699/698/698 747/746/746 698/697/697
f 700/699/699 748/747/747 699/698/698
f 701/700/700 749/748/748 700/699/699
f 702/701/701 750/749/749 701/700/700
f 703/702/702 751/750/750 702/701/701
f 704/703/703 752/751/751 703/702/702
f 705/704/704 753/752/752 704/703/703
f 706/705/705 754/753/753 705/704/704
f 707/706/706 755/754/754 706/705/705
f 708/707/707 756/755/755 707/706/706
f 709/708/708 757/756/756 708/707/707
f 710/709/709 758/757/757 709/708/708
f 711/711/711 759/758/758 710/709/709
f 711/711/711 761/759/759 760/760/760
f 712/710/710 762/761/761 761/759/759
f 713/712/712 763/762/762 762/761/761
f 714/713/713 764/763/763 763/762/762
f 715/714/714 765/764/764 764/763/763
f 716/715/715 766/765/765 765/764/764
f 717/716/716 767/766/766 766/765/765
f 718/717/717 768/767/767 767/766/766
f 719/718/718 769/768/768 768/767/767
f 720/719/719 770/769/769 769/768/768
f 721/720/720 771/770/770 770/769/769
f 722/721/721 772/771/771 771/770/770
f 723/722/722 773/772/772 772/771/771
f 724/723/723 774/773/773 773/772/772
f 725/724/724 775/774/774 774/773/773
f 726/725/725 776/775/775 775/774/774
f 727/726/726 777/776/776 776/775/775
f 728/727/727 778/777/777 777/776/776
f 729/728/728 779/778/778 778/777/777
f 730/729/729 780/779/779 779/778/778
f 731/730/730 781/780/780 780/779/779
f 732/731/731 782/781/781 781/780/780
f 733/732/732 783/782/782 782/781/781
f 734/733/733 784/783/783 783/782/782
f 737/736/736 785/784/784 736/735/735
f 738/737/737 786/785/785 737/736/736
f 739/738/738 787/786/786 738/737/737
f 740/739/739 788/787/787 739/738/738
f 741/740/740 789/788/788 740/739/739
f 742/741/741 790/789/789 741/740/740
f 743/742/742 791/790/790 742/741/741
f 744/743/743 792/791/791 743/742/742
f 745/744/744 793/792/792 744/743/743
f 746/745/745 794/793/793 745/744/744
f 747/746/746 795/794/794 746/745/745
f 748/747/747 796/795/795 747/746/746
f 749/748/748 797/796/796 748/747/747
f 750/749/749 798/797/797 749/748/748
f 751/750/750 799/798/798 750/749/749
f 752/751/751 800/799/799 751/750/750
f 753/752/752 801/800/800 752/751/751
f 754/753/753 802/801/801 753/752/752
f 755/754/754 803/802/802 754/753/753
f 756/755/755 804/803/803 755/754/754
f 757/756/756 805/804/804 756/755/755
f 758/757/757 806/805/805 757/756/756
f 759/758/758 807/806/806 758/757/757
f 760/760/760 808/807/807 759/758/758
f 760/760/760 810/808/808 809/809/809
f 761/759/759 811/810/810 810/808/808
f 762/761/761 812/811/811 811/810/810
f 763/762/762 813/812/812 812/811/811
f 764/763/763 814/813/813 813/812/812
f 765/764/764 815/814/814 814/813/813
f 766/765/765 816/815/815 815/814/814
f 767/766/766 817/816/816 816/815/815
f 768/767/767 818/817/817 817/816/816
f 769/768/768 819/818/818 818/817/817
f 770/769/769 820/819/819 819/818/818
f 771/770/770 821/820/820 820/819/819
f 772/771/771 822/821/821 821/820/820
f 773/772/772 823/822/822 822/821/821
f 774/773/773 824/823/823 823/822/822
f 775/774/774 825/824/824 824/823/823
f 776/775/775 826/825/825 825/824/824
f 777/776/776 827/826/826 826/825/825
f 778/777/777 828/827/827 827/826/826
f 779/778/778 829/828/828 828/827/827
f 780/779/779 830/829/829 829/828/828
f 781/780/780 831/830/830 830/829/829
f 782/781/781 832/831/831 831/830/830
f 783/782/782 833/832/832 832/831/831
f 786/785/785 834/833/833 785/784/784
f 787/786/786 835/834/834 786/785/785
f 788/787/787 836/835/835 787/786/786
f 789/788/788 837/836/836 788/787/787
f 790/789/789 838/837/837 789/788/788
f 791/790/790 839/838/838 790/789/789
f 792/791/791 840/839/839 791/790/790
f 793/792/792 841/840/840 792/791/791
f 794/793/793 842/841/841 793/792/792
f 795/794/794 843/842/842 794/793/793
f 796/795/795 844/843/843 795/794/794
f 797/796/796 845/844/844 796/795/795
f 798/797/797 846/845/845 797/796/796
f 799/798/798 847/846/846 798/797/797
f 800/799/799 848/847/847 799/798/798
f 801/800/800 849/848/848 800/799/799
f 802/801/801 850/849/849 801/800/800
f 803/802/802 851/850/850 802/801/801
f 804/803/803 852/851/851 803/802/802
f 805/804/804 853/852/852 804/803/803
f 806/805/805 854/853/853 805/804/804
f 807/806/806 855/854/854 806/805/805
f 808/807/807 856/855/855 807/806/806
f 809/809/809 857/856/856 808/807/807
f 809/809/809 859/857/857 858/858/858
f 810/808/808 860/859/859 859/857/857
f 811/810/810 861/860/860 860/859/859
f 812/811/811 862/861/861 861/860/860
f 813/812/812 863/862/862 862/861/861
f 814/813/813 864/863/863 863/862/862
f 815/814/814 865/864/864 864/863/863
f 816/815/815 866/865/865 865/864/864
f 817/816/816 867/866/866 866/865/865
f 818/817/817 868/867/867 867/866/866
f 819/818/818 869/868/868 868/867/867
f 820/819/819 870/869/869 869/868/868
f 821/820/820 871/870/870 870/869/869
f 822/821/821 872/871/871 871/870/870
f 823/822/822 873/872/872 872/871/871
f 824/823/823 874/873/873 873/872/872
f 825/824/824 875/874/874 874/873/873
f 826/825/825 876/875/875 875/874/874
f 827/826/826 877/876/876 876/875/875
f 828/827/827 878/877/877 877/876/876
f 829/828/828 879/878/878 878/877/877
f 830/829/829 880/879/879 879/878/878
f 831/830/830 881/880/880 880/879/879
f 832/831/831 882/881/881 881/880/880
f 835/834/834 883/882/882 834/833/833
f 836/835/835 884/883/883 835/834/834
f 837/836/836 885/884/884 836/835/835
f 838/837/837 886/885/885 837/836/836
f 839/838/838 887/886/886 838/837/837
f 840/839/839 888/887/887 839/838/838
f 841/840/840 889/888/888 840/839/839
f 842/841/841 890/889/889 841/840/840
f 843/842/842 891/890/890 842/841/841
f 844/843/843 892/891/891 843/842/842
f 845/844/844 893/892/892 844/843/843
f 846/845/845 894/893/893 845/844/844
f 847/846/846 895/894/894 846/845/845
f 848/847/847 896/895/895 847/846/846
f 849/848/848 897/896/896 848/847/847
f 850/849/849 898/897/897 849/848/848
f 851/850/850 899/898/898 850/849/849
f 852/851/851 900/899/899 851/850/850
f 853/852/852 901/900/900 852/851/851
f 854/853/853 902/901/901 853/852/852
f 855/854/854 903/902/902 854/853/853
f 856/855/855 904/903/903 855/854/854
f 857/856/856 905/904/904 856/855/855
f 858/858/858 906/905/905 857/856/856
f 858/858/858 908/906/906 907/907/907
f 859/857/857 909/908/908 908/906/906
f 860/859/859 910/909/909 909/908/908
f 861/860/860 911/910/910 910/909/909
f 862/861/861 912/911/911 911/910/910
f 863/862/862 913/912/912 912/911/911
f 864/863/863 914/913/913 913/912/912
f 865/864/864 915/914/914 914/913/913
f 866/865/865 916/915/915 915/914/914
f 867/866/866 917/916/916 916/915/915
f 868/867/867 918/917/917 917/916/916
f 869/868/868 919/918/918 918/917/917
f 870/869/869 920/919/919 919/918/918
f 871/870/870 921/920/920 920/919/919
f 872/871/871 922/921/921 921/920/920
f 873/872/872 923/922/922 922/921/921
f 874/873/873 924/923/923 923/922/922
f 875/874/874 925/924/924 924/923/923
f 876/875/875 926/925/925 925/924/924
f 877/876/876 927/926/926 926/925/925
f 878/877/877 928/927/927 927/926/926
f 879/878/878 929/928/928 928/927/927
f 880/879/879 930/929/929 929/928/928
f 881/880/880 931/930/930 930/929/929
f 884/883/883 932/931/931 883/882/882
f 885/884/884 933/932/932 884/883/883
f 886/885/885 934/933/933 885/884/884
f 887/886/886 935/934/934 886/885/885
f 888/887/887 936/935/935 887/886/886
f 889/888/888 937/936/936 888/887/887
f 890/889/889 938/937/937 889/888/888
f 891/890/890 939/938/938 890/889/889
f 892/891/891 940/939/939 891/890/890
f 893/892/892 941/940/940 892/891/891
f 894/893/893 942/941/941 893/892/892
f 895/894/894 943/942/942 894/893/893
f 896/895/895 944/943/943 895/894/894
f 897/896/896 945/944/944 896/895/895
f 898/897/897 946/945/945 897/896/896
f 899/898/898 947/946/946 898/897/897
f 900/899/899 948/947/947 899/898/898
f 901/900/900 949/948/948 900/899/899
f 902/901/901 950/949/949 901/900/900
f 903/902/902 951/950/950 902/901/901
f 904/903/903 952/951/951 903/902/902
f 905/904/904 953/952/952 904/903/903
f 906/905/905 954/953/953 905/904/904
f 907/907/907 955/954/954 906/905/905
f 907/907/907 957/955/955 956/956/956
f 908/906/906 958/957/957 957/955/955
f 909/908/908 959/958/958 958/957/957
f 910/909/909 960/959/959 959/958/958
f 911/910/910 961/960/960 960/959/959
f 912/911/911 962/961/961 961/960/960
f 913/912/912 963/962/962 962/961/961
f 914/913/913 964/963/963 963/962/962
f 915/914/914 965/964/964 964/963/963
f 916/915/915 966/965/965 965/964/964
f 917/916/916 967/966/966 966/965/965
f 918/917/917 968/967/967 967/966/966
f 919/918/918 969/968/968 968/967/967
f 920/919/919 970/969/969 969/968/968
f 921/920/920 971/970/970 970/969/969
f 922/921/921 972/971/971 971/970/970
f 923/922/922 973/972/972 972/971/971
f 924/923/923 974/973/973 973/972/972
f 925/924/924 975/974/974 974/973/973
f 926/925/925 976/975/975 975/974/974
f 927/926/926 977/976/976 976/975/975
f 928/927/927 978/977/977 977/976/976
f 929/928/928 979/978/978 978/977/977
f 930/929/929 980/979/979 979/978/978
f 933/932/932 981/980/980 932/931/931
f 934/933/933 982/981/981 933/932/932
f 935/934/934 983/982/982 934/933/933
f 936/935/935 984/983/983 935/934/934
f 937/936/936 985/984/984 936/935/935
f 938/937/937 986/985/985 937/936/936
f 939/938/938 987/986/986 938/937/937
f 940/939/939 988/987/987 939/938/938
f 941/940/940 989/988/988 940/939/939
f 942/941/941 990/989/989 941/940/940
f 943/942/942 991/990/990 942/941/941
f 944/943/943 992/991/991 943/942/942
f 945/944/944 993/992/992 944/943/943
f 946/945/945 994/993/993 945/944/944
f 947/946/946 995/994/994 946/945/945
f 948/947/947 996/995/995 947/946/946
f 949/948/948 997/996/996 948/947/947
f 950/949/949 998/997/997 949/948/948
f 951/950/950 999/998/998 950/949/949
f 952/951/951 1000/999/999 951/950/950
f 953/952/952 1001/1000/1000 952/951/951
f 954/953/953 1002/1001/1001 953/952/952
f 955/954/954 1003/1002/1002 954/953/953
f 956/956/956 1004/1003/1003 955/954/954
f 956/956/956 1006/1004/1004 1005/1005/1005
f 957/955/955 1007/1006/1006 1006/1004/1004
f 958/957/957 1008/1007/1007 1007/1006/1006
f 959/958/958 1009/1008/1008 1008/1007/1007
f 960/959/959 1010/1009/1009 1009/1008/1008
f 961/960/960 1011/1010/1010 1010/1009/1009
f 962/961/961 1012/1011/1011 1011/1010/1010
f 963/962/962 1013/1012/1012 1012/1011/1011
f 964/963/963 1014/1013/1013 1013/1012/1012
f 965/964/964 1015/1014/1014 1014/1013/1013
f 966/965/965 1016/1015/1015 1015/1014/1014
f 967/966/966 1017/1016/1016 1016/1015/1015
f 968/967/967 1018/1017/1017 1017/1016/1016
f 969/968/968 1019/1018/1018 1018/1017/1017
f 970/969/969 1020/1019/1019 1019/1018/1018
f 971/970/970 1021/1020/1020 1020/1019/1019
f 972/971/971 1022/1021/1021 1021/1020/1020
f 973/972/972 1023/1022/1022 1022/1021/1021
f 974/973/973 1024/1023/1023 1023/1022/1022
f 975/974/974 1025/1024/1024 1024/1023/1023
f 976/975/975 1026/1025/1025 1025/1024/1024
f 977/976/976 1027/1026/1026 1026/1025/1025
f 978/977/977 1028/1027/1027 1027/1026/1026
f 979/978/978 1029/1028/1028 1028/1027/1027
f 982/981/981 1030/1029/1029 981/980/980
f 983/982/982 1031/1030/1030 982/981/981
f 984/983/983 1032/1031/1031 983/982/982
f 985/984/984 1033/1032/1032 984/983/983
f 986/985/985 1034/1033/1033 985/984/984
f 987/986/986 1035/1034/1034 986/985/985
f 988/987/987 1036/1035/1035 987/986/986
f 989/988/988 1037/1036/1036 988/987/987
f 990/989/989 1038/1037/1037 989/988/988
f 991/990/990 1039/1038/1038 990/989/989
f 992/991/991 1040/1039/1039 991/990/990
f 993/992/992 1041/1040/1040 992/991/991
f 994/993/993 1042/1041/1041 993/992/992
f 995/994/994 1043/1042/1042 994/993/993
f 996/995/995 1044/1043/1043 995/994/994
f 997/996/996 1045/1044/1044 996/995/995
f 998/997/997 1046/1045/1045 997/996/996
f 999/998/998 1047/1046/1046 998/997/997
f 1000/999/999 1048/1047/1047 999/998/998
f 1001/1000/1000 1049/1048/1048 1000/999/999
f 1002/1001/1001 1050/1049/1049 1001/1000/1000
f 1003/1002/1002 1051/1050/1050 1002/1001/1001
f 1004/1003/1003 1052/1051/1051 1003/1002/1002
f 1005/1005/1005 1053/1052/1052 1004/1003/1003
f 1005/1005/1005 1055/1053/1053 1054/1054/1054
f 1006/1004/1004 1056/1055/1055 1055/1053/1053
f 1007/1006/1006 1057/1056/1056 1056/1055/1055
f 1008/1007/1007 1058/1057/1057 1057/1056/1056
f 1009/1008/1008 1059/1058/1058 1058/1057/1057
f 1010/1009/1009 1060/1059/1059 1059/1058/1058
f 1011/1010/1010 1061/1060/1060 1060/1059/1059
f 1012/1011/1011 1062/1061/1061 1061/1060/1060
f 1013/1012/1012 1063/1062/1062 1062/1061/1061
f 1014/1013/1013 1064/1063/1063 1063/1062/1062
f 1015/1014/1014 1065/1064/1064 1064/1063/1063
f 1016/1015/1015 1066/1065/1065 1065/1064/1064
f 1017/1016/1016 1067/1066/1066 1066/1065/1065
f 1018/1017/1017 1068/1067/1067 1067/1066/1066
f 1019/1018/1018 1069/1068/1068 1068/1067/1067
f 1020/1019/1019 1070/1069/1069 1069/1068/1068
f 1021/1020/1020 1071/1070/1070 1070/1069/1069
f 1022/1021/1021 1072/1071/1071 1071/1070/1070
f 1023/1022/1022 1073/1072/1072 1072/1071/1071
f 1024/1023/1023 1074/1073/1073 1073/1072/1072
f 1025/1024/1024 1075/1074/1074 1074/1073/1073
f 1026/1025/1025 1076/1075/1075 1075/1074/1074
f 1027/1026/1026 1077/1076/1076 1076/1075/1075
f 1028/1027/1027 1078/1077/1077 1077/1076/1076
f 1031/1030/1030 1079/1078/1078 1030/1029/1029
f 1032/1031/1031 1080/1079/1079 1031/1030/1030
f 1033/1032/1032 1081/1080/1080 1032/1031/1031
f 1034/1033/1033 1082/1081/1081 1033/1032/1032
f 1035/1034/1034 1083/1082/1082 1034/1033/1033
f 1036/1035/1035 1084/1083/1083 1035/1034/1034
f 1037/1036/1036 1085/1084/1084 1036/1035/1035
f 1038/1037/1037 1086/1085/1085 1037/1036/1036
f 1039/1038/1038 1087/1086/1086 1038/1037/1037
f 1040/1039/1039 1088/1087/1087 1039/1038/1038
f 1041/1040/1040 1089/1088/1088 1040/1039/1039
f 1042/1041/1041 1090/1089/1089 1041/1040/1040
f 1043/1042/1042 1091/1090/1090 1042/1041/1041
f 1044/1043/1043 1092/1091/1091 1043/1042/1042
f 1045/1044/1044 1093/1092/1092 1044/1043/1043
f 1046/1045/1045 1094/1093/1093 1045/1044/1044
f 1047/1046/1046 1095/1094/1094 1046/1045/1045
f 1048/1047/1047 1096/1095/1095 1047/1046/1046
f 1049/1048/1048 1097/1096/1096 1048/1047/1047
f 1050/1049/1049 1098/1097/1097 1049/1048/1048
f 1051/1050/1050 1099/1098/1098 1050/1049/1049
f 1052/1051/1051 1100/1099/1099 1051/1050/1050
f 1053/1052/1052 1101/1100/1100 1052/1051/1051
f 1054/1054/1054 1102/1101/1101 1053/1052/1052
f 1054/1054/1054 1104/1102/1102 1103/1103/1103
f 1055/1053/1053 1105/1104/1104 1104/1102/1102
f 1056/1055/1055 1106/1105/1105 1105/1104/1104
f 1057/1056/1056 1107/1106/1106 1106/1105/1105
f 1058/1057/1057 1108/1107/1107 1107/1106/1106
f 1059/1058/1058 1109/1108/1108 1108/1107/1107
f 1060/1059/1059 1110/1109/1109 1109/1108/1108
f 1061/1060/1060 1111/1110/1110 1110/1109/1109
f 1062/1061/1061 1112/1111/1111 1111/1110/1110
f 1063/1062/1062 1113/1112/1112 1112/1111/1111
f 1064/1063/1063 1114/1113/1113 1113/1112/1112
f 1065/1064/1064 1115/1114/1114 1114/1113/1113
f 1066/1065/1065 1116/1115/1115 1115/1114/1114
f 1067/1066/1066 1117/1116/1116 1116/1115/1115
f 1068/1067/1067 1118/1117/1117 1117/1116/1116
f 1069/1068/1068 1119/1118/1118 1118/1117/1117
f 1070/1069/1069 1120/1119/1119 1119/1118/1118
f 1071/1070/1070 1121/1120/1120 1120/1119/1119
f 1072/1071/1071 1122/1121/1121 1121/1120/1120
f 1073/1072/1072 1123/1122/1122 1122/1121/1121
f 1074/1073/1073 1124/1123/1123 1123/1122/1122
f 1075/1074/1074 1125/1124/1124 1124/1123/1123
f 1076/1075/1075 1126/1125/1125 1125/1124/1124
f 1077/1076/1076 1127/1126/1126 1126/1125/1125
f 1080/1079/1079 1128/1127/1127 1079/1078/1078
f 1081/1080/1080 1129/1128/1128 1080/1079/1079
f 1082/1081/1081 1130/1129/1129 1081/1080/1080
f 1083/1082/1082 1131/1130/1130 1082/1081/1081
f 1084/1083/1083 1132/1131/1131 1083/1082/1082
f 1085/1084/1084 1133/1132/1132 1084/1083/1083
f 1086/1085/1085 1134/1133/1133 1085/1084/1084
f 1087/1086/1086 1135/1134/1134 1086/1085/1085
f 1088/1087/1087 1136/1135/1135 1087/1086/1086
f 1089/1088/1088 1137/1136/1136 1088/1087/1087
f 1090/1089/1089 1138/1137/1137 1089/1088/1088
f 1091/1090/1090 1139/1138/1138 1090/1089/1089
f 1092/1091/1091 1140/1139/1139 1091/1090/1090
f 1093/1092/1092 1141/1140/1140 1092/1091/1091
f 1094/1093/1093 1142/1141/1141 1093/1092/1092
f 1095/1094/1094 1143/1142/1142 1094/1093/1093
f 1096/1095/1095 1144/1143/1143 1095/1094/1094
f 1097/1096/1096 1145/1144/1144 1096/1095/1095
f 1098/1097/1097 1146/1145/1145 1097/1096/1096
f 1099/1098/1098 1147/1146/1146 1098/1097/1097
f 1100/1099/1099 1148/1147/1147 1099/1098/1098
f 1101/1100/1100 1149/1148/1148 1100/1099/1099
f 1102/1101/1101 1150/1149/1149 1101/1100/1100
f 1103/1103/1103 1151/1150/1150 1102/1101/1101
f 1103/1103/1103 1153/1151/1151 1152/1152/1152
f 1104/1102/1102 1154/1153/1153 1153/1151/1151
f 1105/1104/1104 1155/1154/1154 1154/1153/1153
f 1106/1105/1105 1156/1155/1155 1155/1154/1154
f 1107/1106/1106 1157/1156/1156 1156/1155/1155
f 1108/1107/1107 1158/1157/1157 1157/1156/1156
f 1109/1108/1108 1159/1158/1158 1158/1157/1157
f 1110/1109/1109 1160/1159/1159 1159/1158/1158
f 1111/1110/1110 1161/1160/1160 1160/1159/1159
f 1112/1111/1111 1162/1161/1161 1161/1160/1160
f 1113/1112/1112 1163/1162/1162 1162/1161/1161
f 1114/1113/1113 1164/1163/1163 1163/1162/1162
f 1115/1114/1114 1165/1164/1164 1164/1163/1163
f 1116/1115/1115 1166/1165/1165 1165/1164/1164
f 1117/1116/1116 1167/1166/1166 1166/1165/1165
f 1118/1117/1117 1168/1167/1167 1167/1166/1166
f 1119/1118/1118 1169/1168/1168 1168/1167/1167
f 1120/1119/1119 1170/1169/1169 1169/1168/1168
f 1121/1120/1120 1171/1170/1170 1170/1169/1169
f 1122/1121/1121 1172/1171/1171 1171/1170/1170
f 1123/1122/1122 1173/1172/1172 1172/1171/1171
f 1124/1123/1123 1174/1173/1173 1173/1172/1172
f 1125/1124/1124 1175/1174/1174 1174/1173/1173
f 1126/1125/1125 1176/1175/1175 1175/1174/1174
f 1129/1128/1128 1177/1176/1176 1128/1127/1127
f 1130/1129/1129 1178/1177/1177 1129/1128/1128
f 1131/1130/1130 1179/1178/1178 1130/1129/1129
f 1132/1131/1131 1180/1179/1179 1131/1130/1130
f 1133/1132/1132 1181/1180/1180 1132/1131/1131
f 1134/1133/1133 1182/1181/1181 1133/1132/1132
f 1135/1134/1134 1183/1182/1182 1134/1133/1133
f 1136/1135/1135 1184/1183/1183 1135/1134/1134
f 1137/1136/1136 1185/1184/1184 1136/1135/1135
f 1138/1137/1137 1186/1185/1185 1137/1136/1136
f 1139/1138/1138 1187/1186/1186 1138/1137/1137
f 1140/1139/1139 1188/1187/1187 1139/1138/1138
f 1141/1140/1140 1189/1188/1188 1140/1139/1139
f 1142/1141/1141 1190/1189/1189 1141/1140/1140
f 1143/1142/1142 1191/1190/1190 1142/1141/1141
f 1144/1143/1143 1192/1191/1191 1143/1142/1142
f 1145/1144/1144 1193/1192/1192 1144/1143/1143
f 1146/1145/1145 1194/1193/1193 1145/1144/1144
f 1147/1146/1146 1195/1194/1194 1146/1145/1145
f 1148/1147/1147 1196/1195/1195 1147/1146/1146
f 1149/1148/1148 1197/1196/1196 1148/1147/1147
f 1150/1149/1149 1198/1197/1197 1149/1148/1148
f 1151/1150/1150 1199/1198/1198 1150/1149/1149
f 1152/1152/1152 1200/1199/1199 1151/1150/1150
f 1152/1152/1152 1202/1200/1200 1201/1201/1201
f 1153/1151/1151 1203/1202/1202 1202/1200/1200
f 1154/1153/1153 1204/1203/1203 1203/1202/1202
f 1155/1154/1154 1205/1204/1204 1204/1203/1203
f 1156/1155/1155 1206/1205/1205 1205/1204/1204
f 1157/1156/1156 1207/1206/1206 1206/1205/1205
f 1158/1157/1157 1208/1207/1207 1207/1206/1206
f 1159/1158/1158 1209/1208/1208 1208/1207/1207
f 1160/1159/1159 1210/1209/1209 1209/1208/1208
f 1161/1160/1160 1211/1210/1210 1210/1209/1209
f 1162/1161/1161 1212/1211/1211 1211/1210/1210
f 1163/1162/1162 1213/1212/1212 1212/1211/1211
f 1164/1163/1163 1214/1213/1213 1213/1212/1212
f 1165/1164/1164 1215/1214/1214 1214/1213/1213
f 1166/1165/1165 1216/1215/1215 1215/1214/1214
f 1167/1166/1166 1217/1216/1216 1216/1215/1215
f 1168/1167/1167 1218/1217/1217 1217/1216/1216
f 1169/1168/1168 1219/1218/1218 1218/1217/1217
f 1170/1169/1169 1220/1219/1219 1219/1218/1218
f 1171/1170/1170 1221/1220/1220 1220/1219/1219
f 1172/1171/1171 1222/1221/1221 1221/1220/1220
f 1173/1172/1172 1223/1222/1222 1222/1221/1221
f 1174/1173/1173 1224/1223/1223 1223/1222/1222
f 1175/1174/1174 1225/1224/1224 1224/1223/1223
f 1178/1177/1177 1226/1225/1225 1177/1176/1176
f 1179/1178/1178 1227/1226/1226 1178/1177/1177
f 1180/1179/1179 1228/1227/1227 1179/1178/1178
f 1181/1180/1180 1229/1228/1228 1180/1179/1179
f 1182/1181/1181 1230/1229/1229 1181/1180/1180
f 1183/1182/1182 1231/1230/1230 1182/1181/1181
f 1184/1183/1183 1232/1231/1231 1183/1182/1182
f 1185/1184/1184 1233/1232/1232 1184/1183/1183
f 1186/1185/1185 1234/1233/1233 1185/1184/1184
f 1187/1186/1186 1235/1234/1234 1186/1185/1185
f 1188/1187/1187 1236/1235/1235 1187/1186/1186
f 1189/1188/1188 1237/1236/1236 1188/1187/1187
f 1190/1189/1189 1238/1237/1237 1189/1188/1188
f 1191/1190/1190 1239/1238/1238 1190/1189/1189
f 1192/1191/1191 1240/1239/1239 1191/1190/1190
f 1193/1192/1192 1241/1240/1240 1192/1191/1191
f 1194/1193/1193 1242/1241/1241 1193/1192/1192
f 1195/1194/1194 1243/1242/1242 1194/1193/1193
f 1196/1195/1195 1244/1243/1243 1195/1194/1194
f 1197/1196/1196 1245/1244/1244 1196/1195/1195
f 1198/1197/1197 1246/1245/1245 1197/1196/1196
f 1199/1198/1198 1247/1246/1246 1198/1197/1197
f 1200/1199/1199 1248/1247/1247 1199/1198/1198
f 1201/1201/1201 1249/1248/1248 1200/1199/1199
f 1201/1201/1201 1251/1249/1249 1250/1250/1250
f 1202/1200/1200 1252/1251/1251 1251/1249/1249
f 1203/1202/1202 1253/1252/1252 1252/1251/1251
f 1204/1203/1203 1254/1253/1253 1253/1252/1252
f 1205/1204/1204 1255/1254/1254 1254/1253/1253
f 1206/1205/1205 1256/1255/1255 1255/1254/1254
f 1207/1206/1206 1257/1256/1256 1256/1255/1255
f 1208/1207/1207 1258/1257/1257 1257/1256/1256
f 1209/1208/1208 1259/1258/1258 1258/1257/1257
f 1210/1209/1209 1260/1259/1259 1259/1258/1258
f 1211/1210/1210 1261/1260/1260 1260/1259/1259
f 1212/1211/1211 1262/1261/1261 1261/1260/1260
f 1213/1212/1212 1263/1262/1262 1262/1261/1261
f 1214/1213/1213 1264/1263/1263 1263/1262/1262
f 1215/1214/1214 1265/1264/1264 1264/1263/1263
f 1216/1215/1215 1266/1265/1265 1265/1264/1264
f 1217/1216/1216 1267/1266/1266 1266/1265/1265
f 1218/1217/1217 1268/1267/1267 1267/1266/1266
f 1219/1218/1218 1269/1268/1268 1268/1267/1267
f 1220/1219/1219 1270/1269/1269 1269/1268/1268
f 1221/1220/1220 1271/1270/1270 1270/1269/1269
f 1222/1221/1221 1272/1271/1271 1271/1270/1270
f 1223/1222/1222 1273/1272/1272 1272/1271/1271
f 1224/1223/1223 1274/1273/1273 1273/1272/1272
f 1227/1226/1226 1275/1274/1274 1226/1225/1225
f 1228/1227/1227 1276/1275/1275 1227/1226/1226
f 1229/1228/1228 1277/1276/1276 1228/1227/1227
f 1230/1229/1229 1278/1277/1277 1229/1228/1228
f 1231/1230/1230 1279/1278/1278 1230/1229/1229
f 1232/1231/1231 1280/1279/1279 1231/1230/1230
f 1233/1232/1232 1281/1280/1280 1232/1231/1231
f 1234/1233/1233 1282/1281/1281 1233/1232/1232
f 1235/1234/1234 1283/1282/1282 1234/1233/1233
f 1236/1235/1235 1284/1283/1283 1235/1234/1234
f 1237/1236/1236 1285/1284/1284 1236/1235/1235
f 1238/1237/1237 1286/1285/1285 1237/1236/1236
f 1239/1238/1238 1287/1286/1286 1238/1237/1237
f 1240/1239/1239 1288/1287/1287 1239/1238/1238
f 1241/1240/1240 1289/1288/1288 1240/1239/1239
f 1242/1241/1241 1290/1289/1289 1241/1240/1240
f 1243/1242/1242 1291/1290/1290 1242/1241/1241
f 1244/1243/1243 1292/1291/1291 1243/1242/1242
f 1245/1244/1244 1293/1292/1292 1244/1243/1243
f 1246/1245/1245 1294/1293/1293 1245/1244/1244
f 1247/1246/1246 1295/1294/1294 1246/1245/1245
f 1248/1247/1247 1296/1295/1295 1247/1246/1246
f 1249/1248/1248 1297/1296/1296 1248/1247/1247
f 1250/1250/1250 1298/1297/1297 1249/1248/1248
f 1250/1250/1250 1300/1298/1298 1299/1299/1299
f 1251/1249/1249 1301/1300/1300 1300/1298/1298
f 1252/1251/1251 1302/1301/1301 1301/1300/1300
f 1253/1252/1252 1303/1302/1302 1302/1301/1301
f 1254/1253/1253 1304/1303/1303 1303/1302/1302
f 1255/1254/1254 1305/1304/1304 1304/1303/1303
f 1256/1255/1255 1306/1305/1305 1305/1304/1304
f 1257/1256/1256 1307/1306/1306 1306/1305/1305
f 1258/1257/1257 1308/1307/1307 1307/1306/1306
f 1259/1258/1258 1309/1308/1308 1308/1307/1307
f 1260/1259/1259 1310/1309/1309 1309/1308/1308
f 1261/1260/1260 1311/1310/1310 1310/1309/1309
f 1262/1261/1261 1312/1311/1311 1311/1310/1310
f 1263/1262/1262 1313/1312/1312 1312/1311/1311
f 1264/1263/1263 1314/1313/1313 1313/1312/1312
f 1265/1264/1264 1315/1314/1314 1314/1313/1313
f 1266/1265/1265 1316/1315/1315 1315/1314/1314
f 1267/1266/1266 1317/1316/1316 1316/1315/1315
f 1268/1267/1267 1318/1317/1317 1317/1316/1316
f 1269/1268/1268 1319/1318/1318 1318/1317/1317
f 1270/1269/1269 1320/1319/1319 1319/1318/1318
f 1271/1270/1270 1321/1320/1320 1320/1319/1319
f 1272/1271/1271 1322/1321/1321 1321/1320/1320
f 1273/1272/1272 1323/1322/1322 1322/1321/1321
f 1276/1275/1275 1324/1323/1323 1275/1274/1274
f 1277/1276/1276 1325/1324/1324 1276/1275/1275
f 1278/1277/1277 1326/1325/1325 1277/1276/1276
f 1279/1278/1278 1327/1326/1326 1278/1277/1277
f 1280/1279/1279 1328/1327/1327 1279/1278/1278
f 1281/1280/1280 1329/1328/1328 1280/1279/1279
f 1282/1281/1281 1330/1329/1329 1281/1280/1280
f 1283/1282/1282 1331/1330/1330 1282/1281/1281
f 1284/1283/1283 1332/1331/1331 1283/1282/1282
f 1285/1284/1284 1333/1332/1332 1284/1283/1283
f 1286/1285/1285 1334/1333/1333 1285/1284/1284
f 1287/1286/1286 1335/1334/1334 1286/1285/1285
f 1288/1287/1287 1336/1335/1335 1287/1286/1286
f 1289/1288/1288 1337/1336/1336 1288/1287/1287
f 1290/1289/1289 1338/1337/1337 1289/1288/1288
f 1291/1290/1290 1339/1338/1338 1290/1289/1289
f 1292/1291/1291 1340/1339/1339 1291/1290/1290
f 1293/1292/1292 1341/1340/1340 1292/1291/1291
f 1294/1293/1293 1342/1341/1341 1293/1292/1292
f 1295/1294/1294 1343/1342/1342 1294/1293/1293
f 1296/1295/1295 1344/1343/1343 1295/1294/1294
f 1297/1296/1296 1345/1344/1344 1296/1295/1295
f 1298/1297/1297 1346/1345/1345 1297/1296/1296
f 1299/1299/1299 1347/1346/1346 1298/1297/1297
f 1299/1299/1299 1349/1347/1347 1348/1348/1348
f 1300/1298/1298 1350/1349/1349 1349/1347/1347
f 1301/1300/1300 1351/1350/1350 1350/1349/1349
f 1302/1301/1301 1352/1351/1351 1351/1350/1350
f 1303/1302/1302 1353/1352/1352 1352/1351/1351
f 1304/1303/1303 1354/1353/1353 1353/1352/1352
f 1305/1304/1304 1355/1354/1354 1354/1353/1353
f 1306/1305/1305 1356/1355/1355 1355/1354/1354
f 1307/1306/1306 1357/1356/1356 1356/1355/1355
f 1308/1307/1307 1358/1357/1357 1357/1356/1356
f 1309/1308/1308 1359/1358/1358 1358/1357/1357
f 1310/1309/1309 1360/1359/1359 1359/1358/1358
f 1311/1310/1310 1361/1360/1360 1360/1359/1359
f 1312/1311/1311 1362/1361/1361 1361/1360/1360
f 1313/1312/1312 1363/1362/1362 1362/1361/1361
f 1314/1313/1313 1364/1363/1363 1363/1362/1362
f 1315/1314/1314 1365/1364/1364 1364/1363/1363
f 1316/1315/1315 1366/1365/1365 1365/1364/1364
f 1317/1316/1316 1367/1366/1366 1366/1365/1365
f 1318/1317/1317 1368/1367/1367 1367/1366/1366
f 1319/1318/1318 1369/1368/1368 1368/1367/1367
f 1320/1319/1319 1370/1369/1369 1369/1368/1368
f 1321/1320/1320 1371/1370/1370 1370/1369/1369
f 1322/1321/1321 1372/1371/1371 1371/1370/1370
f 1325/1324/1324 1373/1372/1372 1324/1323/1323
f 1326/1325/1325 1374/1373/1373 1325/1324/1324
f 1327/1326/1326 1375/1374/1374 1326/1325/1325
f 1328/1327/1327 1376/1375/1375 1327/1326/1326
f 1329/1328/1328 1377/1376/1376 1328/1327/1327
f 1330/1329/1329 1378/1377/1377 1329/1328/1328
f 1331/1330/1330 1379/1378/1378 1330/1329/1329
f 1332/1331/1331 1380/1379/1379 1331/1330/1330
f 1333/1332/1332 1381/1380/1380 1332/1331/1331
f 1334/1333/1333 1382/1381/1381 1333/1332/1332
f 1335/1334/1334 1383/1382/1382 1334/1333/1333
f 1336/1335/1335 1384/1383/1383 1335/1334/1334
f 1337/1336/1336 1385/1384/1384 1336/1335/1335
f 1338/1337/1337 1386/1385/1385 1337/1336/1336
f 1339/1338/1338 1387/1386/1386 1338/1337/1337
f 1340/1339/1339 1388/1387/1387 1339/1338/1338
f 1341/1340/1340 1389/1388/1388 1340/1339/1339
f 1342/1341/1341 1390/1389/1389 1341/1340/1340
f 1343/1342/1342 1391/1390/1390 1342/1341/1341
f 1344/1343/1343 1392/1391/1391 1343/1342/1342
f 1345/1344/1344 1393/1392/1392 1344/1343/1343
f 1346/1345/1345 1394/1393/1393 1345/1344/1344
f 1347/1346/1346 1395/1394/1394 1346/1345/1345
f 1348/1348/1348 1396/1395/1395 1347/1346/1346
f 1348/1348/1348 1398/1396/1396 1397/1397/1397
f 1349/1347/1347 1399/1398/1398 1398/1396/1396
f 1350/1349/1349 1400/1399/1399 1399/1398/1398
f 1351/1350/1350 1401/1400/1400 1400/1399/1399
f 1352/1351/1351 1402/1401/1401 1401/1400/1400
f 1353/1352/1352 1403/1402/1402 1402/1401/1401
f 1354/1353/1353 1404/1403/1403 1403/1402/1402
f 1355/1354/1354 1405/1404/1404 1404/1403/1403
f 1356/1355/1355 1406/1405/1405 1405/1404/1404
f 1357/1356/1356 1407/1406/1406 1406/1405/1405
f 1358/1357/1357 1408/1407/1407 1407/1406/1406
f 1359/1358/1358 1409/1408/1408 1408/1407/1407
f 1360/1359/1359 1410/1409/1409 1409/1408/1408
f 1361/1360/1360 1411/1410/1410 1410/1409/1409
f 1362/1361/1361 1412/1411/1411 1411/1410/1410
f 1363/1362/1362 1413/1412/1412 1412/1411/1411
f 1364/1363/1363 1414/1413/1413 1413/1412/1412
f 1365/1364/1364 1415/1414/1414 1414/1413/1413
f 1366/1365/1365 1416/1415/1415 1415/1414/1414
f 1367/1366/1366 1417/1416/1416 1416/1415/1415
f 1368/1367/1367 1418/1417/1417 1417/1416/1416
f 1369/1368/1368 1419/1418/1418 1418/1417/1417
f 1370/1369/1369 1420/1419/1419 1419/1418/1418
f 1371/1370/1370 1421/1420/1420 1420/1419/1419
f 1373/1372/1372 1423/1421/1421 1422/1422/1422
f 1374/1373/1373 1424/1423/1423 1423/1421/1421
f 1375/1374/1374 1425/1424/1424 1424/1423/1423
f 1376/1375/1375 1426/1425/1425 1425/1424/1424
f 1377/1376/1376 1427/1426/1426 1426/1425/1425
f 1378/1377/1377 1428/1427/1427 1427/1426/1426
f 1379/1378/1378 1429/1428/1428 1428/1427/1427
f 1380/1379/1379 1430/1429/1429 1429/1428/1428
f 1381/1380/1380 1431/1430/1430 1430/1429/1429
f 1382/1381/1381 1432/1431/1431 1431/1430/1430
f 1383/1382/1382 1433/1432/1432 1432/1431/1431
f 1384/1383/1383 1434/1433/1433 1433/1432/1432
f 1385/1384/1384 1435/1434/1434 1434/1433/1433
f 1386/1385/1385 1436/1435/1435 1435/1434/1434
f 1387/1386/1386 1437/1436/1436 1436/1435/1435
f 1388/1387/1387 1438/1437/1437 1437/1436/1436
f 1389/1388/1388 1439/1438/1438 1438/1437/1437
f 1390/1389/1389 1440/1439/1439 1439/1438/1438
f 1391/1390/1390 1441/1440/1440 1440/1439/1439
f 1392/1391/1391 1442/1441/1441 1441/1440/1440
f 1393/1392/1392 1443/1442/1442 1442/1441/1441
f 1394/1393/1393 1444/1443/1443 1443/1442/1442
f 1395/1394/1394 1445/1444/1444 1444/1443/1443
f 1396/1395/1395 1446/1445/1445 1445/1444/1444
f 1398/1396/1396 1446/1445/1445 1397/1397/1397
f 1399/1398/1398 1447/1446/1446 1398/1396/1396
f 1400/1399/1399 1448/1447/1447 1399/1398/1398
f 1401/1400/1400 1449/1448/1448 1400/1399/1399
f 1402/1401/1401 1450/1449/1449 1401/1400/1400
f 1403/1402/1402 1451/1450/1450 1402/1401/1401
f 1404/1403/1403 1452/1451/1451 1403/1402/1402
f 1405/1404/1404 1453/1452/1452 1404/1403/1403
f 1406/1405/1405 1454/1453/1453 1405/1404/1404
f 1407/1406/1406 1455/1454/1454 1406/1405/1405
f 1408/1407/1407 1456/1455/1455 1407/1406/1406
f 1409/1408/1408 1457/1456/1456 1408/1407/1407
f 1410/1409/1409 1458/1457/1457 1409/1408/1408
f 1411/1410/1410 1459/1458/1458 1410/1409/1409
f 1412/1411/1411 1460/1459/1459 1411/1410/1410
f 1413/1412/1412 1461/1460/1460 1412/1411/1411
f 1414/1413/1413 1462/1461/1461 1413/1412/1412
f 1415/1414/1414 1463/1462/1462 1414/1413/1413
f 1416/1415/1415 1464/1463/1463 1415/1414/1414
f 1417/1416/1416 1465/1464/1464 1416/1415/1415
f 1418/1417/1417 1466/1465/1465 1417/1416/1416
f 1419/1418/1418 1467/1466/1466 1418/1417/1417
f 1420/1419/1419 1468/1467/1467 1419/1418/1418
f 1421/1420/1420 1469/1468/1468 1420/1419/1419
f 1422/1422/1422 1472/1469/1469 1471/1470/1470
f 1423/1421/1421 1473/1471/1471 1472/1469/1469
f 1424/1423/1423 1474/1472/1472 1473/1471/1471
f 1425/1424/1424 1475/1473/1473 1474/1472/1472
f 1426/1425/1425 1476/1474/1474 1475/1473/1473
f 1427/1426/1426 1477/1475/1475 1476/1474/1474
f 1428/1427/1427 1478/1476/1476 1477/1475/1475
f 1429/1428/1428 1479/1477/1477 1478/1476/1476
f 1430/1429/1429 1480/1478/1478 1479/1477/1477
f 1431/1430/1430 1481/1479/1479 1480/1478/1478
f 1432/1431/1431 1482/1480/1480 1481/1479/1479
f 1433/1432/1432 1483/1481/1481 1482/1480/1480
f 1434/1433/1433 1484/1482/1482 1483/1481/1481
f 1435/1434/1434 1485/1483/1483 1484/1482/1482
f 1436/1435/1435 1486/1484/1484 1485/1483/1483
f 1437/1436/1436 1487/1485/1485 1486/1484/1484
f 1438/1437/1437 1488/1486/1486 1487/1485/1485
f 1439/1438/1438 1489/1487/1487 1488/1486/1486
f 1440/1439/1439 1490/1488/1488 1489/1487/1487
f 1441/1440/1440 1491/1489/1489 1490/1488/1488
f 1442/1441/1441 1492/1490/1490 1491/1489/1489
f 1443/1442/1442 1493/1491/1491 1492/1490/1490
f 1444/1443/1443 1494/1492/1492 1493/1491/1491
f 1445/1444/1444 1495/1493/1493 1494/1492/1492
f 1447/1446/1446 1495/1493/1493 1446/1445/1445
f 1448/1447/1447 1496/1494/1494 1447/1446/1446
f 1449/1448/1448 1497/1495/1495 1448/1447/1447
f 1450/1449/1449 1498/1496/1496 1449/1448/1448
f 1451/1450/1450 1499/1497/1497 1450/1449/1449
f 1452/1451/1451 1500/1498/1498 1451/1450/1450
f 1453/1452/1452 1501/1499/1499 1452/1451/1451
f 1454/1453/1453 1502/1500/1500 1453/1452/1452
f 1455/1454/1454 1503/1501/1501 1454/1453/1453
f 1456/1455/1455 1504/1502/1502 1455/1454/1454
f 1457/1456/1456 1505/1503/1503 1456/1455/1455
f 1458/1457/1457 1506/1504/1504 1457/1456/1456
f 1459/1458/1458 1507/1505/1505 1458/1457/1457
f 1460/1459/1459 1508/1506/1506 1459/1458/1458
f 1461/1460/1460 1509/1507/1507 1460/1459/1459
f 1462/1461/1461 1510/1508/1508 1461/1460/1460
f 1463/1462/1462 1511/1509/1509 1462/1461/1461
f 1464/1463/1463 1512/1510/1510 1463/1462/1462
f 1465/1464/1464 1513/1511/1511 1464/1463/1463
f 1466/1465/1465 1514/1512/1512 1465/1464/1464
f 1467/1466/1466 1515/1513/1513 1466/1465/1465
f 1468/1467/1467 1516/1514/1514 1467/1466/1466
f 1469/1468/1468 1517/1515/1515 1468/1467/1467
f 1470/1516/1516 1518/1517/1517 1469/1468/1468
f 1471/1470/1470 1521/1518/1518 1520/1519/1519
f 1472/1469/1469 1522/1520/1520 1521/1518/1518
f 1473/1471/1471 1523/1521/1521 1522/1520/1520
f 1474/1472/1472 1524/1522/1522 1523/1521/1521
f 1475/1473/1473 1525/1523/1523 1524/1522/1522
f 1476/1474/1474 1526/1524/1524 1525/1523/1523
f 1477/1475/1475 1527/1525/1525 1526/1524/1524
f 1478/1476/1476 1528/1526/1526 1527/1525/1525
f 1479/1477/1477 1529/1527/1527 1528/1526/1526
f 1480/1478/1478 1530/1528/1528 1529/1527/1527
f 1481/1479/1479 1531/1529/1529 1530/1528/1528
f 1482/1480/1480 1532/1530/1530 1531/1529/1529
f 1483/1481/1481 1533/1531/1531 1532/1530/1530
f 1484/1482/1482 1534/1532/1532 1533/1531/1531
f 1485/1483/1483 1535/1533/1533 1534/1532/1532
f 1486/1484/1484 1536/1534/1534 1535/1533/1533
f 1487/1485/1485 1537/1535/1535 1536/1534/1534
f 1488/1486/1486 1538/1536/1536 1537/1535/1535
f 1489/1487/1487 1539/1537/1537 1538/1536/1536
f 1490/1488/1488 1540/1538/1538 1539/1537/1537
f 1491/1489/1489 1541/1539/1539 1540/1538/1538
f 1492/1490/1490 1542/1540/1540 1541/1539/1539
f 1493/1491/1491 1543/1541/1541 1542/1540/1540
f 1494/1492/1492 1544/1542/1542 1543/1541/1541
f 1496/1494/1494 1544/1542/1542 1495/1493/1493
f 1497/1495/1495 1545/1543/1543 1496/1494/1494
f 1498/1496/1496 1546/1544/1544 1497/1495/1495
f 1499/1497/1497 1547/1545/1545 1498/1496/1496
f 1500/1498/1498 1548/1546/1546 1499/1497/1497
f 1501/1499/1499 1549/1547/1547 1500/1498/1498
f 1502/1500/1500 1550/1548/1548 1501/1499/1499
f 1503/1501/1501 1551/1549/1549 1502/1500/1500
f 1504/1502/1502 1552/1550/1550 1503/1501/1501
f 1505/1503/1503 1553/1551/1551 1504/1502/1502
f 1506/1504/1504 1554/1552/1552 1505/1503/1503
f 1507/1505/1505 1555/1553/1553 1506/1504/1504
f 1508/1506/1506 1556/1554/1554 1507/1505/1505
f 1509/1507/1507 1557/1555/1555 1508/1506/1506
f 1510/1508/1508 1558/1556/1556 1509/1507/1507
f 1511/1509/1509 1559/1557/1557 1510/1508/1508
f 1512/1510/1510 1560/1558/1558 1511/1509/1509
f 1513/1511/1511 1561/1559/1559 1512/1510/1510
f 1514/1512/1512 1562/1560/1560 1513/1511/1511
f 1515/1513/1513 1563/1561/1561 1514/1512/1512
f 1516/1514/1514 1564/1562/1562 1515/1513/1513
f 1517/1515/1515 1565/1563/1563 1516/1514/1514
f 1518/1517/1517 1566/1564/1564 1517/1515/1515
f 1519/1565/1565 1567/1566/1566 1518/1517/1517
f 1520/1519/1519 1570/1567/1567 1569/1568/1568
f 1521/1518/1518 1571/1569/1569 1570/1567/1567
f 1522/1520/1520 1572/1570/1570 1571/1569/1569
f 1523/1521/1521 1573/1571/1571 1572/1570/1570
f 1524/1522/1522 1574/1572/1572 1573/1571/1571
f 1525/1523/1523 1575/1573/1573 1574/1572/1572
f 1526/1524/1524 1576/1574/1574 1575/1573/1573
f 1527/1525/1525 1577/1575/1575 1576/1574/1574
f 1528/1526/1526 1578/1576/1576 1577/1575/1575
f 1529/1527/1527 1579/1577/1577 1578/1576/1576
f 1530/1528/1528 1580/1578/1578 1579/1577/1577
f 1531/1529/1529 1581/1579/1579 1580/1578/1578
f 1532/1530/1530 1582/1580/1580 1581/1579/1579
f 1533/1531/1531 1583/1581/1581 1582/1580/1580
f 1534/1532/1532 1584/1582/1582 1583/1581/1581
f 1535/1533/1533 1585/1583/1583 1584/1582/1582
f 1536/1534/1534 1586/1584/1584 1585/1583/1583
f 1537/1535/1535 1587/1585/1585 1586/1584/1584
f 1538/1536/1536 1588/1586/1586 1587/1585/1585
f 1539/1537/1537 1589/1587/1587 1588/1586/1586
f 1540/1538/1538 1590/1588/1588 1589/1587/1587
f 1541/1539/1539 1591/1589/1589 1590/1588/1588
f 1542/1540/1540 1592/1590/1590 1591/1589/1589
f 1543/1541/1541 1593/1591/1591 1592/1590/1590
f 1545/1543/1543 1593/1591/1591 1544/1542/1542
f 1546/1544/1544 1594/1592/1592 1545/1543/1543
f 1547/1545/1545 1595/1593/1593 1546/1544/1544
f 1548/1546/1546 1596/1594/1594 1547/1545/1545
f 1549/1547/1547 1597/1595/1595 1548/1546/1546
f 1550/1548/1548 1598/1596/1596 1549/1547/1547
f 1551/1549/1549 1599/1597/1597 1550/1548/1548
f 1552/1550/1550 1600/1598/1598 1551/1549/1549
f 1553/1551/1551 1601/1599/1599 1552/1550/1550
f 1554/1552/1552 1602/1600/1600 1553/1551/1551
f 1555/1553/1553 1603/1601/1601 1554/1552/1552
f 1556/1554/1554 1604/1602/1602 1555/1553/1553
f 1557/1555/1555 1605/1603/1603 1556/1554/1554
f 1558/1556/1556 1606/1604/1604 1557/1555/1555
f 1559/1557/1557 1607/1605/1605 1558/1556/1556
f 1560/1558/1558 1608/1606/1606 1559/1557/1557
f 1561/1559/1559 1609/1607/1607 1560/1558/1558
f 1562/1560/1560 1610/1608/1608 1561/1559/1559
f 1563/1561/1561 1611/1609/1609 1562/1560/1560
f 1564/1562/1562 1612/1610/1610 1563/1561/1561
f 1565/1563/1563 1613/1611/1611 1564/1562/1562
f 1566/1564/1564 1614/1612/1612 1565/1563/1563
f 1567/1566/1566 1615/1613/1613 1566/1564/1564
f 1568/1614/1614 1616/1615/1615 1567/1566/1566
f 1569/1568/1568 1619/1616/1616 1618/1617/1617
f 1570/1567/1567 1620/1618/1618 1619/1616/1616
f 1571/1569/1569 1621/1619/1619 1620/1618/1618
f 1572/1570/1570 1622/1620/1620 1621/1619/1619
f 1573/1571/1571 1623/1621/1621 1622/1620/1620
f 1574/1572/1572 1624/1622/1622 1623/1621/1621
f 1575/1573/1573 1625/1623/1623 1624/1622/1622
f 1576/1574/1574 1626/1624/1624 1625/1623/1623
f 1577/1575/1575 1627/1625/1625 1626/1624/1624
f 1578/1576/1576 1628/1626/1626 1627/1625/1625
f 1579/1577/1577 1629/1627/1627 1628/1626/1626
f 1580/1578/1578 1630/1628/1628 1629/1627/1627
f 1581/1579/1579 1631/1629/1629 1630/1628/1628
f 1582/1580/1580 1632/1630/1630 1631/1629/1629
f 1583/1581/1581 1633/1631/1631 1632/1630/1630
f 1584/1582/1582 1634/1632/1632 1633/1631/1631
f 1585/1583/1583 1635/1633/1633 1634/1632/1632
f 1586/1584/1584 1636/1634/1634 1635/1633/1633
f 1587/1585/1585 1637/1635/1635 1636/1634/1634
f 1588/1586/1586 1638/1636/1636 1637/1635/1635
f 1589/1587/1587 1639/1637/1637 1638/1636/1636
f 1590/1588/1588 1640/1638/1638 1639/1637/1637
f 1591/1589/1589 1641/1639/1639 1640/1638/1638
f 1592/1590/1590 1642/1640/1640 1641/1639/1639
f 1594/1592/1592 1642/1640/1640 1593/1591/1591
f 1595/1593/1593 1643/1641/1641 1594/1592/1592
f 1596/1594/1594 1644/1642/1642 1595/1593/1593
f 1597/1595/1595 1645/1643/1643 1596/1594/1594
f 1598/1596/1596 1646/1644/1644 1597/1595/1595
f 1599/1597/1597 1647/1645/1645 1598/1596/1596
f 1600/1598/1598 1648/1646/1646 1599/1597/1597
f 1601/1599/1599 1649/1647/1647 1600/1598/1598
f 1602/1600/1600 1650/1648/1648 1601/1599/1599
f 1603/1601/1601 1651/1649/1649 1602/1600/1600
f 1604/1602/1602 1652/1650/1650 1603/1601/1601
f 1605/1603/1603 1653/1651/1651 1604/1602/1602
f 1606/1604/1604 1654/1652/1652 1605/1603/1603
f 1607/1605/1605 1655/1653/1653 1606/1604/1604
f 1608/1606/1606 1656/1654/1654 1607/1605/1605
f 1609/1607/1607 1657/1655/1655 1608/1606/1606
f 1610/1608/1608 1658/1656/1656 1609/1607/1607
f 1611/1609/1609 1659/1657/1657 1610/1608/1608
f 1612/1610/1610 1660/1658/1658 1611/1609/1609
f 1613/1611/1611 1661/1659/1659 1612/1610/1610
f 1614/1612/1612 1662/1660/1660 1613/1611/1611
f 1615/1613/1613 1663/1661/1661 1614/1612/1612
f 1616/1615/1615 1664/1662/1662 1615/1613/1613
f 1617/1663/1663 1665/1664/1664 1616/1615/1615
f 1618/1617/1617 1668/1665/1665 1667/1666/1666
f 1619/1616/1616 1669/1667/1667 1668/1665/1665
f 1620/1618/1618 1670/1668/1668 1669/1667/1667
f 1621/1619/1619 1671/1669/1669 1670/1668/1668
f 1622/1620/1620 1672/1670/1670 1671/1669/1669
f 1623/1621/1621 1673/1671/1671 1672/1670/1670
f 1624/1622/1622 1674/1672/1672 1673/1671/1671
f 1625/1623/1623 1675/1673/1673 1674/1672/1672
f 1626/1624/1624 1676/1674/1674 1675/1673/1673
f 1627/1625/1625 1677/1675/1675 1676/1674/1674
f 1628/1626/1626 1678/1676/1676 1677/1675/1675
f 1629/1627/1627 1679/1677/1677 1678/1676/1676
f 1630/1628/1628 1680/1678/1678 1679/1677/1677
f 1631/1629/1629 1681/1679/1679 1680/1678/1678
f 1632/1630/1630 1682/1680/1680 1681/1679/1679
f 1633/1631/1631 1683/1681/1681 1682/1680/1680
f 1634/1632/1632 1684/1682/1682 1683/1681/1681
f 1635/1633/1633 1685/1683/1683 1684/1682/1682
f 1636/1634/1634 1686/1684/1684 1685/1683/1683
f 1637/1635/1635 1687/1685/1685 1686/1684/1684
f 1638/1636/1636 1688/1686/1686 1687/1685/1685
f 1639/1637/1637 1689/1687/1687 1688/1686/1686
f 1640/1638/1638 1690/1688/1688 1689/1687/1687
f 1641/1639/1639 1691/1689/1689 1690/1688/1688
f 1643/1641/1641 1691/1689/1689 1642/1640/1640
f 1644/1642/1642 1692/1690/1690 1643/1641/1641
f 1645/1643/1643 1693/1691/1691 1644/1642/1642
f 1646/1644/1644 1694/1692/1692 1645/1643/1643
f 1647/1645/1645 1695/1693/1693 1646/1644/1644
f 1648/1646/1646 1696/1694/1694 1647/1645/1645
f 1649/1647/1647 1697/1695/1695 1648/1646/1646
f 1650/1648/1648 1698/1696/1696 1649/1647/1647
f 1651/1649/1649 1699/1697/1697 1650/1648/1648
f 1652/1650/1650 1700/1698/1698 1651/1649/1649
f 1653/1651/1651 1701/1699/1699 1652/1650/1650
f 1654/1652/1652 1702/1700/1700 1653/1651/1651
f 1655/1653/1653 1703/1701/1701 1654/1652/1652
f 1656/1654/1654 1704/1702/1702 1655/1653/1653
f 1657/1655/1655 1705/1703/1703 1656/1654/1654
f 1658/1656/1656 1706/1704/1704 1657/1655/1655
f 1659/1657/1657 1707/1705/1705 1658/1656/1656
f 1660/1658/1658 1708/1706/1706 1659/1657/1657
f 1661/1659/1659 1709/1707/1707 1660/1658/1658
f 1662/1660/1660 1710/1708/1708 1661/1659/1659
f 1663/1661/1661 1711/1709/1709 1662/1660/1660
f 1664/1662/1662 1712/1710/1710 1663/1661/1661
f 1665/1664/1664 1713/1711/1711 1664/1662/1662
f 1666/1712/1712 1714/1713/1713 1665/1664/1664
f 1667/1666/1666 1717/1714/1714 1716/1715/1715
f 1668/1665/1665 1718/1716/1716 1717/1714/1714
f 1669/1667/1667 1719/1717/1717 1718/1716/1716
f 1670/1668/1668 1720/1718/1718 1719/1717/1717
f 1671/1669/1669 1721/1719/1719 1720/1718/1718
f 1672/1670/1670 1722/1720/1720 1721/1719/1719
f 1673/1671/1671 1723/1721/1721 1722/1720/1720
f 1674/1672/1672 1724/1722/1722 1723/1721/1721
f 1675/1673/1673 1725/1723/1723 1724/1722/1722
f 1676/1674/1674 1726/1724/1724 1725/1723/1723
f 1677/1675/1675 1727/1725/1725 1726/1724/1724
f 1678/1676/1676 1728/1726/1726 1727/1725/1725
f 1679/1677/1677 1729/1727/1727 1728/1726/1726
f 1680/1678/1678 1730/1728/1728 1729/1727/1727
f 1681/1679/1679 1731/1729/1729 1730/1728/1728
f 1682/1680/1680 1732/1730/1730 1731/1729/1729
f 1683/1681/1681 1733/1731/1731 1732/1730/1730
f 1684/1682/1682 1734/1732/1732 1733/1731/1731
f 1685/1683/1683 1735/1733/1733 1734/1732/1732
f 1686/1684/1684 1736/1734/1734 1735/1733/1733
f 1687/1685/1685 1737/1735/1735 1736/1734/1734
f 1688/1686/1686 1738/1736/1736 1737/1735/1735
f 1689/1687/1687 1739/1737/1737 1738/1736/1736
f 1690/1688/1688 1740/1738/1738 1739/1737/1737
f 1692/1690/1690 1740/1738/1738 1691/1689/1689
f 1693/1691/1691 1741/1739/1739 1692/1690/1690
f 1694/1692/1692 1742/1740/1740 1693/1691/1691
f 1695/1693/1693 1743/1741/1741 1694/1692/1692
f 1696/1694/1694 1744/1742/1742 1695/1693/1693
f 1697/1695/1695 1745/1743/1743 1696/1694/1694
f 1698/1696/1696 1746/1744/1744 1697/1695/1695
f 1699/1697/1697 1747/1745/1745 1698/1696/1696
f 1700/1698/1698 1748/1746/1746 1699/1697/1697
f 1701/1699/1699 1749/1747/1747 1700/1698/1698
f 1702/1700/1700 1750/1748/1748 1701/1699/1699
f 1703/1701/1701 1751/1749/1749 1702/1700/1700
f 1704/1702/1702 1752/1750/1750 1703/1701/1701
f 1705/1703/1703 1753/1751/1751 1704/1702/1702
f 1706/1704/1704 1754/1752/1752 1705/1703/1703
f 1707/1705/1705 1755/1753/1753 1706/1704/1704
f 1708/1706/1706 1756/1754/1754 1707/1705/1705
f 1709/1707/1707 1757/1755/1755 1708/1706/1706
f 1710/1708/1708 1758/1756/1756 1709/1707/1707
f 1711/1709/1709 1759/1757/1757 1710/1708/1708
f 1712/1710/1710 1760/1758/1758 1711/1709/1709
f 1713/1711/1711 1761/1759/1759 1712/1710/1710
f 1714/1713/1713 1762/1760/1760 1713/1711/1711
f 1715/1761/1761 1763/1762/1762 1714/1713/1713
f 1716/1715/1715 1766/1763/1763 1765/1764/1764
f 1717/1714/1714 1767/1765/1765 1766/1763/1763
f 1718/1716/1716 1768/1766/1766 1767/1765/1765
f 1719/1717/1717 1769/1767/1767 1768/1766/1766
f 1720/1718/1718 1770/1768/1768 1769/1767/1767
f 1721/1719/1719 1771/1769/1769 1770/1768/1768
f 1722/1720/1720 1772/1770/1770 1771/1769/1769
f 1723/1721/1721 1773/1771/1771 1772/1770/1770
f 1724/1722/1722 1774/1772/1772 1773/1771/1771
f 1725/1723/1723 1775/1773/1773 1774/1772/1772
f 1726/1724/1724 1776/1774/1774 1775/1773/1773
f 1727/1725/1725 1777/1775/1775 1776/1774/1774
f 1728/1726/1726 1778/1776/1776 1777/1775/1775
f 1729/1727/1727 1779/1777/1777 1778/1776/1776
f 1730/1728/1728 1780/1778/1778 1779/1777/1777
f 1731/1729/1729 1781/1779/1779 1780/1778/1778
f 1732/1730/1730 1782/1780/1780 1781/1779/1779
f 1733/1731/1731 1783/1781/1781 1782/1780/1780
f 1734/1732/1732 1784/1782/1782 1783/1781/1781
f 1735/1733/1733 1785/1783/1783 1784/1782/1782
f 1736/1734/1734 1786/1784/1784 1785/1783/1783
f 1737/1735/1735 1787/1785/1785 1786/1784/1784
f 1738/1736/1736 1788/1786/1786 1787/1785/1785
f 1739/1737/1737 1789/1787/1787 1788/1786/1786
f 1741/1739/1739 1789/1787/1787 1740/1738/1738
f 1742/1740/1740 1790/1788/1788 1741/1739/1739
f 1743/1741/1741 1791/1789/1789 1742/1740/1740
f 1744/1742/1742 1792/1790/1790 1743/1741/1741
f 1745/1743/1743 1793/1791/1791 1744/1742/1742
f 1746/1744/1744 1794/1792/1792 1745/1743/1743
f 1747/1745/1745 1795/1793/1793 1746/1744/1744
f 1748/1746/1746 1796/1794/1794 1747/1745/1745
f 1749/1747/1747 1797/1795/1795 1748/1746/1746
f 1750/1748/1748 1798/1796/1796 1749/1747/1747
f 1751/1749/1749 1799/1797/1797 1750/1748/1748
f 1752/1750/1750 1800/1798/1798 1751/1749/1749
f 1753/1751/1751 1801/1799/1799 1752/1750/1750
f 1754/1752/1752 1802/1800/1800 1753/1751/1751
f 1755/1753/1753 1803/1801/1801 1754/1752/1752
f 1756/1754/1754 1804/1802/1802 1755/1753/1753
f 1757/1755/1755 1805/1803/1803 1756/1754/1754
f 1758/1756/1756 1806/1804/1804 1757/1755/1755
f 1759/1757/1757 1807/1805/1805 1758/1756/1756
f 1760/1758/1758 1808/1806/1806 1759/1757/1757
f 1761/1759/1759 1809/1807/1807 1760/1758/1758
f 1762/1760/1760 1810/1808/1808 1761/1759/1759
f 1763/1762/1762 1811/1809/1809 1762/1760/1760
f 1764/1810/1810 1812/1811/1811 1763/1762/1762
f 1765/1764/1764 1815/1812/1812 1814/1813/1813
f 1766/1763/1763 1816/1814/1814 1815/1812/1812
f 1767/1765/1765 1817/1815/1815 1816/1814/1814
f 1768/1766/1766 1818/1816/1816 1817/1815/1815
f 1769/1767/1767 1819/1817/1817 1818/1816/1816
f 1770/1768/1768 1820/1818/1818 1819/1817/1817
f 1771/1769/1769 1821/1819/1819 1820/1818/1818
f 1772/1770/1770 1822/1820/1820 1821/1819/1819
f 1773/1771/1771 1823/1821/1821 1822/1820/1820
f 1774/1772/1772 1824/1822/1822 1823/1821/1821
f 1775/1773/1773 1825/1823/1823 1824/1822/1822
f 1776/1774/1774 1826/1824/1824 1825/1823/1823
f 1777/1775/1775 1827/1825/1825 1826/1824/1824
f 1778/1776/1776 1828/1826/1826 1827/1825/1825
f 1779/1777/1777 1829/1827/1827 1828/1826/1826
f 1780/1778/1778 1830/1828/1828 1829/1827/1827
f 1781/1779/1779 1831/1829/1829 1830/1828/1828
f 1782/1780/1780 1832/1830/1830 1831/1829/1829
f 1783/1781/1781 1833/1831/1831 1832/1830/1830
f 1784/1782/1782 1834/1832/1832 1833/1831/1831
f 1785/1783/1783 1835/1833/1833 1834/1832/1832
f 1786/1784/1784 1836/1834/1834 1835/1833/1833
f 1787/1785/1785 1837/1835/1835 1836/1834/1834
f 1788/1786/1786 1838/1836/1836 1837/1835/1835
f 1790/1788/1788 1838/1836/1836 1789/1787/1787
f 1791/1789/1789 1839/1837/1837 1790/1788/1788
f 1792/1790/1790 1840/1838/1838 1791/1789/1789
f 1793/1791/1791 1841/1839/1839 1792/1790/1790
f 1794/1792/1792 1842/1840/1840 1793/1791/1791
f 1795/1793/1793 1843/1841/1841 1794/1792/1792
f 1796/1794/1794 1844/1842/1842 1795/1793/1793
f 1797/1795/1795 1845/1843/1843 1796/1794/1794
f 1798/1796/1796 1846/1844/1844 1797/1795/1795
f 1799/1797/1797 1847/1845/1845 1798/1796/1796
f 1800/1798/1798 1848/1846/1846 1799/1797/1797
f 1801/1799/1799 1849/1847/1847 1800/1798/1798
f 1802/1800/1800 1850/1848/1848 1801/1799/1799
f 1803/1801/1801 1851/1849/1849 1802/1800/1800
f 1804/1802/1802 1852/1850/1850 1803/1801/1801
f 1805/1803/1803 1853/1851/1851 1804/1802/1802
f 1806/1804/1804 1854/1852/1852 1805/1803/1803
f 1807/1805/1805 1855/1853/1853 1806/1804/1804
f 1808/1806/1806 1856/1854/1854 1807/1805/1805
f 1809/1807/1807 1857/1855/1855 1808/1806/1806
f 1810/1808/1808 1858/1856/1856 1809/1807/1807
f 1811/1809/1809 1859/1857/1857 1810/1808/1808
f 1812/1811/1811 1860/1858/1858 1811/1809/1809
f 1813/1859/1859 1861/1860/1860 1812/1811/1811
f 1814/1813/1813 1864/1861/1861 1863/1862/1862
f 1815/1812/1812 1865/1863/1863 1864/1861/1861
f 1816/1814/1814 1866/1864/1864 1865/1863/1863
f 1817/1815/1815 1867/1865/1865 1866/1864/1864
f 1818/1816/1816 1868/1866/1866 1867/1865/1865
f 1819/1817/1817 1869/1867/1867 1868/1866/1866
f 1820/1818/1818 1870/1868/1868 1869/1867/1867
f 1821/1819/1819 1871/1869/1869 1870/1868/1868
f 1822/1820/1820 1872/1870/1870 1871/1869/1869
f 1823/1821/1821 1873/1871/1871 1872/1870/1870
f 1824/1822/1822 1874/1872/1872 1873/1871/1871
f 1825/1823/1823 1875/1873/1873 1874/1872/1872
f 1826/1824/1824 1876/1874/1874 1875/1873/1873
f 1827/1825/1825 1877/1875/1875 1876/1874/1874
f 1828/1826/1826 1878/1876/1876 1877/1875/1875
f 1829/1827/1827 1879/1877/1877 1878/1876/1876
f 1830/1828/1828 1880/1878/1878 1879/1877/1877
f 1831/1829/1829 1881/1879/1879 1880/1878/1878
f 1832/1830/1830 1882/1880/1880 1881/1879/1879
f 1833/1831/1831 1883/1881/1881 1882/1880/1880
f 1834/1832/1832 1884/1882/1882 1883/1881/1881
f 1835/1833/1833 1885/1883/1883 1884/1882/1882
f 1836/1834/1834 1886/1884/1884 1885/1883/1883
f 1837/1835/1835 1887/1885/1885 1886/1884/1884
f 1839/1837/1837 1887/1885/1885 1838/1836/1836
f 1840/1838/1838 1888/1886/1886 1839/1837/1837
f 1841/1839/1839 1889/1887/1887 1840/1838/1838
f 1842/1840/1840 1890/1888/1888 1841/1839/1839
f 1843/1841/1841 1891/1889/1889 1842/1840/1840
f 1844/1842/1842 1892/1890/1890 1843/1841/1841
f 1845/1843/1843 1893/1891/1891 1844/1842/1842
f 1846/1844/1844 1894/1892/1892 1845/1843/1843
f 1847/1845/1845 1895/1893/1893 1846/1844/1844
f 1848/1846/1846 1896/1894/1894 1847/1845/1845
f 1849/1847/1847 1897/1895/1895 1848/1846/1846
f 1850/1848/1848 1898/1896/1896 1849/1847/1847
f 1851/1849/1849 1899/1897/1897 1850/1848/1848
f 1852/1850/1850 1900/1898/1898 1851/1849/1849
f 1853/1851/1851 1901/1899/1899 1852/1850/1850
f 1854/1852/1852 1902/1900/1900 1853/1851/1851
f 1855/1853/1853 1903/1901/1901 1854/1852/1852
f 1856/1854/1854 1904/1902/1902 1855/1853/1853
f 1857/1855/1855 1905/1903/1903 1856/1854/1854
f 1858/1856/1856 1906/1904/1904 1857/1855/1855
f 1859/1857/1857 1907/1905/1905 1858/1856/1856
f 1860/1858/1858 1908/1906/1906 1859/1857/1857
f 1861/1860/1860 1909/1907/1907 1860/1858/1858
f 1862/1908/1908 1910/1909/1909 1861/1860/1860
f 1863/1862/1862 1913/1910/1910 1912/1911/1911
f 1864/1861/1861 1914/1912/1912 1913/1910/1910
f 1865/1863/1863 1915/1913/1913 1914/1912/1912
f 1866/1864/1864 1916/1914/1914 1915/1913/1913
f 1867/1865/1865 1917/1915/1915 1916/1914/1914
f 1868/1866/1866 1918/1916/1916 1917/1915/1915
f 1869/1867/1867 1919/1917/1917 1918/1916/1916
f 1870/1868/1868 1920/1918/1918 1919/1917/1917
f 1871/1869/1869 1921/1919/1919 1920/1918/1918
f 1872/1870/1870 1922/1920/1920 1921/1919/1919
f 1873/1871/1871 1923/1921/1921 1922/1920/1920
f 1874/1872/1872 1924/1922/1922 1923/1921/1921
f 1875/1873/1873 1925/1923/1923 1924/1922/1922
f 1876/1874/1874 1926/1924/1924 1925/1923/1923
f 1877/1875/1875 1927/1925/1925 1926/1924/1924
f 1878/1876/1876 1928/1926/1926 1927/1925/1925
f 1879/1877/1877 1929/1927/1927 1928/1926/1926
f 1880/1878/1878 1930/1928/1928 1929/1927/1927
f 1881/1879/1879 1931/1929/1929 1930/1928/1928
f 1882/1880/1880 1932/1930/1930 1931/1929/1929
f 1883/1881/1881 1933/1931/1931 1932/1930/1930
f 1884/1882/1882 1934/1932/1932 1933/1931/1931
f 1885/1883/1883 1935/1933/1933 1934/1932/1932
f 1886/1884/1884 1936/1934/1934 1935/1933/1933
f 1888/1886/1886 1936/1934/1934 1887/1885/1885
f 1889/1887/1887 1937/1935/1935 1888/1886/1886
f 1890/1888/1888 1938/1936/1936 1889/1887/1887
f 1891/1889/1889 1939/1937/1937 1890/1888/1888
f 1892/1890/1890 1940/1938/1938 1891/1889/1889
f 1893/1891/1891 1941/1939/1939 1892/1890/1890
f 1894/1892/1892 1942/1940/1940 1893/1891/1891
f 1895/1893/1893 1943/1941/1941 1894/1892/1892
f 1896/1894/1894 1944/1942/1942 1895/1893/1893
f 1897/1895/1895 1945/1943/1943 1896/1894/1894
f 1898/1896/1896 1946/1944/1944 1897/1895/1895
f 1899/1897/1897 1947/1945/1945 1898/1896/1896
f 1900/1898/1898 1948/1946/1946 1899/1897/1897
f 1901/1899/1899 1949/1947/1947 1900/1898/1898
f 1902/1900/1900 1950/1948/1948 1901/1899/1899
f 1903/1901/1901 1951/1949/1949 1902/1900/1900
f 1904/1902/1902 1952/1950/1950 1903/1901/1901
f 1905/1903/1903 1953/1951/1951 1904/1902/1902
f 1906/1904/1904 1954/1952/1952 1905/1903/1903
f 1907/1905/1905 1955/1953/1953 1906/1904/1904
f 1908/1906/1906 1956/1954/1954 1907/1905/1905
f 1909/1907/1907 1957/1955/1955 1908/1906/1906
f 1910/1909/1909 1958/1956/1956 1909/1907/1907
f 1911/1957/1957 1959/1958/1958 1910/1909/1909
f 1912/1911/1911 1962/1959/1959 1961/1960/1960
f 1913/1910/1910 1963/1961/1961 1962/1959/1959
f 1914/1912/1912 1964/1962/1962 1963/1961/1961
f 1915/1913/1913 1965/1963/1963 1964/1962/1962
f 1916/1914/1914 1966/1964/1964 1965/1963/1963
f 1917/1915/1915 1967/1965/1965 1966/1964/1964
f 1918/1916/1916 1968/1966/1966 1967/1965/1965
f 1919/1917/1917 1969/1967/1967 1968/1966/1966
f 1920/1918/1918 1970/1968/1968 1969/1967/1967
f 1921/1919/1919 1971/1969/1969 1970/1968/1968
f 1922/1920/1920 1972/1970/1970 1971/1969/1969
f 1923/1921/1921 1973/1971/1971 1972/1970/1970
f 1924/1922/1922 1974/1972/1972 1973/1971/1971
f 1925/1923/1923 1975/1973/1973 1974/1972/1972
f 1926/1924/1924 1976/1974/1974 1975/1973/1973
f 1927/1925/1925 1977/1975/1975 1976/1974/1974
f 1928/1926/1926 1978/1976/1976 1977/1975/1975
f 1929/1927/1927 1979/1977/1977 1978/1976/1976
f 1930/1928/1928 1980/1978/1978 1979/1977/1977
f 1931/1929/1929 1981/1979/1979 1980/1978/1978
f 1932/1930/1930 1982/1980/1980 1981/1979/1979
f 1933/1931/1931 1983/1981/1981 1982/1980/1980
f 1934/1932/1932 1984/1982/1982 1983/1981/1981
f 1935/1933/1933 1985/1983/1983 1984/1982/1982
f 1937/1935/1935 1985/1983/1983 1936/1934/1934
f 1938/1936/1936 1986/1984/1984 1937/1935/1935
f 1939/1937/1937 1987/1985/1985 1938/1936/1936
f 1940/1938/1938 1988/1986/1986 1939/1937/1937
f 1941/1939/1939 1989/1987/1987 1940/1938/1938
f 1942/1940/1940 1990/1988/1988 1941/1939/1939
f 1943/1941/1941 1991/1989/1989 1942/1940/1940
f 1944/1942/1942 1992/1990/1990 1943/1941/1941
f 1945/1943/1943 1993/1991/1991 1944/1942/1942
f 1946/1944/1944 1994/1992/1992 1945/1943/1943
f 1947/1945/1945 1995/1993/1993 1946/1944/1944
f 1948/1946/1946 1996/1994/1994 1947/1945/1945
f 1949/1947/1947 1997/1995/1995 1948/1946/1946
f 1950/1948/1948 1998/1996/1996 1949/1947/1947
f 1951/1949/1949 1999/1997/1997 1950/1948/1948
f 1952/1950/1950 2000/1998/1998 1951/1949/1949
f 1953/1951/1951 2001/1999/1999 1952/1950/1950
f 1954/1952/1952 2002/2000/2000 1953/1951/1951
f 1955/1953/1953 2003/2001/2001 1954/1952/1952
f 1956/1954/1954 2004/2002/2002 1955/1953/1953
f 1957/1955/1955 2005/2003/2003 1956/1954/1954
f 1958/1956/1956 2006/2004/2004 1957/1955/1955
f 1959/1958/1958 2007/2005/2005 1958/1956/1956
f 1960/2006/2006 2008/2007/2007 1959/1958/1958
f 1961/1960/1960 2011/2008/2008 2010/2009/2009
f 1962/1959/1959 2012/2010/2010 2011/2008/2008
f 1963/1961/1961 2013/2011/2011 2012/2010/2010
f 1964/1962/1962 2014/2012/2012 2013/2011/2011
f 1965/1963/1963 2015/2013/2013 2014/2012/2012
f 1966/1964/1964 2016/2014/2014 2015/2013/2013
f 1967/1965/1965 2017/2015/2015 2016/2014/2014
f 1968/1966/1966 2018/2016/2016 2017/2015/2015
f 1969/1967/1967 2019/2017/2017 2018/2016/2016
f 1970/1968/1968 2020/2018/2018 2019/2017/2017
f 1971/1969/1969 2021/2019/2019 2020/2018/2018
f 1972/1970/1970 2022/2020/2020 2021/2019/2019
f 1973/1971/1971 2023/2021/2021 2022/2020/2020
f 1974/1972/1972 2024/2022/2022 2023/2021/2021
f 1975/1973/1973 2025/2023/2023 2024/2022/2022
f 1976/1974/1974 2026/2024/2024 2025/2023/2023
f 1977/1975/1975 2027/2025/2025 2026/2024/2024
f 1978/1976/1976 2028/2026/2026 2027/2025/2025
f 1979/1977/1977 2029/2027/2027 2028/2026/2026
f 1980/1978/1978 2030/2028/2028 2029/2027/2027
f 1981/1979/1979 2031/2029/2029 2030/2028/2028
f 1982/1980/1980 2032/2030/2030 2031/2029/2029
f 1983/1981/1981 2033/2031/2031 2032/2030/2030
f 1984/1982/1982 2034/2032/2032 2033/2031/2031
f 1986/1984/1984 2034/2032/2032 1985/1983/1983
f 1987/1985/1985 2035/2033/2033 1986/1984/1984
f 1988/1986/1986 2036/2034/2034 1987/1985/1985
f 1989/1987/1987 2037/2035/2035 1988/1986/1986
f 1990/1988/1988 2038/2036/2036 1989/1987/1987
f 1991/1989/1989 2039/2037/2037 1990/1988/1988
f 1992/1990/1990 2040/2038/2038 1991/1989/1989
f 1993/1991/1991 2041/2039/2039 1992/1990/1990
f 1994/1992/1992 2042/2040/2040 1993/1991/1991
f 1995/1993/1993 2043/2041/2041 1994/1992/1992
f 1996/1994/1994 2044/2042/2042 1995/1993/1993
f 1997/1995/1995 2045/2043/2043 1996/1994/1994
f 1998/1996/1996 2046/2044/2044 1997/1995/1995
f 1999/1997/1997 2047/2045/2045 1998/1996/1996
f 2000/1998/1998 2048/2046/2046 1999/1997/1997
f 2001/1999/1999 2049/2047/2047 2000/1998/1998
f 2002/2000/2000 2050/2048/2048 2001/1999/1999
f 2003/2001/2001 2051/2049/2049 2002/2000/2000
f 2004/2002/2002 2052/2050/2050 2003/2001/2001
f 2005/2003/2003 2053/2051/2051 2004/2002/2002
f 2006/2004/2004 2054/2052/2052 2005/2003/2003
f 2007/2005/2005 2055/2053/2053 2006/2004/2004
f 2008/2007/2007 2056/2054/2054 2007/2005/2005
f 2009/2055/2055 2057/2056/2056 2008/2007/2007
f 2010/2009/2009 2060/2057/2057 2059/2058/2058
f 2011/2008/2008 2061/2059/2059 2060/2057/2057
f 2012/2010/2010 2062/2060/2060 2061/2059/2059
f 2013/2011/2011 2063/2061/2061 2062/2060/2060
f 2014/2012/2012 2064/2062/2062 2063/2061/2061
f 2015/2013/2013 2065/2063/2063 2064/2062/2062
f 2016/2014/2014 2066/2064/2064 2065/2063/2063
f 2017/2015/2015 2067/2065/2065 2066/2064/2064
f 2018/2016/2016 2068/2066/2066 2067/2065/2065
f 2019/2017/2017 2069/2067/2067 2068/2066/2066
f 2020/2018/2018 2070/2068/2068 2069/2067/2067
f 2021/2019/2019 2071/2069/2069 2070/2068/2068
f 2022/2020/2020 2072/2070/2070 2071/2069/2069
f 2023/2021/2021 2073/2071/2071 2072/2070/2070
f 2024/2022/2022 2074/2072/2072 2073/2071/2071
f 2025/2023/2023 2075/2073/2073 2074/2072/2072
f 2026/2024/2024 2076/2074/2074 2075/2073/2073
f 2027/2025/2025 2077/2075/2075 2076/2074/2074
f 2028/2026/2026 2078/2076/2076 2077/2075/2075
f 2029/2027/2027 2079/2077/2077 2078/2076/2076
f 2030/2028/2028 2080/2078/2078 2079/2077/2077
f 2031/2029/2029 2081/2079/2079 2080/2078/2078
f 2032/2030/2030 2082/2080/2080 2081/2079/2079
f 2033/2031/2031 2083/2081/2081 2082/2080/2080
f 2035/2033/2033 2083/2081/2081 2034/2032/2032
f 2036/2034/2034 2084/2082/2082 2035/2033/2033
f 2037/2035/2035 2085/2083/2083 2036/2034/2034
f 2038/2036/2036 2086/2084/2084 2037/2035/2035
f 2039/2037/2037 2087/2085/2085 2038/2036/2036
f 2040/2038/2038 2088/2086/2086 2039/2037/2037
f 2041/2039/2039 2089/2087/2087 2040/2038/2038
f 2042/2040/2040 2090/2088/2088 2041/2039/2039
f 2043/2041/2041 2091/2089/2089 2042/2040/2040
f 2044/2042/2042 2092/2090/2090 2043/2041/2041
f 2045/2043/2043 2093/2091/2091 2044/2042/2042
f 2046/2044/2044 2094/2092/2092 2045/2043/2043
f 2047/2045/2045 2095/2093/2093 2046/2044/2044
f 2048/2046/2046 2096/2094/2094 2047/2045/2045
f 2049/2047/2047 2097/2095/2095 2048/2046/2046
f 2050/2048/2048 2098/2096/2096 2049/2047/2047
f 2051/2049/2049 2099/2097/2097 2050/2048/2048
f 2052/2050/2050 2100/2098/2098 2051/2049/2049
f 2053/2051/2051 2101/2099/2099 2052/2050/2050
f 2054/2052/2052 2102/2100/2100 2053/2051/2051
f 2055/2053/2053 2103/2101/2101 2054/2052/2052
f 2056/2054/2054 2104/2102/2102 2055/2053/2053
f 2057/2056/2056 2105/2103/2103 2056/2054/2054
f 2058/2104/2104 2106/2105/2105 2057/2056/2056
f 2059/2058/2058 2109/2106/2106 2108/2107/2107
f 2060/2057/2057 2110/2108/2108 2109/2106/2106
f 2061/2059/2059 2111/2109/2109 2110/2108/2108
f 2062/2060/2060 2112/2110/2110 2111/2109/2109
f 2063/2061/2061 2113/2111/2111 2112/2110/2110
f 2064/2062/2062 2114/2112/2112 2113/2111/2111
f 2065/2063/2063 2115/2113/2113 2114/2112/2112
f 2066/2064/2064 2116/2114/2114 2115/2113/2113
f 2067/2065/2065 2117/2115/2115 2116/2114/2114
f 2068/2066/2066 2118/2116/2116 2117/2115/2115
f 2069/2067/2067 2119/2117/2117 2118/2116/2116
f 2070/2068/2068 2120/2118/2118 2119/2117/2117
f 2071/2069/2069 2121/2119/2119 2120/2118/2118
f 2072/2070/2070 2122/2120/2120 2121/2119/2119
f 2073/2071/2071 2123/2121/2121 2122/2120/2120
f 2074/2072/2072 2124/2122/2122 2123/2121/2121
f 2075/2073/2073 2125/2123/2123 2124/2122/2122
f 2076/2074/2074 2126/2124/2124 2125/2123/2123
f 2077/2075/2075 2127/2125/2125 2126/2124/2124
f 2078/2076/2076 2128/2126/2126 2127/2125/2125
f 2079/2077/2077 2129/2127/2127 2128/2126/2126
f 2080/2078/2078 2130/2128/2128 2129/2127/2127
f 2081/2079/2079 2131/2129/2129 2130/2128/2128
f 2082/2080/2080 2132/2130/2130 2131/2129/2129
f 2084/2082/2082 2132/2130/2130 2083/2081/2081
f 2085/2083/2083 2133/2131/2131 2084/2082/2082
f 2086/2084/2084 2134/2132/2132 2085/2083/2083
f 2087/2085/2085 2135/2133/2133 2086/2084/2084
f 2088/2086/2086 2136/2134/2134 2087/2085/2085
f 2089/2087/2087 2137/2135/2135 2088/2086/2086
f 2090/2088/2088 2138/2136/2136 2089/2087/2087
f 2091/2089/2089 2139/2137/2137 2090/2088/2088
f 2092/2090/2090 2140/2138/2138 2091/2089/2089
f 2093/2091/2091 2141/2139/2139 2092/2090/2090
f 2094/2092/2092 2142/2140/2140 2093/2091/2091
f 2095/2093/2093 2143/2141/2141 2094/2092/2092
f 2096/2094/2094 2144/2142/2142 2095/2093/2093
f 2097/2095/2095 2145/2143/2143 2096/2094/2094
f 2098/2096/2096 2146/2144/2144 2097/2095/2095
f 2099/2097/2097 2147/2145/2145 2098/2096/2096
f 2100/2098/2098 2148/2146/2146 2099/2097/2097
f 2101/2099/2099 2149/2147/2147 2100/2098/2098
f 2102/2100/2100 2150/2148/2148 2101/2099/2099
f 2103/2101/2101 2151/2149/2149 2102/2100/2100
f 2104/2102/2102 2152/2150/2150 2103/2101/2101
f 2105/2103/2103 2153/2151/2151 2104/2102/2102
f 2106/2105/2105 2154/2152/2152 2105/2103/2103
f 2107/2153/2153 2155/2154/2154 2106/2105/2105
f 2108/2107/2107 2158/2155/2155 2157/2156/2156
f 2109/2106/2106 2159/2157/2157 2158/2155/2155
f 2110/2108/2108 2160/2158/2158 2159/2157/2157
f 2111/2109/2109 2161/2159/2159 2160/2158/2158
f 2112/2110/2110 2162/2160/2160 2161/2159/2159
f 2113/2111/2111 2163/2161/2161 2162/2160/2160
f 2114/2112/2112 2164/2162/2162 2163/2161/2161
f 2115/2113/2113 2165/2163/2163 2164/2162/2162
f 2116/2114/2114 2166/2164/2164 2165/2163/2163
f 2117/2115/2115 2167/2165/2165 2166/2164/2164
f 2118/2116/2116 2168/2166/2166 2167/2165/2165
f 2119/2117/2117 2169/2167/2167 2168/2166/2166
f 2120/2118/2118 2170/2168/2168 2169/2167/2167
f 2121/2119/2119 2171/2169/2169 2170/2168/2168
f 2122/2120/2120 2172/2170/2170 2171/2169/2169
f 2123/2121/2121 2173/2171/2171 2172/2170/2170
f 2124/2122/2122 2174/2172/2172 2173/2171/2171
f 2125/2123/2123 2175/2173/2173 2174/2172/2172
f 2126/2124/2124 2176/2174/2174 2175/2173/2173
f 2127/2125/2125 2177/2175/2175 2176/2174/2174
f 2128/2126/2126 2178/2176/2176 2177/2175/2175
f 2129/2127/2127 2179/2177/2177 2178/2176/2176
f 2130/2128/2128 2180/2178/2178 2179/2177/2177
f 2131/2129/2129 2181/2179/2179 2180/2178/2178
f 2133/2131/2131 2181/2179/2179 2132/2130/2130
f 2134/2132/2132 2182/2180/2180 2133/2131/2131
f 2135/2133/2133 2183/2181/2181 2134/2132/2132
f 2136/2134/2134 2184/2182/2182 2135/2133/2133
f 2137/2135/2135 2185/2183/2183 2136/2134/2134
f 2138/2136/2136 2186/2184/2184 2137/2135/2135
f 2139/2137/2137 2187/2185/2185 2138/2136/2136
f 2140/2138/2138 2188/2186/2186 2139/2137/2137
f 2141/2139/2139 2189/2187/2187 2140/2138/2138
f 2142/2140/2140 2190/2188/2188 2141/2139/2139
f 2143/2141/2141 2191/2189/2189 2142/2140/2140
f 2144/2142/2142 2192/2190/2190 2143/2141/2141
f 2145/2143/2143 2193/2191/2191 2144/2142/2142
f 2146/2144/2144 2194/2192/2192 2145/2143/2143
f 2147/2145/2145 2195/2193/2193 2146/2144/2144
f 2148/2146/2146 2196/2194/2194 2147/2145/2145
f 2149/2147/2147 2197/2195/2195 2148/2146/2146
f 2150/2148/2148 2198/2196/2196 2149/2147/2147
f 2151/2149/2149 2199/2197/2197 2150/2148/2148
f 2152/2150/2150 2200/2198/2198 2151/2149/2149
f 2153/2151/2151 2201/2199/2199 2152/2150/2150
f 2154/2152/2152 2202/2200/2200 2153/2151/2151
f 2155/2154/2154 2203/2201/2201 2154/2152/2152
f 2156/2202/2202 2204/2203/2203 2155/2154/2154
f 2157/2156/2156 2207/2204/2204 2206/2205/2205
f 2158/2155/2155 2208/2206/2206 2207/2204/2204
f 2159/2157/2157 2209/2207/2207 2208/2206/2206
f 2160/2158/2158 2210/2208/2208 2209/2207/2207
f 2161/2159/2159 2211/2209/2209 2210/2208/2208
f 2162/2160/2160 2212/2210/2210 2211/2209/2209
f 2163/2161/2161 2213/2211/2211 2212/2210/2210
f 2164/2162/2162 2214/2212/2212 2213/2211/2211
f 2165/2163/2163 2215/2213/2213 2214/2212/2212
f 2166/2164/2164 2216/2214/2214 2215/2213/2213
f 2167/2165/2165 2217/2215/2215 2216/2214/2214
f 2168/2166/2166 2218/2216/2216 2217/2215/2215
f 2169/2167/2167 2219/2217/2217 2218/2216/2216
f 2170/2168/2168 2220/2218/2218 2219/2217/2217
f 2171/2169/2169 2221/2219/2219 2220/2218/2218
f 2172/2170/2170 2222/2220/2220 2221/2219/2219
f 2173/2171/2171 2223/2221/2221 2222/2220/2220
f 2174/2172/2172 2224/2222/2222 2223/2221/2221
f 2175/2173/2173 2225/2223/2223 2224/2222/2222
f 2176/2174/2174 2226/2224/2224 2225/2223/2223
f 2177/2175/2175 2227/2225/2225 2226/2224/2224
f 2178/2176/2176 2228/2226/2226 2227/2225/2225
f 2179/2177/2177 2229/2227/2227 2228/2226/2226
f 2180/2178/2178 2230/2228/2228 2229/2227/2227
f 2182/2180/2180 2230/2228/2228 2181/2179/2179
f 2183/2181/2181 2231/2229/2229 2182/2180/2180
f 2184/2182/2182 2232/2230/2230 2183/2181/2181
f 2185/2183/2183 2233/2231/2231 2184/2182/2182
f 2186/2184/2184 2234/2232/2232 2185/2183/2183
f 2187/2185/2185 2235/2233/2233 2186/2184/2184
f 2188/2186/2186 2236/2234/2234 2187/2185/2185
f 2189/2187/2187 2237/2235/2235 2188/2186/2186
f 2190/2188/2188 2238/2236/2236 2189/2187/2187
f 2191/2189/2189 2239/2237/2237 2190/2188/2188
f 2192/2190/2190 2240/2238/2238 2191/2189/2189
f 2193/2191/2191 2241/2239/2239 2192/2190/2190
f 2194/2192/2192 2242/2240/2240 2193/2191/2191
f 2195/2193/2193 2243/2241/2241 2194/2192/2192
f 2196/2194/2194 2244/2242/2242 2195/2193/2193
f 2197/2195/2195 2245/2243/2243 2196/2194/2194
f 2198/2196/2196 2246/2244/2244 2197/2195/2195
f 2199/2197/2197 2247/2245/2245 2198/2196/2196
f 2200/2198/2198 2248/2246/2246 2199/2197/2197
f 2201/2199/2199 2249/2247/2247 2200/2198/2198
f 2202/2200/2200 2250/2248/2248 2201/2199/2199
f 2203/2201/2201 2251/2249/2249 2202/2200/2200
f 2204/2203/2203 2252/2250/2250 2203/2201/2201
f 2205/2251/2251 2253/2252/2252 2204/2203/2203
f 2206/2205/2205 2256/2253/2253 2255/2254/2254
f 2207/2204/2204 2257/2255/2255 2256/2253/2253
f 2208/2206/2206 2258/2256/2256 2257/2255/2255
f 2209/2207/2207 2259/2257/2257 2258/2256/2256
f 2210/2208/2208 2260/2258/2258 2259/2257/2257
f 2211/2209/2209 2261/2259/2259 2260/2258/2258
f 2212/2210/2210 2262/2260/2260 2261/2259/2259
f 2213/2211/2211 2263/2261/2261 2262/2260/2260
f 2214/2212/2212 2264/2262/2262 2263/2261/2261
f 2215/2213/2213 2265/2263/2263 2264/2262/2262
f 2216/2214/2214 2266/2264/2264 2265/2263/2263
f 2217/2215/2215 2267/2265/2265 2266/2264/2264
f 2218/2216/2216 2268/2266/2266 2267/2265/2265
f 2219/2217/2217 2269/2267/2267 2268/2266/2266
f 2220/2218/2218 2270/2268/2268 2269/2267/2267
f 2221/2219/2219 2271/2269/2269 2270/2268/2268
f 2222/2220/2220 2272/2270/2270 2271/2269/2269
f 2223/2221/2221 2273/2271/2271 2272/2270/2270
f 2224/2222/2222 2274/2272/2272 2273/2271/2271
f 2225/2223/2223 2275/2273/2273 2274/2272/2272
f 2226/2224/2224 2276/2274/2274 2275/2273/2273
f 2227/2225/2225 2277/2275/2275 2276/2274/2274
f 2228/2226/2226 2278/2276/2276 2277/2275/2275
f 2229/2227/2227 2279/2277/2277 2278/2276/2276
f 2231/2229/2229 2279/2277/2277 2230/2228/2228
f 2232/2230/2230 2280/2278/2278 2231/2229/2229
f 2233/2231/2231 2281/2279/2279 2232/2230/2230
f 2234/2232/2232 2282/2280/2280 2233/2231/2231
f 2235/2233/2233 2283/2281/2281 2234/2232/2232
f 2236/2234/2234 2284/2282/2282 2235/2233/2233
f 2237/2235/2235 2285/2283/2283 2236/2234/2234
f 2238/2236/2236 2286/2284/2284 2237/2235/2235
f 2239/2237/2237 2287/2285/2285 2238/2236/2236
f 2240/2238/2238 2288/2286/2286 2239/2237/2237
f 2241/2239/2239 2289/2287/2287 2240/2238/2238
f 2242/2240/2240 2290/2288/2288 2241/2239/2239
f 2243/2241/2241 2291/2289/2289 2242/2240/2240
f 2244/2242/2242 2292/2290/2290 2243/2241/2241
f 2245/2243/2243 2293/2291/2291 2244/2242/2242
f 2246/2244/2244 2294/2292/2292 2245/2243/2243
f 2247/2245/2245 2295/2293/2293 2246/2244/2244
f 2248/2246/2246 2296/2294/2294 2247/2245/2245
f 2249/2247/2247 2297/2295/2295 2248/2246/2246
f 2250/2248/2248 2298/2296/2296 2249/2247/2247
f 2251/2249/2249 2299/2297/2297 2250/2248/2248
f 2252/2250/2250 2300/2298/2298 2251/2249/2249
f 2253/2252/2252 2301/2299/2299 2252/2250/2250
f 2254/2300/2300 2302/2301/2301 2253/2252/2252
f 2255/2254/2254 2305/2302/2302 2304/2303/2303
f 2256/2253/2253 2306/2304/2304 2305/2302/2302
f 2257/2255/2255 2307/2305/2305 2306/2304/2304
f 2258/2256/2256 2308/2306/2306 2307/2305/2305
f 2259/2257/2257 2309/2307/2307 2308/2306/2306
f 2260/2258/2258 2310/2308/2308 2309/2307/2307
f 2261/2259/2259 2311/2309/2309 2310/2308/2308
f 2262/2260/2260 2312/2310/2310 2311/2309/2309
f 2263/2261/2261 2313/2311/2311 2312/2310/2310
f 2264/2262/2262 2314/2312/2312 2313/2311/2311
f 2265/2263/2263 2315/2313/2313 2314/2312/2312
f 2266/2264/2264 2316/2314/2314 2315/2313/2313
f 2267/2265/2265 2317/2315/2315 2316/2314/2314
f 2268/2266/2266 2318/2316/2316 2317/2315/2315
f 2269/2267/2267 2319/2317/2317 2318/2316/2316
f 2270/2268/2268 2320/2318/2318 2319/2317/2317
f 2271/2269/2269 2321/2319/2319 2320/2318/2318
f 2272/2270/2270 2322/2320/2320 2321/2319/2319
f 2273/2271/2271 2323/2321/2321 2322/2320/2320
f 2274/2272/2272 2324/2322/2322 2323/2321/2321
f 2275/2273/2273 2325/2323/2323 2324/2322/2322
f 2276/2274/2274 2326/2324/2324 2325/2323/2323
f 2277/2275/2275 2327/2325/2325 2326/2324/2324
f 2278/2276/2276 2328/2326/2326 2327/2325/2325
f 2280/2278/2278 2328/2326/2326 2279/2277/2277
f 2281/2279/2279 2329/2327/2327 2280/2278/2278
f 2282/2280/2280 2330/2328/2328 2281/2279/2279
f 2283/2281/2281 2331/2329/2329 2282/2280/2280
f 2284/2282/2282 2332/2330/2330 2283/2281/2281
f 2285/2283/2283 2333/2331/2331 2284/2282/2282
f 2286/2284/2284 2334/2332/2332 2285/2283/2283
f 2287/2285/2285 2335/2333/2333 2286/2284/2284
f 2288/2286/2286 2336/2334/2334 2287/2285/2285
f 2289/2287/2287 2337/2335/2335 2288/2286/2286
f 2290/2288/2288 2338/2336/2336 2289/2287/2287
f 2291/2289/2289 2339/2337/2337 2290/2288/2288
f 2292/2290/2290 2340/2338/2338 2291/2289/2289
f 2293/2291/2291 2341/2339/2339 2292/2290/2290
f 2294/2292/2292 2342/2340/2340 2293/2291/2291
f 2295/2293/2293 2343/2341/2341 2294/2292/2292
f 2296/2294/2294 2344/2342/2342 2295/2293/2293
f 2297/2295/2295 2345/2343/2343 2296/2294/2294
f 2298/2296/2296 2346/2344/2344 2297/2295/2295
f 2299/2297/2297 2347/2345/2345 2298/2296/2296
f 2300/2298/2298 2348/2346/2346 2299/2297/2297
f 2301/2299/2299 2349/2347/2347 2300/2298/2298
f 2302/2301/2301 2350/2348/2348 2301/2299/2299
f 2303/2349/2349 2351/2350/2350 2302/2301/2301
f 2304/2303/2303 2354/2351/2351 2353/2352/2352
f 2305/2302/2302 2355/2353/2353 2354/2351/2351
f 2306/2304/2304 2356/2354/2354 2355/2353/2353
f 2307/2305/2305 2357/2355/2355 2356/2354/2354
f 2308/2306/2306 2358/2356/2356 2357/2355/2355
f 2309/2307/2307 2359/2357/2357 2358/2356/2356
f 2310/2308/2308 2360/2358/2358 2359/2357/2357
f 2311/2309/2309 2361/2359/2359 2360/2358/2358
f 2312/2310/2310 2362/2360/2360 2361/2359/2359
f 2313/2311/2311 2363/2361/2361 2362/2360/2360
f 2314/2312/2312 2364/2362/2362 2363/2361/2361
f 2315/2313/2313 2365/2363/2363 2364/2362/2362
f 2316/2314/2314 2366/2364/2364 2365/2363/2363
f 2317/2315/2315 2367/2365/2365 2366/2364/2364
f 2318/2316/2316 2368/2366/2366 2367/2365/2365
f 2319/2317/2317 2369/2367/2367 2368/2366/2366
f 2320/2318/2318 2370/2368/2368 2369/2367/2367
f 2321/2319/2319 2371/2369/2369 2370/2368/2368
f 2322/2320/2320 2372/2370/2370 2371/2369/2369
f 2323/2321/2321 2373/2371/2371 2372/2370/2370
f 2324/2322/2322 2374/2372/2372 2373/2371/2371
f 2325/2323/2323 2375/2373/2373 2374/2372/2372
f 2326/2324/2324 2376/2374/2374 2375/2373/2373
f 2327/2325/2325 2377/2375/2375 2376/2374/2374
f 2329/2327/2327 2377/2375/2375 2328/2326/2326
f 2330/2328/2328 2378/2376/2376 2329/2327/2327
f 2331/2329/2329 2379/2377/2377 2330/2328/2328
f 2332/2330/2330 2380/2378/2378 2331/2329/2329
f 2333/2331/2331 2381/2379/2379 2332/2330/2330
f 2334/2332/2332 2382/2380/2380 2333/2331/2331
f 2335/2333/2333 2383/2381/2381 2334/2332/2332
f 2336/2334/2334 2384/2382/2382 2335/2333/2333
f 2337/2335/2335 2385/2383/2383 2336/2334/2334
f 2338/2336/2336 2386/2384/2384 2337/2335/2335
f 2339/2337/2337 2387/2385/2385 2338/2336/2336
f 2340/2338/2338 2388/2386/2386 2339/2337/2337
f 2341/2339/2339 2389/2387/2387 2340/2338/2338
f 2342/2340/2340 2390/2388/2388 2341/2339/2339
f 2343/2341/2341 2391/2389/2389 2342/2340/2340
f 2344/2342/2342 2392/2390/2390 2343/2341/2341
f 2345/2343/2343 2393/2391/2391 2344/2342/2342
f 2346/2344/2344 2394/2392/2392 2345/2343/2343
f 2347/2345/2345 2395/2393/2393 2346/2344/2344
f 2348/2346/2346 2396/2394/2394 2347/2345/2345
f 2349/2347/2347 2397/2395/2395 2348/2346/2346
f 2350/2348/2348 2398/2396/2396 2349/2347/2347
f 2351/2350/2350 2399/2397/2397 2350/2348/2348
f 2352/2398/2398 2400/2399/2399 2351/2350/2350
f 2353/2352/2352 2403/2400/2400 2402/2401/2401
f 2354/2351/2351 2404/2402/2402 2403/2400/2400
f 2355/2353/2353 2405/2403/2403 2404/2402/2402
f 2356/2354/2354 2406/2404/2404 2405/2403/2403
f 2357/2355/2355 2407/2405/2405 2406/2404/2404
f 2358/2356/2356 2408/2406/2406 2407/2405/2405
f 2359/2357/2357 2409/2407/2407 2408/2406/2406
f 2360/2358/2358 2410/2408/2408 2409/2407/2407
f 2361/2359/2359 2411/2409/2409 2410/2408/2408
f 2362/2360/2360 2412/2410/2410 2411/2409/2409
f 2363/2361/2361 2413/2411/2411 2412/2410/2410
f 2364/2362/2362 2414/2412/2412 2413/2411/2411
f 2365/2363/2363 2415/2413/2413 2414/2412/2412
f 2366/2364/2364 2416/2414/2414 2415/2413/2413
f 2367/2365/2365 2417/2415/2415 2416/2414/2414
f 2368/2366/2366 2418/2416/2416 2417/2415/2415
f 2369/2367/2367 2419/2417/2417 2418/2416/2416
f 2370/2368/2368 2420/2418/2418 2419/2417/2417
f 2371/2369/2369 2421/2419/2419 2420/2418/2418
f 2372/2370/2370 2422/2420/2420 2421/2419/2419
f 2373/2371/2371 2423/2421/2421 2422/2420/2420
f 2374/2372/2372 2424/2422/2422 2423/2421/2421
f 2375/2373/2373 2425/2423/2423 2424/2422/2422
f 2376/2374/2374 2426/2424/2424 2425/2423/2423
f 2378/2376/2376 2426/2424/2424 2377/2375/2375
f 2379/2377/2377 2427/2425/2425 2378/2376/2376
f 2380/2378/2378 2428/2426/2426 2379/2377/2377
f 2381/2379/2379 2429/2427/2427 2380/2378/2378
f 2382/2380/2380 2430/2428/2428 2381/2379/2379
f 2383/2381/2381 2431/2429/2429 2382/2380/2380
f 2384/2382/2382 2432/2430/2430 2383/2381/2381
f 2385/2383/2383 2433/2431/2431 2384/2382/2382
f 2386/2384/2384 2434/2432/2432 2385/2383/2383
f 2387/2385/2385 2435/2433/2433 2386/2384/2384
f 2388/2386/2386 2436/2434/2434 2387/2385/2385
f 2389/2387/2387 2437/2435/2435 2388/2386/2386
f 2390/2388/2388 2438/2436/2436 2389/2387/2387
f 2391/2389/2389 2439/2437/2437 2390/2388/2388
f 2392/2390/2390 2440/2438/2438 2391/2389/2389
f 2393/2391/2391 2441/2439/2439 2392/2390/2390
f 2394/2392/2392 2442/2440/2440 2393/2391/2391
f 2395/2393/2393 2443/2441/2441 2394/2392/2392
f 2396/2394/2394 2444/2442/2442 2395/2393/2393
f 2397/2395/2395 2445/2443/2443 2396/2394/2394
f 2398/2396/2396 2446/2444/2444 2397/2395/2395
f 2399/2397/2397 2447/2445/2445 2398/2396/2396
f 2400/2399/2399 2448/2446/2446 2399/2397/2397
f 2401/2447/2447 2449/2448/2448 2400/2399/2399
f 2402/2401/2401 2452/2449/2449 2451/2450/2450
f 2403/2400/2400 2453/2451/2451 2452/2449/2449
f 2404/2402/2402 2454/2452/2452 2453/2451/2451
f 2405/2403/2403 2455/2453/2453 2454/2452/2452
f 2406/2404/2404 2456/2454/2454 2455/2453/2453
f 2407/2405/2405 2457/2455/2455 2456/2454/2454
f 2408/2406/2406 2458/2456/2456 2457/2455/2455
f 2409/2407/2407 2459/2457/2457 2458/2456/2456
f 2410/2408/2408 2460/2458/2458 2459/2457/2457
f 2411/2409/2409 2461/2459/2459 2460/2458/2458
f 2412/2410/2410 2462/2460/2460 2461/2459/2459
f 2413/2411/2411 2463/2461/2461 2462/2460/2460
f 2414/2412/2412 2464/2462/2462 2463/2461/2461
f 2415/2413/2413 2465/2463/2463 2464/2462/2462
f 2416/2414/2414 2466/2464/2464 2465/2463/2463
f 2417/2415/2415 2467/2465/2465 2466/2464/2464
f 2418/2416/2416 2468/2466/2466 2467/2465/2465
f 2419/2417/2417 2469/2467/2467 2468/2466/2466
f 2420/2418/2418 2470/2468/2468 2469/2467/2467
f 2421/2419/2419 2471/2469/2469 2470/2468/2468
f 2422/2420/2420 2472/2470/2470 2471/2469/2469
f 2423/2421/2421 2473/2471/2471 2472/2470/2470
f 2424/2422/2422 2474/2472/2472 2473/2471/2471
f 2425/2423/2423 2475/2473/2473 2474/2472/2472
f 2427/2425/2425 2475/2473/2473 2426/2424/2424
f 2428/2426/2426 2476/2474/2474 2427/2425/2425
f 2429/2427/2427 2477/2475/2475 2428/2426/2426
f 2430/2428/2428 2478/2476/2476 2429/2427/2427
f 2431/2429/2429 2479/2477/2477 2430/2428/2428
f 2432/2430/2430 2480/2478/2478 2431/2429/2429
f 2433/2431/2431 2481/2479/2479 2432/2430/2430
f 2434/2432/2432 2482/2480/2480 2433/2431/2431
f 2435/2433/2433 2483/2481/2481 2434/2432/2432
f 2436/2434/2434 2484/2482/2482 2435/2433/2433
f 2437/2435/2435 2485/2483/2483 2436/2434/2434
f 2438/2436/2436 2486/2484/2484 2437/2435/2435
f 2439/2437/2437 2487/2485/2485 2438/2436/2436
f 2440/2438/2438 2488/2486/2486 2439/2437/2437
f 2441/2439/2439 2489/2487/2487 2440/2438/2438
f 2442/2440/2440 2490/2488/2488 2441/2439/2439
f 2443/2441/2441 2491/2489/2489 2442/2440/2440
f 2444/2442/2442 2492/2490/2490 2443/2441/2441
f 2445/2443/2443 2493/2491/2491 2444/2442/2442
f 2446/2444/2444 2494/2492/2492 2445/2443/2443
f 2447/2445/2445 2495/2493/2493 2446/2444/2444
f 2448/2446/2446 2496/2494/2494 2447/2445/2445
f 2449/2448/2448 2497/2495/2495 2448/2446/2446
f 2450/2496/2496 2498/2497/2497 2449/2448/2448
f 2451/2450/2450 2501/2498/2498 2500/2499/2499
f 2452/2449/2449 2502/2500/2500 2501/2498/2498
f 2453/2451/2451 2503/2501/2501 2502/2500/2500
f 2454/2452/2452 2504/2502/2502 2503/2501/2501
f 2455/2453/2453 2505/2503/2503 2504/2502/2502
f 2456/2454/2454 2506/2504/2504 2505/2503/2503
f 2457/2455/2455 2507/2505/2505 2506/2504/2504
f 2458/2456/2456 2508/2506/2506 2507/2505/2505
f 2459/2457/2457 2509/2507/2507 2508/2506/2506
f 2460/2458/2458 2510/2508/2508 2509/2507/2507
f 2461/2459/2459 2511/2509/2509 2510/2508/2508
f 2462/2460/2460 2512/2510/2510 2511/2509/2509
f 2463/2461/2461 2513/2511/2511 2512/2510/2510
f 2464/2462/2462 2514/2512/2512 2513/2511/2511
f 2465/2463/2463 2515/2513/2513 2514/2512/2512
f 2466/2464/2464 2516/2514/2514 2515/2513/2513
f 2467/2465/2465 2517/2515/2515 2516/2514/2514
f 2468/2466/2466 2518/2516/2516 2517/2515/2515
f 2469/2467/2467 2519/2517/2517 2518/2516/2516
f 2470/2468/2468 2520/2518/2518 2519/2517/2517
f 2471/2469/2469 2521/2519/2519 2520/2518/2518
f 2472/2470/2470 2522/2520/2520 2521/2519/2519
f 2473/2471/2471 2523/2521/2521 2522/2520/2520
f 2474/2472/2472 2524/2522/2522 2523/2521/2521
f 2476/2474/2474 2524/2522/2522 2475/2473/2473
f 2477/2475/2475 2525/2523/2523 2476/2474/2474
f 2478/2476/2476 2526/2524/2524 2477/2475/2475
f 2479/2477/2477 2527/2525/2525 2478/2476/2476
f 2480/2478/2478 2528/2526/2526 2479/2477/2477
f 2481/2479/2479 2529/2527/2527 2480/2478/2478
f 2482/2480/2480 2530/2528/2528 2481/2479/2479
f 2483/2481/2481 2531/2529/2529 2482/2480/2480
f 2484/2482/2482 2532/2530/2530 2483/2481/2481
f 2485/2483/2483 2533/2531/2531 2484/2482/2482
f 2486/2484/2484 2534/2532/2532 2485/2483/2483
f 2487/2485/2485 2535/2533/2533 2486/2484/2484
f 2488/2486/2486 2536/2534/2534 2487/2485/2485
f 2489/2487/2487 2537/2535/2535 2488/2486/2486
f 2490/2488/2488 2538/2536/2536 2489/2487/2487
f 2491/2489/2489 2539/2537/2537 2490/2488/2488
f 2492/2490/2490 2540/2538/2538 2491/2489/2489
f 2493/2491/2491 2541/2539/2539 2492/2490/2490
f 2494/2492/2492 2542/2540/2540 2493/2491/2491
f 2495/2493/2493 2543/2541/2541 2494/2492/2492
f 2496/2494/2494 2544/2542/2542 2495/2493/2493
f 2497/2495/2495 2545/2543/2543 2496/2494/2494
f 2498/2497/2497 2546/2544/2544 2497/2495/2495
f 2499/2545/2545 2547/2546/2546 2498/2497/2497
f 2500/2499/2499 2550/2547/2547 2549/2548/2548
f 2501/2498/2498 2551/2549/2549 2550/2547/2547
f 2502/2500/2500 2552/2550/2550 2551/2549/2549
f 2503/2501/2501 2553/2551/2551 2552/2550/2550
f 2504/2502/2502 2554/2552/2552 2553/2551/2551
f 2505/2503/2503 2555/2553/2553 2554/2552/2552
f 2506/2504/2504 2556/2554/2554 2555/2553/2553
f 2507/2505/2505 2557/2555/2555 2556/2554/2554
f 2508/2506/2506 2558/2556/2556 2557/2555/2555
f 2509/2507/2507 2559/2557/2557 2558/2556/2556
f 2510/2508/2508 2560/2558/2558 2559/2557/2557
f 2511/2509/2509 2561/2559/2559 2560/2558/2558
f 2512/2510/2510 2562/2560/2560 2561/2559/2559
f 2513/2511/2511 2563/2561/2561 2562/2560/2560
f 2514/2512/2512 2564/2562/2562 2563/2561/2561
f 2515/2513/2513 2565/2563/2563 2564/2562/2562
f 2516/2514/2514 2566/2564/2564 2565/2563/2563
f 2517/2515/2515 2567/2565/2565 2566/2564/2564
f 2518/2516/2516 2568/2566/2566 2567/2565/2565
f 2519/2517/2517 2569/2567/2567 2568/2566/2566
f 2520/2518/2518 2570/2568/2568 2569/2567/2567
f 2521/2519/2519 2571/2569/2569 2570/2568/2568
f 2522/2520/2520 2572/2570/2570 2571/2569/2569
f 2523/2521/2521 2573/2571/2571 2572/2570/2570
f 2525/2523/2523 2573/2571/2571 2524/2522/2522
f 2526/2524/2524 2574/2572/2572 2525/2523/2523
f 2527/2525/2525 2575/2573/2573 2526/2524/2524
f 2528/2526/2526 2576/2574/2574 2527/2525/2525
f 2529/2527/2527 2577/2575/2575 2528/2526/2526
f 2530/2528/2528 2578/2576/2576 2529/2527/2527
f 2531/2529/2529 2579/2577/2577 2530/2528/2528
f 2532/2530/2530 2580/2578/2578 2531/2529/2529
f 2533/2531/2531 2581/2579/2579 2532/2530/2530
f 2534/2532/2532 2582/2580/2580 2533/2531/2531
f 2535/2533/2533 2583/2581/2581 2534/2532/2532
f 2536/2534/2534 2584/2582/2582 2535/2533/2533
f 2537/2535/2535 2585/2583/2583 2536/2534/2534
f 2538/2536/2536 2586/2584/2584 2537/2535/2535
f 2539/2537/2537 2587/2585/2585 2538/2536/2536
f 2540/2538/2538 2588/2586/2586 2539/2537/2537
f 2541/2539/2539 2589/2587/2587 2540/2538/2538
f 2542/2540/2540 2590/2588/2588 2541/2539/2539
f 2543/2541/2541 2591/2589/2589 2542/2540/2540
f 2544/2542/2542 2592/2590/2590 2543/2541/2541
f 2545/2543/2543 2593/2591/2591 2544/2542/2542
f 2546/2544/2544 2594/2592/2592 2545/2543/2543
f 2547/2546/2546 2595/2593/2593 2546/2544/2544
f 2548/2594/2594 2596/2595/2595 2547/2546/2546
f 2549/2548/2548 2599/2596/2596 2598/2597/2597
f 2550/2547/2547 2600/2598/2598 2599/2596/2596
f 2551/2549/2549 2601/2599/2599 2600/2598/2598
f 2552/2550/2550 2602/2600/2600 2601/2599/2599
f 2553/2551/2551 2603/2601/2601 2602/2600/2600
f 2554/2552/2552 2604/2602/2602 2603/2601/2601
f 2555/2553/2553 2605/2603/2603 2604/2602/2602
f 2556/2554/2554 2606/2604/2604 2605/2603/2603
f 2557/2555/2555 2607/2605/2605 2606/2604/2604
f 2558/2556/2556 2608/2606/2606 2607/2605/2605
f 2559/2557/2557 2609/2607/2607 2608/2606/2606
f 2560/2558/2558 2610/2608/2608 2609/2607/2607
f 2561/2559/2559 2611/2609/2609 2610/2608/2608
f 2562/2560/2560 2612/2610/2610 2611/2609/2609
f 2563/2561/2561 2613/2611/2611 2612/2610/2610
f 2564/2562/2562 2614/2612/2612 2613/2611/2611
f 2565/2563/2563 2615/2613/2613 2614/2612/2612
f 2566/2564/2564 2616/2614/2614 2615/2613/2613
f 2567/2565/2565 2617/2615/2615 2616/2614/2614
f 2568/2566/2566 2618/2616/2616 2617/2615/2615
f 2569/2567/2567 2619/2617/2617 2618/2616/2616
f 2570/2568/2568 2620/2618/2618 2619/2617/2617
f 2571/2569/2569 2621/2619/2619 2620/2618/2618
f 2572/2570/2570 2622/2620/2620 2621/2619/2619
f 2574/2572/2572 2622/2620/2620 2573/2571/2571
f 2575/2573/2573 2623/2621/2621 2574/2572/2572
f 2576/2574/2574 2624/2622/2622 2575/2573/2573
f 2577/2575/2575 2625/2623/2623 2576/2574/2574
f 2578/2576/2576 2626/2624/2624 2577/2575/2575
f 2579/2577/2577 2627/2625/2625 2578/2576/2576
f 2580/2578/2578 2628/2626/2626 2579/2577/2577
f 2581/2579/2579 2629/2627/2627 2580/2578/2578
f 2582/2580/2580 2630/2628/2628 2581/2579/2579
f 2583/2581/2581 2631/2629/2629 2582/2580/2580
f 2584/2582/2582 2632/2630/2630 2583/2581/2581
f 2585/2583/2583 2633/2631/2631 2584/2582/2582
f 2586/2584/2584 2634/2632/2632 2585/2583/2583
f 2587/2585/2585 2635/2633/2633 2586/2584/2584
f 2588/2586/2586 2636/2634/2634 2587/2585/2585
f 2589/2587/2587 2637/2635/2635 2588/2586/2586
f 2590/2588/2588 2638/2636/2636 2589/2587/2587
f 2591/2589/2589 2639/2637/2637 2590/2588/2588
f 2592/2590/2590 2640/2638/2638 2591/2589/2589
f 2593/2591/2591 2641/2639/2639 2592/2590/2590
f 2594/2592/2592 2642/2640/2640 2593/2591/2591
f 2595/2593/2593 2643/2641/2641 2594/2592/2592
f 2596/2595/2595 2644/2642/2642 2595/2593/2593
f 2597/2643/2643 2645/2644/2644 2596/2595/2595
f 2598/2597/2597 2648/2645/2645 2647/2646/2646
f 2599/2596/2596 2649/2647/2647 2648/2645/2645
f 2600/2598/2598 2650/2648/2648 2649/2647/2647
f 2601/2599/2599 2651/2649/2649 2650/2648/2648
f 2602/2600/2600 2652/2650/2650 2651/2649/2649
f 2603/2601/2601 2653/2651/2651 2652/2650/2650
f 2604/2602/2602 2654/2652/2652 2653/2651/2651
f 2605/2603/2603 2655/2653/2653 2654/2652/2652
f 2606/2604/2604 2656/2654/2654 2655/2653/2653
f 2607/2605/2605 2657/2655/2655 2656/2654/2654
f 2608/2606/2606 2658/2656/2656 2657/2655/2655
f 2609/2607/2607 2659/2657/2657 2658/2656/2656
f 2610/2608/2608 2660/2658/2658 2659/2657/2657
f 2611/2609/2609 2661/2659/2659 2660/2658/2658
f 2612/2610/2610 2662/2660/2660 2661/2659/2659
f 2613/2611/2611 2663/2661/2661 2662/2660/2660
f 2614/2612/2612 2664/2662/2662 2663/2661/2661
f 2615/2613/2613 2665/2663/2663 2664/2662/2662
f 2616/2614/2614 2666/2664/2664 2665/2663/2663
f 2617/2615/2615 2667/2665/2665 2666/2664/2664
f 2618/2616/2616 2668/2666/2666 2667/2665/2665
f 2619/2617/2617 2669/2667/2667 2668/2666/2666
f 2620/2618/2618 2670/2668/2668 2669/2667/2667
f 2621/2619/2619 2671/2669/2669 2670/2668/2668
f 2623/2621/2621 2671/2669/2669 2622/2620/2620
f 2624/2622/2622 2672/2670/2670 2623/2621/2621
f 2625/2623/2623 2673/2671/2671 2624/2622/2622
f 2626/2624/2624 2674/2672/2672 2625/2623/2623
f 2627/2625/2625 2675/2673/2673 2626/2624/2624
f 2628/2626/2626 2676/2674/2674 2627/2625/2625
f 2629/2627/2627 2677/2675/2675 2628/2626/2626
f 2630/2628/2628 2678/2676/2676 2629/2627/2627
f 2631/2629/2629 2679/2677/2677 2630/2628/2628
f 2632/2630/2630 2680/2678/2678 2631/2629/2629
f 2633/2631/2631 2681/2679/2679 2632/2630/2630
f 2634/2632/2632 2682/2680/2680 2633/2631/2631
f 2635/2633/2633 2683/2681/2681 2634/2632/2632
f 2636/2634/2634 2684/2682/2682 2635/2633/2633
f 2637/2635/2635 2685/2683/2683 2636/2634/2634
f 2638/2636/2636 2686/2684/2684 2637/2635/2635
f 2639/2637/2637 2687/2685/2685 2638/2636/2636
f 2640/2638/2638 2688/2686/2686 2639/2637/2637
f 2641/2639/2639 2689/2687/2687 2640/2638/2638
f 2642/2640/2640 2690/2688/2688 2641/2639/2639
f 2643/2641/2641 2691/2689/2689 2642/2640/2640
f 2644/2642/2642 2692/2690/2690 2643/2641/2641
f 2645/2644/2644 2693/2691/2691 2644/2642/2642
f 2646/2692/2692 2694/2693/2693 2645/2644/2644
f 2647/2646/2646 2697/2694/2694 2696/2695/2695
f 2648/2645/2645 2698/2696/2696 2697/2694/2694
f 2649/2647/2647 2699/2697/2697 2698/2696/2696
f 2650/2648/2648 2700/2698/2698 2699/2697/2697
f 2651/2649/2649 2701/2699/2699 2700/2698/2698
f 2652/2650/2650 2702/2700/2700 2701/2699/2699
f 2653/2651/2651 2703/2701/2701 2702/2700/2700
f 2654/2652/2652 2704/2702/2702 2703/2701/2701
f 2655/2653/2653 2705/2703/2703 2704/2702/2702
f 2656/2654/2654 2706/2704/2704 2705/2703/2703
f 2657/2655/2655 2707/2705/2705 2706/2704/2704
f 2658/2656/2656 2708/2706/2706 2707/2705/2705
f 2659/2657/2657 2709/2707/2707 2708/2706/2706
f 2660/2658/2658 2710/2708/2708 2709/2707/2707
f 2661/2659/2659 2711/2709/2709 2710/2708/2708
f 2662/2660/2660 2712/2710/2710 2711/2709/2709
f 2663/2661/2661 2713/2711/2711 2712/2710/2710
f 2664/2662/2662 2714/2712/2712 2713/2711/2711
f 2665/2663/2663 2715/2713/2713 2714/2712/2712
f 2666/2664/2664 2716/2714/2714 2715/2713/2713
f 2667/2665/2665 2717/2715/2715 2716/2714/2714
f 2668/2666/2666 2718/2716/2716 2717/2715/2715
f 2669/2667/2667 2719/2717/2717 2718/2716/2716
f 2670/2668/2668 2720/2718/2718 2719/2717/2717
f 2672/2670/2670 2720/2718/2718 2671/2669/2669
f 2673/2671/2671 2721/2719/2719 2672/2670/2670
f 2674/2672/2672 2722/2720/2720 2673/2671/2671
f 2675/2673/2673 2723/2721/2721 2674/2672/2672
f 2676/2674/2674 2724/2722/2722 2675/2673/2673
f 2677/2675/2675 2725/2723/2723 2676/2674/2674
f 2678/2676/2676 2726/2724/2724 2677/2675/2675
f 2679/2677/2677 2727/2725/2725 2678/2676/2676
f 2680/2678/2678 2728/2726/2726 2679/2677/2677
f 2681/2679/2679 2729/2727/2727 2680/2678/2678
f 2682/2680/2680 2730/2728/2728 2681/2679/2679
f 2683/2681/2681 2731/2729/2729 2682/2680/2680
f 2684/2682/2682 2732/2730/2730 2683/2681/2681
f 2685/2683/2683 2733/2731/2731 2684/2682/2682
f 2686/2684/2684 2734/2732/2732 2685/2683/2683
f 2687/2685/2685 2735/2733/2733 2686/2684/2684
f 2688/2686/2686 2736/2734/2734 2687/2685/2685
f 2689/2687/2687 2737/2735/2735 2688/2686/2686
f 2690/2688/2688 2738/2736/2736 2689/2687/2687
f 2691/2689/2689 2739/2737/2737 2690/2688/2688
f 2692/2690/2690 2740/2738/2738 2691/2689/2689
f 2693/2691/2691 2741/2739/2739 2692/2690/2690
f 2694/2693/2693 2742/2740/2740 2693/2691/2691
f 2695/2741/2741 2743/2742/2742 2694/2693/2693
f 2696/2695/2695 2746/2743/2743 2745/2744/2744
f 2697/2694/2694 2747/2745/2745 2746/2743/2743
f 2698/2696/2696 2748/2746/2746 2747/2745/2745
f 2699/2697/2697 2749/2747/2747 2748/2746/2746
f 2700/2698/2698 2750/2748/2748 2749/2747/2747
f 2701/2699/2699 2751/2749/2749 2750/2748/2748
f 2702/2700/2700 2752/2750/2750 2751/2749/2749
f 2703/2701/2701 2753/2751/2751 2752/2750/2750
f 2704/2702/2702 2754/2752/2752 2753/2751/2751
f 2705/2703/2703 2755/2753/2753 2754/2752/2752
f 2706/2704/2704 2756/2754/2754 2755/2753/2753
f 2707/2705/2705 2757/2755/2755 2756/2754/2754
f 2708/2706/2706 2758/2756/2756 2757/2755/2755
f 2709/2707/2707 2759/2757/2757 2758/2756/2756
f 2710/2708/2708 2760/2758/2758 2759/2757/2757
f 2711/2709/2709 2761/2759/2759 2760/2758/2758
f 2712/2710/2710 2762/2760/2760 2761/2759/2759
f 2713/2711/2711 2763/2761/2761 2762/2760/2760
f 2714/2712/2712 2764/2762/2762 2763/2761/2761
f 2715/2713/2713 2765/2763/2763 2764/2762/2762
f 2716/2714/2714 2766/2764/2764 2765/2763/2763
f 2717/2715/2715 2767/2765/2765 2766/2764/2764
f 2718/2716/2716 2768/2766/2766 2767/2765/2765
f 2719/2717/2717 2769/2767/2767 2768/2766/2766
f 2721/2719/2719 2769/2767/2767 2720/2718/2718
f 2722/2720/2720 2770/2768/2768 2721/2719/2719
f 2723/2721/2721 2771/2769/2769 2722/2720/2720
f 2724/2722/2722 2772/2770/2770 2723/2721/2721
f 2725/2723/2723 2773/2771/2771 2724/2722/2722
f 2726/2724/2724 2774/2772/2772 2725/2723/2723
f 2727/2725/2725 2775/2773/2773 2726/2724/2724
f 2728/2726/2726 2776/2774/2774 2727/2725/2725
f 2729/2727/2727 2777/2775/2775 2728/2726/2726
f 2730/2728/2728 2778/2776/2776 2729/2727/2727
f 2731/2729/2729 2779/2777/2777 2730/2728/2728
f 2732/2730/2730 2780/2778/2778 2731/2729/2729
f 2733/2731/2731 2781/2779/2779 2732/2730/2730
f 2734/2732/2732 2782/2780/2780 2733/2731/2731
f 2735/2733/2733 2783/2781/2781 2734/2732/2732
f 2736/2734/2734 2784/2782/2782 2735/2733/2733
f 2737/2735/2735 2785/2783/2783 2736/2734/2734
f 2738/2736/2736 2786/2784/2784 2737/2735/2735
f 2739/2737/2737 2787/2785/2785 2738/2736/2736
f 2740/2738/2738 2788/2786/2786 2739/2737/2737
f 2741/2739/2739 2789/2787/2787 2740/2738/2738
f 2742/2740/2740 2790/2788/2788 2741/2739/2739
f 2743/2742/2742 2791/2789/2789 2742/2740/2740
f 2744/2790/2790 2792/2791/2791 2743/2742/2742
f 2745/2744/2744 2795/2792/2792 2794/2793/2793
f 2746/2743/2743 2796/2794/2794 2795/2792/2792
f 2747/2745/2745 2797/2795/2795 2796/2794/2794
f 2748/2746/2746 2798/2796/2796 2797/2795/2795
f 2749/2747/2747 2799/2797/2797 2798/2796/2796
f 2750/2748/2748 2800/2798/2798 2799/2797/2797
f 2751/2749/2749 2801/2799/2799 2800/2798/2798
f 2752/2750/2750 2802/2800/2800 2801/2799/2799
f 2753/2751/2751 2803/2801/2801 2802/2800/2800
f 2754/2752/2752 2804/2802/2802 2803/2801/2801
f 2755/2753/2753 2805/2803/2803 2804/2802/2802
f 2756/2754/2754 2806/2804/2804 2805/2803/2803
f 2757/2755/2755 2807/2805/2805 2806/2804/2804
f 2758/2756/2756 2808/2806/2806 2807/2805/2805
f 2759/2757/2757 2809/2807/2807 2808/2806/2806
f 2760/2758/2758 2810/2808/2808 2809/2807/2807
f 2761/2759/2759 2811/2809/2809 2810/2808/2808
f 2762/2760/2760 2812/2810/2810 2811/2809/2809
f 2763/2761/2761 2813/2811/2811 2812/2810/2810
f 2764/2762/2762 2814/2812/2812 2813/2811/2811
f 2765/2763/2763 2815/2813/2813 2814/2812/2812
f 2766/2764/2764 2816/2814/2814 2815/2813/2813
f 2767/2765/2765 2817/2815/2815 2816/2814/2814
f 2768/2766/2766 2818/2816/2816 2817/2815/2815
f 2770/2768/2768 2818/2816/2816 2769/2767/2767
f 2771/2769/2769 2819/2817/2817 2770/2768/2768
f 2772/2770/2770 2820/2818/2818 2771/2769/2769
f 2773/2771/2771 2821/2819/2819 2772/2770/2770
f 2774/2772/2772 2822/2820/2820 2773/2771/2771
f 2775/2773/2773 2823/2821/2821 2774/2772/2772
f 2776/2774/2774 2824/2822/2822 2775/2773/2773
f 2777/2775/2775 2825/2823/2823 2776/2774/2774
f 2778/2776/2776 2826/2824/2824 2777/2775/2775
f 2779/2777/2777 2827/2825/2825 2778/2776/2776
f 2780/2778/2778 2828/2826/2826 2779/2777/2777
f 2781/2779/2779 2829/2827/2827 2780/2778/2778
f 2782/2780/2780 2830/2828/2828 2781/2779/2779
f 2783/2781/2781 2831/2829/2829 2782/2780/2780
f 2784/2782/2782 2832/2830/2830 2783/2781/2781
f 2785/2783/2783 2833/2831/2831 2784/2782/2782
f 2786/2784/2784 2834/2832/2832 2785/2783/2783
f 2787/2785/2785 2835/2833/2833 2786/2784/2784
f 2788/2786/2786 2836/2834/2834 2787/2785/2785
f 2789/2787/2787 2837/2835/2835 2788/2786/2786
f 2790/2788/2788 2838/2836/2836 2789/2787/2787
f 2791/2789/2789 2839/2837/2837 2790/2788/2788
f 2792/2791/2791 2840/2838/2838 2791/2789/2789
f 2793/2839/2839 2841/2840/2840 2792/2791/2791
f 2794/2793/2793 2844/2841/2841 2843/2842/2842
f 2795/2792/2792 2845/2843/2843 2844/2841/2841
f 2796/2794/2794 2846/2844/2844 2845/2843/2843
f 2797/2795/2795 2847/2845/2845 2846/2844/2844
f 2798/2796/2796 2848/2846/2846 2847/2845/2845
f 2799/2797/2797 2849/2847/2847 2848/2846/2846
f 2800/2798/2798 2850/2848/2848 2849/2847/2847
f 2801/2799/2799 2851/2849/2849 2850/2848/2848
f 2802/2800/2800 2852/2850/2850 2851/2849/2849
f 2803/2801/2801 2853/2851/2851 2852/2850/2850
f 2804/2802/2802 2854/2852/2852 2853/2851/2851
f 2805/2803/2803 2855/2853/2853 2854/2852/2852
f 2806/2804/2804 2856/2854/2854 2855/2853/2853
f 2807/2805/2805 2857/2855/2855 2856/2854/2854
f 2808/2806/2806 2858/2856/2856 2857/2855/2855
f 2809/2807/2807 2859/2857/2857 2858/2856/2856
f 2810/2808/2808 2860/2858/2858 2859/2857/2857
f 2811/2809/2809 2861/2859/2859 2860/2858/2858
f 2812/2810/2810 2862/2860/2860 2861/2859/2859
f 2813/2811/2811 2863/2861/2861 2862/2860/2860
f 2814/2812/2812 2864/2862/2862 2863/2861/2861
f 2815/2813/2813 2865/2863/2863 2864/2862/2862
f 2816/2814/2814 2866/2864/2864 2865/2863/2863
f 2817/2815/2815 2867/2865/2865 2866/2864/2864
f 2819/2817/2817 2867/2865/2865 2818/2816/2816
f 2820/2818/2818 2868/2866/2866 2819/2817/2817
f 2821/2819/2819 2869/2867/2867 2820/2818/2818
f 2822/2820/2820 2870/2868/2868 2821/2819/2819
f 2823/2821/2821 2871/2869/2869 2822/2820/2820
f 2824/2822/2822 2872/2870/2870 2823/2821/2821
f 2825/2823/2823 2873/2871/2871 2824/2822/2822
f 2826/2824/2824 2874/2872/2872 2825/2823/2823
f 2827/2825/2825 2875/2873/2873 2826/2824/2824
f 2828/2826/2826 2876/2874/2874 2827/2825/2825
f 2829/2827/2827 2877/2875/2875 2828/2826/2826
f 2830/2828/2828 2878/2876/2876 2829/2827/2827
f 2831/2829/2829 2879/2877/2877 2830/2828/2828
f 2832/2830/2830 2880/2878/2878 2831/2829/2829
f 2833/2831/2831 2881/2879/2879 2832/2830/2830
f 2834/2832/2832 2882/2880/2880 2833/2831/2831
f 2835/2833/2833 2883/2881/2881 2834/2832/2832
f 2836/2834/2834 2884/2882/2882 2835/2833/2833
f 2837/2835/2835 2885/2883/2883 2836/2834/2834
f 2838/2836/2836 2886/2884/2884 2837/2835/2835
f 2839/2837/2837 2887/2885/2885 2838/2836/2836
f 2840/2838/2838 2888/2886/2886 2839/2837/2837
f 2841/2840/2840 2889/2887/2887 2840/2838/2838
f 2842/2888/2888 2890/2889/2889 2841/2840/2840
f 2843/2842/2842 2893/2890/2890 2892/2891/2891
f 2844/2841/2841 2894/2892/2892 2893/2890/2890
f 2845/2843/2843 2895/2893/2893 2894/2892/2892
f 2846/2844/2844 2896/2894/2894 2895/2893/2893
f 2847/2845/2845 2897/2895/2895 2896/2894/2894
f 2848/2846/2846 2898/2896/2896 2897/2895/2895
f 2849/2847/2847 2899/2897/2897 2898/2896/2896
f 2850/2848/2848 2900/2898/2898 2899/2897/2897
f 2851/2849/2849 2901/2899/2899 2900/2898/2898
f 2852/2850/2850 2902/2900/2900 2901/2899/2899
f 2853/2851/2851 2903/2901/2901 2902/2900/2900
f 2854/2852/2852 2904/2902/2902 2903/2901/2901
f 2855/2853/2853 2905/2903/2903 2904/2902/2902
f 2856/2854/2854 2906/2904/2904 2905/2903/2903
f 2857/2855/2855 2907/2905/2905 2906/2904/2904
f 2858/2856/2856 2908/2906/2906 2907/2905/2905
f 2859/2857/2857 2909/2907/2907 2908/2906/2906
f 2860/2858/2858 2910/2908/2908 2909/2907/2907
f 2861/2859/2859 2911/2909/2909 2910/2908/2908
f 2862/2860/2860 2912/2910/2910 2911/2909/2909
f 2863/2861/2861 2913/2911/2911 2912/2910/2910
f 2864/2862/2862 2914/2912/2912 2913/2911/2911
f 2865/2863/2863 2915/2913/2913 2914/2912/2912
f 2866/2864/2864 2916/2914/2914 2915/2913/2913
f 2868/2866/2866 2916/2914/2914 2867/2865/2865
f 2869/2867/2867 2917/2915/2915 2868/2866/2866
f 2870/2868/2868 2918/2916/2916 2869/2867/2867
f 2871/2869/2869 2919/2917/2917 2870/2868/2868
f 2872/2870/2870 2920/2918/2918 2871/2869/2869
f 2873/2871/2871 2921/2919/2919 2872/2870/2870
f 2874/2872/2872 2922/2920/2920 2873/2871/2871
f 2875/2873/2873 2923/2921/2921 2874/2872/2872
f 2876/2874/2874 2924/2922/2922 2875/2873/2873
f 2877/2875/2875 2925/2923/2923 2876/2874/2874
f 2878/2876/2876 2926/2924/2924 2877/2875/2875
f 2879/2877/2877 2927/2925/2925 2878/2876/2876
f 2880/2878/2878 2928/2926/2926 2879/2877/2877
f 2881/2879/2879 2929/2927/2927 2880/2878/2878
f 2882/2880/2880 2930/2928/2928 2881/2879/2879
f 2883/2881/2881 2931/2929/2929 2882/2880/2880
f 2884/2882/2882 2932/2930/2930 2883/2881/2881
f 2885/2883/2883 2933/2931/2931 2884/2882/2882
f 2886/2884/2884 2934/2932/2932 2885/2883/2883
f 2887/2885/2885 2935/2933/2933 2886/2884/2884
f 2888/2886/2886 2936/2934/2934 2887/2885/2885
f 2889/2887/2887 2937/2935/2935 2888/2886/2886
f 2890/2889/2889 2938/2936/2936 2889/2887/2887
f 2891/2937/2937 2939/2938/2938 2890/2889/2889
f 2892/2891/2891 2942/2939/2939 2941/2940/2940
f 2893/2890/2890 2943/2941/2941 2942/2939/2939
f 2894/2892/2892 2944/2942/2942 2943/2941/2941
f 2895/2893/2893 2945/2943/2943 2944/2942/2942
f 2896/2894/2894 2946/2944/2944 2945/2943/2943
f 2897/2895/2895 2947/2945/2945 2946/2944/2944
f 2898/2896/2896 2948/2946/2946 2947/2945/2945
f 2899/2897/2897 2949/2947/2947 2948/2946/2946
f 2900/2898/2898 2950/2948/2948 2949/2947/2947
f 2901/2899/2899 2951/2949/2949 2950/2948/2948
f 2902/2900/2900 2952/2950/2950 2951/2949/2949
f 2903/2901/2901 2953/2951/2951 2952/2950/2950
f 2904/2902/2902 2954/2952/2952 2953/2951/2951
f 2905/2903/2903 2955/2953/2953 2954/2952/2952
f 2906/2904/2904 2956/2954/2954 2955/2953/2953
f 2907/2905/2905 2957/2955/2955 2956/2954/2954
f 2908/2906/2906 2958/2956/2956 2957/2955/2955
f 2909/2907/2907 2959/2957/2957 2958/2956/2956
f 2910/2908/2908 2960/2958/2958 2959/2957/2957
f 2911/2909/2909 2961/2959/2959 2960/2958/2958
f 2912/2910/2910 2962/2960/2960 2961/2959/2959
f 2913/2911/2911 2963/2961/2961 2962/2960/2960
f 2914/2912/2912 2964/2962/2962 2963/2961/2961
f 2915/2913/2913 2965/2963/2963 2964/2962/2962
f 2917/2915/2915 2965/2963/2963 2916/2914/2914
f 2918/2916/2916 2966/2964/2964 2917/2915/2915
f 2919/2917/2917 2967/2965/2965 2918/2916/2916
f 2920/2918/2918 2968/2966/2966 2919/2917/2917
f 2921/2919/2919 2969/2967/2967 2920/2918/2918
f 2922/2920/2920 2970/2968/2968 2921/2919/2919
f 2923/2921/2921 2971/2969/2969 2922/2920/2920
f 2924/2922/2922 2972/2970/2970 2923/2921/2921
f 2925/2923/2923 2973/2971/2971 2924/2922/2922
f 2926/2924/2924 2974/2972/2972 2925/2923/2923
f 2927/2925/2925 2975/2973/2973 2926/2924/2924
f 2928/2926/2926 2976/2974/2974 2927/2925/2925
f 2929/2927/2927 2977/2975/2975 2928/2926/2926
f 2930/2928/2928 2978/2976/2976 2929/2927/2927
f 2931/2929/2929 2979/2977/2977 2930/2928/2928
f 2932/2930/2930 2980/2978/2978 2931/2929/2929
f 2933/2931/2931 2981/2979/2979 2932/2930/2930
f 2934/2932/2932 2982/2980/2980 2933/2931/2931
f 2935/2933/2933 2983/2981/2981 2934/2932/2932
f 2936/2934/2934 2984/2982/2982 2935/2933/2933
f 2937/2935/2935 2985/2983/2983 2936/2934/2934
f 2938/2936/2936 2986/2984/2984 2937/2935/2935
f 2939/2938/2938 2987/2985/2985 2938/2936/2936
f 2940/2986/2986 2988/2987/2987 2939/2938/2938
f 2941/2940/2940 2991/2988/2988 2990/2989/2989
f 2942/2939/2939 2992/2990/2990 2991/2988/2988
f 2943/2941/2941 2993/2991/2991 2992/2990/2990
f 2944/2942/2942 2994/2992/2992 2993/2991/2991
f 2945/2943/2943 2995/2993/2993 2994/2992/2992
f 2946/2944/2944 2996/2994/2994 2995/2993/2993
f 2947/2945/2945 2997/2995/2995 2996/2994/2994
f 2948/2946/2946 2998/2996/2996 2997/2995/2995
f 2949/2947/2947 2999/2997/2997 2998/2996/2996
f 2950/2948/2948 3000/2998/2998 2999/2997/2997
f 2951/2949/2949 3001/2999/2999 3000/2998/2998
f 2952/2950/2950 3002/3000/3000 3001/2999/2999
f 2953/2951/2951 3003/3001/3001 3002/3000/3000
f 2954/2952/2952 3004/3002/3002 3003/3001/3001
f 2955/2953/2953 3005/3003/3003 3004/3002/3002
f 2956/2954/2954 3006/3004/3004 3005/3003/3003
f 2957/2955/2955 3007/3005/3005 3006/3004/3004
f 2958/2956/2956 3008/3006/3006 3007/3005/3005
f 2959/2957/2957 3009/3007/3007 3008/3006/3006
f 2960/2958/2958 3010/3008/3008 3009/3007/3007
f 2961/2959/2959 3011/3009/3009 3010/3008/3008
f 2962/2960/2960 3012/3010/3010 3011/3009/3009
f 2963/2961/2961 3013/3011/3011 3012/3010/3010
f 2964/2962/2962 3014/3012/3012 3013/3011/3011
f 2966/2964/2964 3014/3012/3012 2965/2963/2963
f 2967/2965/2965 3015/3013/3013 2966/2964/2964
f 2968/2966/2966 3016/3014/3014 2967/2965/2965
f 2969/2967/2967 3017/3015/3015 2968/2966/2966
f 2970/2968/2968 3018/3016/3016 2969/2967/2967
f 2971/2969/2969 3019/3017/3017 2970/2968/2968
f 2972/2970/2970 3020/3018/3018 2971/2969/2969
f 2973/2971/2971 3021/3019/3019 2972/2970/2970
f 2974/2972/2972 3022/3020/3020 2973/2971/2971
f 2975/2973/2973 3023/3021/3021 2974/2972/2972
f 2976/2974/2974 3024/3022/3022 2975/2973/2973
f 2977/2975/2975 3025/3023/3023 2976/2974/2974
f 2978/2976/2976 3026/3024/3024 2977/2975/2975
f 2979/2977/2977 3027/3025/3025 2978/2976/2976
f 2980/2978/2978 3028/3026/3026 2979/2977/2977
f 2981/2979/2979 3029/3027/3027 2980/2978/2978
f 2982/2980/2980 3030/3028/3028 2981/2979/2979
f 2983/2981/2981 3031/3029/3029 2982/2980/2980
f 2984/2982/2982 3032/3030/3030 2983/2981/2981
f 2985/2983/2983 3033/3031/3031 2984/2982/2982
f 2986/2984/2984 3034/3032/3032 2985/2983/2983
f 2987/2985/2985 3035/3033/3033 2986/2984/2984
f 2988/2987/2987 3036/3034/3034 2987/2985/2985
f 2989/3035/3035 3037/3036/3036 2988/2987/2987
f 2990/2989/2989 3040/3037/3037 3039/3038/3038
f 2991/2988/2988 3041/3039/3039 3040/3037/3037
f 2992/2990/2990 3042/3040/3040 3041/3039/3039
f 2993/2991/2991 3043/3041/3041 3042/3040/3040
f 2994/2992/2992 3044/3042/3042 3043/3041/3041
f 2995/2993/2993 3045/3043/3043 3044/3042/3042
f 2996/2994/2994 3046/3044/3044 3045/3043/3043
f 2997/2995/2995 3047/3045/3045 3046/3044/3044
f 2998/2996/2996 3048/3046/3046 3047/3045/3045
f 2999/2997/2997 3049/3047/3047 3048/3046/3046
f 3000/2998/2998 3050/3048/3048 3049/3047/3047
f 3001/2999/2999 3051/3049/3049 3050/3048/3048
f 3002/3000/3000 3052/3050/3050 3051/3049/3049
f 3003/3001/3001 3053/3051/3051 3052/3050/3050
f 3004/3002/3002 3054/3052/3052 3053/3051/3051
f 3005/3003/3003 3055/3053/3053 3054/3052/3052
f 3006/3004/3004 3056/3054/3054 3055/3053/3053
f 3007/3005/3005 3057/3055/3055 3056/3054/3054
f 3008/3006/3006 3058/3056/3056 3057/3055/3055
f 3009/3007/3007 3059/3057/3057 3058/3056/3056
f 3010/3008/3008 3060/3058/3058 3059/3057/3057
f 3011/3009/3009 3061/3059/3059 3060/3058/3058
f 3012/3010/3010 3062/3060/3060 3061/3059/3059
f 3013/3011/3011 3063/3061/3061 3062/3060/3060
f 3015/3013/3013 3063/3061/3061 3014/3012/3012
f 3016/3014/3014 3064/3062/3062 3015/3013/3013
f 3017/3015/3015 3065/3063/3063 3016/3014/3014
f 3018/3016/3016 3066/3064/3064 3017/3015/3015
f 3019/3017/3017 3067/3065/3065 3018/3016/3016
f 3020/3018/3018 3068/3066/3066 3019/3017/3017
f 3021/3019/3019 3069/3067/3067 3020/3018/3018
f 3022/3020/3020 3070/3068/3068 3021/3019/3019
f 3023/3021/3021 3071/3069/3069 3022/3020/3020
f 3024/3022/3022 3072/3070/3070 3023/3021/3021
f 3025/3023/3023 3073/3071/3071 3024/3022/3022
f 3026/3024/3024 3074/3072/3072 3025/3023/3023
f 3027/3025/3025 3075/3073/3073 3026/3024/3024
f 3028/3026/3026 3076/3074/3074 3027/3025/3025
f 3029/3027/3027 3077/3075/3075 3028/3026/3026
f 3030/3028/3028 3078/3076/3076 3029/3027/3027
f 3031/3029/3029 3079/3077/3077 3030/3028/3028
f 3032/3030/3030 3080/3078/3078 3031/3029/3029
f 3033/3031/3031 3081/3079/3079 3032/3030/3030
f 3034/3032/3032 3082/3080/3080 3033/3031/3031
f 3035/3033/3033 3083/3081/3081 3034/3032/3032
f 3036/3034/3034 3084/3082/3082 3035/3033/3033
f 3037/3036/3036 3085/3083/3083 3036/3034/3034
f 3038/3084/3084 3086/3085/3085 3037/3036/3036
f 3039/3038/3038 3089/3086/3086 3088/3087/3087
f 3040/3037/3037 3090/3088/3088 3089/3086/3086
f 3041/3039/3039 3091/3089/3089 3090/3088/3088
f 3042/3040/3040 3092/3090/3090 3091/3089/3089
f 3043/3041/3041 3093/3091/3091 3092/3090/3090
f 3044/3042/3042 3094/3092/3092 3093/3091/3091
f 3045/3043/3043 3095/3093/3093 3094/3092/3092
f 3046/3044/3044 3096/3094/3094 3095/3093/3093
f 3047/3045/3045 3097/3095/3095 3096/3094/3094
f 3048/3046/3046 3098/3096/3096 3097/3095/3095
f 3049/3047/3047 3099/3097/3097 3098/3096/3096
f 3050/3048/3048 3100/3098/3098 3099/3097/3097
f 3051/3049/3049 3101/3099/3099 3100/3098/3098
f 3052/3050/3050 3102/3100/3100 3101/3099/3099
f 3053/3051/3051 3103/3101/3101 3102/3100/3100
f 3054/3052/3052 3104/3102/3102 3103/3101/3101
f 3055/3053/3053 3105/3103/3103 3104/3102/3102
f 3056/3054/3054 3106/3104/3104 3105/3103/3103
f 3057/3055/3055 3107/3105/3105 3106/3104/3104
f 3058/3056/3056 3108/3106/3106 3107/3105/3105
f 3059/3057/3057 3109/3107/3107 3108/3106/3106
f 3060/3058/3058 3110/3108/3108 3109/3107/3107
f 3061/3059/3059 3111/3109/3109 3110/3108/3108
f 3062/3060/3060 3112/3110/3110 3111/3109/3109
f 3064/3062/3062 3112/3110/3110 3063/3061/3061
f 3065/3063/3063 3113/3111/3111 3064/3062/3062
f 3066/3064/3064 3114/3112/3112 3065/3063/3063
f 3067/3065/3065 3115/3113/3113 3066/3064/3064
f 3068/3066/3066 3116/3114/3114 3067/3065/3065
f 3069/3067/3067 3117/3115/3115 3068/3066/3066
f 3070/3068/3068 3118/3116/3116 3069/3067/3067
f 3071/3069/3069 3119/3117/3117 3070/3068/3068
f 3072/3070/3070 3120/3118/3118 3071/3069/3069
f 3073/3071/3071 3121/3119/3119 3072/3070/3070
f 3074/3072/3072 3122/3120/3120 3073/3071/3071
f 3075/3073/3073 3123/3121/3121 3074/3072/3072
f 3076/3074/3074 3124/3122/3122 3075/3073/3073
f 3077/3075/3075 3125/3123/3123 3076/3074/3074
f 3078/3076/3076 3126/3124/3124 3077/3075/3075
f 3079/3077/3077 3127/3125/3125 3078/3076/3076
f 3080/3078/3078 3128/3126/3126 3079/3077/3077
f 3081/3079/3079 3129/3127/3127 3080/3078/3078
f 3082/3080/3080 3130/3128/3128 3081/3079/3079
f 3083/3081/3081 3131/3129/3129 3082/3080/3080
f 3084/3082/3082 3132/3130/3130 3083/3081/3081
f 3085/3083/3083 3133/3131/3131 3084/3082/3082
f 3086/3085/3085 3134/3132/3132 3085/3083/3083
f 3087/3133/3133 3135/3134/3134 3086/3085/3085
f 3088/3087/3135 3138/3135/3135 3137/3136/3135
f 3089/3086/3086 3139/3137/3136 3138/3135/3137
f 3090/3088/3088 3140/3138/3138 3139/3137/3136
f 3091/3089/3089 3141/3139/3139 3140/3138/3138
f 3092/3090/3090 3142/3140/3140 3141/3139/3139
f 3093/3091/3091 3143/3141/3141 3142/3140/3140
f 3094/3092/3092 3144/3142/3142 3143/3141/3141
f 3095/3093/3093 3145/3143/3143 3144/3142/3142
f 3096/3094/3094 3146/3144/3144 3145/3143/3143
f 3097/3095/3095 3147/3145/3145 3146/3144/3144
f 3098/3096/3096 3148/3146/3146 3147/3145/3145
f 3099/3097/3097 3149/3147/3147 3148/3146/3146
f 3100/3098/3098 3150/3148/3148 3149/3147/3147
f 3101/3099/3099 3151/3149/3149 3150/3148/3148
f 3102/3100/3100 3152/3150/3150 3151/3149/3149
f 3103/3101/3101 3153/3151/3151 3152/3150/3150
f 3104/3102/3102 3154/3152/3152 3153/3151/3151
f 3105/3103/3103 3155/3153/3153 3154/3152/3152
f 3106/3104/3104 3156/3154/3154 3155/3153/3153
f 3107/3105/3105 3157/3155/3155 3156/3154/3154
f 3108/3106/3106 3158/3156/3156 3157/3155/3155
f 3109/3107/3107 3159/3157/3157 3158/3156/3156
f 3110/3108/3108 3160/3158/3158 3159/3157/3157
f 3111/3109/3109 6146/3159/3159 3160/3158/3158
f 3113/3111/3111 6146/3159/3159 3112/3110/3110
f 3114/3112/3112 3161/3160/3160 3113/3111/3111
f 3115/3113/3113 3162/3161/3161 3114/3112/3112
f 3116/3114/3114 3163/3162/3162 3115/3113/3113
f 3117/3115/3115 3164/3163/3163 3116/3114/3114
f 3118/3116/3116 3165/3164/3164 3117/3115/3115
f 3119/3117/3117 3166/3165/3165 3118/3116/3116
f 3120/3118/3118 3167/3166/3166 3119/3117/3117
f 3121/3119/3119 3168/3167/3167 3120/3118/3118
f 3122/3120/3120 3169/3168/3168 3121/3119/3119
f 3123/3121/3121 3170/3169/3169 3122/3120/3120
f 3124/3122/3122 3171/3170/3170 3123/3121/3121
f 3125/3123/3123 3172/3171/3171 3124/3122/3122
f 3126/3124/3124 3173/3172/3172 3125/3123/3123
f 3127/3125/3125 3174/3173/3173 3126/3124/3124
f 3128/3126/3126 3175/3174/3174 3127/3125/3125
f 3129/3127/3127 3176/3175/3175 3128/3126/3126
f 3130/3128/3128 3177/3176/3176 3129/3127/3127
f 3131/3129/3129 3178/3177/3177 3130/3128/3128
f 3132/3130/3130 3179/3178/3178 3131/3129/3129
f 3133/3131/3131 3180/3179/3179 3132/3130/3130
f 3134/3132/3132 3181/3180/3180 3133/3131/3131
f 3135/3134/3134 3182/3181/3181 3134/3132/3132
f 3136/3182/3182 3183/3183/3183 3135/3134/3134
f 3185/97/3184 1/96/3185 50/145/3186
f 3186/95/3187 2/94/3188 3185/97/3184
f 3187/93/3189 3/92/3190 3186/95/3187
f 3188/91/3191 4/90/3192 3187/93/3189
f 3189/89/3193 5/88/3194 3188/91/3191
f 3190/87/3195 6/86/3196 3189/89/3193
f 3191/85/3197 7/84/3198 3190/87/3195
f 3192/83/3199 8/82/3200 3191/85/3197
f 3193/81/3201 9/80/3202 3192/83/3199
f 3194/79/3203 10/78/3204 3193/81/3201
f 3195/77/3205 11/76/3206 3194/79/3203
f 3196/75/3207 12/74/3208 3195/77/3205
f 3197/73/3209 13/72/3210 3196/75/3207
f 3198/71/3211 14/70/3212 3197/73/3209
f 3199/69/3213 15/68/3214 3198/71/3211
f 3200/67/3215 16/66/3216 3199/69/3213
f 3201/65/3217 17/64/3218 3200/67/3215
f 3202/63/3219 18/62/3220 3201/65/3217
f 3203/61/3221 19/60/3222 3202/63/3219
f 3204/59/3223 20/58/3224 3203/61/3221
f 3205/57/3225 21/56/3226 3204/59/3223
f 3206/55/3227 22/54/3228 3205/57/3225
f 3207/53/3229 23/52/3230 3206/55/3227
f 3208/49/3231 24/50/3232 3207/53/3229
f 3208/49/3231 26/48/3233 25/51/3234
f 3209/47/3235 27/46/3236 26/48/3233
f 3210/45/3237 28/44/3238 27/46/3236
f 3211/43/3239 29/42/3240 28/44/3238
f 3212/41/3241 30/40/3242 29/42/3240
f 3213/39/3243 31/38/3244 30/40/3242
f 3214/37/3245 32/36/3246 31/38/3244
f 3215/35/3247 33/34/3248 32/36/3246
f 3216/33/3249 34/32/3250 33/34/3248
f 3217/31/3251 35/30/3252 34/32/3250
f 3218/29/3253 36/28/3254 35/30/3252
f 3219/27/3255 37/26/3256 36/28/3254
f 3220/25/3257 38/24/3258 37/26/3256
f 3221/23/3259 39/22/3260 38/24/3258
f 3222/21/3261 40/20/3262 39/22/3260
f 3223/19/3263 41/18/3264 40/20/3262
f 3224/17/3265 42/16/3266 41/18/3264
f 3225/15/3267 43/14/3268 42/16/3266
f 3226/13/3269 44/12/3270 43/14/3268
f 3227/11/3271 45/10/3272 44/12/3270
f 3228/9/3273 46/8/3274 45/10/3272
f 3229/7/3275 47/6/3276 46/8/3274
f 3230/5/3277 48/4/3278 47/6/3276
f 3231/2/3279 49/1/3280 48/4/3278
f 3232/146/3281 50/145/3186 99/194/3282
f 3233/144/3283 3185/97/3184 3232/146/3281
f 3234/143/3284 3186/95/3187 3233/144/3283
f 3235/142/3285 3187/93/3189 3234/143/3284
f 3236/141/3286 3188/91/3191 3235/142/3285
f 3237/140/3287 3189/89/3193 3236/141/3286
f 3238/139/3288 3190/87/3195 3237/140/3287
f 3239/138/3289 3191/85/3197 3238/139/3288
f 3240/137/3290 3192/83/3199 3239/138/3289
f 3241/136/3291 3193/81/3201 3240/137/3290
f 3242/135/3292 3194/79/3203 3241/136/3291
f 3243/134/3293 3195/77/3205 3242/135/3292
f 3244/133/3294 3196/75/3207 3243/134/3293
f 3245/132/3295 3197/73/3209 3244/133/3294
f 3246/131/3296 3198/71/3211 3245/132/3295
f 3247/130/3297 3199/69/3213 3246/131/3296
f 3248/129/3298 3200/67/3215 3247/130/3297
f 3249/128/3299 3201/65/3217 3248/129/3298
f 3250/127/3300 3202/63/3219 3249/128/3299
f 3251/126/3301 3203/61/3221 3250/127/3300
f 3252/125/3302 3204/59/3223 3251/126/3301
f 3253/124/3303 3205/57/3225 3252/125/3302
f 3254/123/3304 3206/55/3227 3253/124/3303
f 3255/122/3305 3207/53/3229 3254/123/3304
f 3255/122/3305 3209/47/3235 3208/49/3231
f 3256/121/3306 3210/45/3237 3209/47/3235
f 3257/120/3307 3211/43/3239 3210/45/3237
f 3258/119/3308 3212/41/3241 3211/43/3239
f 3259/118/3309 3213/39/3243 3212/41/3241
f 3260/117/3310 3214/37/3245 3213/39/3243
f 3261/116/3311 3215/35/3247 3214/37/3245
f 3262/115/3312 3216/33/3249 3215/35/3247
f 3263/114/3313 3217/31/3251 3216/33/3249
f 3264/113/3314 3218/29/3253 3217/31/3251
f 3265/112/3315 3219/27/3255 3218/29/3253
f 3266/111/3316 3220/25/3257 3219/27/3255
f 3267/110/3317 3221/23/3259 3220/25/3257
f 3268/109/3318 3222/21/3261 3221/23/3259
f 3269/108/3319 3223/19/3263 3222/21/3261
f 3270/107/3320 3224/17/3265 3223/19/3263
f 3271/106/3321 3225/15/3267 3224/17/3265
f 3272/105/3322 3226/13/3269 3225/15/3267
f 3273/104/3323 3227/11/3271 3226/13/3269
f 3274/103/3324 3228/9/3273 3227/11/3271
f 3275/102/3325 3229/7/3275 3228/9/3273
f 3276/101/3326 3230/5/3277 3229/7/3275
f 3277/100/3327 3231/2/3279 3230/5/3277
f 3278/98/3328 98/3/3329 3231/2/3279
f 3279/195/3330 99/194/3282 148/243/3331
f 3280/193/3332 3232/146/3281 3279/195/3330
f 3281/192/3333 3233/144/3283 3280/193/3332
f 3282/191/3334 3234/143/3284 3281/192/3333
f 3283/190/3335 3235/142/3285 3282/191/3334
f 3284/189/3336 3236/141/3286 3283/190/3335
f 3285/188/3337 3237/140/3287 3284/189/3336
f 3286/187/3338 3238/139/3288 3285/188/3337
f 3287/186/3339 3239/138/3289 3286/187/3338
f 3288/185/3340 3240/137/3290 3287/186/3339
f 3289/184/3341 3241/136/3291 3288/185/3340
f 3290/183/3342 3242/135/3292 3289/184/3341
f 3291/182/3343 3243/134/3293 3290/183/3342
f 3292/181/3344 3244/133/3294 3291/182/3343
f 3293/180/3345 3245/132/3295 3292/181/3344
f 3294/179/3346 3246/131/3296 3293/180/3345
f 3295/178/3347 3247/130/3297 3294/179/3346
f 3296/177/3348 3248/129/3298 3295/178/3347
f 3297/176/3349 3249/128/3299 3296/177/3348
f 3298/175/3350 3250/127/3300 3297/176/3349
f 3299/174/3351 3251/126/3301 3298/175/3350
f 3300/173/3352 3252/125/3302 3299/174/3351
f 3301/172/3353 3253/124/3303 3300/173/3352
f 3302/171/3354 3254/123/3304 3301/172/3353
f 3302/171/3354 3256/121/3306 3255/122/3305
f 3303/170/3355 3257/120/3307 3256/121/3306
f 3304/169/3356 3258/119/3308 3257/120/3307
f 3305/168/3357 3259/118/3309 3258/119/3308
f 3306/167/3358 3260/117/3310 3259/118/3309
f 3307/166/3359 3261/116/3311 3260/117/3310
f 3308/165/3360 3262/115/3312 3261/116/3311
f 3309/164/3361 3263/114/3313 3262/115/3312
f 3310/163/3362 3264/113/3314 3263/114/3313
f 3311/162/3363 3265/112/3315 3264/113/3314
f 3312/161/3364 3266/111/3316 3265/112/3315
f 3313/160/3365 3267/110/3317 3266/111/3316
f 3314/159/3366 3268/109/3318 3267/110/3317
f 3315/158/3367 3269/108/3319 3268/109/3318
f 3316/157/3368 3270/107/3320 3269/108/3319
f 3317/156/3369 3271/106/3321 3270/107/3320
f 3318/155/3370 3272/105/3322 3271/106/3321
f 3319/154/3371 3273/104/3323 3272/105/3322
f 3320/153/3372 3274/103/3324 3273/104/3323
f 3321/152/3373 3275/102/3325 3274/103/3324
f 3322/151/3374 3276/101/3326 3275/102/3325
f 3323/150/3375 3277/100/3327 3276/101/3326
f 3324/149/3376 3278/98/3328 3277/100/3327
f 3325/147/3377 147/99/3378 3278/98/3328
f 3326/244/3379 148/243/3331 197/3184/3380
f 3327/242/3381 3279/195/3330 3326/244/3379
f 3328/241/3382 3280/193/3332 3327/242/3381
f 3329/240/3383 3281/192/3333 3328/241/3382
f 3330/239/3384 3282/191/3334 3329/240/3383
f 3331/238/3385 3283/190/3335 3330/239/3384
f 3332/237/3386 3284/189/3336 3331/238/3385
f 3333/236/3387 3285/188/3337 3332/237/3386
f 3334/235/3388 3286/187/3338 3333/236/3387
f 3335/234/3389 3287/186/3339 3334/235/3388
f 3336/233/3390 3288/185/3340 3335/234/3389
f 3337/232/3391 3289/184/3341 3336/233/3390
f 3338/231/3392 3290/183/3342 3337/232/3391
f 3339/230/3393 3291/182/3343 3338/231/3392
f 3340/229/3394 3292/181/3344 3339/230/3393
f 3341/228/3395 3293/180/3345 3340/229/3394
f 3342/227/3396 3294/179/3346 3341/228/3395
f 3343/226/3397 3295/178/3347 3342/227/3396
f 3344/3185/3398 3296/177/3348 3343/226/3397
f 3345/224/3399 3297/176/3349 3344/3185/3398
f 3346/223/3400 3298/175/3350 3345/224/3399
f 3347/222/3401 3299/174/3351 3346/223/3400
f 3348/221/3402 3300/173/3352 3347/222/3401
f 3349/220/3403 3301/172/3353 3348/221/3402
f 3349/220/3403 3303/170/3355 3302/171/3354
f 3350/219/3404 3304/169/3356 3303/170/3355
f 3351/218/3405 3305/168/3357 3304/169/3356
f 3352/217/3406 3306/167/3358 3305/168/3357
f 3353/216/3407 3307/166/3359 3306/167/3358
f 3354/215/3408 3308/165/3360 3307/166/3359
f 3355/214/3409 3309/164/3361 3308/165/3360
f 3356/213/3410 3310/163/3362 3309/164/3361
f 3357/212/3411 3311/162/3363 3310/163/3362
f 3358/211/3412 3312/161/3364 3311/162/3363
f 3359/210/3413 3313/160/3365 3312/161/3364
f 3360/209/3414 3314/159/3366 3313/160/3365
f 3361/208/3415 3315/158/3367 3314/159/3366
f 3362/207/3416 3316/157/3368 3315/158/3367
f 3363/206/3417 3317/156/3369 3316/157/3368
f 3364/205/3418 3318/155/3370 3317/156/3369
f 3365/204/3419 3319/154/3371 3318/155/3370
f 3366/203/3420 3320/153/3372 3319/154/3371
f 3367/202/3421 3321/152/3373 3320/153/3372
f 3368/201/3422 3322/151/3374 3321/152/3373
f 3369/200/3423 3323/150/3375 3322/151/3374
f 3370/199/3424 3324/149/3376 3323/150/3375
f 3371/198/3425 3325/147/3377 3324/149/3376
f 3372/196/3426 196/148/3427 3325/147/3377
f 246/293/3428 3326/244/3379 197/3184/3380
f 3373/292/3429 3327/242/3381 3326/244/3379
f 3374/291/3430 3328/241/3382 3327/242/3381
f 3375/290/3431 3329/240/3383 3328/241/3382
f 3376/289/3432 3330/239/3384 3329/240/3383
f 3377/288/3433 3331/238/3385 3330/239/3384
f 3378/287/3434 3332/237/3386 3331/238/3385
f 3379/286/3435 3333/236/3387 3332/237/3386
f 3380/285/3436 3334/235/3388 3333/236/3387
f 3381/284/3437 3335/234/3389 3334/235/3388
f 3382/283/3438 3336/233/3390 3335/234/3389
f 3383/282/3439 3337/232/3391 3336/233/3390
f 3384/281/3440 3338/231/3392 3337/232/3391
f 3385/280/3441 3339/230/3393 3338/231/3392
f 3386/279/3442 3340/229/3394 3339/230/3393
f 3387/278/3443 3341/228/3395 3340/229/3394
f 3388/277/3444 3342/227/3396 3341/228/3395
f 3389/276/3445 3343/226/3397 3342/227/3396
f 3390/275/3446 3344/3185/3398 3343/226/3397
f 3391/274/3447 3345/224/3399 3344/3185/3398
f 3392/273/3448 3346/223/3400 3345/224/3399
f 3393/272/3449 3347/222/3401 3346/223/3400
f 3394/271/3450 3348/221/3402 3347/222/3401
f 3395/269/3451 3349/220/3403 3348/221/3402
f 3397/268/3452 3349/220/3403 3396/270/3453
f 3398/267/3454 3350/219/3404 3397/268/3452
f 3399/266/3455 3351/218/3405 3398/267/3454
f 3400/265/3456 3352/217/3406 3399/266/3455
f 3401/264/3457 3353/216/3407 3400/265/3456
f 3402/263/3458 3354/215/3408 3401/264/3457
f 3403/262/3459 3355/214/3409 3402/263/3458
f 3404/261/3460 3356/213/3410 3403/262/3459
f 3405/260/3461 3357/212/3411 3404/261/3460
f 3406/259/3462 3358/211/3412 3405/260/3461
f 3407/258/3463 3359/210/3413 3406/259/3462
f 3408/257/3464 3360/209/3414 3407/258/3463
f 3409/256/3465 3361/208/3415 3408/257/3464
f 3410/255/3466 3362/207/3416 3409/256/3465
f 3411/254/3467 3363/206/3417 3410/255/3466
f 3412/253/3468 3364/205/3418 3411/254/3467
f 3413/252/3469 3365/204/3419 3412/253/3468
f 3414/251/3470 3366/203/3420 3413/252/3469
f 3415/250/3471 3367/202/3421 3414/251/3470
f 3416/249/3472 3368/201/3422 3415/250/3471
f 3417/248/3473 3369/200/3423 3416/249/3472
f 3418/247/3474 3370/199/3424 3417/248/3473
f 3419/246/3475 3371/198/3425 3418/247/3474
f 294/245/3476 3372/196/3426 3419/246/3475
f 295/342/3477 3373/292/3429 246/293/3428
f 3420/341/3478 3374/291/3430 3373/292/3429
f 3421/340/3479 3375/290/3431 3374/291/3430
f 3422/339/3480 3376/289/3432 3375/290/3431
f 3423/338/3481 3377/288/3433 3376/289/3432
f 3424/337/3482 3378/287/3434 3377/288/3433
f 3425/336/3483 3379/286/3435 3378/287/3434
f 3426/335/3484 3380/285/3436 3379/286/3435
f 3427/334/3485 3381/284/3437 3380/285/3436
f 3428/333/3486 3382/283/3438 3381/284/3437
f 3429/332/3487 3383/282/3439 3382/283/3438
f 3430/331/3488 3384/281/3440 3383/282/3439
f 3431/330/3489 3385/280/3441 3384/281/3440
f 3432/329/3490 3386/279/3442 3385/280/3441
f 3433/328/3491 3387/278/3443 3386/279/3442
f 3434/327/3492 3388/277/3444 3387/278/3443
f 3435/326/3493 3389/276/3445 3388/277/3444
f 3436/325/3494 3390/275/3446 3389/276/3445
f 3437/324/3495 3391/274/3447 3390/275/3446
f 3438/323/3496 3392/273/3448 3391/274/3447
f 3439/322/3497 3393/272/3449 3392/273/3448
f 3440/321/3498 3394/271/3450 3393/272/3449
f 3441/320/3499 3395/269/3451 3394/271/3450
f 3442/318/3500 3396/270/3453 3395/269/3451
f 3444/317/3501 3396/270/3453 3443/319/3502
f 3445/316/3503 3397/268/3452 3444/317/3501
f 3446/315/3504 3398/267/3454 3445/316/3503
f 3447/314/3505 3399/266/3455 3446/315/3504
f 3448/313/3506 3400/265/3456 3447/314/3505
f 3449/312/3507 3401/264/3457 3448/313/3506
f 3450/311/3508 3402/263/3458 3449/312/3507
f 3451/310/3509 3403/262/3459 3450/311/3508
f 3452/309/3510 3404/261/3460 3451/310/3509
f 3453/308/3511 3405/260/3461 3452/309/3510
f 3454/307/3512 3406/259/3462 3453/308/3511
f 3455/306/3513 3407/258/3463 3454/307/3512
f 3456/305/3514 3408/257/3464 3455/306/3513
f 3457/304/3515 3409/256/3465 3456/305/3514
f 3458/303/3516 3410/255/3466 3457/304/3515
f 3459/302/3517 3411/254/3467 3458/303/3516
f 3460/301/3518 3412/253/3468 3459/302/3517
f 3461/300/3519 3413/252/3469 3460/301/3518
f 3462/299/3520 3414/251/3470 3461/300/3519
f 3463/298/3521 3415/250/3471 3462/299/3520
f 3464/297/3522 3416/249/3472 3463/298/3521
f 3465/296/3523 3417/248/3473 3464/297/3522
f 3466/295/3524 3418/247/3474 3465/296/3523
f 343/294/3525 3419/246/3475 3466/295/3524
f 344/391/3526 3420/341/3478 295/342/3477
f 3467/390/3527 3421/340/3479 3420/341/3478
f 3468/389/3528 3422/339/3480 3421/340/3479
f 3469/388/3529 3423/338/3481 3422/339/3480
f 3470/387/3530 3424/337/3482 3423/338/3481
f 3471/386/3531 3425/336/3483 3424/337/3482
f 3472/385/3532 3426/335/3484 3425/336/3483
f 3473/384/3533 3427/334/3485 3426/335/3484
f 3474/383/3534 3428/333/3486 3427/334/3485
f 3475/382/3535 3429/332/3487 3428/333/3486
f 3476/381/3536 3430/331/3488 3429/332/3487
f 3477/380/3537 3431/330/3489 3430/331/3488
f 3478/379/3538 3432/329/3490 3431/330/3489
f 3479/378/3539 3433/328/3491 3432/329/3490
f 3480/377/3540 3434/327/3492 3433/328/3491
f 3481/376/3541 3435/326/3493 3434/327/3492
f 3482/375/3542 3436/325/3494 3435/326/3493
f 3483/374/3543 3437/324/3495 3436/325/3494
f 3484/373/3544 3438/323/3496 3437/324/3495
f 3485/372/3545 3439/322/3497 3438/323/3496
f 3486/371/3546 3440/321/3498 3439/322/3497
f 3487/370/3547 3441/320/3499 3440/321/3498
f 3488/369/3548 3442/318/3500 3441/320/3499
f 3489/367/3549 3443/319/3502 3442/318/3500
f 3491/366/3550 3443/319/3502 3490/368/3551
f 3492/365/3552 3444/317/3501 3491/366/3550
f 3493/364/3553 3445/316/3503 3492/365/3552
f 3494/363/3554 3446/315/3504 3493/364/3553
f 3495/362/3555 3447/314/3505 3494/363/3554
f 3496/361/3556 3448/313/3506 3495/362/3555
f 3497/360/3557 3449/312/3507 3496/361/3556
f 3498/359/3558 3450/311/3508 3497/360/3557
f 3499/358/3559 3451/310/3509 3498/359/3558
f 3500/357/3560 3452/309/3510 3499/358/3559
f 3501/356/3561 3453/308/3511 3500/357/3560
f 3502/355/3562 3454/307/3512 3501/356/3561
f 3503/354/3563 3455/306/3513 3502/355/3562
f 3504/353/3564 3456/305/3514 3503/354/3563
f 3505/352/3565 3457/304/3515 3504/353/3564
f 3506/351/3566 3458/303/3516 3505/352/3565
f 3507/350/3567 3459/302/3517 3506/351/3566
f 3508/349/3568 3460/301/3518 3507/350/3567
f 3509/348/3569 3461/300/3519 3508/349/3568
f 3510/347/3570 3462/299/3520 3509/348/3569
f 3511/346/3571 3463/298/3521 3510/347/3570
f 3512/345/3572 3464/297/3522 3511/346/3571
f 3513/344/3573 3465/296/3523 3512/345/3572
f 392/343/3574 3466/295/3524 3513/344/3573
f 393/440/3575 3467/390/3527 344/391/3526
f 3514/439/3576 3468/389/3528 3467/390/3527
f 3515/438/3577 3469/388/3529 3468/389/3528
f 3516/437/3578 3470/387/3530 3469/388/3529
f 3517/436/3579 3471/386/3531 3470/387/3530
f 3518/435/3580 3472/385/3532 3471/386/3531
f 3519/434/3581 3473/384/3533 3472/385/3532
f 3520/433/3582 3474/383/3534 3473/384/3533
f 3521/432/3583 3475/382/3535 3474/383/3534
f 3522/431/3584 3476/381/3536 3475/382/3535
f 3523/430/3585 3477/380/3537 3476/381/3536
f 3524/429/3586 3478/379/3538 3477/380/3537
f 3525/428/3587 3479/378/3539 3478/379/3538
f 3526/427/3588 3480/377/3540 3479/378/3539
f 3527/426/3589 3481/376/3541 3480/377/3540
f 3528/425/3590 3482/375/3542 3481/376/3541
f 3529/424/3591 3483/374/3543 3482/375/3542
f 3530/423/3592 3484/373/3544 3483/374/3543
f 3531/422/3593 3485/372/3545 3484/373/3544
f 3532/421/3594 3486/371/3546 3485/372/3545
f 3533/420/3595 3487/370/3547 3486/371/3546
f 3534/419/3596 3488/369/3548 3487/370/3547
f 3535/418/3597 3489/367/3549 3488/369/3548
f 3536/416/3598 3490/368/3551 3489/367/3549
f 3538/415/3599 3490/368/3551 3537/417/3600
f 3539/414/3601 3491/366/3550 3538/415/3599
f 3540/413/3602 3492/365/3552 3539/414/3601
f 3541/412/3603 3493/364/3553 3540/413/3602
f 3542/411/3604 3494/363/3554 3541/412/3603
f 3543/410/3605 3495/362/3555 3542/411/3604
f 3544/409/3606 3496/361/3556 3543/410/3605
f 3545/408/3607 3497/360/3557 3544/409/3606
f 3546/407/3608 3498/359/3558 3545/408/3607
f 3547/406/3609 3499/358/3559 3546/407/3608
f 3548/405/3610 3500/357/3560 3547/406/3609
f 3549/404/3611 3501/356/3561 3548/405/3610
f 3550/403/3612 3502/355/3562 3549/404/3611
f 3551/402/3613 3503/354/3563 3550/403/3612
f 3552/401/3614 3504/353/3564 3551/402/3613
f 3553/400/3615 3505/352/3565 3552/401/3614
f 3554/399/3616 3506/351/3566 3553/400/3615
f 3555/398/3617 3507/350/3567 3554/399/3616
f 3556/397/3618 3508/349/3568 3555/398/3617
f 3557/396/3619 3509/348/3569 3556/397/3618
f 3558/395/3620 3510/347/3570 3557/396/3619
f 3559/394/3621 3511/346/3571 3558/395/3620
f 3560/393/3622 3512/345/3572 3559/394/3621
f 441/392/3623 3513/344/3573 3560/393/3622
f 442/489/3624 3514/439/3576 393/440/3575
f 3561/488/3625 3515/438/3577 3514/439/3576
f 3562/487/3626 3516/437/3578 3515/438/3577
f 3563/486/3627 3517/436/3579 3516/437/3578
f 3564/485/3628 3518/435/3580 3517/436/3579
f 3565/484/3629 3519/434/3581 3518/435/3580
f 3566/483/3630 3520/433/3582 3519/434/3581
f 3567/482/3631 3521/432/3583 3520/433/3582
f 3568/481/3632 3522/431/3584 3521/432/3583
f 3569/480/3633 3523/430/3585 3522/431/3584
f 3570/479/3634 3524/429/3586 3523/430/3585
f 3571/478/3635 3525/428/3587 3524/429/3586
f 3572/477/3636 3526/427/3588 3525/428/3587
f 3573/476/3637 3527/426/3589 3526/427/3588
f 3574/475/3638 3528/425/3590 3527/426/3589
f 3575/474/3639 3529/424/3591 3528/425/3590
f 3576/473/3640 3530/423/3592 3529/424/3591
f 3577/472/3641 3531/422/3593 3530/423/3592
f 3578/471/3642 3532/421/3594 3531/422/3593
f 3579/470/3643 3533/420/3595 3532/421/3594
f 3580/469/3644 3534/419/3596 3533/420/3595
f 3581/468/3645 3535/418/3597 3534/419/3596
f 3582/467/3646 3536/416/3598 3535/418/3597
f 3583/465/3647 3537/417/3600 3536/416/3598
f 3585/464/3648 3537/417/3600 3584/466/3649
f 3586/463/3650 3538/415/3599 3585/464/3648
f 3587/462/3651 3539/414/3601 3586/463/3650
f 3588/461/3652 3540/413/3602 3587/462/3651
f 3589/460/3653 3541/412/3603 3588/461/3652
f 3590/459/3654 3542/411/3604 3589/460/3653
f 3591/458/3655 3543/410/3605 3590/459/3654
f 3592/457/3656 3544/409/3606 3591/458/3655
f 3593/456/3657 3545/408/3607 3592/457/3656
f 3594/455/3658 3546/407/3608 3593/456/3657
f 3595/454/3659 3547/406/3609 3594/455/3658
f 3596/453/3660 3548/405/3610 3595/454/3659
f 3597/452/3661 3549/404/3611 3596/453/3660
f 3598/451/3662 3550/403/3612 3597/452/3661
f 3599/450/3663 3551/402/3613 3598/451/3662
f 3600/449/3664 3552/401/3614 3599/450/3663
f 3601/448/3665 3553/400/3615 3600/449/3664
f 3602/447/3666 3554/399/3616 3601/448/3665
f 3603/446/3667 3555/398/3617 3602/447/3666
f 3604/445/3668 3556/397/3618 3603/446/3667
f 3605/444/3669 3557/396/3619 3604/445/3668
f 3606/443/3670 3558/395/3620 3605/444/3669
f 3607/442/3671 3559/394/3621 3606/443/3670
f 490/441/3672 3560/393/3622 3607/442/3671
f 491/538/3673 3561/488/3625 442/489/3624
f 3608/537/3674 3562/487/3626 3561/488/3625
f 3609/536/3675 3563/486/3627 3562/487/3626
f 3610/535/3676 3564/485/3628 3563/486/3627
f 3611/534/3677 3565/484/3629 3564/485/3628
f 3612/533/3678 3566/483/3630 3565/484/3629
f 3613/532/3679 3567/482/3631 3566/483/3630
f 3614/531/3680 3568/481/3632 3567/482/3631
f 3615/530/3681 3569/480/3633 3568/481/3632
f 3616/529/3682 3570/479/3634 3569/480/3633
f 3617/528/3683 3571/478/3635 3570/479/3634
f 3618/527/3684 3572/477/3636 3571/478/3635
f 3619/526/3685 3573/476/3637 3572/477/3636
f 3620/525/3686 3574/475/3638 3573/476/3637
f 3621/524/3687 3575/474/3639 3574/475/3638
f 3622/523/3688 3576/473/3640 3575/474/3639
f 3623/522/3689 3577/472/3641 3576/473/3640
f 3624/521/3690 3578/471/3642 3577/472/3641
f 3625/520/3691 3579/470/3643 3578/471/3642
f 3626/519/3692 3580/469/3644 3579/470/3643
f 3627/518/3693 3581/468/3645 3580/469/3644
f 3628/517/3694 3582/467/3646 3581/468/3645
f 3629/516/3695 3583/465/3647 3582/467/3646
f 3630/514/3696 3584/466/3649 3583/465/3647
f 3632/513/3697 3584/466/3649 3631/515/3698
f 3633/512/3699 3585/464/3648 3632/513/3697
f 3634/511/3700 3586/463/3650 3633/512/3699
f 3635/510/3701 3587/462/3651 3634/511/3700
f 3636/509/3702 3588/461/3652 3635/510/3701
f 3637/508/3703 3589/460/3653 3636/509/3702
f 3638/507/3704 3590/459/3654 3637/508/3703
f 3639/506/3705 3591/458/3655 3638/507/3704
f 3640/505/3706 3592/457/3656 3639/506/3705
f 3641/504/3707 3593/456/3657 3640/505/3706
f 3642/503/3708 3594/455/3658 3641/504/3707
f 3643/502/3709 3595/454/3659 3642/503/3708
f 3644/501/3710 3596/453/3660 3643/502/3709
f 3645/500/3711 3597/452/3661 3644/501/3710
f 3646/499/3712 3598/451/3662 3645/500/3711
f 3647/498/3713 3599/450/3663 3646/499/3712
f 3648/497/3714 3600/449/3664 3647/498/3713
f 3649/496/3715 3601/448/3665 3648/497/3714
f 3650/495/3716 3602/447/3666 3649/496/3715
f 3651/494/3717 3603/446/3667 3650/495/3716
f 3652/493/3718 3604/445/3668 3651/494/3717
f 3653/492/3719 3605/444/3669 3652/493/3718
f 3654/491/3720 3606/443/3670 3653/492/3719
f 539/490/3721 3607/442/3671 3654/491/3720
f 540/587/3722 3608/537/3674 491/538/3673
f 3655/586/3723 3609/536/3675 3608/537/3674
f 3656/585/3724 3610/535/3676 3609/536/3675
f 3657/584/3725 3611/534/3677 3610/535/3676
f 3658/583/3726 3612/533/3678 3611/534/3677
f 3659/582/3727 3613/532/3679 3612/533/3678
f 3660/581/3728 3614/531/3680 3613/532/3679
f 3661/580/3729 3615/530/3681 3614/531/3680
f 3662/579/3730 3616/529/3682 3615/530/3681
f 3663/578/3731 3617/528/3683 3616/529/3682
f 3664/577/3732 3618/527/3684 3617/528/3683
f 3665/576/3733 3619/526/3685 3618/527/3684
f 3666/575/3734 3620/525/3686 3619/526/3685
f 3667/574/3735 3621/524/3687 3620/525/3686
f 3668/573/3736 3622/523/3688 3621/524/3687
f 3669/572/3737 3623/522/3689 3622/523/3688
f 3670/571/3738 3624/521/3690 3623/522/3689
f 3671/570/3739 3625/520/3691 3624/521/3690
f 3672/569/3740 3626/519/3692 3625/520/3691
f 3673/568/3741 3627/518/3693 3626/519/3692
f 3674/567/3742 3628/517/3694 3627/518/3693
f 3675/566/3743 3629/516/3695 3628/517/3694
f 3676/565/3744 3630/514/3696 3629/516/3695
f 3677/563/3745 3631/515/3698 3630/514/3696
f 3679/562/3746 3631/515/3698 3678/564/3747
f 3680/561/3748 3632/513/3697 3679/562/3746
f 3681/560/3749 3633/512/3699 3680/561/3748
f 3682/559/3750 3634/511/3700 3681/560/3749
f 3683/558/3751 3635/510/3701 3682/559/3750
f 3684/557/3752 3636/509/3702 3683/558/3751
f 3685/556/3753 3637/508/3703 3684/557/3752
f 3686/555/3754 3638/507/3704 3685/556/3753
f 3687/554/3755 3639/506/3705 3686/555/3754
f 3688/553/3756 3640/505/3706 3687/554/3755
f 3689/552/3757 3641/504/3707 3688/553/3756
f 3690/551/3758 3642/503/3708 3689/552/3757
f 3691/550/3759 3643/502/3709 3690/551/3758
f 3692/549/3760 3644/501/3710 3691/550/3759
f 3693/548/3761 3645/500/3711 3692/549/3760
f 3694/547/3762 3646/499/3712 3693/548/3761
f 3695/546/3763 3647/498/3713 3694/547/3762
f 3696/545/3764 3648/497/3714 3695/546/3763
f 3697/544/3765 3649/496/3715 3696/545/3764
f 3698/543/3766 3650/495/3716 3697/544/3765
f 3699/542/3767 3651/494/3717 3698/543/3766
f 3700/541/3768 3652/493/3718 3699/542/3767
f 3701/540/3769 3653/492/3719 3700/541/3768
f 588/539/3770 3654/491/3720 3701/540/3769
f 589/636/3771 3655/586/3723 540/587/3722
f 3702/635/3772 3656/585/3724 3655/586/3723
f 3703/634/3773 3657/584/3725 3656/585/3724
f 3704/633/3774 3658/583/3726 3657/584/3725
f 3705/632/3775 3659/582/3727 3658/583/3726
f 3706/631/3776 3660/581/3728 3659/582/3727
f 3707/630/3777 3661/580/3729 3660/581/3728
f 3708/629/3778 3662/579/3730 3661/580/3729
f 3709/628/3779 3663/578/3731 3662/579/3730
f 3710/627/3780 3664/577/3732 3663/578/3731
f 3711/626/3781 3665/576/3733 3664/577/3732
f 3712/625/3782 3666/575/3734 3665/576/3733
f 3713/624/3783 3667/574/3735 3666/575/3734
f 3714/623/3784 3668/573/3736 3667/574/3735
f 3715/622/3785 3669/572/3737 3668/573/3736
f 3716/621/3786 3670/571/3738 3669/572/3737
f 3717/620/3787 3671/570/3739 3670/571/3738
f 3718/619/3788 3672/569/3740 3671/570/3739
f 3719/618/3789 3673/568/3741 3672/569/3740
f 3720/617/3790 3674/567/3742 3673/568/3741
f 3721/616/3791 3675/566/3743 3674/567/3742
f 3722/615/3792 3676/565/3744 3675/566/3743
f 3723/614/3793 3677/563/3745 3676/565/3744
f 3724/612/3794 3678/564/3747 3677/563/3745
f 3726/611/3795 3678/564/3747 3725/613/3796
f 3727/610/3797 3679/562/3746 3726/611/3795
f 3728/609/3798 3680/561/3748 3727/610/3797
f 3729/608/3799 3681/560/3749 3728/609/3798
f 3730/607/3800 3682/559/3750 3729/608/3799
f 3731/606/3801 3683/558/3751 3730/607/3800
f 3732/605/3802 3684/557/3752 3731/606/3801
f 3733/604/3803 3685/556/3753 3732/605/3802
f 3734/603/3804 3686/555/3754 3733/604/3803
f 3735/602/3805 3687/554/3755 3734/603/3804
f 3736/601/3806 3688/553/3756 3735/602/3805
f 3737/600/3807 3689/552/3757 3736/601/3806
f 3738/599/3808 3690/551/3758 3737/600/3807
f 3739/598/3809 3691/550/3759 3738/599/3808
f 3740/597/3810 3692/549/3760 3739/598/3809
f 3741/596/3811 3693/548/3761 3740/597/3810
f 3742/595/3812 3694/547/3762 3741/596/3811
f 3743/594/3813 3695/546/3763 3742/595/3812
f 3744/593/3814 3696/545/3764 3743/594/3813
f 3745/592/3815 3697/544/3765 3744/593/3814
f 3746/591/3816 3698/543/3766 3745/592/3815
f 3747/590/3817 3699/542/3767 3746/591/3816
f 3748/589/3818 3700/541/3768 3747/590/3817
f 637/588/3819 3701/540/3769 3748/589/3818
f 638/685/3820 3702/635/3772 589/636/3771
f 3749/684/3821 3703/634/3773 3702/635/3772
f 3750/683/3822 3704/633/3774 3703/634/3773
f 3751/682/3823 3705/632/3775 3704/633/3774
f 3752/681/3824 3706/631/3776 3705/632/3775
f 3753/680/3825 3707/630/3777 3706/631/3776
f 3754/679/3826 3708/629/3778 3707/630/3777
f 3755/678/3827 3709/628/3779 3708/629/3778
f 3756/677/3828 3710/627/3780 3709/628/3779
f 3757/676/3829 3711/626/3781 3710/627/3780
f 3758/675/3830 3712/625/3782 3711/626/3781
f 3759/674/3831 3713/624/3783 3712/625/3782
f 3760/673/3832 3714/623/3784 3713/624/3783
f 3761/672/3833 3715/622/3785 3714/623/3784
f 3762/671/3834 3716/621/3786 3715/622/3785
f 3763/670/3835 3717/620/3787 3716/621/3786
f 3764/669/3836 3718/619/3788 3717/620/3787
f 3765/668/3837 3719/618/3789 3718/619/3788
f 3766/667/3838 3720/617/3790 3719/618/3789
f 3767/666/3839 3721/616/3791 3720/617/3790
f 3768/665/3840 3722/615/3792 3721/616/3791
f 3769/664/3841 3723/614/3793 3722/615/3792
f 3770/663/3842 3724/612/3794 3723/614/3793
f 3771/661/3843 3725/613/3796 3724/612/3794
f 3773/660/3844 3725/613/3796 3772/662/3845
f 3774/659/3846 3726/611/3795 3773/660/3844
f 3775/658/3847 3727/610/3797 3774/659/3846
f 3776/657/3848 3728/609/3798 3775/658/3847
f 3777/656/3849 3729/608/3799 3776/657/3848
f 3778/655/3850 3730/607/3800 3777/656/3849
f 3779/654/3851 3731/606/3801 3778/655/3850
f 3780/653/3852 3732/605/3802 3779/654/3851
f 3781/652/3853 3733/604/3803 3780/653/3852
f 3782/651/3854 3734/603/3804 3781/652/3853
f 3783/650/3855 3735/602/3805 3782/651/3854
f 3784/649/3856 3736/601/3806 3783/650/3855
f 3785/648/3857 3737/600/3807 3784/649/3856
f 3786/647/3858 3738/599/3808 3785/648/3857
f 3787/646/3859 3739/598/3809 3786/647/3858
f 3788/645/3860 3740/597/3810 3787/646/3859
f 3789/644/3861 3741/596/3811 3788/645/3860
f 3790/643/3862 3742/595/3812 3789/644/3861
f 3791/642/3863 3743/594/3813 3790/643/3862
f 3792/641/3864 3744/593/3814 3791/642/3863
f 3793/640/3865 3745/592/3815 3792/641/3864
f 3794/639/3866 3746/591/3816 3793/640/3865
f 3795/638/3867 3747/590/3817 3794/639/3866
f 686/637/3868 3748/589/3818 3795/638/3867
f 687/734/3869 3749/684/3821 638/685/3820
f 3796/733/3870 3750/683/3822 3749/684/3821
f 3797/732/3871 3751/682/3823 3750/683/3822
f 3798/731/3872 3752/681/3824 3751/682/3823
f 3799/730/3873 3753/680/3825 3752/681/3824
f 3800/729/3874 3754/679/3826 3753/680/3825
f 3801/728/3875 3755/678/3827 3754/679/3826
f 3802/727/3876 3756/677/3828 3755/678/3827
f 3803/726/3877 3757/676/3829 3756/677/3828
f 3804/725/3878 3758/675/3830 3757/676/3829
f 3805/724/3879 3759/674/3831 3758/675/3830
f 3806/723/3880 3760/673/3832 3759/674/3831
f 3807/722/3881 3761/672/3833 3760/673/3832
f 3808/721/3882 3762/671/3834 3761/672/3833
f 3809/720/3883 3763/670/3835 3762/671/3834
f 3810/719/3884 3764/669/3836 3763/670/3835
f 3811/718/3885 3765/668/3837 3764/669/3836
f 3812/717/3886 3766/667/3838 3765/668/3837
f 3813/716/3887 3767/666/3839 3766/667/3838
f 3814/715/3888 3768/665/3840 3767/666/3839
f 3815/714/3889 3769/664/3841 3768/665/3840
f 3816/713/3890 3770/663/3842 3769/664/3841
f 3817/712/3891 3771/661/3843 3770/663/3842
f 3818/710/3892 3772/662/3845 3771/661/3843
f 3820/709/3893 3772/662/3845 3819/711/3894
f 3821/708/3895 3773/660/3844 3820/709/3893
f 3822/707/3896 3774/659/3846 3821/708/3895
f 3823/706/3897 3775/658/3847 3822/707/3896
f 3824/705/3898 3776/657/3848 3823/706/3897
f 3825/704/3899 3777/656/3849 3824/705/3898
f 3826/703/3900 3778/655/3850 3825/704/3899
f 3827/702/3901 3779/654/3851 3826/703/3900
f 3828/701/3902 3780/653/3852 3827/702/3901
f 3829/700/3903 3781/652/3853 3828/701/3902
f 3830/699/3904 3782/651/3854 3829/700/3903
f 3831/698/3905 3783/650/3855 3830/699/3904
f 3832/697/3906 3784/649/3856 3831/698/3905
f 3833/696/3907 3785/648/3857 3832/697/3906
f 3834/695/3908 3786/647/3858 3833/696/3907
f 3835/694/3909 3787/646/3859 3834/695/3908
f 3836/693/3910 3788/645/3860 3835/694/3909
f 3837/692/3911 3789/644/3861 3836/693/3910
f 3838/691/3912 3790/643/3862 3837/692/3911
f 3839/690/3913 3791/642/3863 3838/691/3912
f 3840/689/3914 3792/641/3864 3839/690/3913
f 3841/688/3915 3793/640/3865 3840/689/3914
f 3842/687/3916 3794/639/3866 3841/688/3915
f 735/686/3917 3795/638/3867 3842/687/3916
f 736/783/3918 3796/733/3870 687/734/3869
f 3843/782/3919 3797/732/3871 3796/733/3870
f 3844/781/3920 3798/731/3872 3797/732/3871
f 3845/780/3921 3799/730/3873 3798/731/3872
f 3846/779/3922 3800/729/3874 3799/730/3873
f 3847/778/3923 3801/728/3875 3800/729/3874
f 3848/777/3924 3802/727/3876 3801/728/3875
f 3849/776/3925 3803/726/3877 3802/727/3876
f 3850/775/3926 3804/725/3878 3803/726/3877
f 3851/774/3927 3805/724/3879 3804/725/3878
f 3852/773/3928 3806/723/3880 3805/724/3879
f 3853/772/3929 3807/722/3881 3806/723/3880
f 3854/771/3930 3808/721/3882 3807/722/3881
f 3855/770/3931 3809/720/3883 3808/721/3882
f 3856/769/3932 3810/719/3884 3809/720/3883
f 3857/768/3933 3811/718/3885 3810/719/3884
f 3858/767/3934 3812/717/3886 3811/718/3885
f 3859/766/3935 3813/716/3887 3812/717/3886
f 3860/765/3936 3814/715/3888 3813/716/3887
f 3861/764/3937 3815/714/3889 3814/715/3888
f 3862/763/3938 3816/713/3890 3815/714/3889
f 3863/762/3939 3817/712/3891 3816/713/3890
f 3864/761/3940 3818/710/3892 3817/712/3891
f 3865/759/3941 3819/711/3894 3818/710/3892
f 3867/758/3942 3819/711/3894 3866/760/3943
f 3868/757/3944 3820/709/3893 3867/758/3942
f 3869/756/3945 3821/708/3895 3868/757/3944
f 3870/755/3946 3822/707/3896 3869/756/3945
f 3871/754/3947 3823/706/3897 3870/755/3946
f 3872/753/3948 3824/705/3898 3871/754/3947
f 3873/752/3949 3825/704/3899 3872/753/3948
f 3874/751/3950 3826/703/3900 3873/752/3949
f 3875/750/3951 3827/702/3901 3874/751/3950
f 3876/749/3952 3828/701/3902 3875/750/3951
f 3877/748/3953 3829/700/3903 3876/749/3952
f 3878/747/3954 3830/699/3904 3877/748/3953
f 3879/746/3955 3831/698/3905 3878/747/3954
f 3880/745/3956 3832/697/3906 3879/746/3955
f 3881/744/3957 3833/696/3907 3880/745/3956
f 3882/743/3958 3834/695/3908 3881/744/3957
f 3883/742/3959 3835/694/3909 3882/743/3958
f 3884/741/3960 3836/693/3910 3883/742/3959
f 3885/740/3961 3837/692/3911 3884/741/3960
f 3886/739/3962 3838/691/3912 3885/740/3961
f 3887/738/3963 3839/690/3913 3886/739/3962
f 3888/737/3964 3840/689/3914 3887/738/3963
f 3889/736/3965 3841/688/3915 3888/737/3964
f 784/735/3966 3842/687/3916 3889/736/3965
f 785/832/3967 3843/782/3919 736/783/3918
f 3890/831/3968 3844/781/3920 3843/782/3919
f 3891/830/3969 3845/780/3921 3844/781/3920
f 3892/829/3970 3846/779/3922 3845/780/3921
f 3893/828/3971 3847/778/3923 3846/779/3922
f 3894/827/3972 3848/777/3924 3847/778/3923
f 3895/826/3973 3849/776/3925 3848/777/3924
f 3896/825/3974 3850/775/3926 3849/776/3925
f 3897/824/3975 3851/774/3927 3850/775/3926
f 3898/823/3976 3852/773/3928 3851/774/3927
f 3899/822/3977 3853/772/3929 3852/773/3928
f 3900/821/3978 3854/771/3930 3853/772/3929
f 3901/820/3979 3855/770/3931 3854/771/3930
f 3902/819/3980 3856/769/3932 3855/770/3931
f 3903/818/3981 3857/768/3933 3856/769/3932
f 3904/817/3982 3858/767/3934 3857/768/3933
f 3905/816/3983 3859/766/3935 3858/767/3934
f 3906/815/3984 3860/765/3936 3859/766/3935
f 3907/814/3985 3861/764/3937 3860/765/3936
f 3908/813/3986 3862/763/3938 3861/764/3937
f 3909/812/3987 3863/762/3939 3862/763/3938
f 3910/811/3988 3864/761/3940 3863/762/3939
f 3911/810/3989 3865/759/3941 3864/761/3940
f 3912/808/3990 3866/760/3943 3865/759/3941
f 3914/807/3991 3866/760/3943 3913/809/3992
f 3915/806/3993 3867/758/3942 3914/807/3991
f 3916/805/3994 3868/757/3944 3915/806/3993
f 3917/804/3995 3869/756/3945 3916/805/3994
f 3918/803/3996 3870/755/3946 3917/804/3995
f 3919/802/3997 3871/754/3947 3918/803/3996
f 3920/801/3998 3872/753/3948 3919/802/3997
f 3921/800/3999 3873/752/3949 3920/801/3998
f 3922/799/4000 3874/751/3950 3921/800/3999
f 3923/798/4001 3875/750/3951 3922/799/4000
f 3924/797/4002 3876/749/3952 3923/798/4001
f 3925/796/4003 3877/748/3953 3924/797/4002
f 3926/795/4004 3878/747/3954 3925/796/4003
f 3927/794/4005 3879/746/3955 3926/795/4004
f 3928/793/4006 3880/745/3956 3927/794/4005
f 3929/792/4007 3881/744/3957 3928/793/4006
f 3930/791/4008 3882/743/3958 3929/792/4007
f 3931/790/4009 3883/742/3959 3930/791/4008
f 3932/789/4010 3884/741/3960 3931/790/4009
f 3933/788/4011 3885/740/3961 3932/789/4010
f 3934/787/4012 3886/739/3962 3933/788/4011
f 3935/786/4013 3887/738/3963 3934/787/4012
f 3936/785/4014 3888/737/3964 3935/786/4013
f 833/784/4015 3889/736/3965 3936/785/4014
f 834/881/4016 3890/831/3968 785/832/3967
f 3937/880/4017 3891/830/3969 3890/831/3968
f 3938/879/4018 3892/829/3970 3891/830/3969
f 3939/878/4019 3893/828/3971 3892/829/3970
f 3940/877/4020 3894/827/3972 3893/828/3971
f 3941/876/4021 3895/826/3973 3894/827/3972
f 3942/875/4022 3896/825/3974 3895/826/3973
f 3943/874/4023 3897/824/3975 3896/825/3974
f 3944/873/4024 3898/823/3976 3897/824/3975
f 3945/872/4025 3899/822/3977 3898/823/3976
f 3946/871/4026 3900/821/3978 3899/822/3977
f 3947/870/4027 3901/820/3979 3900/821/3978
f 3948/869/4028 3902/819/3980 3901/820/3979
f 3949/868/4029 3903/818/3981 3902/819/3980
f 3950/867/4030 3904/817/3982 3903/818/3981
f 3951/866/4031 3905/816/3983 3904/817/3982
f 3952/865/4032 3906/815/3984 3905/816/3983
f 3953/864/4033 3907/814/3985 3906/815/3984
f 3954/863/4034 3908/813/3986 3907/814/3985
f 3955/862/4035 3909/812/3987 3908/813/3986
f 3956/861/4036 3910/811/3988 3909/812/3987
f 3957/860/4037 3911/810/3989 3910/811/3988
f 3958/859/4038 3912/808/3990 3911/810/3989
f 3959/857/4039 3913/809/3992 3912/808/3990
f 3961/856/4040 3913/809/3992 3960/858/4041
f 3962/855/4042 3914/807/3991 3961/856/4040
f 3963/854/4043 3915/806/3993 3962/855/4042
f 3964/853/4044 3916/805/3994 3963/854/4043
f 3965/852/4045 3917/804/3995 3964/853/4044
f 3966/851/4046 3918/803/3996 3965/852/4045
f 3967/850/4047 3919/802/3997 3966/851/4046
f 3968/849/4048 3920/801/3998 3967/850/4047
f 3969/848/4049 3921/800/3999 3968/849/4048
f 3970/847/4050 3922/799/4000 3969/848/4049
f 3971/846/4051 3923/798/4001 3970/847/4050
f 3972/845/4052 3924/797/4002 3971/846/4051
f 3973/844/4053 3925/796/4003 3972/845/4052
f 3974/843/4054 3926/795/4004 3973/844/4053
f 3975/842/4055 3927/794/4005 3974/843/4054
f 3976/841/4056 3928/793/4006 3975/842/4055
f 3977/840/4057 3929/792/4007 3976/841/4056
f 3978/839/4058 3930/791/4008 3977/840/4057
f 3979/838/4059 3931/790/4009 3978/839/4058
f 3980/837/4060 3932/789/4010 3979/838/4059
f 3981/836/4061 3933/788/4011 3980/837/4060
f 3982/835/4062 3934/787/4012 3981/836/4061
f 3983/834/4063 3935/786/4013 3982/835/4062
f 882/833/4064 3936/785/4014 3983/834/4063
f 883/930/4065 3937/880/4017 834/881/4016
f 3984/929/4066 3938/879/4018 3937/880/4017
f 3985/928/4067 3939/878/4019 3938/879/4018
f 3986/927/4068 3940/877/4020 3939/878/4019
f 3987/926/4069 3941/876/4021 3940/877/4020
f 3988/925/4070 3942/875/4022 3941/876/4021
f 3989/924/4071 3943/874/4023 3942/875/4022
f 3990/923/4072 3944/873/4024 3943/874/4023
f 3991/922/4073 3945/872/4025 3944/873/4024
f 3992/921/4074 3946/871/4026 3945/872/4025
f 3993/920/4075 3947/870/4027 3946/871/4026
f 3994/919/4076 3948/869/4028 3947/870/4027
f 3995/918/4077 3949/868/4029 3948/869/4028
f 3996/917/4078 3950/867/4030 3949/868/4029
f 3997/916/4079 3951/866/4031 3950/867/4030
f 3998/915/4080 3952/865/4032 3951/866/4031
f 3999/914/4081 3953/864/4033 3952/865/4032
f 4000/913/4082 3954/863/4034 3953/864/4033
f 4001/912/4083 3955/862/4035 3954/863/4034
f 4002/911/4084 3956/861/4036 3955/862/4035
f 4003/910/4085 3957/860/4037 3956/861/4036
f 4004/909/4086 3958/859/4038 3957/860/4037
f 4005/908/4087 3959/857/4039 3958/859/4038
f 4006/906/4088 3960/858/4041 3959/857/4039
f 4008/905/4089 3960/858/4041 4007/907/4090
f 4009/904/4091 3961/856/4040 4008/905/4089
f 4010/903/4092 3962/855/4042 4009/904/4091
f 4011/902/4093 3963/854/4043 4010/903/4092
f 4012/901/4094 3964/853/4044 4011/902/4093
f 4013/900/4095 3965/852/4045 4012/901/4094
f 4014/899/4096 3966/851/4046 4013/900/4095
f 4015/898/4097 3967/850/4047 4014/899/4096
f 4016/897/4098 3968/849/4048 4015/898/4097
f 4017/896/4099 3969/848/4049 4016/897/4098
f 4018/895/4100 3970/847/4050 4017/896/4099
f 4019/894/4101 3971/846/4051 4018/895/4100
f 4020/893/4102 3972/845/4052 4019/894/4101
f 4021/892/4103 3973/844/4053 4020/893/4102
f 4022/891/4104 3974/843/4054 4021/892/4103
f 4023/890/4105 3975/842/4055 4022/891/4104
f 4024/889/4106 3976/841/4056 4023/890/4105
f 4025/888/4107 3977/840/4057 4024/889/4106
f 4026/887/4108 3978/839/4058 4025/888/4107
f 4027/886/4109 3979/838/4059 4026/887/4108
f 4028/885/4110 3980/837/4060 4027/886/4109
f 4029/884/4111 3981/836/4061 4028/885/4110
f 4030/883/4112 3982/835/4062 4029/884/4111
f 931/882/4113 3983/834/4063 4030/883/4112
f 932/979/4114 3984/929/4066 883/930/4065
f 4031/978/4115 3985/928/4067 3984/929/4066
f 4032/977/4116 3986/927/4068 3985/928/4067
f 4033/976/4117 3987/926/4069 3986/927/4068
f 4034/975/4118 3988/925/4070 3987/926/4069
f 4035/974/4119 3989/924/4071 3988/925/4070
f 4036/973/4120 3990/923/4072 3989/924/4071
f 4037/972/4121 3991/922/4073 3990/923/4072
f 4038/971/4122 3992/921/4074 3991/922/4073
f 4039/970/4123 3993/920/4075 3992/921/4074
f 4040/969/4124 3994/919/4076 3993/920/4075
f 4041/968/4125 3995/918/4077 3994/919/4076
f 4042/967/4126 3996/917/4078 3995/918/4077
f 4043/966/4127 3997/916/4079 3996/917/4078
f 4044/965/4128 3998/915/4080 3997/916/4079
f 4045/964/4129 3999/914/4081 3998/915/4080
f 4046/963/4130 4000/913/4082 3999/914/4081
f 4047/962/4131 4001/912/4083 4000/913/4082
f 4048/961/4132 4002/911/4084 4001/912/4083
f 4049/960/4133 4003/910/4085 4002/911/4084
f 4050/959/4134 4004/909/4086 4003/910/4085
f 4051/958/4135 4005/908/4087 4004/909/4086
f 4052/957/4136 4006/906/4088 4005/908/4087
f 4053/955/4137 4007/907/4090 4006/906/4088
f 4055/954/4138 4007/907/4090 4054/956/4139
f 4056/953/4140 4008/905/4089 4055/954/4138
f 4057/952/4141 4009/904/4091 4056/953/4140
f 4058/951/4142 4010/903/4092 4057/952/4141
f 4059/950/4143 4011/902/4093 4058/951/4142
f 4060/949/4144 4012/901/4094 4059/950/4143
f 4061/948/4145 4013/900/4095 4060/949/4144
f 4062/947/4146 4014/899/4096 4061/948/4145
f 4063/946/4147 4015/898/4097 4062/947/4146
f 4064/945/4148 4016/897/4098 4063/946/4147
f 4065/944/4149 4017/896/4099 4064/945/4148
f 4066/943/4150 4018/895/4100 4065/944/4149
f 4067/942/4151 4019/894/4101 4066/943/4150
f 4068/941/4152 4020/893/4102 4067/942/4151
f 4069/940/4153 4021/892/4103 4068/941/4152
f 4070/939/4154 4022/891/4104 4069/940/4153
f 4071/938/4155 4023/890/4105 4070/939/4154
f 4072/937/4156 4024/889/4106 4071/938/4155
f 4073/936/4157 4025/888/4107 4072/937/4156
f 4074/935/4158 4026/887/4108 4073/936/4157
f 4075/934/4159 4027/886/4109 4074/935/4158
f 4076/933/4160 4028/885/4110 4075/934/4159
f 4077/932/4161 4029/884/4111 4076/933/4160
f 980/931/4162 4030/883/4112 4077/932/4161
f 981/1028/4163 4031/978/4115 932/979/4114
f 4078/1027/4164 4032/977/4116 4031/978/4115
f 4079/1026/4165 4033/976/4117 4032/977/4116
f 4080/1025/4166 4034/975/4118 4033/976/4117
f 4081/1024/4167 4035/974/4119 4034/975/4118
f 4082/1023/4168 4036/973/4120 4035/974/4119
f 4083/1022/4169 4037/972/4121 4036/973/4120
f 4084/1021/4170 4038/971/4122 4037/972/4121
f 4085/1020/4171 4039/970/4123 4038/971/4122
f 4086/1019/4172 4040/969/4124 4039/970/4123
f 4087/1018/4173 4041/968/4125 4040/969/4124
f 4088/1017/4174 4042/967/4126 4041/968/4125
f 4089/1016/4175 4043/966/4127 4042/967/4126
f 4090/1015/4176 4044/965/4128 4043/966/4127
f 4091/1014/4177 4045/964/4129 4044/965/4128
f 4092/1013/4178 4046/963/4130 4045/964/4129
f 4093/1012/4179 4047/962/4131 4046/963/4130
f 4094/1011/4180 4048/961/4132 4047/962/4131
f 4095/1010/4181 4049/960/4133 4048/961/4132
f 4096/1009/4182 4050/959/4134 4049/960/4133
f 4097/1008/4183 4051/958/4135 4050/959/4134
f 4098/1007/4184 4052/957/4136 4051/958/4135
f 4099/1006/4185 4053/955/4137 4052/957/4136
f 4100/1004/4186 4054/956/4139 4053/955/4137
f 4102/1003/4187 4054/956/4139 4101/1005/4188
f 4103/1002/4189 4055/954/4138 4102/1003/4187
f 4104/1001/4190 4056/953/4140 4103/1002/4189
f 4105/1000/4191 4057/952/4141 4104/1001/4190
f 4106/999/4192 4058/951/4142 4105/1000/4191
f 4107/998/4193 4059/950/4143 4106/999/4192
f 4108/997/4194 4060/949/4144 4107/998/4193
f 4109/996/4195 4061/948/4145 4108/997/4194
f 4110/995/4196 4062/947/4146 4109/996/4195
f 4111/994/4197 4063/946/4147 4110/995/4196
f 4112/993/4198 4064/945/4148 4111/994/4197
f 4113/992/4199 4065/944/4149 4112/993/4198
f 4114/991/4200 4066/943/4150 4113/992/4199
f 4115/990/4201 4067/942/4151 4114/991/4200
f 4116/989/4202 4068/941/4152 4115/990/4201
f 4117/988/4203 4069/940/4153 4116/989/4202
f 4118/987/4204 4070/939/4154 4117/988/4203
f 4119/986/4205 4071/938/4155 4118/987/4204
f 4120/985/4206 4072/937/4156 4119/986/4205
f 4121/984/4207 4073/936/4157 4120/985/4206
f 4122/983/4208 4074/935/4158 4121/984/4207
f 4123/982/4209 4075/934/4159 4122/983/4208
f 4124/981/4210 4076/933/4160 4123/982/4209
f 1029/980/4211 4077/932/4161 4124/981/4210
f 1030/1077/4212 4078/1027/4164 981/1028/4163
f 4125/1076/4213 4079/1026/4165 4078/1027/4164
f 4126/1075/4214 4080/1025/4166 4079/1026/4165
f 4127/1074/4215 4081/1024/4167 4080/1025/4166
f 4128/1073/4216 4082/1023/4168 4081/1024/4167
f 4129/1072/4217 4083/1022/4169 4082/1023/4168
f 4130/1071/4218 4084/1021/4170 4083/1022/4169
f 4131/1070/4219 4085/1020/4171 4084/1021/4170
f 4132/1069/4220 4086/1019/4172 4085/1020/4171
f 4133/1068/4221 4087/1018/4173 4086/1019/4172
f 4134/1067/4222 4088/1017/4174 4087/1018/4173
f 4135/1066/4223 4089/1016/4175 4088/1017/4174
f 4136/1065/4224 4090/1015/4176 4089/1016/4175
f 4137/1064/4225 4091/1014/4177 4090/1015/4176
f 4138/1063/4226 4092/1013/4178 4091/1014/4177
f 4139/1062/4227 4093/1012/4179 4092/1013/4178
f 4140/1061/4228 4094/1011/4180 4093/1012/4179
f 4141/1060/4229 4095/1010/4181 4094/1011/4180
f 4142/1059/4230 4096/1009/4182 4095/1010/4181
f 4143/1058/4231 4097/1008/4183 4096/1009/4182
f 4144/1057/4232 4098/1007/4184 4097/1008/4183
f 4145/1056/4233 4099/1006/4185 4098/1007/4184
f 4146/1055/4234 4100/1004/4186 4099/1006/4185
f 4147/1053/4235 4101/1005/4188 4100/1004/4186
f 4149/1052/4236 4101/1005/4188 4148/1054/4237
f 4150/1051/4238 4102/1003/4187 4149/1052/4236
f 4151/1050/4239 4103/1002/4189 4150/1051/4238
f 4152/1049/4240 4104/1001/4190 4151/1050/4239
f 4153/1048/4241 4105/1000/4191 4152/1049/4240
f 4154/1047/4242 4106/999/4192 4153/1048/4241
f 4155/1046/4243 4107/998/4193 4154/1047/4242
f 4156/1045/4244 4108/997/4194 4155/1046/4243
f 4157/1044/4245 4109/996/4195 4156/1045/4244
f 4158/1043/4246 4110/995/4196 4157/1044/4245
f 4159/1042/4247 4111/994/4197 4158/1043/4246
f 4160/1041/4248 4112/993/4198 4159/1042/4247
f 4161/1040/4249 4113/992/4199 4160/1041/4248
f 4162/1039/4250 4114/991/4200 4161/1040/4249
f 4163/1038/4251 4115/990/4201 4162/1039/4250
f 4164/1037/4252 4116/989/4202 4163/1038/4251
f 4165/1036/4253 4117/988/4203 4164/1037/4252
f 4166/1035/4254 4118/987/4204 4165/1036/4253
f 4167/1034/4255 4119/986/4205 4166/1035/4254
f 4168/1033/4256 4120/985/4206 4167/1034/4255
f 4169/1032/4257 4121/984/4207 4168/1033/4256
f 4170/1031/4258 4122/983/4208 4169/1032/4257
f 4171/1030/4259 4123/982/4209 4170/1031/4258
f 1078/1029/4260 4124/981/4210 4171/1030/4259
f 1079/1126/4261 4125/1076/4213 1030/1077/4212
f 4172/1125/4262 4126/1075/4214 4125/1076/4213
f 4173/1124/4263 4127/1074/4215 4126/1075/4214
f 4174/1123/4264 4128/1073/4216 4127/1074/4215
f 4175/1122/4265 4129/1072/4217 4128/1073/4216
f 4176/1121/4266 4130/1071/4218 4129/1072/4217
f 4177/1120/4267 4131/1070/4219 4130/1071/4218
f 4178/1119/4268 4132/1069/4220 4131/1070/4219
f 4179/1118/4269 4133/1068/4221 4132/1069/4220
f 4180/1117/4270 4134/1067/4222 4133/1068/4221
f 4181/1116/4271 4135/1066/4223 4134/1067/4222
f 4182/1115/4272 4136/1065/4224 4135/1066/4223
f 4183/1114/4273 4137/1064/4225 4136/1065/4224
f 4184/1113/4274 4138/1063/4226 4137/1064/4225
f 4185/1112/4275 4139/1062/4227 4138/1063/4226
f 4186/1111/4276 4140/1061/4228 4139/1062/4227
f 4187/1110/4277 4141/1060/4229 4140/1061/4228
f 4188/1109/4278 4142/1059/4230 4141/1060/4229
f 4189/1108/4279 4143/1058/4231 4142/1059/4230
f 4190/1107/4280 4144/1057/4232 4143/1058/4231
f 4191/1106/4281 4145/1056/4233 4144/1057/4232
f 4192/1105/4282 4146/1055/4234 4145/1056/4233
f 4193/1104/4283 4147/1053/4235 4146/1055/4234
f 4194/1102/4284 4148/1054/4237 4147/1053/4235
f 4196/1101/4285 4148/1054/4237 4195/1103/4286
f 4197/1100/4287 4149/1052/4236 4196/1101/4285
f 4198/1099/4288 4150/1051/4238 4197/1100/4287
f 4199/1098/4289 4151/1050/4239 4198/1099/4288
f 4200/1097/4290 4152/1049/4240 4199/1098/4289
f 4201/1096/4291 4153/1048/4241 4200/1097/4290
f 4202/1095/4292 4154/1047/4242 4201/1096/4291
f 4203/1094/4293 4155/1046/4243 4202/1095/4292
f 4204/1093/4294 4156/1045/4244 4203/1094/4293
f 4205/1092/4295 4157/1044/4245 4204/1093/4294
f 4206/1091/4296 4158/1043/4246 4205/1092/4295
f 4207/1090/4297 4159/1042/4247 4206/1091/4296
f 4208/1089/4298 4160/1041/4248 4207/1090/4297
f 4209/1088/4299 4161/1040/4249 4208/1089/4298
f 4210/1087/4300 4162/1039/4250 4209/1088/4299
f 4211/1086/4301 4163/1038/4251 4210/1087/4300
f 4212/1085/4302 4164/1037/4252 4211/1086/4301
f 4213/1084/4303 4165/1036/4253 4212/1085/4302
f 4214/1083/4304 4166/1035/4254 4213/1084/4303
f 4215/1082/4305 4167/1034/4255 4214/1083/4304
f 4216/1081/4306 4168/1033/4256 4215/1082/4305
f 4217/1080/4307 4169/1032/4257 4216/1081/4306
f 4218/1079/4308 4170/1031/4258 4217/1080/4307
f 1127/1078/4309 4171/1030/4259 4218/1079/4308
f 1128/1175/4310 4172/1125/4262 1079/1126/4261
f 4219/1174/4311 4173/1124/4263 4172/1125/4262
f 4220/1173/4312 4174/1123/4264 4173/1124/4263
f 4221/1172/4313 4175/1122/4265 4174/1123/4264
f 4222/1171/4314 4176/1121/4266 4175/1122/4265
f 4223/1170/4315 4177/1120/4267 4176/1121/4266
f 4224/1169/4316 4178/1119/4268 4177/1120/4267
f 4225/1168/4317 4179/1118/4269 4178/1119/4268
f 4226/1167/4318 4180/1117/4270 4179/1118/4269
f 4227/1166/4319 4181/1116/4271 4180/1117/4270
f 4228/1165/4320 4182/1115/4272 4181/1116/4271
f 4229/1164/4321 4183/1114/4273 4182/1115/4272
f 4230/1163/4322 4184/1113/4274 4183/1114/4273
f 4231/1162/4323 4185/1112/4275 4184/1113/4274
f 4232/1161/4324 4186/1111/4276 4185/1112/4275
f 4233/1160/4325 4187/1110/4277 4186/1111/4276
f 4234/1159/4326 4188/1109/4278 4187/1110/4277
f 4235/1158/4327 4189/1108/4279 4188/1109/4278
f 4236/1157/4328 4190/1107/4280 4189/1108/4279
f 4237/1156/4329 4191/1106/4281 4190/1107/4280
f 4238/1155/4330 4192/1105/4282 4191/1106/4281
f 4239/1154/4331 4193/1104/4283 4192/1105/4282
f 4240/1153/4332 4194/1102/4284 4193/1104/4283
f 4241/1151/4333 4195/1103/4286 4194/1102/4284
f 4243/1150/4334 4195/1103/4286 4242/1152/4335
f 4244/1149/4336 4196/1101/4285 4243/1150/4334
f 4245/1148/4337 4197/1100/4287 4244/1149/4336
f 4246/1147/4338 4198/1099/4288 4245/1148/4337
f 4247/1146/4339 4199/1098/4289 4246/1147/4338
f 4248/1145/4340 4200/1097/4290 4247/1146/4339
f 4249/1144/4341 4201/1096/4291 4248/1145/4340
f 4250/1143/4342 4202/1095/4292 4249/1144/4341
f 4251/1142/4343 4203/1094/4293 4250/1143/4342
f 4252/1141/4344 4204/1093/4294 4251/1142/4343
f 4253/1140/4345 4205/1092/4295 4252/1141/4344
f 4254/1139/4346 4206/1091/4296 4253/1140/4345
f 4255/1138/4347 4207/1090/4297 4254/1139/4346
f 4256/1137/4348 4208/1089/4298 4255/1138/4347
f 4257/1136/4349 4209/1088/4299 4256/1137/4348
f 4258/1135/4350 4210/1087/4300 4257/1136/4349
f 4259/1134/4351 4211/1086/4301 4258/1135/4350
f 4260/1133/4352 4212/1085/4302 4259/1134/4351
f 4261/1132/4353 4213/1084/4303 4260/1133/4352
f 4262/1131/4354 4214/1083/4304 4261/1132/4353
f 4263/1130/4355 4215/1082/4305 4262/1131/4354
f 4264/1129/4356 4216/1081/4306 4263/1130/4355
f 4265/1128/4357 4217/1080/4307 4264/1129/4356
f 1176/1127/4358 4218/1079/4308 4265/1128/4357
f 1177/1224/4359 4219/1174/4311 1128/1175/4310
f 4266/1223/4360 4220/1173/4312 4219/1174/4311
f 4267/1222/4361 4221/1172/4313 4220/1173/4312
f 4268/1221/4362 4222/1171/4314 4221/1172/4313
f 4269/1220/4363 4223/1170/4315 4222/1171/4314
f 4270/1219/4364 4224/1169/4316 4223/1170/4315
f 4271/1218/4365 4225/1168/4317 4224/1169/4316
f 4272/1217/4366 4226/1167/4318 4225/1168/4317
f 4273/1216/4367 4227/1166/4319 4226/1167/4318
f 4274/1215/4368 4228/1165/4320 4227/1166/4319
f 4275/1214/4369 4229/1164/4321 4228/1165/4320
f 4276/1213/4370 4230/1163/4322 4229/1164/4321
f 4277/1212/4371 4231/1162/4323 4230/1163/4322
f 4278/1211/4372 4232/1161/4324 4231/1162/4323
f 4279/1210/4373 4233/1160/4325 4232/1161/4324
f 4280/1209/4374 4234/1159/4326 4233/1160/4325
f 4281/1208/4375 4235/1158/4327 4234/1159/4326
f 4282/1207/4376 4236/1157/4328 4235/1158/4327
f 4283/1206/4377 4237/1156/4329 4236/1157/4328
f 4284/1205/4378 4238/1155/4330 4237/1156/4329
f 4285/1204/4379 4239/1154/4331 4238/1155/4330
f 4286/1203/4380 4240/1153/4332 4239/1154/4331
f 4287/1202/4381 4241/1151/4333 4240/1153/4332
f 4288/1200/4382 4242/1152/4335 4241/1151/4333
f 4290/1199/4383 4242/1152/4335 4289/1201/4384
f 4291/1198/4385 4243/1150/4334 4290/1199/4383
f 4292/1197/4386 4244/1149/4336 4291/1198/4385
f 4293/1196/4387 4245/1148/4337 4292/1197/4386
f 4294/1195/4388 4246/1147/4338 4293/1196/4387
f 4295/1194/4389 4247/1146/4339 4294/1195/4388
f 4296/1193/4390 4248/1145/4340 4295/1194/4389
f 4297/1192/4391 4249/1144/4341 4296/1193/4390
f 4298/1191/4392 4250/1143/4342 4297/1192/4391
f 4299/1190/4393 4251/1142/4343 4298/1191/4392
f 4300/1189/4394 4252/1141/4344 4299/1190/4393
f 4301/1188/4395 4253/1140/4345 4300/1189/4394
f 4302/1187/4396 4254/1139/4346 4301/1188/4395
f 4303/1186/4397 4255/1138/4347 4302/1187/4396
f 4304/1185/4398 4256/1137/4348 4303/1186/4397
f 4305/1184/4399 4257/1136/4349 4304/1185/4398
f 4306/1183/4400 4258/1135/4350 4305/1184/4399
f 4307/1182/4401 4259/1134/4351 4306/1183/4400
f 4308/1181/4402 4260/1133/4352 4307/1182/4401
f 4309/1180/4403 4261/1132/4353 4308/1181/4402
f 4310/1179/4404 4262/1131/4354 4309/1180/4403
f 4311/1178/4405 4263/1130/4355 4310/1179/4404
f 4312/1177/4406 4264/1129/4356 4311/1178/4405
f 1225/1176/4407 4265/1128/4357 4312/1177/4406
f 1226/1273/4408 4266/1223/4360 1177/1224/4359
f 4313/1272/4409 4267/1222/4361 4266/1223/4360
f 4314/1271/4410 4268/1221/4362 4267/1222/4361
f 4315/1270/4411 4269/1220/4363 4268/1221/4362
f 4316/1269/4412 4270/1219/4364 4269/1220/4363
f 4317/1268/4413 4271/1218/4365 4270/1219/4364
f 4318/1267/4414 4272/1217/4366 4271/1218/4365
f 4319/1266/4415 4273/1216/4367 4272/1217/4366
f 4320/1265/4416 4274/1215/4368 4273/1216/4367
f 4321/1264/4417 4275/1214/4369 4274/1215/4368
f 4322/1263/4418 4276/1213/4370 4275/1214/4369
f 4323/1262/4419 4277/1212/4371 4276/1213/4370
f 4324/1261/4420 4278/1211/4372 4277/1212/4371
f 4325/1260/4421 4279/1210/4373 4278/1211/4372
f 4326/1259/4422 4280/1209/4374 4279/1210/4373
f 4327/1258/4423 4281/1208/4375 4280/1209/4374
f 4328/1257/4424 4282/1207/4376 4281/1208/4375
f 4329/1256/4425 4283/1206/4377 4282/1207/4376
f 4330/1255/4426 4284/1205/4378 4283/1206/4377
f 4331/1254/4427 4285/1204/4379 4284/1205/4378
f 4332/1253/4428 4286/1203/4380 4285/1204/4379
f 4333/1252/4429 4287/1202/4381 4286/1203/4380
f 4334/1251/4430 4288/1200/4382 4287/1202/4381
f 4335/1249/4431 4289/1201/4384 4288/1200/4382
f 4337/1248/4432 4289/1201/4384 4336/1250/4433
f 4338/1247/4434 4290/1199/4383 4337/1248/4432
f 4339/1246/4435 4291/1198/4385 4338/1247/4434
f 4340/1245/4436 4292/1197/4386 4339/1246/4435
f 4341/1244/4437 4293/1196/4387 4340/1245/4436
f 4342/1243/4438 4294/1195/4388 4341/1244/4437
f 4343/1242/4439 4295/1194/4389 4342/1243/4438
f 4344/1241/4440 4296/1193/4390 4343/1242/4439
f 4345/1240/4441 4297/1192/4391 4344/1241/4440
f 4346/1239/4442 4298/1191/4392 4345/1240/4441
f 4347/1238/4443 4299/1190/4393 4346/1239/4442
f 4348/1237/4444 4300/1189/4394 4347/1238/4443
f 4349/1236/4445 4301/1188/4395 4348/1237/4444
f 4350/1235/4446 4302/1187/4396 4349/1236/4445
f 4351/1234/4447 4303/1186/4397 4350/1235/4446
f 4352/1233/4448 4304/1185/4398 4351/1234/4447
f 4353/1232/4449 4305/1184/4399 4352/1233/4448
f 4354/1231/4450 4306/1183/4400 4353/1232/4449
f 4355/1230/4451 4307/1182/4401 4354/1231/4450
f 4356/1229/4452 4308/1181/4402 4355/1230/4451
f 4357/1228/4453 4309/1180/4403 4356/1229/4452
f 4358/1227/4454 4310/1179/4404 4357/1228/4453
f 4359/1226/4455 4311/1178/4405 4358/1227/4454
f 1274/1225/4456 4312/1177/4406 4359/1226/4455
f 1275/1322/4457 4313/1272/4409 1226/1273/4408
f 4360/1321/4458 4314/1271/4410 4313/1272/4409
f 4361/1320/4459 4315/1270/4411 4314/1271/4410
f 4362/1319/4460 4316/1269/4412 4315/1270/4411
f 4363/1318/4461 4317/1268/4413 4316/1269/4412
f 4364/1317/4462 4318/1267/4414 4317/1268/4413
f 4365/1316/4463 4319/1266/4415 4318/1267/4414
f 4366/1315/4464 4320/1265/4416 4319/1266/4415
f 4367/1314/4465 4321/1264/4417 4320/1265/4416
f 4368/1313/4466 4322/1263/4418 4321/1264/4417
f 4369/1312/4467 4323/1262/4419 4322/1263/4418
f 4370/1311/4468 4324/1261/4420 4323/1262/4419
f 4371/1310/4469 4325/1260/4421 4324/1261/4420
f 4372/1309/4470 4326/1259/4422 4325/1260/4421
f 4373/1308/4471 4327/1258/4423 4326/1259/4422
f 4374/1307/4472 4328/1257/4424 4327/1258/4423
f 4375/1306/4473 4329/1256/4425 4328/1257/4424
f 4376/1305/4474 4330/1255/4426 4329/1256/4425
f 4377/1304/4475 4331/1254/4427 4330/1255/4426
f 4378/1303/4476 4332/1253/4428 4331/1254/4427
f 4379/1302/4477 4333/1252/4429 4332/1253/4428
f 4380/1301/4478 4334/1251/4430 4333/1252/4429
f 4381/1300/4479 4335/1249/4431 4334/1251/4430
f 4382/1298/4480 4336/1250/4433 4335/1249/4431
f 4384/1297/4481 4336/1250/4433 4383/1299/4482
f 4385/1296/4483 4337/1248/4432 4384/1297/4481
f 4386/1295/4484 4338/1247/4434 4385/1296/4483
f 4387/1294/4485 4339/1246/4435 4386/1295/4484
f 4388/1293/4486 4340/1245/4436 4387/1294/4485
f 4389/1292/4487 4341/1244/4437 4388/1293/4486
f 4390/1291/4488 4342/1243/4438 4389/1292/4487
f 4391/1290/4489 4343/1242/4439 4390/1291/4488
f 4392/1289/4490 4344/1241/4440 4391/1290/4489
f 4393/1288/4491 4345/1240/4441 4392/1289/4490
f 4394/1287/4492 4346/1239/4442 4393/1288/4491
f 4395/1286/4493 4347/1238/4443 4394/1287/4492
f 4396/1285/4494 4348/1237/4444 4395/1286/4493
f 4397/1284/4495 4349/1236/4445 4396/1285/4494
f 4398/1283/4496 4350/1235/4446 4397/1284/4495
f 4399/1282/4497 4351/1234/4447 4398/1283/4496
f 4400/1281/4498 4352/1233/4448 4399/1282/4497
f 4401/1280/4499 4353/1232/4449 4400/1281/4498
f 4402/1279/4500 4354/1231/4450 4401/1280/4499
f 4403/1278/4501 4355/1230/4451 4402/1279/4500
f 4404/1277/4502 4356/1229/4452 4403/1278/4501
f 4405/1276/4503 4357/1228/4453 4404/1277/4502
f 4406/1275/4504 4358/1227/4454 4405/1276/4503
f 1323/1274/4505 4359/1226/4455 4406/1275/4504
f 1324/1371/4506 4360/1321/4458 1275/1322/4457
f 4407/1370/4507 4361/1320/4459 4360/1321/4458
f 4408/1369/4508 4362/1319/4460 4361/1320/4459
f 4409/1368/4509 4363/1318/4461 4362/1319/4460
f 4410/1367/4510 4364/1317/4462 4363/1318/4461
f 4411/1366/4511 4365/1316/4463 4364/1317/4462
f 4412/1365/4512 4366/1315/4464 4365/1316/4463
f 4413/1364/4513 4367/1314/4465 4366/1315/4464
f 4414/1363/4514 4368/1313/4466 4367/1314/4465
f 4415/1362/4515 4369/1312/4467 4368/1313/4466
f 4416/1361/4516 4370/1311/4468 4369/1312/4467
f 4417/1360/4517 4371/1310/4469 4370/1311/4468
f 4418/1359/4518 4372/1309/4470 4371/1310/4469
f 4419/1358/4519 4373/1308/4471 4372/1309/4470
f 4420/1357/4520 4374/1307/4472 4373/1308/4471
f 4421/1356/4521 4375/1306/4473 4374/1307/4472
f 4422/1355/4522 4376/1305/4474 4375/1306/4473
f 4423/1354/4523 4377/1304/4475 4376/1305/4474
f 4424/1353/4524 4378/1303/4476 4377/1304/4475
f 4425/1352/4525 4379/1302/4477 4378/1303/4476
f 4426/1351/4526 4380/1301/4478 4379/1302/4477
f 4427/1350/4527 4381/1300/4479 4380/1301/4478
f 4428/1349/4528 4382/1298/4480 4381/1300/4479
f 4429/1347/4529 4383/1299/4482 4382/1298/4480
f 4431/1346/4530 4383/1299/4482 4430/1348/4531
f 4432/1345/4532 4384/1297/4481 4431/1346/4530
f 4433/1344/4533 4385/1296/4483 4432/1345/4532
f 4434/1343/4534 4386/1295/4484 4433/1344/4533
f 4435/1342/4535 4387/1294/4485 4434/1343/4534
f 4436/1341/4536 4388/1293/4486 4435/1342/4535
f 4437/1340/4537 4389/1292/4487 4436/1341/4536
f 4438/1339/4538 4390/1291/4488 4437/1340/4537
f 4439/1338/4539 4391/1290/4489 4438/1339/4538
f 4440/1337/4540 4392/1289/4490 4439/1338/4539
f 4441/1336/4541 4393/1288/4491 4440/1337/4540
f 4442/1335/4542 4394/1287/4492 4441/1336/4541
f 4443/1334/4543 4395/1286/4493 4442/1335/4542
f 4444/1333/4544 4396/1285/4494 4443/1334/4543
f 4445/1332/4545 4397/1284/4495 4444/1333/4544
f 4446/1331/4546 4398/1283/4496 4445/1332/4545
f 4447/1330/4547 4399/1282/4497 4446/1331/4546
f 4448/1329/4548 4400/1281/4498 4447/1330/4547
f 4449/1328/4549 4401/1280/4499 4448/1329/4548
f 4450/1327/4550 4402/1279/4500 4449/1328/4549
f 4451/1326/4551 4403/1278/4501 4450/1327/4550
f 4452/1325/4552 4404/1277/4502 4451/1326/4551
f 4453/1324/4553 4405/1276/4503 4452/1325/4552
f 1372/1323/4554 4406/1275/4504 4453/1324/4553
f 1373/1420/4555 4407/1370/4507 1324/1371/4506
f 4454/1419/4556 4408/1369/4508 4407/1370/4507
f 4455/1418/4557 4409/1368/4509 4408/1369/4508
f 4456/1417/4558 4410/1367/4510 4409/1368/4509
f 4457/1416/4559 4411/1366/4511 4410/1367/4510
f 4458/1415/4560 4412/1365/4512 4411/1366/4511
f 4459/1414/4561 4413/1364/4513 4412/1365/4512
f 4460/1413/4562 4414/1363/4514 4413/1364/4513
f 4461/1412/4563 4415/1362/4515 4414/1363/4514
f 4462/1411/4564 4416/1361/4516 4415/1362/4515
f 4463/1410/4565 4417/1360/4517 4416/1361/4516
f 4464/1409/4566 4418/1359/4518 4417/1360/4517
f 4465/1408/4567 4419/1358/4519 4418/1359/4518
f 4466/1407/4568 4420/1357/4520 4419/1358/4519
f 4467/1406/4569 4421/1356/4521 4420/1357/4520
f 4468/1405/4570 4422/1355/4522 4421/1356/4521
f 4469/1404/4571 4423/1354/4523 4422/1355/4522
f 4470/1403/4572 4424/1353/4524 4423/1354/4523
f 4471/1402/4573 4425/1352/4525 4424/1353/4524
f 4472/1401/4574 4426/1351/4526 4425/1352/4525
f 4473/1400/4575 4427/1350/4527 4426/1351/4526
f 4474/1399/4576 4428/1349/4528 4427/1350/4527
f 4475/1398/4577 4429/1347/4529 4428/1349/4528
f 4476/1396/4578 4430/1348/4531 4429/1347/4529
f 4478/1395/4579 4430/1348/4531 4477/1397/4580
f 4479/1394/4581 4431/1346/4530 4478/1395/4579
f 4480/1393/4582 4432/1345/4532 4479/1394/4581
f 4481/1392/4583 4433/1344/4533 4480/1393/4582
f 4482/1391/4584 4434/1343/4534 4481/1392/4583
f 4483/1390/4585 4435/1342/4535 4482/1391/4584
f 4484/1389/4586 4436/1341/4536 4483/1390/4585
f 4485/1388/4587 4437/1340/4537 4484/1389/4586
f 4486/1387/4588 4438/1339/4538 4485/1388/4587
f 4487/1386/4589 4439/1338/4539 4486/1387/4588
f 4488/1385/4590 4440/1337/4540 4487/1386/4589
f 4489/1384/4591 4441/1336/4541 4488/1385/4590
f 4490/1383/4592 4442/1335/4542 4489/1384/4591
f 4491/1382/4593 4443/1334/4543 4490/1383/4592
f 4492/1381/4594 4444/1333/4544 4491/1382/4593
f 4493/1380/4595 4445/1332/4545 4492/1381/4594
f 4494/1379/4596 4446/1331/4546 4493/1380/4595
f 4495/1378/4597 4447/1330/4547 4494/1379/4596
f 4496/1377/4598 4448/1329/4548 4495/1378/4597
f 4497/1376/4599 4449/1328/4549 4496/1377/4598
f 4498/1375/4600 4450/1327/4550 4497/1376/4599
f 4499/1374/4601 4451/1326/4551 4498/1375/4600
f 4500/1373/4602 4452/1325/4552 4499/1374/4601
f 1421/1372/4603 4453/1324/4553 4500/1373/4602
f 4501/1468/4604 1373/1420/4555 1422/1516/4605
f 4502/1467/4606 4454/1419/4556 4501/1468/4604
f 4503/1466/4607 4455/1418/4557 4502/1467/4606
f 4504/1465/4608 4456/1417/4558 4503/1466/4607
f 4505/1464/4609 4457/1416/4559 4504/1465/4608
f 4506/1463/4610 4458/1415/4560 4505/1464/4609
f 4507/1462/4611 4459/1414/4561 4506/1463/4610
f 4508/1461/4612 4460/1413/4562 4507/1462/4611
f 4509/1460/4613 4461/1412/4563 4508/1461/4612
f 4510/1459/4614 4462/1411/4564 4509/1460/4613
f 4511/1458/4615 4463/1410/4565 4510/1459/4614
f 4512/1457/4616 4464/1409/4566 4511/1458/4615
f 4513/1456/4617 4465/1408/4567 4512/1457/4616
f 4514/1455/4618 4466/1407/4568 4513/1456/4617
f 4515/1454/4619 4467/1406/4569 4514/1455/4618
f 4516/1453/4620 4468/1405/4570 4515/1454/4619
f 4517/1452/4621 4469/1404/4571 4516/1453/4620
f 4518/1451/4622 4470/1403/4572 4517/1452/4621
f 4519/1450/4623 4471/1402/4573 4518/1451/4622
f 4520/1449/4624 4472/1401/4574 4519/1450/4623
f 4521/1448/4625 4473/1400/4575 4520/1449/4624
f 4522/1447/4626 4474/1399/4576 4521/1448/4625
f 4523/1446/4627 4475/1398/4577 4522/1447/4626
f 4524/1445/4628 4476/1396/4578 4523/1446/4627
f 4524/1445/4628 4478/1395/4579 4477/1397/4580
f 4525/1444/4629 4479/1394/4581 4478/1395/4579
f 4526/1443/4630 4480/1393/4582 4479/1394/4581
f 4527/1442/4631 4481/1392/4583 4480/1393/4582
f 4528/1441/4632 4482/1391/4584 4481/1392/4583
f 4529/1440/4633 4483/1390/4585 4482/1391/4584
f 4530/1439/4634 4484/1389/4586 4483/1390/4585
f 4531/1438/4635 4485/1388/4587 4484/1389/4586
f 4532/1437/4636 4486/1387/4588 4485/1388/4587
f 4533/1436/4637 4487/1386/4589 4486/1387/4588
f 4534/1435/4638 4488/1385/4590 4487/1386/4589
f 4535/1434/4639 4489/1384/4591 4488/1385/4590
f 4536/1433/4640 4490/1383/4592 4489/1384/4591
f 4537/1432/4641 4491/1382/4593 4490/1383/4592
f 4538/1431/4642 4492/1381/4594 4491/1382/4593
f 4539/1430/4643 4493/1380/4595 4492/1381/4594
f 4540/1429/4644 4494/1379/4596 4493/1380/4595
f 4541/1428/4645 4495/1378/4597 4494/1379/4596
f 4542/1427/4646 4496/1377/4598 4495/1378/4597
f 4543/1426/4647 4497/1376/4599 4496/1377/4598
f 4544/1425/4648 4498/1375/4600 4497/1376/4599
f 4545/1424/4649 4499/1374/4601 4498/1375/4600
f 4546/1423/4650 4500/1373/4602 4499/1374/4601
f 4547/1421/4651 1421/1372/4603 4500/1373/4602
f 4548/1517/4652 1422/1516/4605 1471/1565/4653
f 4549/1515/4654 4501/1468/4604 4548/1517/4652
f 4550/1514/4655 4502/1467/4606 4549/1515/4654
f 4551/1513/4656 4503/1466/4607 4550/1514/4655
f 4552/1512/4657 4504/1465/4608 4551/1513/4656
f 4553/1511/4658 4505/1464/4609 4552/1512/4657
f 4554/1510/4659 4506/1463/4610 4553/1511/4658
f 4555/1509/4660 4507/1462/4611 4554/1510/4659
f 4556/1508/4661 4508/1461/4612 4555/1509/4660
f 4557/1507/4662 4509/1460/4613 4556/1508/4661
f 4558/1506/4663 4510/1459/4614 4557/1507/4662
f 4559/1505/4664 4511/1458/4615 4558/1506/4663
f 4560/1504/4665 4512/1457/4616 4559/1505/4664
f 4561/1503/4666 4513/1456/4617 4560/1504/4665
f 4562/1502/4667 4514/1455/4618 4561/1503/4666
f 4563/1501/4668 4515/1454/4619 4562/1502/4667
f 4564/1500/4669 4516/1453/4620 4563/1501/4668
f 4565/1499/4670 4517/1452/4621 4564/1500/4669
f 4566/1498/4671 4518/1451/4622 4565/1499/4670
f 4567/1497/4672 4519/1450/4623 4566/1498/4671
f 4568/1496/4673 4520/1449/4624 4567/1497/4672
f 4569/1495/4674 4521/1448/4625 4568/1496/4673
f 4570/1494/4675 4522/1447/4626 4569/1495/4674
f 4571/1493/4676 4523/1446/4627 4570/1494/4675
f 4571/1493/4676 4525/1444/4629 4524/1445/4628
f 4572/1492/4677 4526/1443/4630 4525/1444/4629
f 4573/1491/4678 4527/1442/4631 4526/1443/4630
f 4574/1490/4679 4528/1441/4632 4527/1442/4631
f 4575/1489/4680 4529/1440/4633 4528/1441/4632
f 4576/1488/4681 4530/1439/4634 4529/1440/4633
f 4577/1487/4682 4531/1438/4635 4530/1439/4634
f 4578/1486/4683 4532/1437/4636 4531/1438/4635
f 4579/1485/4684 4533/1436/4637 4532/1437/4636
f 4580/1484/4685 4534/1435/4638 4533/1436/4637
f 4581/1483/4686 4535/1434/4639 4534/1435/4638
f 4582/1482/4687 4536/1433/4640 4535/1434/4639
f 4583/1481/4688 4537/1432/4641 4536/1433/4640
f 4584/1480/4689 4538/1431/4642 4537/1432/4641
f 4585/1479/4690 4539/1430/4643 4538/1431/4642
f 4586/1478/4691 4540/1429/4644 4539/1430/4643
f 4587/1477/4692 4541/1428/4645 4540/1429/4644
f 4588/1476/4693 4542/1427/4646 4541/1428/4645
f 4589/1475/4694 4543/1426/4647 4542/1427/4646
f 4590/1474/4695 4544/1425/4648 4543/1426/4647
f 4591/1473/4696 4545/1424/4649 4544/1425/4648
f 4592/1472/4697 4546/1423/4650 4545/1424/4649
f 4593/1471/4698 4547/1421/4651 4546/1423/4650
f 4594/1469/4699 1470/1422/4700 4547/1421/4651
f 4595/1566/4701 1471/1565/4653 1520/1614/4702
f 4596/1564/4703 4548/1517/4652 4595/1566/4701
f 4597/1563/4704 4549/1515/4654 4596/1564/4703
f 4598/1562/4705 4550/1514/4655 4597/1563/4704
f 4599/1561/4706 4551/1513/4656 4598/1562/4705
f 4600/1560/4707 4552/1512/4657 4599/1561/4706
f 4601/1559/4708 4553/1511/4658 4600/1560/4707
f 4602/1558/4709 4554/1510/4659 4601/1559/4708
f 4603/1557/4710 4555/1509/4660 4602/1558/4709
f 4604/1556/4711 4556/1508/4661 4603/1557/4710
f 4605/1555/4712 4557/1507/4662 4604/1556/4711
f 4606/1554/4713 4558/1506/4663 4605/1555/4712
f 4607/1553/4714 4559/1505/4664 4606/1554/4713
f 4608/1552/4715 4560/1504/4665 4607/1553/4714
f 4609/1551/4716 4561/1503/4666 4608/1552/4715
f 4610/1550/4717 4562/1502/4667 4609/1551/4716
f 4611/1549/4718 4563/1501/4668 4610/1550/4717
f 4612/1548/4719 4564/1500/4669 4611/1549/4718
f 4613/1547/4720 4565/1499/4670 4612/1548/4719
f 4614/1546/4721 4566/1498/4671 4613/1547/4720
f 4615/1545/4722 4567/1497/4672 4614/1546/4721
f 4616/1544/4723 4568/1496/4673 4615/1545/4722
f 4617/1543/4724 4569/1495/4674 4616/1544/4723
f 4618/1542/4725 4570/1494/4675 4617/1543/4724
f 4618/1542/4725 4572/1492/4677 4571/1493/4676
f 4619/1541/4726 4573/1491/4678 4572/1492/4677
f 4620/1540/4727 4574/1490/4679 4573/1491/4678
f 4621/1539/4728 4575/1489/4680 4574/1490/4679
f 4622/1538/4729 4576/1488/4681 4575/1489/4680
f 4623/1537/4730 4577/1487/4682 4576/1488/4681
f 4624/1536/4731 4578/1486/4683 4577/1487/4682
f 4625/1535/4732 4579/1485/4684 4578/1486/4683
f 4626/1534/4733 4580/1484/4685 4579/1485/4684
f 4627/1533/4734 4581/1483/4686 4580/1484/4685
f 4628/1532/4735 4582/1482/4687 4581/1483/4686
f 4629/1531/4736 4583/1481/4688 4582/1482/4687
f 4630/1530/4737 4584/1480/4689 4583/1481/4688
f 4631/1529/4738 4585/1479/4690 4584/1480/4689
f 4632/1528/4739 4586/1478/4691 4585/1479/4690
f 4633/1527/4740 4587/1477/4692 4586/1478/4691
f 4634/1526/4741 4588/1476/4693 4587/1477/4692
f 4635/1525/4742 4589/1475/4694 4588/1476/4693
f 4636/1524/4743 4590/1474/4695 4589/1475/4694
f 4637/1523/4744 4591/1473/4696 4590/1474/4695
f 4638/1522/4745 4592/1472/4697 4591/1473/4696
f 4639/1521/4746 4593/1471/4698 4592/1472/4697
f 4640/1520/4747 4594/1469/4699 4593/1471/4698
f 4641/1518/4748 1519/1470/4749 4594/1469/4699
f 4642/1615/4750 1520/1614/4702 1569/1663/4751
f 4643/1613/4752 4595/1566/4701 4642/1615/4750
f 4644/1612/4753 4596/1564/4703 4643/1613/4752
f 4645/1611/4754 4597/1563/4704 4644/1612/4753
f 4646/1610/4755 4598/1562/4705 4645/1611/4754
f 4647/1609/4756 4599/1561/4706 4646/1610/4755
f 4648/1608/4757 4600/1560/4707 4647/1609/4756
f 4649/1607/4758 4601/1559/4708 4648/1608/4757
f 4650/1606/4759 4602/1558/4709 4649/1607/4758
f 4651/1605/4760 4603/1557/4710 4650/1606/4759
f 4652/1604/4761 4604/1556/4711 4651/1605/4760
f 4653/1603/4762 4605/1555/4712 4652/1604/4761
f 4654/1602/4763 4606/1554/4713 4653/1603/4762
f 4655/1601/4764 4607/1553/4714 4654/1602/4763
f 4656/1600/4765 4608/1552/4715 4655/1601/4764
f 4657/1599/4766 4609/1551/4716 4656/1600/4765
f 4658/1598/4767 4610/1550/4717 4657/1599/4766
f 4659/1597/4768 4611/1549/4718 4658/1598/4767
f 4660/1596/4769 4612/1548/4719 4659/1597/4768
f 4661/1595/4770 4613/1547/4720 4660/1596/4769
f 4662/1594/4771 4614/1546/4721 4661/1595/4770
f 4663/1593/4772 4615/1545/4722 4662/1594/4771
f 4664/1592/4773 4616/1544/4723 4663/1593/4772
f 4665/1591/4774 4617/1543/4724 4664/1592/4773
f 4665/1591/4774 4619/1541/4726 4618/1542/4725
f 4666/1590/4775 4620/1540/4727 4619/1541/4726
f 4667/1589/4776 4621/1539/4728 4620/1540/4727
f 4668/1588/4777 4622/1538/4729 4621/1539/4728
f 4669/1587/4778 4623/1537/4730 4622/1538/4729
f 4670/1586/4779 4624/1536/4731 4623/1537/4730
f 4671/1585/4780 4625/1535/4732 4624/1536/4731
f 4672/1584/4781 4626/1534/4733 4625/1535/4732
f 4673/1583/4782 4627/1533/4734 4626/1534/4733
f 4674/1582/4783 4628/1532/4735 4627/1533/4734
f 4675/1581/4784 4629/1531/4736 4628/1532/4735
f 4676/1580/4785 4630/1530/4737 4629/1531/4736
f 4677/1579/4786 4631/1529/4738 4630/1530/4737
f 4678/1578/4787 4632/1528/4739 4631/1529/4738
f 4679/1577/4788 4633/1527/4740 4632/1528/4739
f 4680/1576/4789 4634/1526/4741 4633/1527/4740
f 4681/1575/4790 4635/1525/4742 4634/1526/4741
f 4682/1574/4791 4636/1524/4743 4635/1525/4742
f 4683/1573/4792 4637/1523/4744 4636/1524/4743
f 4684/1572/4793 4638/1522/4745 4637/1523/4744
f 4685/1571/4794 4639/1521/4746 4638/1522/4745
f 4686/1570/4795 4640/1520/4747 4639/1521/4746
f 4687/1569/4796 4641/1518/4748 4640/1520/4747
f 4688/1567/4797 1568/1519/4798 4641/1518/4748
f 4689/1664/4799 1569/1663/4751 1618/1712/4800
f 4690/1662/4801 4642/1615/4750 4689/1664/4799
f 4691/1661/4802 4643/1613/4752 4690/1662/4801
f 4692/1660/4803 4644/1612/4753 4691/1661/4802
f 4693/1659/4804 4645/1611/4754 4692/1660/4803
f 4694/1658/4805 4646/1610/4755 4693/1659/4804
f 4695/1657/4806 4647/1609/4756 4694/1658/4805
f 4696/1656/4807 4648/1608/4757 4695/1657/4806
f 4697/1655/4808 4649/1607/4758 4696/1656/4807
f 4698/1654/4809 4650/1606/4759 4697/1655/4808
f 4699/1653/4810 4651/1605/4760 4698/1654/4809
f 4700/1652/4811 4652/1604/4761 4699/1653/4810
f 4701/1651/4812 4653/1603/4762 4700/1652/4811
f 4702/1650/4813 4654/1602/4763 4701/1651/4812
f 4703/1649/4814 4655/1601/4764 4702/1650/4813
f 4704/1648/4815 4656/1600/4765 4703/1649/4814
f 4705/1647/4816 4657/1599/4766 4704/1648/4815
f 4706/1646/4817 4658/1598/4767 4705/1647/4816
f 4707/1645/4818 4659/1597/4768 4706/1646/4817
f 4708/1644/4819 4660/1596/4769 4707/1645/4818
f 4709/1643/4820 4661/1595/4770 4708/1644/4819
f 4710/1642/4821 4662/1594/4771 4709/1643/4820
f 4711/1641/4822 4663/1593/4772 4710/1642/4821
f 4712/1640/4823 4664/1592/4773 4711/1641/4822
f 4712/1640/4823 4666/1590/4775 4665/1591/4774
f 4713/1639/4824 4667/1589/4776 4666/1590/4775
f 4714/1638/4825 4668/1588/4777 4667/1589/4776
f 4715/1637/4826 4669/1587/4778 4668/1588/4777
f 4716/1636/4827 4670/1586/4779 4669/1587/4778
f 4717/1635/4828 4671/1585/4780 4670/1586/4779
f 4718/1634/4829 4672/1584/4781 4671/1585/4780
f 4719/1633/4830 4673/1583/4782 4672/1584/4781
f 4720/1632/4831 4674/1582/4783 4673/1583/4782
f 4721/1631/4832 4675/1581/4784 4674/1582/4783
f 4722/1630/4833 4676/1580/4785 4675/1581/4784
f 4723/1629/4834 4677/1579/4786 4676/1580/4785
f 4724/1628/4835 4678/1578/4787 4677/1579/4786
f 4725/1627/4836 4679/1577/4788 4678/1578/4787
f 4726/1626/4837 4680/1576/4789 4679/1577/4788
f 4727/1625/4838 4681/1575/4790 4680/1576/4789
f 4728/1624/4839 4682/1574/4791 4681/1575/4790
f 4729/1623/4840 4683/1573/4792 4682/1574/4791
f 4730/1622/4841 4684/1572/4793 4683/1573/4792
f 4731/1621/4842 4685/1571/4794 4684/1572/4793
f 4732/1620/4843 4686/1570/4795 4685/1571/4794
f 4733/1619/4844 4687/1569/4796 4686/1570/4795
f 4734/1618/4845 4688/1567/4797 4687/1569/4796
f 4735/1616/4846 1617/1568/4847 4688/1567/4797
f 4736/1713/4848 1618/1712/4800 1667/1761/4849
f 4737/1711/4850 4689/1664/4799 4736/1713/4848
f 4738/1710/4851 4690/1662/4801 4737/1711/4850
f 4739/1709/4852 4691/1661/4802 4738/1710/4851
f 4740/1708/4853 4692/1660/4803 4739/1709/4852
f 4741/1707/4854 4693/1659/4804 4740/1708/4853
f 4742/1706/4855 4694/1658/4805 4741/1707/4854
f 4743/1705/4856 4695/1657/4806 4742/1706/4855
f 4744/1704/4857 4696/1656/4807 4743/1705/4856
f 4745/1703/4858 4697/1655/4808 4744/1704/4857
f 4746/1702/4859 4698/1654/4809 4745/1703/4858
f 4747/1701/4860 4699/1653/4810 4746/1702/4859
f 4748/1700/4861 4700/1652/4811 4747/1701/4860
f 4749/1699/4862 4701/1651/4812 4748/1700/4861
f 4750/1698/4863 4702/1650/4813 4749/1699/4862
f 4751/1697/4864 4703/1649/4814 4750/1698/4863
f 4752/1696/4865 4704/1648/4815 4751/1697/4864
f 4753/1695/4866 4705/1647/4816 4752/1696/4865
f 4754/1694/4867 4706/1646/4817 4753/1695/4866
f 4755/1693/4868 4707/1645/4818 4754/1694/4867
f 4756/1692/4869 4708/1644/4819 4755/1693/4868
f 4757/1691/4870 4709/1643/4820 4756/1692/4869
f 4758/1690/4871 4710/1642/4821 4757/1691/4870
f 4759/1689/4872 4711/1641/4822 4758/1690/4871
f 4759/1689/4872 4713/1639/4824 4712/1640/4823
f 4760/1688/4873 4714/1638/4825 4713/1639/4824
f 4761/1687/4874 4715/1637/4826 4714/1638/4825
f 4762/1686/4875 4716/1636/4827 4715/1637/4826
f 4763/1685/4876 4717/1635/4828 4716/1636/4827
f 4764/1684/4877 4718/1634/4829 4717/1635/4828
f 4765/1683/4878 4719/1633/4830 4718/1634/4829
f 4766/1682/4879 4720/1632/4831 4719/1633/4830
f 4767/1681/4880 4721/1631/4832 4720/1632/4831
f 4768/1680/4881 4722/1630/4833 4721/1631/4832
f 4769/1679/4882 4723/1629/4834 4722/1630/4833
f 4770/1678/4883 4724/1628/4835 4723/1629/4834
f 4771/1677/4884 4725/1627/4836 4724/1628/4835
f 4772/1676/4885 4726/1626/4837 4725/1627/4836
f 4773/1675/4886 4727/1625/4838 4726/1626/4837
f 4774/1674/4887 4728/1624/4839 4727/1625/4838
f 4775/1673/4888 4729/1623/4840 4728/1624/4839
f 4776/1672/4889 4730/1622/4841 4729/1623/4840
f 4777/1671/4890 4731/1621/4842 4730/1622/4841
f 4778/1670/4891 4732/1620/4843 4731/1621/4842
f 4779/1669/4892 4733/1619/4844 4732/1620/4843
f 4780/1668/4893 4734/1618/4845 4733/1619/4844
f 4781/1667/4894 4735/1616/4846 4734/1618/4845
f 4782/1665/4895 1666/1617/4896 4735/1616/4846
f 4783/1762/4897 1667/1761/4849 1716/1810/4898
f 4784/1760/4899 4736/1713/4848 4783/1762/4897
f 4785/1759/4900 4737/1711/4850 4784/1760/4899
f 4786/1758/4901 4738/1710/4851 4785/1759/4900
f 4787/1757/4902 4739/1709/4852 4786/1758/4901
f 4788/1756/4903 4740/1708/4853 4787/1757/4902
f 4789/1755/4904 4741/1707/4854 4788/1756/4903
f 4790/1754/4905 4742/1706/4855 4789/1755/4904
f 4791/1753/4906 4743/1705/4856 4790/1754/4905
f 4792/1752/4907 4744/1704/4857 4791/1753/4906
f 4793/1751/4908 4745/1703/4858 4792/1752/4907
f 4794/1750/4909 4746/1702/4859 4793/1751/4908
f 4795/1749/4910 4747/1701/4860 4794/1750/4909
f 4796/1748/4911 4748/1700/4861 4795/1749/4910
f 4797/1747/4912 4749/1699/4862 4796/1748/4911
f 4798/1746/4913 4750/1698/4863 4797/1747/4912
f 4799/1745/4914 4751/1697/4864 4798/1746/4913
f 4800/1744/4915 4752/1696/4865 4799/1745/4914
f 4801/1743/4916 4753/1695/4866 4800/1744/4915
f 4802/1742/4917 4754/1694/4867 4801/1743/4916
f 4803/1741/4918 4755/1693/4868 4802/1742/4917
f 4804/1740/4919 4756/1692/4869 4803/1741/4918
f 4805/1739/4920 4757/1691/4870 4804/1740/4919
f 4806/1738/4921 4758/1690/4871 4805/1739/4920
f 4806/1738/4921 4760/1688/4873 4759/1689/4872
f 4807/1737/4922 4761/1687/4874 4760/1688/4873
f 4808/1736/4923 4762/1686/4875 4761/1687/4874
f 4809/1735/4924 4763/1685/4876 4762/1686/4875
f 4810/1734/4925 4764/1684/4877 4763/1685/4876
f 4811/1733/4926 4765/1683/4878 4764/1684/4877
f 4812/1732/4927 4766/1682/4879 4765/1683/4878
f 4813/1731/4928 4767/1681/4880 4766/1682/4879
f 4814/1730/4929 4768/1680/4881 4767/1681/4880
f 4815/1729/4930 4769/1679/4882 4768/1680/4881
f 4816/1728/4931 4770/1678/4883 4769/1679/4882
f 4817/1727/4932 4771/1677/4884 4770/1678/4883
f 4818/1726/4933 4772/1676/4885 4771/1677/4884
f 4819/1725/4934 4773/1675/4886 4772/1676/4885
f 4820/1724/4935 4774/1674/4887 4773/1675/4886
f 4821/1723/4936 4775/1673/4888 4774/1674/4887
f 4822/1722/4937 4776/1672/4889 4775/1673/4888
f 4823/1721/4938 4777/1671/4890 4776/1672/4889
f 4824/1720/4939 4778/1670/4891 4777/1671/4890
f 4825/1719/4940 4779/1669/4892 4778/1670/4891
f 4826/1718/4941 4780/1668/4893 4779/1669/4892
f 4827/1717/4942 4781/1667/4894 4780/1668/4893
f 4828/1716/4943 4782/1665/4895 4781/1667/4894
f 4829/1714/4944 1715/1666/4945 4782/1665/4895
f 4830/1811/4946 1716/1810/4898 1765/1859/4947
f 4831/1809/4948 4783/1762/4897 4830/1811/4946
f 4832/1808/4949 4784/1760/4899 4831/1809/4948
f 4833/1807/4950 4785/1759/4900 4832/1808/4949
f 4834/1806/4951 4786/1758/4901 4833/1807/4950
f 4835/1805/4952 4787/1757/4902 4834/1806/4951
f 4836/1804/4953 4788/1756/4903 4835/1805/4952
f 4837/1803/4954 4789/1755/4904 4836/1804/4953
f 4838/1802/4955 4790/1754/4905 4837/1803/4954
f 4839/1801/4956 4791/1753/4906 4838/1802/4955
f 4840/1800/4957 4792/1752/4907 4839/1801/4956
f 4841/1799/4958 4793/1751/4908 4840/1800/4957
f 4842/1798/4959 4794/1750/4909 4841/1799/4958
f 4843/1797/4960 4795/1749/4910 4842/1798/4959
f 4844/1796/4961 4796/1748/4911 4843/1797/4960
f 4845/1795/4962 4797/1747/4912 4844/1796/4961
f 4846/1794/4963 4798/1746/4913 4845/1795/4962
f 4847/1793/4964 4799/1745/4914 4846/1794/4963
f 4848/1792/4965 4800/1744/4915 4847/1793/4964
f 4849/1791/4966 4801/1743/4916 4848/1792/4965
f 4850/1790/4967 4802/1742/4917 4849/1791/4966
f 4851/1789/4968 4803/1741/4918 4850/1790/4967
f 4852/1788/4969 4804/1740/4919 4851/1789/4968
f 4853/1787/4970 4805/1739/4920 4852/1788/4969
f 4853/1787/4970 4807/1737/4922 4806/1738/4921
f 4854/1786/4971 4808/1736/4923 4807/1737/4922
f 4855/1785/4972 4809/1735/4924 4808/1736/4923
f 4856/1784/4973 4810/1734/4925 4809/1735/4924
f 4857/1783/4974 4811/1733/4926 4810/1734/4925
f 4858/1782/4975 4812/1732/4927 4811/1733/4926
f 4859/1781/4976 4813/1731/4928 4812/1732/4927
f 4860/1780/4977 4814/1730/4929 4813/1731/4928
f 4861/1779/4978 4815/1729/4930 4814/1730/4929
f 4862/1778/4979 4816/1728/4931 4815/1729/4930
f 4863/1777/4980 4817/1727/4932 4816/1728/4931
f 4864/1776/4981 4818/1726/4933 4817/1727/4932
f 4865/1775/4982 4819/1725/4934 4818/1726/4933
f 4866/1774/4983 4820/1724/4935 4819/1725/4934
f 4867/1773/4984 4821/1723/4936 4820/1724/4935
f 4868/1772/4985 4822/1722/4937 4821/1723/4936
f 4869/1771/4986 4823/1721/4938 4822/1722/4937
f 4870/1770/4987 4824/1720/4939 4823/1721/4938
f 4871/1769/4988 4825/1719/4940 4824/1720/4939
f 4872/1768/4989 4826/1718/4941 4825/1719/4940
f 4873/1767/4990 4827/1717/4942 4826/1718/4941
f 4874/1766/4991 4828/1716/4943 4827/1717/4942
f 4875/1765/4992 4829/1714/4944 4828/1716/4943
f 4876/1763/4993 1764/1715/4994 4829/1714/4944
f 4877/1860/4995 1765/1859/4947 1814/1908/4996
f 4878/1858/4997 4830/1811/4946 4877/1860/4995
f 4879/1857/4998 4831/1809/4948 4878/1858/4997
f 4880/1856/4999 4832/1808/4949 4879/1857/4998
f 4881/1855/5000 4833/1807/4950 4880/1856/4999
f 4882/1854/5001 4834/1806/4951 4881/1855/5000
f 4883/1853/5002 4835/1805/4952 4882/1854/5001
f 4884/1852/5003 4836/1804/4953 4883/1853/5002
f 4885/1851/5004 4837/1803/4954 4884/1852/5003
f 4886/1850/5005 4838/1802/4955 4885/1851/5004
f 4887/1849/5006 4839/1801/4956 4886/1850/5005
f 4888/1848/5007 4840/1800/4957 4887/1849/5006
f 4889/1847/5008 4841/1799/4958 4888/1848/5007
f 4890/1846/5009 4842/1798/4959 4889/1847/5008
f 4891/1845/5010 4843/1797/4960 4890/1846/5009
f 4892/1844/5011 4844/1796/4961 4891/1845/5010
f 4893/1843/5012 4845/1795/4962 4892/1844/5011
f 4894/1842/5013 4846/1794/4963 4893/1843/5012
f 4895/1841/5014 4847/1793/4964 4894/1842/5013
f 4896/1840/5015 4848/1792/4965 4895/1841/5014
f 4897/1839/5016 4849/1791/4966 4896/1840/5015
f 4898/1838/5017 4850/1790/4967 4897/1839/5016
f 4899/1837/5018 4851/1789/4968 4898/1838/5017
f 4900/1836/5019 4852/1788/4969 4899/1837/5018
f 4900/1836/5019 4854/1786/4971 4853/1787/4970
f 4901/1835/5020 4855/1785/4972 4854/1786/4971
f 4902/1834/5021 4856/1784/4973 4855/1785/4972
f 4903/1833/5022 4857/1783/4974 4856/1784/4973
f 4904/1832/5023 4858/1782/4975 4857/1783/4974
f 4905/1831/5024 4859/1781/4976 4858/1782/4975
f 4906/1830/5025 4860/1780/4977 4859/1781/4976
f 4907/1829/5026 4861/1779/4978 4860/1780/4977
f 4908/1828/5027 4862/1778/4979 4861/1779/4978
f 4909/1827/5028 4863/1777/4980 4862/1778/4979
f 4910/1826/5029 4864/1776/4981 4863/1777/4980
f 4911/1825/5030 4865/1775/4982 4864/1776/4981
f 4912/1824/5031 4866/1774/4983 4865/1775/4982
f 4913/1823/5032 4867/1773/4984 4866/1774/4983
f 4914/1822/5033 4868/1772/4985 4867/1773/4984
f 4915/1821/5034 4869/1771/4986 4868/1772/4985
f 4916/1820/5035 4870/1770/4987 4869/1771/4986
f 4917/1819/5036 4871/1769/4988 4870/1770/4987
f 4918/1818/5037 4872/1768/4989 4871/1769/4988
f 4919/1817/5038 4873/1767/4990 4872/1768/4989
f 4920/1816/5039 4874/1766/4991 4873/1767/4990
f 4921/1815/5040 4875/1765/4992 4874/1766/4991
f 4922/1814/5041 4876/1763/4993 4875/1765/4992
f 4923/1812/5042 1813/1764/5043 4876/1763/4993
f 4924/1909/5044 1814/1908/4996 1863/1957/5045
f 4925/1907/5046 4877/1860/4995 4924/1909/5044
f 4926/1906/5047 4878/1858/4997 4925/1907/5046
f 4927/1905/5048 4879/1857/4998 4926/1906/5047
f 4928/1904/5049 4880/1856/4999 4927/1905/5048
f 4929/1903/5050 4881/1855/5000 4928/1904/5049
f 4930/1902/5051 4882/1854/5001 4929/1903/5050
f 4931/1901/5052 4883/1853/5002 4930/1902/5051
f 4932/1900/5053 4884/1852/5003 4931/1901/5052
f 4933/1899/5054 4885/1851/5004 4932/1900/5053
f 4934/1898/5055 4886/1850/5005 4933/1899/5054
f 4935/1897/5056 4887/1849/5006 4934/1898/5055
f 4936/1896/5057 4888/1848/5007 4935/1897/5056
f 4937/1895/5058 4889/1847/5008 4936/1896/5057
f 4938/1894/5059 4890/1846/5009 4937/1895/5058
f 4939/1893/5060 4891/1845/5010 4938/1894/5059
f 4940/1892/5061 4892/1844/5011 4939/1893/5060
f 4941/1891/5062 4893/1843/5012 4940/1892/5061
f 4942/1890/5063 4894/1842/5013 4941/1891/5062
f 4943/1889/5064 4895/1841/5014 4942/1890/5063
f 4944/1888/5065 4896/1840/5015 4943/1889/5064
f 4945/1887/5066 4897/1839/5016 4944/1888/5065
f 4946/1886/5067 4898/1838/5017 4945/1887/5066
f 4947/1885/5068 4899/1837/5018 4946/1886/5067
f 4947/1885/5068 4901/1835/5020 4900/1836/5019
f 4948/1884/5069 4902/1834/5021 4901/1835/5020
f 4949/1883/5070 4903/1833/5022 4902/1834/5021
f 4950/1882/5071 4904/1832/5023 4903/1833/5022
f 4951/1881/5072 4905/1831/5024 4904/1832/5023
f 4952/1880/5073 4906/1830/5025 4905/1831/5024
f 4953/1879/5074 4907/1829/5026 4906/1830/5025
f 4954/1878/5075 4908/1828/5027 4907/1829/5026
f 4955/1877/5076 4909/1827/5028 4908/1828/5027
f 4956/1876/5077 4910/1826/5029 4909/1827/5028
f 4957/1875/5078 4911/1825/5030 4910/1826/5029
f 4958/1874/5079 4912/1824/5031 4911/1825/5030
f 4959/1873/5080 4913/1823/5032 4912/1824/5031
f 4960/1872/5081 4914/1822/5033 4913/1823/5032
f 4961/1871/5082 4915/1821/5034 4914/1822/5033
f 4962/1870/5083 4916/1820/5035 4915/1821/5034
f 4963/1869/5084 4917/1819/5036 4916/1820/5035
f 4964/1868/5085 4918/1818/5037 4917/1819/5036
f 4965/1867/5086 4919/1817/5038 4918/1818/5037
f 4966/1866/5087 4920/1816/5039 4919/1817/5038
f 4967/1865/5088 4921/1815/5040 4920/1816/5039
f 4968/1864/5089 4922/1814/5041 4921/1815/5040
f 4969/1863/5090 4923/1812/5042 4922/1814/5041
f 4970/1861/5091 1862/1813/5092 4923/1812/5042
f 4971/1958/5093 1863/1957/5045 1912/2006/5094
f 4972/1956/5095 4924/1909/5044 4971/1958/5093
f 4973/1955/5096 4925/1907/5046 4972/1956/5095
f 4974/1954/5097 4926/1906/5047 4973/1955/5096
f 4975/1953/5098 4927/1905/5048 4974/1954/5097
f 4976/1952/5099 4928/1904/5049 4975/1953/5098
f 4977/1951/5100 4929/1903/5050 4976/1952/5099
f 4978/1950/5101 4930/1902/5051 4977/1951/5100
f 4979/1949/5102 4931/1901/5052 4978/1950/5101
f 4980/1948/5103 4932/1900/5053 4979/1949/5102
f 4981/1947/5104 4933/1899/5054 4980/1948/5103
f 4982/1946/5105 4934/1898/5055 4981/1947/5104
f 4983/1945/5106 4935/1897/5056 4982/1946/5105
f 4984/1944/5107 4936/1896/5057 4983/1945/5106
f 4985/1943/5108 4937/1895/5058 4984/1944/5107
f 4986/1942/5109 4938/1894/5059 4985/1943/5108
f 4987/1941/5110 4939/1893/5060 4986/1942/5109
f 4988/1940/5111 4940/1892/5061 4987/1941/5110
f 4989/1939/5112 4941/1891/5062 4988/1940/5111
f 4990/1938/5113 4942/1890/5063 4989/1939/5112
f 4991/1937/5114 4943/1889/5064 4990/1938/5113
f 4992/1936/5115 4944/1888/5065 4991/1937/5114
f 4993/1935/5116 4945/1887/5066 4992/1936/5115
f 4994/1934/5117 4946/1886/5067 4993/1935/5116
f 4994/1934/5117 4948/1884/5069 4947/1885/5068
f 4995/1933/5118 4949/1883/5070 4948/1884/5069
f 4996/1932/5119 4950/1882/5071 4949/1883/5070
f 4997/1931/5120 4951/1881/5072 4950/1882/5071
f 4998/1930/5121 4952/1880/5073 4951/1881/5072
f 4999/1929/5122 4953/1879/5074 4952/1880/5073
f 5000/1928/5123 4954/1878/5075 4953/1879/5074
f 5001/1927/5124 4955/1877/5076 4954/1878/5075
f 5002/1926/5125 4956/1876/5077 4955/1877/5076
f 5003/1925/5126 4957/1875/5078 4956/1876/5077
f 5004/1924/5127 4958/1874/5079 4957/1875/5078
f 5005/1923/5128 4959/1873/5080 4958/1874/5079
f 5006/1922/5129 4960/1872/5081 4959/1873/5080
f 5007/1921/5130 4961/1871/5082 4960/1872/5081
f 5008/1920/5131 4962/1870/5083 4961/1871/5082
f 5009/1919/5132 4963/1869/5084 4962/1870/5083
f 5010/1918/5133 4964/1868/5085 4963/1869/5084
f 5011/1917/5134 4965/1867/5086 4964/1868/5085
f 5012/1916/5135 4966/1866/5087 4965/1867/5086
f 5013/1915/5136 4967/1865/5088 4966/1866/5087
f 5014/1914/5137 4968/1864/5089 4967/1865/5088
f 5015/1913/5138 4969/1863/5090 4968/1864/5089
f 5016/1912/5139 4970/1861/5091 4969/1863/5090
f 5017/1910/5140 1911/1862/5141 4970/1861/5091
f 5018/2007/5142 1912/2006/5094 1961/2055/5143
f 5019/2005/5144 4971/1958/5093 5018/2007/5142
f 5020/2004/5145 4972/1956/5095 5019/2005/5144
f 5021/2003/5146 4973/1955/5096 5020/2004/5145
f 5022/2002/5147 4974/1954/5097 5021/2003/5146
f 5023/2001/5148 4975/1953/5098 5022/2002/5147
f 5024/2000/5149 4976/1952/5099 5023/2001/5148
f 5025/1999/5150 4977/1951/5100 5024/2000/5149
f 5026/1998/5151 4978/1950/5101 5025/1999/5150
f 5027/1997/5152 4979/1949/5102 5026/1998/5151
f 5028/1996/5153 4980/1948/5103 5027/1997/5152
f 5029/1995/5154 4981/1947/5104 5028/1996/5153
f 5030/1994/5155 4982/1946/5105 5029/1995/5154
f 5031/1993/5156 4983/1945/5106 5030/1994/5155
f 5032/1992/5157 4984/1944/5107 5031/1993/5156
f 5033/1991/5158 4985/1943/5108 5032/1992/5157
f 5034/1990/5159 4986/1942/5109 5033/1991/5158
f 5035/1989/5160 4987/1941/5110 5034/1990/5159
f 5036/1988/5161 4988/1940/5111 5035/1989/5160
f 5037/1987/5162 4989/1939/5112 5036/1988/5161
f 5038/1986/5163 4990/1938/5113 5037/1987/5162
f 5039/1985/5164 4991/1937/5114 5038/1986/5163
f 5040/1984/5165 4992/1936/5115 5039/1985/5164
f 5041/1983/5166 4993/1935/5116 5040/1984/5165
f 5041/1983/5166 4995/1933/5118 4994/1934/5117
f 5042/1982/5167 4996/1932/5119 4995/1933/5118
f 5043/1981/5168 4997/1931/5120 4996/1932/5119
f 5044/1980/5169 4998/1930/5121 4997/1931/5120
f 5045/1979/5170 4999/1929/5122 4998/1930/5121
f 5046/1978/5171 5000/1928/5123 4999/1929/5122
f 5047/1977/5172 5001/1927/5124 5000/1928/5123
f 5048/1976/5173 5002/1926/5125 5001/1927/5124
f 5049/1975/5174 5003/1925/5126 5002/1926/5125
f 5050/1974/5175 5004/1924/5127 5003/1925/5126
f 5051/1973/5176 5005/1923/5128 5004/1924/5127
f 5052/1972/5177 5006/1922/5129 5005/1923/5128
f 5053/1971/5178 5007/1921/5130 5006/1922/5129
f 5054/1970/5179 5008/1920/5131 5007/1921/5130
f 5055/1969/5180 5009/1919/5132 5008/1920/5131
f 5056/1968/5181 5010/1918/5133 5009/1919/5132
f 5057/1967/5182 5011/1917/5134 5010/1918/5133
f 5058/1966/5183 5012/1916/5135 5011/1917/5134
f 5059/1965/5184 5013/1915/5136 5012/1916/5135
f 5060/1964/5185 5014/1914/5137 5013/1915/5136
f 5061/1963/5186 5015/1913/5138 5014/1914/5137
f 5062/1962/5187 5016/1912/5139 5015/1913/5138
f 5063/1961/5188 5017/1910/5140 5016/1912/5139
f 5064/1959/5189 1960/1911/5190 5017/1910/5140
f 5065/2056/5191 1961/2055/5143 2010/2104/5192
f 5066/2054/5193 5018/2007/5142 5065/2056/5191
f 5067/2053/5194 5019/2005/5144 5066/2054/5193
f 5068/2052/5195 5020/2004/5145 5067/2053/5194
f 5069/2051/5196 5021/2003/5146 5068/2052/5195
f 5070/2050/5197 5022/2002/5147 5069/2051/5196
f 5071/2049/5198 5023/2001/5148 5070/2050/5197
f 5072/2048/5199 5024/2000/5149 5071/2049/5198
f 5073/2047/5200 5025/1999/5150 5072/2048/5199
f 5074/2046/5201 5026/1998/5151 5073/2047/5200
f 5075/2045/5202 5027/1997/5152 5074/2046/5201
f 5076/2044/5203 5028/1996/5153 5075/2045/5202
f 5077/2043/5204 5029/1995/5154 5076/2044/5203
f 5078/2042/5205 5030/1994/5155 5077/2043/5204
f 5079/2041/5206 5031/1993/5156 5078/2042/5205
f 5080/2040/5207 5032/1992/5157 5079/2041/5206
f 5081/2039/5208 5033/1991/5158 5080/2040/5207
f 5082/2038/5209 5034/1990/5159 5081/2039/5208
f 5083/2037/5210 5035/1989/5160 5082/2038/5209
f 5084/2036/5211 5036/1988/5161 5083/2037/5210
f 5085/2035/5212 5037/1987/5162 5084/2036/5211
f 5086/2034/5213 5038/1986/5163 5085/2035/5212
f 5087/2033/5214 5039/1985/5164 5086/2034/5213
f 5088/2032/5215 5040/1984/5165 5087/2033/5214
f 5088/2032/5215 5042/1982/5167 5041/1983/5166
f 5089/2031/5216 5043/1981/5168 5042/1982/5167
f 5090/2030/5217 5044/1980/5169 5043/1981/5168
f 5091/2029/5218 5045/1979/5170 5044/1980/5169
f 5092/2028/5219 5046/1978/5171 5045/1979/5170
f 5093/2027/5220 5047/1977/5172 5046/1978/5171
f 5094/2026/5221 5048/1976/5173 5047/1977/5172
f 5095/2025/5222 5049/1975/5174 5048/1976/5173
f 5096/2024/5223 5050/1974/5175 5049/1975/5174
f 5097/2023/5224 5051/1973/5176 5050/1974/5175
f 5098/2022/5225 5052/1972/5177 5051/1973/5176
f 5099/2021/5226 5053/1971/5178 5052/1972/5177
f 5100/2020/5227 5054/1970/5179 5053/1971/5178
f 5101/2019/5228 5055/1969/5180 5054/1970/5179
f 5102/2018/5229 5056/1968/5181 5055/1969/5180
f 5103/2017/5230 5057/1967/5182 5056/1968/5181
f 5104/2016/5231 5058/1966/5183 5057/1967/5182
f 5105/2015/5232 5059/1965/5184 5058/1966/5183
f 5106/2014/5233 5060/1964/5185 5059/1965/5184
f 5107/2013/5234 5061/1963/5186 5060/1964/5185
f 5108/2012/5235 5062/1962/5187 5061/1963/5186
f 5109/2011/5236 5063/1961/5188 5062/1962/5187
f 5110/2010/5237 5064/1959/5189 5063/1961/5188
f 5111/2008/5238 2009/1960/5239 5064/1959/5189
f 5112/2105/5240 2010/2104/5192 2059/2153/5241
f 5113/2103/5242 5065/2056/5191 5112/2105/5240
f 5114/2102/5243 5066/2054/5193 5113/2103/5242
f 5115/2101/5244 5067/2053/5194 5114/2102/5243
f 5116/2100/5245 5068/2052/5195 5115/2101/5244
f 5117/2099/5246 5069/2051/5196 5116/2100/5245
f 5118/2098/5247 5070/2050/5197 5117/2099/5246
f 5119/2097/5248 5071/2049/5198 5118/2098/5247
f 5120/2096/5249 5072/2048/5199 5119/2097/5248
f 5121/2095/5250 5073/2047/5200 5120/2096/5249
f 5122/2094/5251 5074/2046/5201 5121/2095/5250
f 5123/2093/5252 5075/2045/5202 5122/2094/5251
f 5124/2092/5253 5076/2044/5203 5123/2093/5252
f 5125/2091/5254 5077/2043/5204 5124/2092/5253
f 5126/2090/5255 5078/2042/5205 5125/2091/5254
f 5127/2089/5256 5079/2041/5206 5126/2090/5255
f 5128/2088/5257 5080/2040/5207 5127/2089/5256
f 5129/2087/5258 5081/2039/5208 5128/2088/5257
f 5130/2086/5259 5082/2038/5209 5129/2087/5258
f 5131/2085/5260 5083/2037/5210 5130/2086/5259
f 5132/2084/5261 5084/2036/5211 5131/2085/5260
f 5133/2083/5262 5085/2035/5212 5132/2084/5261
f 5134/2082/5263 5086/2034/5213 5133/2083/5262
f 5135/2081/5264 5087/2033/5214 5134/2082/5263
f 5135/2081/5264 5089/2031/5216 5088/2032/5215
f 5136/2080/5265 5090/2030/5217 5089/2031/5216
f 5137/2079/5266 5091/2029/5218 5090/2030/5217
f 5138/2078/5267 5092/2028/5219 5091/2029/5218
f 5139/2077/5268 5093/2027/5220 5092/2028/5219
f 5140/2076/5269 5094/2026/5221 5093/2027/5220
f 5141/2075/5270 5095/2025/5222 5094/2026/5221
f 5142/2074/5271 5096/2024/5223 5095/2025/5222
f 5143/2073/5272 5097/2023/5224 5096/2024/5223
f 5144/2072/5273 5098/2022/5225 5097/2023/5224
f 5145/2071/5274 5099/2021/5226 5098/2022/5225
f 5146/2070/5275 5100/2020/5227 5099/2021/5226
f 5147/2069/5276 5101/2019/5228 5100/2020/5227
f 5148/2068/5277 5102/2018/5229 5101/2019/5228
f 5149/2067/5278 5103/2017/5230 5102/2018/5229
f 5150/2066/5279 5104/2016/5231 5103/2017/5230
f 5151/2065/5280 5105/2015/5232 5104/2016/5231
f 5152/2064/5281 5106/2014/5233 5105/2015/5232
f 5153/2063/5282 5107/2013/5234 5106/2014/5233
f 5154/2062/5283 5108/2012/5235 5107/2013/5234
f 5155/2061/5284 5109/2011/5236 5108/2012/5235
f 5156/2060/5285 5110/2010/5237 5109/2011/5236
f 5157/2059/5286 5111/2008/5238 5110/2010/5237
f 5158/2057/5287 2058/2009/5288 5111/2008/5238
f 5159/2154/5289 2059/2153/5241 2108/2202/5290
f 5160/2152/5291 5112/2105/5240 5159/2154/5289
f 5161/2151/5292 5113/2103/5242 5160/2152/5291
f 5162/2150/5293 5114/2102/5243 5161/2151/5292
f 5163/2149/5294 5115/2101/5244 5162/2150/5293
f 5164/2148/5295 5116/2100/5245 5163/2149/5294
f 5165/2147/5296 5117/2099/5246 5164/2148/5295
f 5166/2146/5297 5118/2098/5247 5165/2147/5296
f 5167/2145/5298 5119/2097/5248 5166/2146/5297
f 5168/2144/5299 5120/2096/5249 5167/2145/5298
f 5169/2143/5300 5121/2095/5250 5168/2144/5299
f 5170/2142/5301 5122/2094/5251 5169/2143/5300
f 5171/2141/5302 5123/2093/5252 5170/2142/5301
f 5172/2140/5303 5124/2092/5253 5171/2141/5302
f 5173/2139/5304 5125/2091/5254 5172/2140/5303
f 5174/2138/5305 5126/2090/5255 5173/2139/5304
f 5175/2137/5306 5127/2089/5256 5174/2138/5305
f 5176/2136/5307 5128/2088/5257 5175/2137/5306
f 5177/2135/5308 5129/2087/5258 5176/2136/5307
f 5178/2134/5309 5130/2086/5259 5177/2135/5308
f 5179/2133/5310 5131/2085/5260 5178/2134/5309
f 5180/2132/5311 5132/2084/5261 5179/2133/5310
f 5181/2131/5312 5133/2083/5262 5180/2132/5311
f 5182/2130/5313 5134/2082/5263 5181/2131/5312
f 5182/2130/5313 5136/2080/5265 5135/2081/5264
f 5183/2129/5314 5137/2079/5266 5136/2080/5265
f 5184/2128/5315 5138/2078/5267 5137/2079/5266
f 5185/2127/5316 5139/2077/5268 5138/2078/5267
f 5186/2126/5317 5140/2076/5269 5139/2077/5268
f 5187/2125/5318 5141/2075/5270 5140/2076/5269
f 5188/2124/5319 5142/2074/5271 5141/2075/5270
f 5189/2123/5320 5143/2073/5272 5142/2074/5271
f 5190/2122/5321 5144/2072/5273 5143/2073/5272
f 5191/2121/5322 5145/2071/5274 5144/2072/5273
f 5192/2120/5323 5146/2070/5275 5145/2071/5274
f 5193/2119/5324 5147/2069/5276 5146/2070/5275
f 5194/2118/5325 5148/2068/5277 5147/2069/5276
f 5195/2117/5326 5149/2067/5278 5148/2068/5277
f 5196/2116/5327 5150/2066/5279 5149/2067/5278
f 5197/2115/5328 5151/2065/5280 5150/2066/5279
f 5198/2114/5329 5152/2064/5281 5151/2065/5280
f 5199/2113/5330 5153/2063/5282 5152/2064/5281
f 5200/2112/5331 5154/2062/5283 5153/2063/5282
f 5201/2111/5332 5155/2061/5284 5154/2062/5283
f 5202/2110/5333 5156/2060/5285 5155/2061/5284
f 5203/2109/5334 5157/2059/5286 5156/2060/5285
f 5204/2108/5335 5158/2057/5287 5157/2059/5286
f 5205/2106/5336 2107/2058/5337 5158/2057/5287
f 5206/2203/5338 2108/2202/5290 2157/2251/5339
f 5207/2201/5340 5159/2154/5289 5206/2203/5338
f 5208/2200/5341 5160/2152/5291 5207/2201/5340
f 5209/2199/5342 5161/2151/5292 5208/2200/5341
f 5210/2198/5343 5162/2150/5293 5209/2199/5342
f 5211/2197/5344 5163/2149/5294 5210/2198/5343
f 5212/2196/5345 5164/2148/5295 5211/2197/5344
f 5213/2195/5346 5165/2147/5296 5212/2196/5345
f 5214/2194/5347 5166/2146/5297 5213/2195/5346
f 5215/2193/5348 5167/2145/5298 5214/2194/5347
f 5216/2192/5349 5168/2144/5299 5215/2193/5348
f 5217/2191/5350 5169/2143/5300 5216/2192/5349
f 5218/2190/5351 5170/2142/5301 5217/2191/5350
f 5219/2189/5352 5171/2141/5302 5218/2190/5351
f 5220/2188/5353 5172/2140/5303 5219/2189/5352
f 5221/2187/5354 5173/2139/5304 5220/2188/5353
f 5222/2186/5355 5174/2138/5305 5221/2187/5354
f 5223/2185/5356 5175/2137/5306 5222/2186/5355
f 5224/2184/5357 5176/2136/5307 5223/2185/5356
f 5225/2183/5358 5177/2135/5308 5224/2184/5357
f 5226/2182/5359 5178/2134/5309 5225/2183/5358
f 5227/2181/5360 5179/2133/5310 5226/2182/5359
f 5228/2180/5361 5180/2132/5311 5227/2181/5360
f 5229/2179/5362 5181/2131/5312 5228/2180/5361
f 5229/2179/5362 5183/2129/5314 5182/2130/5313
f 5230/2178/5363 5184/2128/5315 5183/2129/5314
f 5231/2177/5364 5185/2127/5316 5184/2128/5315
f 5232/2176/5365 5186/2126/5317 5185/2127/5316
f 5233/2175/5366 5187/2125/5318 5186/2126/5317
f 5234/2174/5367 5188/2124/5319 5187/2125/5318
f 5235/2173/5368 5189/2123/5320 5188/2124/5319
f 5236/2172/5369 5190/2122/5321 5189/2123/5320
f 5237/2171/5370 5191/2121/5322 5190/2122/5321
f 5238/2170/5371 5192/2120/5323 5191/2121/5322
f 5239/2169/5372 5193/2119/5324 5192/2120/5323
f 5240/2168/5373 5194/2118/5325 5193/2119/5324
f 5241/2167/5374 5195/2117/5326 5194/2118/5325
f 5242/2166/5375 5196/2116/5327 5195/2117/5326
f 5243/2165/5376 5197/2115/5328 5196/2116/5327
f 5244/2164/5377 5198/2114/5329 5197/2115/5328
f 5245/2163/5378 5199/2113/5330 5198/2114/5329
f 5246/2162/5379 5200/2112/5331 5199/2113/5330
f 5247/2161/5380 5201/2111/5332 5200/2112/5331
f 5248/2160/5381 5202/2110/5333 5201/2111/5332
f 5249/2159/5382 5203/2109/5334 5202/2110/5333
f 5250/2158/5383 5204/2108/5335 5203/2109/5334
f 5251/2157/5384 5205/2106/5336 5204/2108/5335
f 5252/2155/5385 2156/2107/5386 5205/2106/5336
f 5253/2252/5387 2157/2251/5339 2206/2300/5388
f 5254/2250/5389 5206/2203/5338 5253/2252/5387
f 5255/2249/5390 5207/2201/5340 5254/2250/5389
f 5256/2248/5391 5208/2200/5341 5255/2249/5390
f 5257/2247/5392 5209/2199/5342 5256/2248/5391
f 5258/2246/5393 5210/2198/5343 5257/2247/5392
f 5259/2245/5394 5211/2197/5344 5258/2246/5393
f 5260/2244/5395 5212/2196/5345 5259/2245/5394
f 5261/2243/5396 5213/2195/5346 5260/2244/5395
f 5262/2242/5397 5214/2194/5347 5261/2243/5396
f 5263/2241/5398 5215/2193/5348 5262/2242/5397
f 5264/2240/5399 5216/2192/5349 5263/2241/5398
f 5265/2239/5400 5217/2191/5350 5264/2240/5399
f 5266/2238/5401 5218/2190/5351 5265/2239/5400
f 5267/2237/5402 5219/2189/5352 5266/2238/5401
f 5268/2236/5403 5220/2188/5353 5267/2237/5402
f 5269/2235/5404 5221/2187/5354 5268/2236/5403
f 5270/2234/5405 5222/2186/5355 5269/2235/5404
f 5271/2233/5406 5223/2185/5356 5270/2234/5405
f 5272/2232/5407 5224/2184/5357 5271/2233/5406
f 5273/2231/5408 5225/2183/5358 5272/2232/5407
f 5274/2230/5409 5226/2182/5359 5273/2231/5408
f 5275/2229/5410 5227/2181/5360 5274/2230/5409
f 5276/2228/5411 5228/2180/5361 5275/2229/5410
f 5276/2228/5411 5230/2178/5363 5229/2179/5362
f 5277/2227/5412 5231/2177/5364 5230/2178/5363
f 5278/2226/5413 5232/2176/5365 5231/2177/5364
f 5279/2225/5414 5233/2175/5366 5232/2176/5365
f 5280/2224/5415 5234/2174/5367 5233/2175/5366
f 5281/2223/5416 5235/2173/5368 5234/2174/5367
f 5282/2222/5417 5236/2172/5369 5235/2173/5368
f 5283/2221/5418 5237/2171/5370 5236/2172/5369
f 5284/2220/5419 5238/2170/5371 5237/2171/5370
f 5285/2219/5420 5239/2169/5372 5238/2170/5371
f 5286/2218/5421 5240/2168/5373 5239/2169/5372
f 5287/2217/5422 5241/2167/5374 5240/2168/5373
f 5288/2216/5423 5242/2166/5375 5241/2167/5374
f 5289/2215/5424 5243/2165/5376 5242/2166/5375
f 5290/2214/5425 5244/2164/5377 5243/2165/5376
f 5291/2213/5426 5245/2163/5378 5244/2164/5377
f 5292/2212/5427 5246/2162/5379 5245/2163/5378
f 5293/2211/5428 5247/2161/5380 5246/2162/5379
f 5294/2210/5429 5248/2160/5381 5247/2161/5380
f 5295/2209/5430 5249/2159/5382 5248/2160/5381
f 5296/2208/5431 5250/2158/5383 5249/2159/5382
f 5297/2207/5432 5251/2157/5384 5250/2158/5383
f 5298/2206/5433 5252/2155/5385 5251/2157/5384
f 5299/2204/5434 2205/2156/5435 5252/2155/5385
f 5300/2301/5436 2206/2300/5388 2255/2349/5437
f 5301/2299/5438 5253/2252/5387 5300/2301/5436
f 5302/2298/5439 5254/2250/5389 5301/2299/5438
f 5303/2297/5440 5255/2249/5390 5302/2298/5439
f 5304/2296/5441 5256/2248/5391 5303/2297/5440
f 5305/2295/5442 5257/2247/5392 5304/2296/5441
f 5306/2294/5443 5258/2246/5393 5305/2295/5442
f 5307/2293/5444 5259/2245/5394 5306/2294/5443
f 5308/2292/5445 5260/2244/5395 5307/2293/5444
f 5309/2291/5446 5261/2243/5396 5308/2292/5445
f 5310/2290/5447 5262/2242/5397 5309/2291/5446
f 5311/2289/5448 5263/2241/5398 5310/2290/5447
f 5312/2288/5449 5264/2240/5399 5311/2289/5448
f 5313/2287/5450 5265/2239/5400 5312/2288/5449
f 5314/2286/5451 5266/2238/5401 5313/2287/5450
f 5315/2285/5452 5267/2237/5402 5314/2286/5451
f 5316/2284/5453 5268/2236/5403 5315/2285/5452
f 5317/2283/5454 5269/2235/5404 5316/2284/5453
f 5318/2282/5455 5270/2234/5405 5317/2283/5454
f 5319/2281/5456 5271/2233/5406 5318/2282/5455
f 5320/2280/5457 5272/2232/5407 5319/2281/5456
f 5321/2279/5458 5273/2231/5408 5320/2280/5457
f 5322/2278/5459 5274/2230/5409 5321/2279/5458
f 5323/2277/5460 5275/2229/5410 5322/2278/5459
f 5323/2277/5460 5277/2227/5412 5276/2228/5411
f 5324/2276/5461 5278/2226/5413 5277/2227/5412
f 5325/2275/5462 5279/2225/5414 5278/2226/5413
f 5326/2274/5463 5280/2224/5415 5279/2225/5414
f 5327/2273/5464 5281/2223/5416 5280/2224/5415
f 5328/2272/5465 5282/2222/5417 5281/2223/5416
f 5329/2271/5466 5283/2221/5418 5282/2222/5417
f 5330/2270/5467 5284/2220/5419 5283/2221/5418
f 5331/2269/5468 5285/2219/5420 5284/2220/5419
f 5332/2268/5469 5286/2218/5421 5285/2219/5420
f 5333/2267/5470 5287/2217/5422 5286/2218/5421
f 5334/2266/5471 5288/2216/5423 5287/2217/5422
f 5335/2265/5472 5289/2215/5424 5288/2216/5423
f 5336/2264/5473 5290/2214/5425 5289/2215/5424
f 5337/2263/5474 5291/2213/5426 5290/2214/5425
f 5338/2262/5475 5292/2212/5427 5291/2213/5426
f 5339/2261/5476 5293/2211/5428 5292/2212/5427
f 5340/2260/5477 5294/2210/5429 5293/2211/5428
f 5341/2259/5478 5295/2209/5430 5294/2210/5429
f 5342/2258/5479 5296/2208/5431 5295/2209/5430
f 5343/2257/5480 5297/2207/5432 5296/2208/5431
f 5344/2256/5481 5298/2206/5433 5297/2207/5432
f 5345/2255/5482 5299/2204/5434 5298/2206/5433
f 5346/2253/5483 2254/2205/5484 5299/2204/5434
f 5347/2350/5485 2255/2349/5437 2304/2398/5486
f 5348/2348/5487 5300/2301/5436 5347/2350/5485
f 5349/2347/5488 5301/2299/5438 5348/2348/5487
f 5350/2346/5489 5302/2298/5439 5349/2347/5488
f 5351/2345/5490 5303/2297/5440 5350/2346/5489
f 5352/2344/5491 5304/2296/5441 5351/2345/5490
f 5353/2343/5492 5305/2295/5442 5352/2344/5491
f 5354/2342/5493 5306/2294/5443 5353/2343/5492
f 5355/2341/5494 5307/2293/5444 5354/2342/5493
f 5356/2340/5495 5308/2292/5445 5355/2341/5494
f 5357/2339/5496 5309/2291/5446 5356/2340/5495
f 5358/2338/5497 5310/2290/5447 5357/2339/5496
f 5359/2337/5498 5311/2289/5448 5358/2338/5497
f 5360/2336/5499 5312/2288/5449 5359/2337/5498
f 5361/2335/5500 5313/2287/5450 5360/2336/5499
f 5362/2334/5501 5314/2286/5451 5361/2335/5500
f 5363/2333/5502 5315/2285/5452 5362/2334/5501
f 5364/2332/5503 5316/2284/5453 5363/2333/5502
f 5365/2331/5504 5317/2283/5454 5364/2332/5503
f 5366/2330/5505 5318/2282/5455 5365/2331/5504
f 5367/2329/5506 5319/2281/5456 5366/2330/5505
f 5368/2328/5507 5320/2280/5457 5367/2329/5506
f 5369/2327/5508 5321/2279/5458 5368/2328/5507
f 5370/2326/5509 5322/2278/5459 5369/2327/5508
f 5370/2326/5509 5324/2276/5461 5323/2277/5460
f 5371/2325/5510 5325/2275/5462 5324/2276/5461
f 5372/2324/5511 5326/2274/5463 5325/2275/5462
f 5373/2323/5512 5327/2273/5464 5326/2274/5463
f 5374/2322/5513 5328/2272/5465 5327/2273/5464
f 5375/2321/5514 5329/2271/5466 5328/2272/5465
f 5376/2320/5515 5330/2270/5467 5329/2271/5466
f 5377/2319/5516 5331/2269/5468 5330/2270/5467
f 5378/2318/5517 5332/2268/5469 5331/2269/5468
f 5379/2317/5518 5333/2267/5470 5332/2268/5469
f 5380/2316/5519 5334/2266/5471 5333/2267/5470
f 5381/2315/5520 5335/2265/5472 5334/2266/5471
f 5382/2314/5521 5336/2264/5473 5335/2265/5472
f 5383/2313/5522 5337/2263/5474 5336/2264/5473
f 5384/2312/5523 5338/2262/5475 5337/2263/5474
f 5385/2311/5524 5339/2261/5476 5338/2262/5475
f 5386/2310/5525 5340/2260/5477 5339/2261/5476
f 5387/2309/5526 5341/2259/5478 5340/2260/5477
f 5388/2308/5527 5342/2258/5479 5341/2259/5478
f 5389/2307/5528 5343/2257/5480 5342/2258/5479
f 5390/2306/5529 5344/2256/5481 5343/2257/5480
f 5391/2305/5530 5345/2255/5482 5344/2256/5481
f 5392/2304/5531 5346/2253/5483 5345/2255/5482
f 5393/2302/5532 2303/2254/5533 5346/2253/5483
f 5394/2399/5534 2304/2398/5486 2353/2447/5535
f 5395/2397/5536 5347/2350/5485 5394/2399/5534
f 5396/2396/5537 5348/2348/5487 5395/2397/5536
f 5397/2395/5538 5349/2347/5488 5396/2396/5537
f 5398/2394/5539 5350/2346/5489 5397/2395/5538
f 5399/2393/5540 5351/2345/5490 5398/2394/5539
f 5400/2392/5541 5352/2344/5491 5399/2393/5540
f 5401/2391/5542 5353/2343/5492 5400/2392/5541
f 5402/2390/5543 5354/2342/5493 5401/2391/5542
f 5403/2389/5544 5355/2341/5494 5402/2390/5543
f 5404/2388/5545 5356/2340/5495 5403/2389/5544
f 5405/2387/5546 5357/2339/5496 5404/2388/5545
f 5406/2386/5547 5358/2338/5497 5405/2387/5546
f 5407/2385/5548 5359/2337/5498 5406/2386/5547
f 5408/2384/5549 5360/2336/5499 5407/2385/5548
f 5409/2383/5550 5361/2335/5500 5408/2384/5549
f 5410/2382/5551 5362/2334/5501 5409/2383/5550
f 5411/2381/5552 5363/2333/5502 5410/2382/5551
f 5412/2380/5553 5364/2332/5503 5411/2381/5552
f 5413/2379/5554 5365/2331/5504 5412/2380/5553
f 5414/2378/5555 5366/2330/5505 5413/2379/5554
f 5415/2377/5556 5367/2329/5506 5414/2378/5555
f 5416/2376/5557 5368/2328/5507 5415/2377/5556
f 5417/2375/5558 5369/2327/5508 5416/2376/5557
f 5417/2375/5558 5371/2325/5510 5370/2326/5509
f 5418/2374/5559 5372/2324/5511 5371/2325/5510
f 5419/2373/5560 5373/2323/5512 5372/2324/5511
f 5420/2372/5561 5374/2322/5513 5373/2323/5512
f 5421/2371/5562 5375/2321/5514 5374/2322/5513
f 5422/2370/5563 5376/2320/5515 5375/2321/5514
f 5423/2369/5564 5377/2319/5516 5376/2320/5515
f 5424/2368/5565 5378/2318/5517 5377/2319/5516
f 5425/2367/5566 5379/2317/5518 5378/2318/5517
f 5426/2366/5567 5380/2316/5519 5379/2317/5518
f 5427/2365/5568 5381/2315/5520 5380/2316/5519
f 5428/2364/5569 5382/2314/5521 5381/2315/5520
f 5429/2363/5570 5383/2313/5522 5382/2314/5521
f 5430/2362/5571 5384/2312/5523 5383/2313/5522
f 5431/2361/5572 5385/2311/5524 5384/2312/5523
f 5432/2360/5573 5386/2310/5525 5385/2311/5524
f 5433/2359/5574 5387/2309/5526 5386/2310/5525
f 5434/2358/5575 5388/2308/5527 5387/2309/5526
f 5435/2357/5576 5389/2307/5528 5388/2308/5527
f 5436/2356/5577 5390/2306/5529 5389/2307/5528
f 5437/2355/5578 5391/2305/5530 5390/2306/5529
f 5438/2354/5579 5392/2304/5531 5391/2305/5530
f 5439/2353/5580 5393/2302/5532 5392/2304/5531
f 5440/2351/5581 2352/2303/5582 5393/2302/5532
f 5441/2448/5583 2353/2447/5535 2402/2496/5584
f 5442/2446/5585 5394/2399/5534 5441/2448/5583
f 5443/2445/5586 5395/2397/5536 5442/2446/5585
f 5444/2444/5587 5396/2396/5537 5443/2445/5586
f 5445/2443/5588 5397/2395/5538 5444/2444/5587
f 5446/2442/5589 5398/2394/5539 5445/2443/5588
f 5447/2441/5590 5399/2393/5540 5446/2442/5589
f 5448/2440/5591 5400/2392/5541 5447/2441/5590
f 5449/2439/5592 5401/2391/5542 5448/2440/5591
f 5450/2438/5593 5402/2390/5543 5449/2439/5592
f 5451/2437/5594 5403/2389/5544 5450/2438/5593
f 5452/2436/5595 5404/2388/5545 5451/2437/5594
f 5453/2435/5596 5405/2387/5546 5452/2436/5595
f 5454/2434/5597 5406/2386/5547 5453/2435/5596
f 5455/2433/5598 5407/2385/5548 5454/2434/5597
f 5456/2432/5599 5408/2384/5549 5455/2433/5598
f 5457/2431/5600 5409/2383/5550 5456/2432/5599
f 5458/2430/5601 5410/2382/5551 5457/2431/5600
f 5459/2429/5602 5411/2381/5552 5458/2430/5601
f 5460/2428/5603 5412/2380/5553 5459/2429/5602
f 5461/2427/5604 5413/2379/5554 5460/2428/5603
f 5462/2426/5605 5414/2378/5555 5461/2427/5604
f 5463/2425/5606 5415/2377/5556 5462/2426/5605
f 5464/2424/5607 5416/2376/5557 5463/2425/5606
f 5464/2424/5607 5418/2374/5559 5417/2375/5558
f 5465/2423/5608 5419/2373/5560 5418/2374/5559
f 5466/2422/5609 5420/2372/5561 5419/2373/5560
f 5467/2421/5610 5421/2371/5562 5420/2372/5561
f 5468/2420/5611 5422/2370/5563 5421/2371/5562
f 5469/2419/5612 5423/2369/5564 5422/2370/5563
f 5470/2418/5613 5424/2368/5565 5423/2369/5564
f 5471/2417/5614 5425/2367/5566 5424/2368/5565
f 5472/2416/5615 5426/2366/5567 5425/2367/5566
f 5473/2415/5616 5427/2365/5568 5426/2366/5567
f 5474/2414/5617 5428/2364/5569 5427/2365/5568
f 5475/2413/5618 5429/2363/5570 5428/2364/5569
f 5476/2412/5619 5430/2362/5571 5429/2363/5570
f 5477/2411/5620 5431/2361/5572 5430/2362/5571
f 5478/2410/5621 5432/2360/5573 5431/2361/5572
f 5479/2409/5622 5433/2359/5574 5432/2360/5573
f 5480/2408/5623 5434/2358/5575 5433/2359/5574
f 5481/2407/5624 5435/2357/5576 5434/2358/5575
f 5482/2406/5625 5436/2356/5577 5435/2357/5576
f 5483/2405/5626 5437/2355/5578 5436/2356/5577
f 5484/2404/5627 5438/2354/5579 5437/2355/5578
f 5485/2403/5628 5439/2353/5580 5438/2354/5579
f 5486/2402/5629 5440/2351/5581 5439/2353/5580
f 5487/2400/5630 2401/2352/5631 5440/2351/5581
f 5488/2497/5632 2402/2496/5584 2451/2545/5633
f 5489/2495/5634 5441/2448/5583 5488/2497/5632
f 5490/2494/5635 5442/2446/5585 5489/2495/5634
f 5491/2493/5636 5443/2445/5586 5490/2494/5635
f 5492/2492/5637 5444/2444/5587 5491/2493/5636
f 5493/2491/5638 5445/2443/5588 5492/2492/5637
f 5494/2490/5639 5446/2442/5589 5493/2491/5638
f 5495/2489/5640 5447/2441/5590 5494/2490/5639
f 5496/2488/5641 5448/2440/5591 5495/2489/5640
f 5497/2487/5642 5449/2439/5592 5496/2488/5641
f 5498/2486/5643 5450/2438/5593 5497/2487/5642
f 5499/2485/5644 5451/2437/5594 5498/2486/5643
f 5500/2484/5645 5452/2436/5595 5499/2485/5644
f 5501/2483/5646 5453/2435/5596 5500/2484/5645
f 5502/2482/5647 5454/2434/5597 5501/2483/5646
f 5503/2481/5648 5455/2433/5598 5502/2482/5647
f 5504/2480/5649 5456/2432/5599 5503/2481/5648
f 5505/2479/5650 5457/2431/5600 5504/2480/5649
f 5506/2478/5651 5458/2430/5601 5505/2479/5650
f 5507/2477/5652 5459/2429/5602 5506/2478/5651
f 5508/2476/5653 5460/2428/5603 5507/2477/5652
f 5509/2475/5654 5461/2427/5604 5508/2476/5653
f 5510/2474/5655 5462/2426/5605 5509/2475/5654
f 5511/2473/5656 5463/2425/5606 5510/2474/5655
f 5511/2473/5656 5465/2423/5608 5464/2424/5607
f 5512/2472/5657 5466/2422/5609 5465/2423/5608
f 5513/2471/5658 5467/2421/5610 5466/2422/5609
f 5514/2470/5659 5468/2420/5611 5467/2421/5610
f 5515/2469/5660 5469/2419/5612 5468/2420/5611
f 5516/2468/5661 5470/2418/5613 5469/2419/5612
f 5517/2467/5662 5471/2417/5614 5470/2418/5613
f 5518/2466/5663 5472/2416/5615 5471/2417/5614
f 5519/2465/5664 5473/2415/5616 5472/2416/5615
f 5520/2464/5665 5474/2414/5617 5473/2415/5616
f 5521/2463/5666 5475/2413/5618 5474/2414/5617
f 5522/2462/5667 5476/2412/5619 5475/2413/5618
f 5523/2461/5668 5477/2411/5620 5476/2412/5619
f 5524/2460/5669 5478/2410/5621 5477/2411/5620
f 5525/2459/5670 5479/2409/5622 5478/2410/5621
f 5526/2458/5671 5480/2408/5623 5479/2409/5622
f 5527/2457/5672 5481/2407/5624 5480/2408/5623
f 5528/2456/5673 5482/2406/5625 5481/2407/5624
f 5529/2455/5674 5483/2405/5626 5482/2406/5625
f 5530/2454/5675 5484/2404/5627 5483/2405/5626
f 5531/2453/5676 5485/2403/5628 5484/2404/5627
f 5532/2452/5677 5486/2402/5629 5485/2403/5628
f 5533/2451/5678 5487/2400/5630 5486/2402/5629
f 5534/2449/5679 2450/2401/5680 5487/2400/5630
f 5535/2546/5681 2451/2545/5633 2500/2594/5682
f 5536/2544/5683 5488/2497/5632 5535/2546/5681
f 5537/2543/5684 5489/2495/5634 5536/2544/5683
f 5538/2542/5685 5490/2494/5635 5537/2543/5684
f 5539/2541/5686 5491/2493/5636 5538/2542/5685
f 5540/2540/5687 5492/2492/5637 5539/2541/5686
f 5541/2539/5688 5493/2491/5638 5540/2540/5687
f 5542/2538/5689 5494/2490/5639 5541/2539/5688
f 5543/2537/5690 5495/2489/5640 5542/2538/5689
f 5544/2536/5691 5496/2488/5641 5543/2537/5690
f 5545/2535/5692 5497/2487/5642 5544/2536/5691
f 5546/2534/5693 5498/2486/5643 5545/2535/5692
f 5547/2533/5694 5499/2485/5644 5546/2534/5693
f 5548/2532/5695 5500/2484/5645 5547/2533/5694
f 5549/2531/5696 5501/2483/5646 5548/2532/5695
f 5550/2530/5697 5502/2482/5647 5549/2531/5696
f 5551/2529/5698 5503/2481/5648 5550/2530/5697
f 5552/2528/5699 5504/2480/5649 5551/2529/5698
f 5553/2527/5700 5505/2479/5650 5552/2528/5699
f 5554/2526/5701 5506/2478/5651 5553/2527/5700
f 5555/2525/5702 5507/2477/5652 5554/2526/5701
f 5556/2524/5703 5508/2476/5653 5555/2525/5702
f 5557/2523/5704 5509/2475/5654 5556/2524/5703
f 5558/2522/5705 5510/2474/5655 5557/2523/5704
f 5558/2522/5705 5512/2472/5657 5511/2473/5656
f 5559/2521/5706 5513/2471/5658 5512/2472/5657
f 5560/2520/5707 5514/2470/5659 5513/2471/5658
f 5561/2519/5708 5515/2469/5660 5514/2470/5659
f 5562/2518/5709 5516/2468/5661 5515/2469/5660
f 5563/2517/5710 5517/2467/5662 5516/2468/5661
f 5564/2516/5711 5518/2466/5663 5517/2467/5662
f 5565/2515/5712 5519/2465/5664 5518/2466/5663
f 5566/2514/5713 5520/2464/5665 5519/2465/5664
f 5567/2513/5714 5521/2463/5666 5520/2464/5665
f 5568/2512/5715 5522/2462/5667 5521/2463/5666
f 5569/2511/5716 5523/2461/5668 5522/2462/5667
f 5570/2510/5717 5524/2460/5669 5523/2461/5668
f 5571/2509/5718 5525/2459/5670 5524/2460/5669
f 5572/2508/5719 5526/2458/5671 5525/2459/5670
f 5573/2507/5720 5527/2457/5672 5526/2458/5671
f 5574/2506/5721 5528/2456/5673 5527/2457/5672
f 5575/2505/5722 5529/2455/5674 5528/2456/5673
f 5576/2504/5723 5530/2454/5675 5529/2455/5674
f 5577/2503/5724 5531/2453/5676 5530/2454/5675
f 5578/2502/5725 5532/2452/5677 5531/2453/5676
f 5579/2501/5726 5533/2451/5678 5532/2452/5677
f 5580/2500/5727 5534/2449/5679 5533/2451/5678
f 5581/2498/5728 2499/2450/5729 5534/2449/5679
f 5582/2595/5730 2500/2594/5682 2549/2643/5731
f 5583/2593/5732 5535/2546/5681 5582/2595/5730
f 5584/2592/5733 5536/2544/5683 5583/2593/5732
f 5585/2591/5734 5537/2543/5684 5584/2592/5733
f 5586/2590/5735 5538/2542/5685 5585/2591/5734
f 5587/2589/5736 5539/2541/5686 5586/2590/5735
f 5588/2588/5737 5540/2540/5687 5587/2589/5736
f 5589/2587/5738 5541/2539/5688 5588/2588/5737
f 5590/2586/5739 5542/2538/5689 5589/2587/5738
f 5591/2585/5740 5543/2537/5690 5590/2586/5739
f 5592/2584/5741 5544/2536/5691 5591/2585/5740
f 5593/2583/5742 5545/2535/5692 5592/2584/5741
f 5594/2582/5743 5546/2534/5693 5593/2583/5742
f 5595/2581/5744 5547/2533/5694 5594/2582/5743
f 5596/2580/5745 5548/2532/5695 5595/2581/5744
f 5597/2579/5746 5549/2531/5696 5596/2580/5745
f 5598/2578/5747 5550/2530/5697 5597/2579/5746
f 5599/2577/5748 5551/2529/5698 5598/2578/5747
f 5600/2576/5749 5552/2528/5699 5599/2577/5748
f 5601/2575/5750 5553/2527/5700 5600/2576/5749
f 5602/2574/5751 5554/2526/5701 5601/2575/5750
f 5603/2573/5752 5555/2525/5702 5602/2574/5751
f 5604/2572/5753 5556/2524/5703 5603/2573/5752
f 5605/2571/5754 5557/2523/5704 5604/2572/5753
f 5605/2571/5754 5559/2521/5706 5558/2522/5705
f 5606/2570/5755 5560/2520/5707 5559/2521/5706
f 5607/2569/5756 5561/2519/5708 5560/2520/5707
f 5608/2568/5757 5562/2518/5709 5561/2519/5708
f 5609/2567/5758 5563/2517/5710 5562/2518/5709
f 5610/2566/5759 5564/2516/5711 5563/2517/5710
f 5611/2565/5760 5565/2515/5712 5564/2516/5711
f 5612/2564/5761 5566/2514/5713 5565/2515/5712
f 5613/2563/5762 5567/2513/5714 5566/2514/5713
f 5614/2562/5763 5568/2512/5715 5567/2513/5714
f 5615/2561/5764 5569/2511/5716 5568/2512/5715
f 5616/2560/5765 5570/2510/5717 5569/2511/5716
f 5617/2559/5766 5571/2509/5718 5570/2510/5717
f 5618/2558/5767 5572/2508/5719 5571/2509/5718
f 5619/2557/5768 5573/2507/5720 5572/2508/5719
f 5620/2556/5769 5574/2506/5721 5573/2507/5720
f 5621/2555/5770 5575/2505/5722 5574/2506/5721
f 5622/2554/5771 5576/2504/5723 5575/2505/5722
f 5623/2553/5772 5577/2503/5724 5576/2504/5723
f 5624/2552/5773 5578/2502/5725 5577/2503/5724
f 5625/2551/5774 5579/2501/5726 5578/2502/5725
f 5626/2550/5775 5580/2500/5727 5579/2501/5726
f 5627/2549/5776 5581/2498/5728 5580/2500/5727
f 5628/2547/5777 2548/2499/5778 5581/2498/5728
f 5629/2644/5779 2549/2643/5731 2598/2692/5780
f 5630/2642/5781 5582/2595/5730 5629/2644/5779
f 5631/2641/5782 5583/2593/5732 5630/2642/5781
f 5632/2640/5783 5584/2592/5733 5631/2641/5782
f 5633/2639/5784 5585/2591/5734 5632/2640/5783
f 5634/2638/5785 5586/2590/5735 5633/2639/5784
f 5635/2637/5786 5587/2589/5736 5634/2638/5785
f 5636/2636/5787 5588/2588/5737 5635/2637/5786
f 5637/2635/5788 5589/2587/5738 5636/2636/5787
f 5638/2634/5789 5590/2586/5739 5637/2635/5788
f 5639/2633/5790 5591/2585/5740 5638/2634/5789
f 5640/2632/5791 5592/2584/5741 5639/2633/5790
f 5641/2631/5792 5593/2583/5742 5640/2632/5791
f 5642/2630/5793 5594/2582/5743 5641/2631/5792
f 5643/2629/5794 5595/2581/5744 5642/2630/5793
f 5644/2628/5795 5596/2580/5745 5643/2629/5794
f 5645/2627/5796 5597/2579/5746 5644/2628/5795
f 5646/2626/5797 5598/2578/5747 5645/2627/5796
f 5647/2625/5798 5599/2577/5748 5646/2626/5797
f 5648/2624/5799 5600/2576/5749 5647/2625/5798
f 5649/2623/5800 5601/2575/5750 5648/2624/5799
f 5650/2622/5801 5602/2574/5751 5649/2623/5800
f 5651/2621/5802 5603/2573/5752 5650/2622/5801
f 5652/2620/5803 5604/2572/5753 5651/2621/5802
f 5652/2620/5803 5606/2570/5755 5605/2571/5754
f 5653/2619/5804 5607/2569/5756 5606/2570/5755
f 5654/2618/5805 5608/2568/5757 5607/2569/5756
f 5655/2617/5806 5609/2567/5758 5608/2568/5757
f 5656/2616/5807 5610/2566/5759 5609/2567/5758
f 5657/2615/5808 5611/2565/5760 5610/2566/5759
f 5658/2614/5809 5612/2564/5761 5611/2565/5760
f 5659/2613/5810 5613/2563/5762 5612/2564/5761
f 5660/2612/5811 5614/2562/5763 5613/2563/5762
f 5661/2611/5812 5615/2561/5764 5614/2562/5763
f 5662/2610/5813 5616/2560/5765 5615/2561/5764
f 5663/2609/5814 5617/2559/5766 5616/2560/5765
f 5664/2608/5815 5618/2558/5767 5617/2559/5766
f 5665/2607/5816 5619/2557/5768 5618/2558/5767
f 5666/2606/5817 5620/2556/5769 5619/2557/5768
f 5667/2605/5818 5621/2555/5770 5620/2556/5769
f 5668/2604/5819 5622/2554/5771 5621/2555/5770
f 5669/2603/5820 5623/2553/5772 5622/2554/5771
f 5670/2602/5821 5624/2552/5773 5623/2553/5772
f 5671/2601/5822 5625/2551/5774 5624/2552/5773
f 5672/2600/5823 5626/2550/5775 5625/2551/5774
f 5673/2599/5824 5627/2549/5776 5626/2550/5775
f 5674/2598/5825 5628/2547/5777 5627/2549/5776
f 5675/2596/5826 2597/2548/5827 5628/2547/5777
f 5676/2693/5828 2598/2692/5780 2647/2741/5829
f 5677/2691/5830 5629/2644/5779 5676/2693/5828
f 5678/2690/5831 5630/2642/5781 5677/2691/5830
f 5679/2689/5832 5631/2641/5782 5678/2690/5831
f 5680/2688/5833 5632/2640/5783 5679/2689/5832
f 5681/2687/5834 5633/2639/5784 5680/2688/5833
f 5682/2686/5835 5634/2638/5785 5681/2687/5834
f 5683/2685/5836 5635/2637/5786 5682/2686/5835
f 5684/2684/5837 5636/2636/5787 5683/2685/5836
f 5685/2683/5838 5637/2635/5788 5684/2684/5837
f 5686/2682/5839 5638/2634/5789 5685/2683/5838
f 5687/2681/5840 5639/2633/5790 5686/2682/5839
f 5688/2680/5841 5640/2632/5791 5687/2681/5840
f 5689/2679/5842 5641/2631/5792 5688/2680/5841
f 5690/2678/5843 5642/2630/5793 5689/2679/5842
f 5691/2677/5844 5643/2629/5794 5690/2678/5843
f 5692/2676/5845 5644/2628/5795 5691/2677/5844
f 5693/2675/5846 5645/2627/5796 5692/2676/5845
f 5694/2674/5847 5646/2626/5797 5693/2675/5846
f 5695/2673/5848 5647/2625/5798 5694/2674/5847
f 5696/2672/5849 5648/2624/5799 5695/2673/5848
f 5697/2671/5850 5649/2623/5800 5696/2672/5849
f 5698/2670/5851 5650/2622/5801 5697/2671/5850
f 5699/2669/5852 5651/2621/5802 5698/2670/5851
f 5699/2669/5852 5653/2619/5804 5652/2620/5803
f 5700/2668/5853 5654/2618/5805 5653/2619/5804
f 5701/2667/5854 5655/2617/5806 5654/2618/5805
f 5702/2666/5855 5656/2616/5807 5655/2617/5806
f 5703/2665/5856 5657/2615/5808 5656/2616/5807
f 5704/2664/5857 5658/2614/5809 5657/2615/5808
f 5705/2663/5858 5659/2613/5810 5658/2614/5809
f 5706/2662/5859 5660/2612/5811 5659/2613/5810
f 5707/2661/5860 5661/2611/5812 5660/2612/5811
f 5708/2660/5861 5662/2610/5813 5661/2611/5812
f 5709/2659/5862 5663/2609/5814 5662/2610/5813
f 5710/2658/5863 5664/2608/5815 5663/2609/5814
f 5711/2657/5864 5665/2607/5816 5664/2608/5815
f 5712/2656/5865 5666/2606/5817 5665/2607/5816
f 5713/2655/5866 5667/2605/5818 5666/2606/5817
f 5714/2654/5867 5668/2604/5819 5667/2605/5818
f 5715/2653/5868 5669/2603/5820 5668/2604/5819
f 5716/2652/5869 5670/2602/5821 5669/2603/5820
f 5717/2651/5870 5671/2601/5822 5670/2602/5821
f 5718/2650/5871 5672/2600/5823 5671/2601/5822
f 5719/2649/5872 5673/2599/5824 5672/2600/5823
f 5720/2648/5873 5674/2598/5825 5673/2599/5824
f 5721/2647/5874 5675/2596/5826 5674/2598/5825
f 5722/2645/5875 2646/2597/5876 5675/2596/5826
f 5723/2742/5877 2647/2741/5829 2696/2790/5878
f 5724/2740/5879 5676/2693/5828 5723/2742/5877
f 5725/2739/5880 5677/2691/5830 5724/2740/5879
f 5726/2738/5881 5678/2690/5831 5725/2739/5880
f 5727/2737/5882 5679/2689/5832 5726/2738/5881
f 5728/2736/5883 5680/2688/5833 5727/2737/5882
f 5729/2735/5884 5681/2687/5834 5728/2736/5883
f 5730/2734/5885 5682/2686/5835 5729/2735/5884
f 5731/2733/5886 5683/2685/5836 5730/2734/5885
f 5732/2732/5887 5684/2684/5837 5731/2733/5886
f 5733/2731/5888 5685/2683/5838 5732/2732/5887
f 5734/2730/5889 5686/2682/5839 5733/2731/5888
f 5735/2729/5890 5687/2681/5840 5734/2730/5889
f 5736/2728/5891 5688/2680/5841 5735/2729/5890
f 5737/2727/5892 5689/2679/5842 5736/2728/5891
f 5738/2726/5893 5690/2678/5843 5737/2727/5892
f 5739/2725/5894 5691/2677/5844 5738/2726/5893
f 5740/2724/5895 5692/2676/5845 5739/2725/5894
f 5741/2723/5896 5693/2675/5846 5740/2724/5895
f 5742/2722/5897 5694/2674/5847 5741/2723/5896
f 5743/2721/5898 5695/2673/5848 5742/2722/5897
f 5744/2720/5899 5696/2672/5849 5743/2721/5898
f 5745/2719/5900 5697/2671/5850 5744/2720/5899
f 5746/2718/5901 5698/2670/5851 5745/2719/5900
f 5746/2718/5901 5700/2668/5853 5699/2669/5852
f 5747/2717/5902 5701/2667/5854 5700/2668/5853
f 5748/2716/5903 5702/2666/5855 5701/2667/5854
f 5749/2715/5904 5703/2665/5856 5702/2666/5855
f 5750/2714/5905 5704/2664/5857 5703/2665/5856
f 5751/2713/5906 5705/2663/5858 5704/2664/5857
f 5752/2712/5907 5706/2662/5859 5705/2663/5858
f 5753/2711/5908 5707/2661/5860 5706/2662/5859
f 5754/2710/5909 5708/2660/5861 5707/2661/5860
f 5755/2709/5910 5709/2659/5862 5708/2660/5861
f 5756/2708/5911 5710/2658/5863 5709/2659/5862
f 5757/2707/5912 5711/2657/5864 5710/2658/5863
f 5758/2706/5913 5712/2656/5865 5711/2657/5864
f 5759/2705/5914 5713/2655/5866 5712/2656/5865
f 5760/2704/5915 5714/2654/5867 5713/2655/5866
f 5761/2703/5916 5715/2653/5868 5714/2654/5867
f 5762/2702/5917 5716/2652/5869 5715/2653/5868
f 5763/2701/5918 5717/2651/5870 5716/2652/5869
f 5764/2700/5919 5718/2650/5871 5717/2651/5870
f 5765/2699/5920 5719/2649/5872 5718/2650/5871
f 5766/2698/5921 5720/2648/5873 5719/2649/5872
f 5767/2697/5922 5721/2647/5874 5720/2648/5873
f 5768/2696/5923 5722/2645/5875 5721/2647/5874
f 5769/2694/5924 2695/2646/5925 5722/2645/5875
f 5770/2791/5926 2696/2790/5878 2745/2839/5927
f 5771/2789/5928 5723/2742/5877 5770/2791/5926
f 5772/2788/5929 5724/2740/5879 5771/2789/5928
f 5773/2787/5930 5725/2739/5880 5772/2788/5929
f 5774/2786/5931 5726/2738/5881 5773/2787/5930
f 5775/2785/5932 5727/2737/5882 5774/2786/5931
f 5776/2784/5933 5728/2736/5883 5775/2785/5932
f 5777/2783/5934 5729/2735/5884 5776/2784/5933
f 5778/2782/5935 5730/2734/5885 5777/2783/5934
f 5779/2781/5936 5731/2733/5886 5778/2782/5935
f 5780/2780/5937 5732/2732/5887 5779/2781/5936
f 5781/2779/5938 5733/2731/5888 5780/2780/5937
f 5782/2778/5939 5734/2730/5889 5781/2779/5938
f 5783/2777/5940 5735/2729/5890 5782/2778/5939
f 5784/2776/5941 5736/2728/5891 5783/2777/5940
f 5785/2775/5942 5737/2727/5892 5784/2776/5941
f 5786/2774/5943 5738/2726/5893 5785/2775/5942
f 5787/2773/5944 5739/2725/5894 5786/2774/5943
f 5788/2772/5945 5740/2724/5895 5787/2773/5944
f 5789/2771/5946 5741/2723/5896 5788/2772/5945
f 5790/2770/5947 5742/2722/5897 5789/2771/5946
f 5791/2769/5948 5743/2721/5898 5790/2770/5947
f 5792/2768/5949 5744/2720/5899 5791/2769/5948
f 5793/2767/5950 5745/2719/5900 5792/2768/5949
f 5793/2767/5950 5747/2717/5902 5746/2718/5901
f 5794/2766/5951 5748/2716/5903 5747/2717/5902
f 5795/2765/5952 5749/2715/5904 5748/2716/5903
f 5796/2764/5953 5750/2714/5905 5749/2715/5904
f 5797/2763/5954 5751/2713/5906 5750/2714/5905
f 5798/2762/5955 5752/2712/5907 5751/2713/5906
f 5799/2761/5956 5753/2711/5908 5752/2712/5907
f 5800/2760/5957 5754/2710/5909 5753/2711/5908
f 5801/2759/5958 5755/2709/5910 5754/2710/5909
f 5802/2758/5959 5756/2708/5911 5755/2709/5910
f 5803/2757/5960 5757/2707/5912 5756/2708/5911
f 5804/2756/5961 5758/2706/5913 5757/2707/5912
f 5805/2755/5962 5759/2705/5914 5758/2706/5913
f 5806/2754/5963 5760/2704/5915 5759/2705/5914
f 5807/2753/5964 5761/2703/5916 5760/2704/5915
f 5808/2752/5965 5762/2702/5917 5761/2703/5916
f 5809/2751/5966 5763/2701/5918 5762/2702/5917
f 5810/2750/5967 5764/2700/5919 5763/2701/5918
f 5811/2749/5968 5765/2699/5920 5764/2700/5919
f 5812/2748/5969 5766/2698/5921 5765/2699/5920
f 5813/2747/5970 5767/2697/5922 5766/2698/5921
f 5814/2746/5971 5768/2696/5923 5767/2697/5922
f 5815/2745/5972 5769/2694/5924 5768/2696/5923
f 5816/2743/5973 2744/2695/5974 5769/2694/5924
f 5817/2840/5975 2745/2839/5927 2794/2888/5976
f 5818/2838/5977 5770/2791/5926 5817/2840/5975
f 5819/2837/5978 5771/2789/5928 5818/2838/5977
f 5820/2836/5979 5772/2788/5929 5819/2837/5978
f 5821/2835/5980 5773/2787/5930 5820/2836/5979
f 5822/2834/5981 5774/2786/5931 5821/2835/5980
f 5823/2833/5982 5775/2785/5932 5822/2834/5981
f 5824/2832/5983 5776/2784/5933 5823/2833/5982
f 5825/2831/5984 5777/2783/5934 5824/2832/5983
f 5826/2830/5985 5778/2782/5935 5825/2831/5984
f 5827/2829/5986 5779/2781/5936 5826/2830/5985
f 5828/2828/5987 5780/2780/5937 5827/2829/5986
f 5829/2827/5988 5781/2779/5938 5828/2828/5987
f 5830/2826/5989 5782/2778/5939 5829/2827/5988
f 5831/2825/5990 5783/2777/5940 5830/2826/5989
f 5832/2824/5991 5784/2776/5941 5831/2825/5990
f 5833/2823/5992 5785/2775/5942 5832/2824/5991
f 5834/2822/5993 5786/2774/5943 5833/2823/5992
f 5835/2821/5994 5787/2773/5944 5834/2822/5993
f 5836/2820/5995 5788/2772/5945 5835/2821/5994
f 5837/2819/5996 5789/2771/5946 5836/2820/5995
f 5838/2818/5997 5790/2770/5947 5837/2819/5996
f 5839/2817/5998 5791/2769/5948 5838/2818/5997
f 5840/2816/5999 5792/2768/5949 5839/2817/5998
f 5840/2816/5999 5794/2766/5951 5793/2767/5950
f 5841/2815/6000 5795/2765/5952 5794/2766/5951
f 5842/2814/6001 5796/2764/5953 5795/2765/5952
f 5843/2813/6002 5797/2763/5954 5796/2764/5953
f 5844/2812/6003 5798/2762/5955 5797/2763/5954
f 5845/2811/6004 5799/2761/5956 5798/2762/5955
f 5846/2810/6005 5800/2760/5957 5799/2761/5956
f 5847/2809/6006 5801/2759/5958 5800/2760/5957
f 5848/2808/6007 5802/2758/5959 5801/2759/5958
f 5849/2807/6008 5803/2757/5960 5802/2758/5959
f 5850/2806/6009 5804/2756/5961 5803/2757/5960
f 5851/2805/6010 5805/2755/5962 5804/2756/5961
f 5852/2804/6011 5806/2754/5963 5805/2755/5962
f 5853/2803/6012 5807/2753/5964 5806/2754/5963
f 5854/2802/6013 5808/2752/5965 5807/2753/5964
f 5855/2801/6014 5809/2751/5966 5808/2752/5965
f 5856/2800/6015 5810/2750/5967 5809/2751/5966
f 5857/2799/6016 5811/2749/5968 5810/2750/5967
f 5858/2798/6017 5812/2748/5969 5811/2749/5968
f 5859/2797/6018 5813/2747/5970 5812/2748/5969
f 5860/2796/6019 5814/2746/5971 5813/2747/5970
f 5861/2795/6020 5815/2745/5972 5814/2746/5971
f 5862/2794/6021 5816/2743/5973 5815/2745/5972
f 5863/2792/6022 2793/2744/6023 5816/2743/5973
f 5864/2889/6024 2794/2888/5976 2843/2937/6025
f 5865/2887/6026 5817/2840/5975 5864/2889/6024
f 5866/2886/6027 5818/2838/5977 5865/2887/6026
f 5867/2885/6028 5819/2837/5978 5866/2886/6027
f 5868/2884/6029 5820/2836/5979 5867/2885/6028
f 5869/2883/6030 5821/2835/5980 5868/2884/6029
f 5870/2882/6031 5822/2834/5981 5869/2883/6030
f 5871/2881/6032 5823/2833/5982 5870/2882/6031
f 5872/2880/6033 5824/2832/5983 5871/2881/6032
f 5873/2879/6034 5825/2831/5984 5872/2880/6033
f 5874/2878/6035 5826/2830/5985 5873/2879/6034
f 5875/2877/6036 5827/2829/5986 5874/2878/6035
f 5876/2876/6037 5828/2828/5987 5875/2877/6036
f 5877/2875/6038 5829/2827/5988 5876/2876/6037
f 5878/2874/6039 5830/2826/5989 5877/2875/6038
f 5879/2873/6040 5831/2825/5990 5878/2874/6039
f 5880/2872/6041 5832/2824/5991 5879/2873/6040
f 5881/2871/6042 5833/2823/5992 5880/2872/6041
f 5882/2870/6043 5834/2822/5993 5881/2871/6042
f 5883/2869/6044 5835/2821/5994 5882/2870/6043
f 5884/2868/6045 5836/2820/5995 5883/2869/6044
f 5885/2867/6046 5837/2819/5996 5884/2868/6045
f 5886/2866/6047 5838/2818/5997 5885/2867/6046
f 5887/2865/6048 5839/2817/5998 5886/2866/6047
f 5887/2865/6048 5841/2815/6000 5840/2816/5999
f 5888/2864/6049 5842/2814/6001 5841/2815/6000
f 5889/2863/6050 5843/2813/6002 5842/2814/6001
f 5890/2862/6051 5844/2812/6003 5843/2813/6002
f 5891/2861/6052 5845/2811/6004 5844/2812/6003
f 5892/2860/6053 5846/2810/6005 5845/2811/6004
f 5893/2859/6054 5847/2809/6006 5846/2810/6005
f 5894/2858/6055 5848/2808/6007 5847/2809/6006
f 5895/2857/6056 5849/2807/6008 5848/2808/6007
f 5896/2856/6057 5850/2806/6009 5849/2807/6008
f 5897/2855/6058 5851/2805/6010 5850/2806/6009
f 5898/2854/6059 5852/2804/6011 5851/2805/6010
f 5899/2853/6060 5853/2803/6012 5852/2804/6011
f 5900/2852/6061 5854/2802/6013 5853/2803/6012
f 5901/2851/6062 5855/2801/6014 5854/2802/6013
f 5902/2850/6063 5856/2800/6015 5855/2801/6014
f 5903/2849/6064 5857/2799/6016 5856/2800/6015
f 5904/2848/6065 5858/2798/6017 5857/2799/6016
f 5905/2847/6066 5859/2797/6018 5858/2798/6017
f 5906/2846/6067 5860/2796/6019 5859/2797/6018
f 5907/2845/6068 5861/2795/6020 5860/2796/6019
f 5908/2844/6069 5862/2794/6021 5861/2795/6020
f 5909/2843/6070 5863/2792/6022 5862/2794/6021
f 5910/2841/6071 2842/2793/6072 5863/2792/6022
f 5911/2938/6073 2843/2937/6025 2892/2986/6074
f 5912/2936/6075 5864/2889/6024 5911/2938/6073
f 5913/2935/6076 5865/2887/6026 5912/2936/6075
f 5914/2934/6077 5866/2886/6027 5913/2935/6076
f 5915/2933/6078 5867/2885/6028 5914/2934/6077
f 5916/2932/6079 5868/2884/6029 5915/2933/6078
f 5917/2931/6080 5869/2883/6030 5916/2932/6079
f 5918/2930/6081 5870/2882/6031 5917/2931/6080
f 5919/2929/6082 5871/2881/6032 5918/2930/6081
f 5920/2928/6083 5872/2880/6033 5919/2929/6082
f 5921/2927/6084 5873/2879/6034 5920/2928/6083
f 5922/2926/6085 5874/2878/6035 5921/2927/6084
f 5923/2925/6086 5875/2877/6036 5922/2926/6085
f 5924/2924/6087 5876/2876/6037 5923/2925/6086
f 5925/2923/6088 5877/2875/6038 5924/2924/6087
f 5926/2922/6089 5878/2874/6039 5925/2923/6088
f 5927/2921/6090 5879/2873/6040 5926/2922/6089
f 5928/2920/6091 5880/2872/6041 5927/2921/6090
f 5929/2919/6092 5881/2871/6042 5928/2920/6091
f 5930/2918/6093 5882/2870/6043 5929/2919/6092
f 5931/2917/6094 5883/2869/6044 5930/2918/6093
f 5932/2916/6095 5884/2868/6045 5931/2917/6094
f 5933/2915/6096 5885/2867/6046 5932/2916/6095
f 5934/2914/6097 5886/2866/6047 5933/2915/6096
f 5934/2914/6097 5888/2864/6049 5887/2865/6048
f 5935/2913/6098 5889/2863/6050 5888/2864/6049
f 5936/2912/6099 5890/2862/6051 5889/2863/6050
f 5937/2911/6100 5891/2861/6052 5890/2862/6051
f 5938/2910/6101 5892/2860/6053 5891/2861/6052
f 5939/2909/6102 5893/2859/6054 5892/2860/6053
f 5940/2908/6103 5894/2858/6055 5893/2859/6054
f 5941/2907/6104 5895/2857/6056 5894/2858/6055
f 5942/2906/6105 5896/2856/6057 5895/2857/6056
f 5943/2905/6106 5897/2855/6058 5896/2856/6057
f 5944/2904/6107 5898/2854/6059 5897/2855/6058
f 5945/2903/6108 5899/2853/6060 5898/2854/6059
f 5946/2902/6109 5900/2852/6061 5899/2853/6060
f 5947/2901/6110 5901/2851/6062 5900/2852/6061
f 5948/2900/6111 5902/2850/6063 5901/2851/6062
f 5949/2899/6112 5903/2849/6064 5902/2850/6063
f 5950/2898/6113 5904/2848/6065 5903/2849/6064
f 5951/2897/6114 5905/2847/6066 5904/2848/6065
f 5952/2896/6115 5906/2846/6067 5905/2847/6066
f 5953/2895/6116 5907/2845/6068 5906/2846/6067
f 5954/2894/6117 5908/2844/6069 5907/2845/6068
f 5955/2893/6118 5909/2843/6070 5908/2844/6069
f 5956/2892/6119 5910/2841/6071 5909/2843/6070
f 5957/2890/6120 2891/2842/6121 5910/2841/6071
f 5958/2987/6122 2892/2986/6074 2941/3035/6123
f 5959/2985/6124 5911/2938/6073 5958/2987/6122
f 5960/2984/6125 5912/2936/6075 5959/2985/6124
f 5961/2983/6126 5913/2935/6076 5960/2984/6125
f 5962/2982/6127 5914/2934/6077 5961/2983/6126
f 5963/2981/6128 5915/2933/6078 5962/2982/6127
f 5964/2980/6129 5916/2932/6079 5963/2981/6128
f 5965/2979/6130 5917/2931/6080 5964/2980/6129
f 5966/2978/6131 5918/2930/6081 5965/2979/6130
f 5967/2977/6132 5919/2929/6082 5966/2978/6131
f 5968/2976/6133 5920/2928/6083 5967/2977/6132
f 5969/2975/6134 5921/2927/6084 5968/2976/6133
f 5970/2974/6135 5922/2926/6085 5969/2975/6134
f 5971/2973/6136 5923/2925/6086 5970/2974/6135
f 5972/2972/6137 5924/2924/6087 5971/2973/6136
f 5973/2971/6138 5925/2923/6088 5972/2972/6137
f 5974/2970/6139 5926/2922/6089 5973/2971/6138
f 5975/2969/6140 5927/2921/6090 5974/2970/6139
f 5976/2968/6141 5928/2920/6091 5975/2969/6140
f 5977/2967/6142 5929/2919/6092 5976/2968/6141
f 5978/2966/6143 5930/2918/6093 5977/2967/6142
f 5979/2965/6144 5931/2917/6094 5978/2966/6143
f 5980/2964/6145 5932/2916/6095 5979/2965/6144
f 5981/2963/6146 5933/2915/6096 5980/2964/6145
f 5981/2963/6146 5935/2913/6098 5934/2914/6097
f 5982/2962/6147 5936/2912/6099 5935/2913/6098
f 5983/2961/6148 5937/2911/6100 5936/2912/6099
f 5984/2960/6149 5938/2910/6101 5937/2911/6100
f 5985/2959/6150 5939/2909/6102 5938/2910/6101
f 5986/2958/6151 5940/2908/6103 5939/2909/6102
f 5987/2957/6152 5941/2907/6104 5940/2908/6103
f 5988/2956/6153 5942/2906/6105 5941/2907/6104
f 5989/2955/6154 5943/2905/6106 5942/2906/6105
f 5990/2954/6155 5944/2904/6107 5943/2905/6106
f 5991/2953/6156 5945/2903/6108 5944/2904/6107
f 5992/2952/6157 5946/2902/6109 5945/2903/6108
f 5993/2951/6158 5947/2901/6110 5946/2902/6109
f 5994/2950/6159 5948/2900/6111 5947/2901/6110
f 5995/2949/6160 5949/2899/6112 5948/2900/6111
f 5996/2948/6161 5950/2898/6113 5949/2899/6112
f 5997/2947/6162 5951/2897/6114 5950/2898/6113
f 5998/2946/6163 5952/2896/6115 5951/2897/6114
f 5999/2945/6164 5953/2895/6116 5952/2896/6115
f 6000/2944/6165 5954/2894/6117 5953/2895/6116
f 6001/2943/6166 5955/2893/6118 5954/2894/6117
f 6002/2942/6167 5956/2892/6119 5955/2893/6118
f 6003/2941/6168 5957/2890/6120 5956/2892/6119
f 6004/2939/6169 2940/2891/6170 5957/2890/6120
f 6005/3036/6171 2941/3035/6123 2990/3084/6172
f 6006/3034/6173 5958/2987/6122 6005/3036/6171
f 6007/3033/6174 5959/2985/6124 6006/3034/6173
f 6008/3032/6175 5960/2984/6125 6007/3033/6174
f 6009/3031/6176 5961/2983/6126 6008/3032/6175
f 6010/3030/6177 5962/2982/6127 6009/3031/6176
f 6011/3029/6178 5963/2981/6128 6010/3030/6177
f 6012/3028/6179 5964/2980/6129 6011/3029/6178
f 6013/3027/6180 5965/2979/6130 6012/3028/6179
f 6014/3026/6181 5966/2978/6131 6013/3027/6180
f 6015/3025/6182 5967/2977/6132 6014/3026/6181
f 6016/3024/6183 5968/2976/6133 6015/3025/6182
f 6017/3023/6184 5969/2975/6134 6016/3024/6183
f 6018/3022/6185 5970/2974/6135 6017/3023/6184
f 6019/3021/6186 5971/2973/6136 6018/3022/6185
f 6020/3020/6187 5972/2972/6137 6019/3021/6186
f 6021/3019/6188 5973/2971/6138 6020/3020/6187
f 6022/3018/6189 5974/2970/6139 6021/3019/6188
f 6023/3017/6190 5975/2969/6140 6022/3018/6189
f 6024/3016/6191 5976/2968/6141 6023/3017/6190
f 6025/3015/6192 5977/2967/6142 6024/3016/6191
f 6026/3014/6193 5978/2966/6143 6025/3015/6192
f 6027/3013/6194 5979/2965/6144 6026/3014/6193
f 6028/3012/6195 5980/2964/6145 6027/3013/6194
f 6028/3012/6195 5982/2962/6147 5981/2963/6146
f 6029/3011/6196 5983/2961/6148 5982/2962/6147
f 6030/3010/6197 5984/2960/6149 5983/2961/6148
f 6031/3009/6198 5985/2959/6150 5984/2960/6149
f 6032/3008/6199 5986/2958/6151 5985/2959/6150
f 6033/3007/6200 5987/2957/6152 5986/2958/6151
f 6034/3006/6201 5988/2956/6153 5987/2957/6152
f 6035/3005/6202 5989/2955/6154 5988/2956/6153
f 6036/3004/6203 5990/2954/6155 5989/2955/6154
f 6037/3003/6204 5991/2953/6156 5990/2954/6155
f 6038/3002/6205 5992/2952/6157 5991/2953/6156
f 6039/3001/6206 5993/2951/6158 5992/2952/6157
f 6040/3000/6207 5994/2950/6159 5993/2951/6158
f 6041/2999/6208 5995/2949/6160 5994/2950/6159
f 6042/2998/6209 5996/2948/6161 5995/2949/6160
f 6043/2997/6210 5997/2947/6162 5996/2948/6161
f 6044/2996/6211 5998/2946/6163 5997/2947/6162
f 6045/2995/6212 5999/2945/6164 5998/2946/6163
f 6046/2994/6213 6000/2944/6165 5999/2945/6164
f 6047/2993/6214 6001/2943/6166 6000/2944/6165
f 6048/2992/6215 6002/2942/6167 6001/2943/6166
f 6049/2991/6216 6003/2941/6168 6002/2942/6167
f 6050/2990/6217 6004/2939/6169 6003/2941/6168
f 6051/2988/6218 2989/2940/6219 6004/2939/6169
f 6052/3085/6220 2990/3084/6172 3039/3133/6221
f 6053/3083/6222 6005/3036/6171 6052/3085/6220
f 6054/3082/6223 6006/3034/6173 6053/3083/6222
f 6055/3081/6224 6007/3033/6174 6054/3082/6223
f 6056/3080/6225 6008/3032/6175 6055/3081/6224
f 6057/3079/6226 6009/3031/6176 6056/3080/6225
f 6058/3078/6227 6010/3030/6177 6057/3079/6226
f 6059/3077/6228 6011/3029/6178 6058/3078/6227
f 6060/3076/6229 6012/3028/6179 6059/3077/6228
f 6061/3075/6230 6013/3027/6180 6060/3076/6229
f 6062/3074/6231 6014/3026/6181 6061/3075/6230
f 6063/3073/6232 6015/3025/6182 6062/3074/6231
f 6064/3072/6233 6016/3024/6183 6063/3073/6232
f 6065/3071/6234 6017/3023/6184 6064/3072/6233
f 6066/3070/6235 6018/3022/6185 6065/3071/6234
f 6067/3069/6236 6019/3021/6186 6066/3070/6235
f 6068/3068/6237 6020/3020/6187 6067/3069/6236
f 6069/3067/6238 6021/3019/6188 6068/3068/6237
f 6070/3066/6239 6022/3018/6189 6069/3067/6238
f 6071/3065/6240 6023/3017/6190 6070/3066/6239
f 6072/3064/6241 6024/3016/6191 6071/3065/6240
f 6073/3063/6242 6025/3015/6192 6072/3064/6241
f 6074/3062/6243 6026/3014/6193 6073/3063/6242
f 6075/3061/6244 6027/3013/6194 6074/3062/6243
f 6075/3061/6244 6029/3011/6196 6028/3012/6195
f 6076/3060/6245 6030/3010/6197 6029/3011/6196
f 6077/3059/6246 6031/3009/6198 6030/3010/6197
f 6078/3058/6247 6032/3008/6199 6031/3009/6198
f 6079/3057/6248 6033/3007/6200 6032/3008/6199
f 6080/3056/6249 6034/3006/6201 6033/3007/6200
f 6081/3055/6250 6035/3005/6202 6034/3006/6201
f 6082/3054/6251 6036/3004/6203 6035/3005/6202
f 6083/3053/6252 6037/3003/6204 6036/3004/6203
f 6084/3052/6253 6038/3002/6205 6037/3003/6204
f 6085/3051/6254 6039/3001/6206 6038/3002/6205
f 6086/3050/6255 6040/3000/6207 6039/3001/6206
f 6087/3049/6256 6041/2999/6208 6040/3000/6207
f 6088/3048/6257 6042/2998/6209 6041/2999/6208
f 6089/3047/6258 6043/2997/6210 6042/2998/6209
f 6090/3046/6259 6044/2996/6211 6043/2997/6210
f 6091/3045/6260 6045/2995/6212 6044/2996/6211
f 6092/3044/6261 6046/2994/6213 6045/2995/6212
f 6093/3043/6262 6047/2993/6214 6046/2994/6213
f 6094/3042/6263 6048/2992/6215 6047/2993/6214
f 6095/3041/6264 6049/2991/6216 6048/2992/6215
f 6096/3040/6265 6050/2990/6217 6049/2991/6216
f 6097/3039/6266 6051/2988/6218 6050/2990/6217
f 6098/3037/6267 3038/2989/6268 6051/2988/6218
f 6099/3134/6269 3039/3133/6221 3088/3182/6270
f 6100/3132/6271 6052/3085/6220 6099/3134/6269
f 6101/3131/6272 6053/3083/6222 6100/3132/6271
f 6102/3130/6273 6054/3082/6223 6101/3131/6272
f 6103/3129/6274 6055/3081/6224 6102/3130/6273
f 6104/3128/6275 6056/3080/6225 6103/3129/6274
f 6105/3127/6276 6057/3079/6226 6104/3128/6275
f 6106/3126/6277 6058/3078/6227 6105/3127/6276
f 6107/3125/6278 6059/3077/6228 6106/3126/6277
f 6108/3124/6279 6060/3076/6229 6107/3125/6278
f 6109/3123/6280 6061/3075/6230 6108/3124/6279
f 6110/3122/6281 6062/3074/6231 6109/3123/6280
f 6111/3121/6282 6063/3073/6232 6110/3122/6281
f 6112/3120/6283 6064/3072/6233 6111/3121/6282
f 6113/3119/6284 6065/3071/6234 6112/3120/6283
f 6114/3118/6285 6066/3070/6235 6113/3119/6284
f 6115/3117/6286 6067/3069/6236 6114/3118/6285
f 6116/3116/6287 6068/3068/6237 6115/3117/6286
f 6117/3115/6288 6069/3067/6238 6116/3116/6287
f 6118/3114/6289 6070/3066/6239 6117/3115/6288
f 6119/3113/6290 6071/3065/6240 6118/3114/6289
f 6120/3112/6291 6072/3064/6241 6119/3113/6290
f 6121/3111/6292 6073/3063/6242 6120/3112/6291
f 6122/3110/6293 6074/3062/6243 6121/3111/6292
f 6122/3110/6293 6076/3060/6245 6075/3061/6244
f 6123/3109/6294 6077/3059/6246 6076/3060/6245
f 6124/3108/6295 6078/3058/6247 6077/3059/6246
f 6125/3107/6296 6079/3057/6248 6078/3058/6247
f 6126/3106/6297 6080/3056/6249 6079/3057/6248
f 6127/3105/6298 6081/3055/6250 6080/3056/6249
f 6128/3104/6299 6082/3054/6251 6081/3055/6250
f 6129/3103/6300 6083/3053/6252 6082/3054/6251
f 6130/3102/6301 6084/3052/6253 6083/3053/6252
f 6131/3101/6302 6085/3051/6254 6084/3052/6253
f 6132/3100/6303 6086/3050/6255 6085/3051/6254
f 6133/3099/6304 6087/3049/6256 6086/3050/6255
f 6134/3098/6305 6088/3048/6257 6087/3049/6256
f 6135/3097/6306 6089/3047/6258 6088/3048/6257
f 6136/3096/6307 6090/3046/6259 6089/3047/6258
f 6137/3095/6308 6091/3045/6260 6090/3046/6259
f 6138/3094/6309 6092/3044/6261 6091/3045/6260
f 6139/3093/6310 6093/3043/6262 6092/3044/6261
f 6140/3092/6311 6094/3042/6263 6093/3043/6262
f 6141/3091/6312 6095/3041/6264 6094/3042/6263
f 6142/3090/6313 6096/3040/6265 6095/3041/6264
f 6143/3089/6314 6097/3039/6266 6096/3040/6265
f 6144/3088/6315 6098/3037/6267 6097/3039/6266
f 6145/3086/6316 3087/3038/6317 6098/3037/6267
f 3139/3181/6318 6099/3134/6269 3138/3183/6319
f 3140/3180/6320 6100/3132/6271 3139/3181/6318
f 3141/3179/6321 6101/3131/6272 3140/3180/6320
f 3142/3178/6322 6102/3130/6273 3141/3179/6321
f 3143/3177/6323 6103/3129/6274 3142/3178/6322
f 3144/3176/6324 6104/3128/6275 3143/3177/6323
f 3145/3175/6325 6105/3127/6276 3144/3176/6324
f 3146/3174/6326 6106/3126/6277 3145/3175/6325
f 3147/3173/6327 6107/3125/6278 3146/3174/6326
f 3148/3172/6328 6108/3124/6279 3147/3173/6327
f 3149/3171/6329 6109/3123/6280 3148/3172/6328
f 3150/3170/6330 6110/3122/6281 3149/3171/6329
f 3151/3169/6331 6111/3121/6282 3150/3170/6330
f 3152/3168/6332 6112/3120/6283 3151/3169/6331
f 3153/3167/6333 6113/3119/6284 3152/3168/6332
f 3154/3166/6334 6114/3118/6285 3153/3167/6333
f 3155/3165/6335 6115/3117/6286 3154/3166/6334
f 3156/3164/6336 6116/3116/6287 3155/3165/6335
f 3157/3163/6337 6117/3115/6288 3156/3164/6336
f 3158/3162/6338 6118/3114/6289 3157/3163/6337
f 3159/3161/6339 6119/3113/6290 3158/3162/6338
f 3160/3160/6340 6120/3112/6291 3159/3161/6339
f 6146/3159/6341 6121/3111/6292 3160/3160/6340
f 6146/3159/6341 6123/3109/6294 6122/3110/6293
f 3161/3158/6342 6124/3108/6295 6123/3109/6294
f 3162/3157/6343 6125/3107/6296 6124/3108/6295
f 3163/3156/6344 6126/3106/6297 6125/3107/6296
f 3164/3155/6345 6127/3105/6298 6126/3106/6297
f 3165/3154/6346 6128/3104/6299 6127/3105/6298
f 3166/3153/6347 6129/3103/6300 6128/3104/6299
f 3167/3152/6348 6130/3102/6301 6129/3103/6300
f 3168/3151/6349 6131/3101/6302 6130/3102/6301
f 3169/3150/6350 6132/3100/6303 6131/3101/6302
f 3170/3149/6351 6133/3099/6304 6132/3100/6303
f 3171/3148/6352 6134/3098/6305 6133/3099/6304
f 3172/3147/6353 6135/3097/6306 6134/3098/6305
f 3173/3146/6354 6136/3096/6307 6135/3097/6306
f 3174/3145/6355 6137/3095/6308 6136/3096/6307
f 3175/3144/6356 6138/3094/6309 6137/3095/6308
f 3176/3143/6357 6139/3093/6310 6138/3094/6309
f 3177/3142/6358 6140/3092/6311 6139/3093/6310
f 3178/3141/6359 6141/3091/6312 6140/3092/6311
f 3179/3140/6360 6142/3090/6313 6141/3091/6312
f 3180/3139/6361 6143/3089/6314 6142/3090/6313
f 3181/3138/6362 6144/3088/6315 6143/3089/6314
f 3182/3137/6363 6145/3086/6316 6144/3088/6315
f 3183/3135/6364 3136/3087/6365 6145/3086/6316
f 6178/3186/3135 6180/3187/3135 6179/3188/3135
f 6178/3186/3135 6181/3189/3135 6180/3187/3135
f 6177/3190/3135 6181/3189/3135 6178/3186/3135
f 6177/3190/3135 6182/3191/3135 6181/3189/3135
f 6176/3192/3135 6182/3191/3135 6177/3190/3135
f 6176/3192/3135 6183/3193/3135 6182/3191/3135
f 6175/3194/3135 6183/3193/3135 6176/3192/3135
f 6175/3194/3135 6184/3195/3135 6183/3193/3135
f 6174/3196/3135 6184/3195/3135 6175/3194/3135
f 6174/3196/3135 6185/3197/3135 6184/3195/3135
f 6173/3198/3135 6185/3197/3135 6174/3196/3135
f 6173/3198/3135 6186/3199/3135 6185/3197/3135
f 6172/3200/3135 6186/3199/3135 6173/3198/3135
f 6172/3200/3135 6187/3201/3135 6186/3199/3135
f 6171/3202/3135 6187/3201/3135 6172/3200/3135
f 6171/3202/3135 6188/3203/3135 6187/3201/3135
f 6170/3204/3135 6188/3203/3135 6171/3202/3135
f 6170/3204/3135 6189/3205/3135 6188/3203/3135
f 6169/3206/3135 6189/3205/3135 6170/3204/3135
f 6169/3206/3135 6190/3207/3135 6189/3205/3135
f 6168/3208/3135 6204/3209/3135 6169/3206/3135
f 6204/3209/3135 6203/3210/3135 6169/3206/3135
f 6203/3210/3135 6202/3211/3135 6169/3206/3135
f 6202/3211/3135 6190/3207/3135 6169/3206/3135
f 6202/3211/3135 6201/3212/3135 6190/3207/3135
f 6201/3212/3135 6200/3213/3135 6190/3207/3135
f 6200/3213/3135 6199/3214/3135 6190/3207/3135
f 6199/3214/3135 6147/3215/3135 6190/3207/3135
f 6168/3208/3135 6205/3216/3135 6204/3209/3135
f 6198/3217/3135 6147/3215/3135 6199/3214/3135
f 6168/3208/3135 6206/3218/3135 6205/3216/3135
f 6197/3219/3135 6147/3215/3135 6198/3217/3135
f 6168/3208/3135 6207/3220/3135 6206/3218/3135
f 6196/3221/3135 6147/3215/3135 6197/3219/3135
f 6168/3208/3135 6208/3222/3135 6207/3220/3135
f 6195/3223/3135 6147/3215/3135 6196/3221/3135
f 6168/3208/3135 6209/3224/3135 6208/3222/3135
f 6194/3225/3135 6147/3215/3135 6195/3223/3135
f 6168/3208/3135 6210/3226/3135 6209/3224/3135
f 6193/3227/3135 6147/3215/3135 6194/3225/3135
f 6168/3208/3135 6211/3228/3135 6210/3226/3135
f 6192/3229/3135 6147/3215/3135 6193/3227/3135
f 6168/3208/3135 6212/3230/3135 6211/3228/3135
f 6191/3231/3135 6147/3215/3135 6192/3229/3135
f 6168/3208/3135 6213/3232/3135 6212/3230/3135
f 6232/3233/3135 6147/3215/3135 6191/3231/3135
f 6168/3208/3135 6214/3234/3135 6213/3232/3135
f 6231/3235/3135 6147/3215/3135 6232/3233/3135
f 6168/3208/3135 6215/3236/3135 6214/3234/3135
f 6230/3237/3135 6147/3215/3135 6231/3235/3135
f 6168/3208/3135 6216/3238/3135 6215/3236/3135
f 6229/3239/3135 6147/3215/3135 6230/3237/3135
f 6168/3208/3135 6217/3240/3135 6216/3238/3135
f 6228/3241/3135 6147/3215/3135 6229/3239/3135
f 6168/3208/3135 6218/3242/3135 6217/3240/3135
f 6227/3243/3135 6147/3215/3135 6228/3241/3135
f 6168/3208/3135 6219/3244/3135 6218/3242/3135
f 6226/3245/3135 6147/3215/3135 6227/3243/3135
f 6168/3208/3135 6220/3246/3135 6219/3244/3135
f 6225/3247/3135 6147/3215/3135 6226/3245/3135
f 6168/3208/3135 6221/3248/3135 6220/3246/3135
f 6224/3249/3135 6147/3215/3135 6225/3247/3135
f 6168/3208/3135 6222/3250/3135 6221/3248/3135
f 6223/3251/3135 6147/3215/3135 6224/3249/3135
f 6168/3208/3135 6223/3251/3135 6222/3250/3135
f 6168/3208/3135 6147/3215/3135 6223/3251/3135
f 6167/3252/3135 6147/3215/3135 6168/3208/3135
f 6167/3252/3135 6148/3253/3135 6147/3215/3135
f 6166/3254/3135 6148/3253/3135 6167/3252/3135
f 6166/3254/3135 6149/3255/3135 6148/3253/3135
f 6165/3256/3135 6149/3255/3135 6166/3254/3135
f 6165/3256/3135 6150/3257/3135 6149/3255/3135
f 6164/3258/3135 6150/3257/3135 6165/3256/3135
f 6164/3258/3135 6151/3259/3135 6150/3257/3135
f 6163/3260/3135 6151/3259/3135 6164/3258/3135
f 6163/3260/3135 6152/3261/3135 6151/3259/3135
f 6162/3262/3135 6152/3261/3135 6163/3260/3135
f 6162/3262/3135 6153/3263/3135 6152/3261/3135
f 6161/3264/3135 6153/3263/3135 6162/3262/3135
f 6161/3264/3135 6154/3265/3135 6153/3263/3135
f 6160/3266/3135 6154/3265/3135 6161/3264/3135
f 6160/3266/3135 6155/3267/3135 6154/3265/3135
f 6159/3268/3135 6155/3267/3135 6160/3266/3135
f 6159/3268/3135 6156/3269/3135 6155/3267/3135
f 6158/3270/3135 6156/3269/3135 6159/3268/3135
f 6158/3270/3135 6157/3271/3135 6156/3269/3135
f 6264/3189/6366 6265/3187/6366 6266/3188/6366
f 6264/3189/6366 6266/3188/6366 6267/3186/6366
f 6263/3191/6366 6264/3189/6366 6267/3186/6366
f 6263/3191/6366 6267/3186/6366 6268/3190/6366
f 6262/3193/6366 6263/3191/6366 6268/3190/6366
f 6262/3193/6366 6268/3190/6366 6269/3192/6366
f 6261/3195/6366 6262/3193/6366 6269/3192/6366
f 6261/3195/6366 6269/3192/6366 6270/3194/6366
f 6260/3197/6366 6261/3195/6366 6270/3194/6366
f 6260/3197/6366 6270/3194/6366 6271/3196/6366
f 6259/3199/6366 6260/3197/6366 6271/3196/6366
f 6259/3199/6366 6271/3196/6366 6272/3198/6366
f 6258/3201/6366 6259/3199/6366 6272/3198/6366
f 6258/3201/6366 6272/3198/6366 6273/3200/6366
f 6257/3203/6366 6258/3201/6366 6273/3200/6366
f 6257/3203/6366 6273/3200/6366 6274/3202/6366
f 6256/3205/6366 6257/3203/6366 6274/3202/6366
f 6256/3205/6366 6274/3202/6366 6275/3204/6366
f 6255/3207/6366 6256/3205/6366 6275/3204/6366
f 6255/3207/6366 6275/3204/6366 6276/3206/6366
f 6254/3215/6366 6255/3207/6366 6290/3214/6366
f 6290/3214/6366 6255/3207/6366 6289/3213/6366
f 6289/3213/6366 6255/3207/6366 6288/3212/6366
f 6288/3212/6366 6255/3207/6366 6276/3206/6366
f 6288/3212/6366 6276/3206/6366 6287/3211/6366
f 6287/3211/6366 6276/3206/6366 6286/3210/6366
f 6286/3210/6366 6276/3206/6366 6285/3209/6366
f 6285/3209/6366 6276/3206/6366 6233/3208/6366
f 6254/3215/6366 6290/3214/6366 6291/3217/6366
f 6284/3216/6366 6285/3209/6366 6233/3208/6366
f 6254/3215/6366 6291/3217/6366 6292/3219/6366
f 6283/3218/6366 6284/3216/6366 6233/3208/6366
f 6254/3215/6366 6292/3219/6366 6293/3221/6366
f 6282/3220/6366 6283/3218/6366 6233/3208/6366
f 6254/3215/6366 6293/3221/6366 6294/3223/6366
f 6281/3222/6366 6282/3220/6366 6233/3208/6366
f 6254/3215/6366 6294/3223/6366 6295/3225/6366
f 6280/3224/6366 6281/3222/6366 6233/3208/6366
f 6254/3215/6366 6295/3225/6366 6296/3227/6366
f 6279/3226/6366 6280/3224/6366 6233/3208/6366
f 6254/3215/6366 6296/3227/6366 6297/3229/6366
f 6278/3228/6366 6279/3226/6366 6233/3208/6366
f 6254/3215/6366 6297/3229/6366 6298/3231/6366
f 6277/3230/6366 6278/3228/6366 6233/3208/6366
f 6254/3215/6366 6298/3231/6366 6299/3233/6366
f 6318/3232/6366 6277/3230/6366 6233/3208/6366
f 6254/3215/6366 6299/3233/6366 6300/3235/6366
f 6317/3234/6366 6318/3232/6366 6233/3208/6366
f 6254/3215/6366 6300/3235/6366 6301/3237/6366
f 6316/3236/6366 6317/3234/6366 6233/3208/6366
f 6254/3215/6366 6301/3237/6366 6302/3239/6366
f 6315/3238/6366 6316/3236/6366 6233/3208/6366
f 6254/3215/6366 6302/3239/6366 6303/3241/6366
f 6314/3240/6366 6315/3238/6366 6233/3208/6366
f 6254/3215/6366 6303/3241/6366 6304/3243/6366
f 6313/3242/6366 6314/3240/6366 6233/3208/6366
f 6254/3215/6366 6304/3243/6366 6305/3245/6366
f 6312/3244/6366 6313/3242/6366 6233/3208/6366
f 6254/3215/6366 6305/3245/6366 6306/3247/6366
f 6311/3246/6366 6312/3244/6366 6233/3208/6366
f 6254/3215/6366 6306/3247/6366 6307/3249/6366
f 6310/3248/6366 6311/3246/6366 6233/3208/6366
f 6254/3215/6366 6307/3249/6366 6308/3251/6366
f 6309/3250/6366 6310/3248/6366 6233/3208/6366
f 6254/3215/6366 6308/3251/6366 6309/3250/6366
f 6254/3215/6366 6309/3250/6366 6233/3208/6366
f 6253/3253/6366 6254/3215/6366 6233/3208/6366
f 6253/3253/6366 6233/3208/6366 6234/3252/6366
f 6252/3255/6366 6253/3253/6366 6234/3252/6366
f 6252/3255/6366 6234/3252/6366 6235/3254/6366
f 6251/3257/6366 6252/3255/6366 6235/3254/6366
f 6251/3257/6366 6235/3254/6366 6236/3256/6366
f 6250/3259/6366 6251/3257/6366 6236/3256/6366
f 6250/3259/6366 6236/3256/6366 6237/3258/6366
f 6249/3261/6366 6250/3259/6366 6237/3258/6366
f 6249/3261/6366 6237/3258/6366 6238/3260/6366
f 6248/3263/6366 6249/3261/6366 6238/3260/6366
f 6248/3263/6366 6238/3260/6366 6239/3262/6366
f 6247/3265/6366 6248/3263/6366 6239/3262/6366
f 6247/3265/6366 6239/3262/6366 6240/3264/6366
f 6246/3267/6366 6247/3265/6366 6240/3264/6366
f 6246/3267/6366 6240/3264/6366 6241/3266/6366
f 6245/3269/6366 6246/3267/6366 6241/3266/6366
f 6245/3269/6366 6241/3266/6366 6242/3268/6366
f 6244/3271/6366 6245/3269/6366 6242/3268/6366
f 6244/3271/6366 6242/3268/6366 6243/3270/6366
f 6322/3253/6367 6319/3215/6368 6320/3215/6368
f 6324/3255/6369 6321/3253/6367 6322/3253/6367
f 6326/3257/6370 6323/3255/6369 6324/3255/6369
f 6328/3259/6371 6325/3257/6370 6326/3257/6370
f 6330/3261/6372 6327/3259/6371 6328/3259/6371
f 6332/3263/6373 6329/3261/6372 6330/3261/6372
f 6334/3265/6374 6331/3263/6373 6332/3263/6373
f 6336/3267/6375 6333/3265/6374 6334/3265/6374
f 6338/3269/6376 6335/3267/6375 6336/3267/6375
f 6340/3271/6377 6337/3269/6376 6338/3269/6376
f 6342/3270/6378 6339/3271/6377 6340/3271/6377
f 6344/3268/6379 6341/3270/6378 6342/3270/6378
f 6346/3266/6380 6343/3268/6379 6344/3268/6379
f 6348/3264/6381 6345/3266/6380 6346/3266/6380
f 6350/3262/6382 6347/3264/6381 6348/3264/6381
f 6352/3260/6383 6349/3262/6382 6350/3262/6382
f 6354/3258/6384 6351/3260/6383 6352/3260/6383
f 6356/3256/6385 6353/3258/6384 6354/3258/6384
f 6358/3254/6386 6355/3256/6385 6356/3256/6385
f 6360/3252/6387 6357/3254/6386 6358/3254/6386
f 6362/3208/6388 6359/3252/6387 6360/3252/6387
f 6364/3206/6389 6361/3208/6388 6362/3208/6388
f 6366/3204/6390 6363/3206/6389 6364/3206/6389
f 6368/3202/6391 6365/3204/6390 6366/3204/6390
f 6370/3200/6392 6367/3202/6391 6368/3202/6391
f 6372/3198/6393 6369/3200/6392 6370/3200/6392
f 6374/3196/6394 6371/3198/6393 6372/3198/6393
f 6376/3194/6395 6373/3196/6394 6374/3196/6394
f 6378/3192/6396 6375/3194/6395 6376/3194/6395
f 6380/3190/6397 6377/3192/6396 6378/3192/6396
f 6382/3186/6398 6379/3190/6397 6380/3190/6397
f 6384/3188/6399 6381/3186/6398 6382/3186/6398
f 6386/3187/6400 6383/3188/6399 6384/3188/6399
f 6388/3189/6401 6385/3187/6400 6386/3187/6400
f 6390/3191/6402 6387/3189/6401 6388/3189/6401
f 6392/3193/6403 6389/3191/6402 6390/3191/6402
f 6394/3195/6404 6391/3193/6403 6392/3193/6403
f 6396/3197/6405 6393/3195/6404 6394/3195/6404
f 6398/3199/6406 6395/3197/6405 6396/3197/6405
f 6400/3201/6407 6397/3199/6406 6398/3199/6406
f 6402/3203/6408 6399/3201/6407 6400/3201/6407
f 6404/3205/6409 6401/3203/6408 6402/3203/6408
f 6406/3207/6410 6403/3205/6409 6404/3205/6409
f 6406/3207/6410 6319/3215/6368 6405/3207/6410
f 6410/3229/6387 6407/3231/6411 6408/3231/6411
f 6412/3227/6386 6409/3229/6387 6410/3229/6387
f 6412/3227/6386 6413/3225/6385 6411/3227/6386
f 6416/3223/6384 6413/3225/6385 6414/3225/6385
f 6418/3221/6383 6415/3223/6384 6416/3223/6384
f 6420/3219/6382 6417/3221/6383 6418/3221/6383
f 6422/3217/6381 6419/3219/6382 6420/3219/6382
f 6424/3214/6412 6421/3217/6381 6422/3217/6381
f 6426/3213/6379 6423/3214/6412 6424/3214/6412
f 6428/3212/6413 6425/3213/6379 6426/3213/6379
f 6430/3211/6414 6427/3212/6413 6428/3212/6413
f 6432/3210/6376 6429/3211/6414 6430/3211/6414
f 6434/3209/6415 6431/3210/6376 6432/3210/6376
f 6436/3216/6374 6433/3209/6415 6434/3209/6415
f 6438/3218/6373 6435/3216/6374 6436/3216/6374
f 6440/3220/6372 6437/3218/6373 6438/3218/6373
f 6442/3222/6371 6439/3220/6372 6440/3220/6372
f 6444/3224/6370 6441/3222/6371 6442/3222/6371
f 6446/3226/6369 6443/3224/6370 6444/3224/6370
f 6448/3228/6367 6445/3226/6369 6446/3226/6369
f 6450/3230/6416 6447/3228/6367 6448/3228/6367
f 6452/3232/6409 6449/3230/6416 6450/3230/6416
f 6454/3234/6408 6451/3232/6409 6452/3232/6409
f 6456/3236/6407 6453/3234/6408 6454/3234/6408
f 6458/3238/6406 6455/3236/6407 6456/3236/6407
f 6460/3240/6405 6457/3238/6406 6458/3238/6406
f 6462/3242/6404 6459/3240/6405 6460/3240/6405
f 6464/3244/6403 6461/3242/6404 6462/3242/6404
f 6466/3246/6402 6463/3244/6403 6464/3244/6403
f 6468/3248/6401 6465/3246/6402 6466/3246/6402
f 6470/3250/6417 6467/3248/6401 6468/3248/6401
f 6472/3251/6418 6469/3250/6417 6470/3250/6417
f 6474/3249/6398 6471/3251/6418 6472/3251/6418
f 6476/3247/6397 6473/3249/6398 6474/3249/6398
f 6478/3245/6396 6475/3247/6397 6476/3247/6397
f 6480/3243/6395 6477/3245/6396 6478/3245/6396
f 6482/3241/6394 6479/3243/6395 6480/3243/6395
f 6484/3239/6393 6481/3241/6394 6482/3241/6394
f 6486/3237/6392 6483/3239/6393 6484/3239/6393
f 6486/3237/6392 6487/3235/6391 6485/3237/6392
f 6490/3233/6390 6487/3235/6391 6488/3235/6391
f 6408/3231/6411 6489/3233/6390 6490/3233/6390
f 1/1/1 2/4/4 51/2/2
f 2/4/4 3/6/6 52/5/5
f 3/6/6 4/8/8 53/7/7
f 4/8/8 5/10/10 54/9/9
f 5/10/10 6/12/12 55/11/11
f 6/12/12 7/14/14 56/13/13
f 7/14/14 8/16/16 57/15/15
f 8/16/16 9/18/18 58/17/17
f 9/18/18 10/20/20 59/19/19
f 10/20/20 11/22/22 60/21/21
f 11/22/22 12/24/24 61/23/23
f 12/24/24 13/26/26 62/25/25
f 13/26/26 14/28/28 63/27/27
f 14/28/28 15/30/30 64/29/29
f 15/30/30 16/32/32 65/31/31
f 16/32/32 17/34/34 66/33/33
f 17/34/34 18/36/36 67/35/35
f 18/36/36 19/38/38 68/37/37
f 19/38/38 20/40/40 69/39/39
f 20/40/40 21/42/42 70/41/41
f 21/42/42 22/44/44 71/43/43
f 22/44/44 23/46/46 72/45/45
f 23/46/46 24/48/48 73/47/47
f 24/48/48 25/51/51 74/49/49
f 26/50/50 75/53/53 74/49/49
f 27/52/52 76/55/55 75/53/53
f 28/54/54 77/57/57 76/55/55
f 29/56/56 78/59/59 77/57/57
f 30/58/58 79/61/61 78/59/59
f 31/60/60 80/63/63 79/61/61
f 32/62/62 81/65/65 80/63/63
f 33/64/64 82/67/67 81/65/65
f 34/66/66 83/69/69 82/67/67
f 35/68/68 84/71/71 83/69/69
f 36/70/70 85/73/73 84/71/71
f 37/72/72 86/75/75 85/73/73
f 38/74/74 87/77/77 86/75/75
f 39/76/76 88/79/79 87/77/77
f 40/78/78 89/81/81 88/79/79
f 41/80/80 90/83/83 89/81/81
f 42/82/82 91/85/85 90/83/83
f 43/84/84 92/87/87 91/85/85
f 44/86/86 93/89/89 92/87/87
f 45/88/88 94/91/91 93/89/89
f 46/90/90 95/93/93 94/91/91
f 47/92/92 96/95/95 95/93/93
f 48/94/94 97/97/97 96/95/95
f 49/96/96 98/145/145 97/97/97
f 50/3/3 51/2/2 100/98/98
f 51/2/2 52/5/5 101/100/100
f 52/5/5 53/7/7 102/101/101
f 53/7/7 54/9/9 103/102/102
f 54/9/9 55/11/11 104/103/103
f 55/11/11 56/13/13 105/104/104
f 56/13/13 57/15/15 106/105/105
f 57/15/15 58/17/17 107/106/106
f 58/17/17 59/19/19 108/107/107
f 59/19/19 60/21/21 109/108/108
f 60/21/21 61/23/23 110/109/109
f 61/23/23 62/25/25 111/110/110
f 62/25/25 63/27/27 112/111/111
f 63/27/27 64/29/29 113/112/112
f 64/29/29 65/31/31 114/113/113
f 65/31/31 66/33/33 115/114/114
f 66/33/33 67/35/35 116/115/115
f 67/35/35 68/37/37 117/116/116
f 68/37/37 69/39/39 118/117/117
f 69/39/39 70/41/41 119/118/118
f 70/41/41 71/43/43 120/119/119
f 71/43/43 72/45/45 121/120/120
f 72/45/45 73/47/47 122/121/121
f 73/47/47 74/49/49 123/122/122
f 75/53/53 124/123/123 123/122/122
f 76/55/55 125/124/124 124/123/123
f 77/57/57 126/125/125 125/124/124
f 78/59/59 127/126/126 126/125/125
f 79/61/61 128/127/127 127/126/126
f 80/63/63 129/128/128 128/127/127
f 81/65/65 130/129/129 129/128/128
f 82/67/67 131/130/130 130/129/129
f 83/69/69 132/131/131 131/130/130
f 84/71/71 133/132/132 132/131/131
f 85/73/73 134/133/133 133/132/132
f 86/75/75 135/134/134 134/133/133
f 87/77/77 136/135/135 135/134/134
f 88/79/79 137/136/136 136/135/135
f 89/81/81 138/137/137 137/136/136
f 90/83/83 139/138/138 138/137/137
f 91/85/85 140/139/139 139/138/138
f 92/87/87 141/140/140 140/139/139
f 93/89/89 142/141/141 141/140/140
f 94/91/91 143/142/142 142/141/141
f 95/93/93 144/143/143 143/142/142
f 96/95/95 145/144/144 144/143/143
f 97/97/97 146/146/146 145/144/144
f 98/145/145 147/194/194 146/146/146
f 99/99/99 100/98/98 149/147/147
f 100/98/98 101/100/100 150/149/149
f 101/100/100 102/101/101 151/150/150
f 102/101/101 103/102/102 152/151/151
f 103/102/102 104/103/103 153/152/152
f 104/103/103 105/104/104 154/153/153
f 105/104/104 106/105/105 155/154/154
f 106/105/105 107/106/106 156/155/155
f 107/106/106 108/107/107 157/156/156
f 108/107/107 109/108/108 158/157/157
f 109/108/108 110/109/109 159/158/158
f 110/109/109 111/110/110 160/159/159
f 111/110/110 112/111/111 161/160/160
f 112/111/111 113/112/112 162/161/161
f 113/112/112 114/113/113 163/162/162
f 114/113/113 115/114/114 164/163/163
f 115/114/114 116/115/115 165/164/164
f 116/115/115 117/116/116 166/165/165
f 117/116/116 118/117/117 167/166/166
f 118/117/117 119/118/118 168/167/167
f 119/118/118 120/119/119 169/168/168
f 120/119/119 121/120/120 170/169/169
f 121/120/120 122/121/121 171/170/170
f 122/121/121 123/122/122 172/171/171
f 124/123/123 173/172/172 172/171/171
f 125/124/124 174/173/173 173/172/172
f 126/125/125 175/174/174 174/173/173
f 127/126/126 176/175/175 175/174/174
f 128/127/127 177/176/176 176/175/175
f 129/128/128 178/177/177 177/176/176
f 130/129/129 179/178/178 178/177/177
f 131/130/130 180/179/179 179/178/178
f 132/131/131 181/180/180 180/179/179
f 133/132/132 182/181/181 181/180/180
f 134/133/133 183/182/182 182/181/181
f 135/134/134 184/183/183 183/182/182
f 136/135/135 185/184/184 184/183/183
f 137/136/136 186/185/185 185/184/184
f 138/137/137 187/186/186 186/185/185
f 139/138/138 188/187/187 187/186/186
f 140/139/139 189/188/188 188/187/187
f 141/140/140 190/189/189 189/188/188
f 142/141/141 191/190/190 190/189/189
f 143/142/142 192/191/191 191/190/190
f 144/143/143 193/192/192 192/191/191
f 145/144/144 194/193/193 193/192/192
f 146/146/146 195/195/195 194/193/193
f 147/194/194 196/243/243 195/195/195
f 148/148/148 149/147/147 198/196/196
f 149/147/147 150/149/149 199/198/198
f 150/149/149 151/150/150 200/199/199
f 151/150/150 152/151/151 201/200/200
f 152/151/151 153/152/152 202/201/201
f 153/152/152 154/153/153 203/202/202
f 154/153/153 155/154/154 204/203/203
f 155/154/154 156/155/155 205/204/204
f 156/155/155 157/156/156 206/205/205
f 157/156/156 158/157/157 207/206/206
f 158/157/157 159/158/158 208/207/207
f 159/158/158 160/159/159 209/208/208
f 160/159/159 161/160/160 210/209/209
f 161/160/160 162/161/161 211/210/210
f 162/161/161 163/162/162 212/211/211
f 163/162/162 164/163/163 213/212/212
f 164/163/163 165/164/164 214/213/213
f 165/164/164 166/165/165 215/214/214
f 166/165/165 167/166/166 216/215/215
f 167/166/166 168/167/167 217/216/216
f 168/167/167 169/168/168 218/217/217
f 169/168/168 170/169/169 219/218/218
f 170/169/169 171/170/170 220/219/219
f 171/170/170 172/171/171 221/220/220
f 173/172/172 222/221/221 221/220/220
f 174/173/173 223/222/222 222/221/221
f 175/174/174 224/223/223 223/222/222
f 176/175/175 225/224/224 224/223/223
f 177/176/176 226/225/225 225/224/224
f 178/177/177 227/226/226 226/225/225
f 179/178/178 228/227/227 227/226/226
f 180/179/179 229/228/228 228/227/227
f 181/180/180 230/229/229 229/228/228
f 182/181/181 231/230/230 230/229/229
f 183/182/182 232/231/231 231/230/230
f 184/183/183 233/232/232 232/231/231
f 185/184/184 234/233/233 233/232/232
f 186/185/185 235/234/234 234/233/233
f 187/186/186 236/235/235 235/234/234
f 188/187/187 237/236/236 236/235/235
f 189/188/188 238/237/237 237/236/236
f 190/189/189 239/238/238 238/237/237
f 191/190/190 240/239/239 239/238/238
f 192/191/191 241/240/240 240/239/239
f 193/192/192 242/241/241 241/240/240
f 194/193/193 243/242/242 242/241/241
f 195/195/195 244/244/244 243/242/242
f 196/243/243 245/3184/6419 244/244/244
f 198/196/196 247/246/246 246/245/245
f 199/198/198 248/247/247 247/246/246
f 200/199/199 249/248/248 248/247/247
f 201/200/200 250/249/249 249/248/248
f 202/201/201 251/250/250 250/249/249
f 203/202/202 252/251/251 251/250/250
f 204/203/203 253/252/252 252/251/251
f 205/204/204 254/253/253 253/252/252
f 206/205/205 255/254/254 254/253/253
f 207/206/206 256/255/255 255/254/254
f 208/207/207 257/256/256 256/255/255
f 209/208/208 258/257/257 257/256/256
f 210/209/209 259/258/258 258/257/257
f 211/210/210 260/259/259 259/258/258
f 212/211/211 261/260/260 260/259/259
f 213/212/212 262/261/261 261/260/260
f 214/213/213 263/262/262 262/261/261
f 215/214/214 264/263/263 263/262/262
f 216/215/215 265/264/264 264/263/263
f 217/216/216 266/265/265 265/264/264
f 218/217/217 267/266/266 266/265/265
f 219/218/218 268/267/267 267/266/266
f 220/219/219 269/268/268 268/267/267
f 221/220/220 270/270/270 269/268/268
f 221/220/220 222/221/221 271/269/269
f 222/221/221 223/222/222 272/271/271
f 223/222/222 224/223/223 273/272/272
f 224/223/223 225/224/224 274/273/273
f 225/224/224 226/225/225 275/274/274
f 226/225/225 227/226/226 276/275/275
f 227/226/226 228/227/227 277/276/276
f 228/227/227 229/228/228 278/277/277
f 229/228/228 230/229/229 279/278/278
f 230/229/229 231/230/230 280/279/279
f 231/230/230 232/231/231 281/280/280
f 232/231/231 233/232/232 282/281/281
f 233/232/232 234/233/233 283/282/282
f 234/233/233 235/234/234 284/283/283
f 235/234/234 236/235/235 285/284/284
f 236/235/235 237/236/236 286/285/285
f 237/236/236 238/237/237 287/286/286
f 238/237/237 239/238/238 288/287/287
f 239/238/238 240/239/239 289/288/288
f 240/239/239 241/240/240 290/289/289
f 241/240/240 242/241/241 291/290/290
f 242/241/241 243/242/242 292/291/291
f 243/242/242 244/244/244 293/292/292
f 244/244/244 245/3184/6419 294/293/293
f 247/246/246 296/295/295 295/294/294
f 248/247/247 297/296/296 296/295/295
f 249/248/248 298/297/297 297/296/296
f 250/249/249 299/298/298 298/297/297
f 251/250/250 300/299/299 299/298/298
f 252/251/251 301/300/300 300/299/299
f 253/252/252 302/301/301 301/300/300
f 254/253/253 303/302/302 302/301/301
f 255/254/254 304/303/303 303/302/302
f 256/255/255 305/304/304 304/303/303
f 257/256/256 306/305/305 305/304/304
f 258/257/257 307/306/306 306/305/305
f 259/258/258 308/307/307 307/306/306
f 260/259/259 309/308/308 308/307/307
f 261/260/260 310/309/309 309/308/308
f 262/261/261 311/310/310 310/309/309
f 263/262/262 312/311/311 311/310/310
f 264/263/263 313/312/312 312/311/311
f 265/264/264 314/313/313 313/312/312
f 266/265/265 315/314/314 314/313/313
f 267/266/266 316/315/315 315/314/314
f 268/267/267 317/316/316 316/315/315
f 269/268/268 318/317/317 317/316/316
f 270/270/270 319/319/319 318/317/317
f 270/270/270 271/269/269 320/318/318
f 271/269/269 272/271/271 321/320/320
f 272/271/271 273/272/272 322/321/321
f 273/272/272 274/273/273 323/322/322
f 274/273/273 275/274/274 324/323/323
f 275/274/274 276/275/275 325/324/324
f 276/275/275 277/276/276 326/325/325
f 277/276/276 278/277/277 327/326/326
f 278/277/277 279/278/278 328/327/327
f 279/278/278 280/279/279 329/328/328
f 280/279/279 281/280/280 330/329/329
f 281/280/280 282/281/281 331/330/330
f 282/281/281 283/282/282 332/331/331
f 283/282/282 284/283/283 333/332/332
f 284/283/283 285/284/284 334/333/333
f 285/284/284 286/285/285 335/334/334
f 286/285/285 287/286/286 336/335/335
f 287/286/286 288/287/287 337/336/336
f 288/287/287 289/288/288 338/337/337
f 289/288/288 290/289/289 339/338/338
f 290/289/289 291/290/290 340/339/339
f 291/290/290 292/291/291 341/340/340
f 292/291/291 293/292/292 342/341/341
f 293/292/292 294/293/293 343/342/342
f 296/295/295 345/344/344 344/343/343
f 297/296/296 346/345/345 345/344/344
f 298/297/297 347/346/346 346/345/345
f 299/298/298 348/347/347 347/346/346
f 300/299/299 349/348/348 348/347/347
f 301/300/300 350/349/349 349/348/348
f 302/301/301 351/350/350 350/349/349
f 303/302/302 352/351/351 351/350/350
f 304/303/303 353/352/352 352/351/351
f 305/304/304 354/353/353 353/352/352
f 306/305/305 355/354/354 354/353/353
f 307/306/306 356/355/355 355/354/354
f 308/307/307 357/356/356 356/355/355
f 309/308/308 358/357/357 357/356/356
f 310/309/309 359/358/358 358/357/357
f 311/310/310 360/359/359 359/358/358
f 312/311/311 361/360/360 360/359/359
f 313/312/312 362/361/361 361/360/360
f 314/313/313 363/362/362 362/361/361
f 315/314/314 364/363/363 363/362/362
f 316/315/315 365/364/364 364/363/363
f 317/316/316 366/365/365 365/364/364
f 318/317/317 367/366/366 366/365/365
f 319/319/319 368/368/368 367/366/366
f 319/319/319 320/318/318 369/367/367
f 320/318/318 321/320/320 370/369/369
f 321/320/320 322/321/321 371/370/370
f 322/321/321 323/322/322 372/371/371
f 323/322/322 324/323/323 373/372/372
f 324/323/323 325/324/324 374/373/373
f 325/324/324 326/325/325 375/374/374
f 326/325/325 327/326/326 376/375/375
f 327/326/326 328/327/327 377/376/376
f 328/327/327 329/328/328 378/377/377
f 329/328/328 330/329/329 379/378/378
f 330/329/329 331/330/330 380/379/379
f 331/330/330 332/331/331 381/380/380
f 332/331/331 333/332/332 382/381/381
f 333/332/332 334/333/333 383/382/382
f 334/333/333 335/334/334 384/383/383
f 335/334/334 336/335/335 385/384/384
f 336/335/335 337/336/336 386/385/385
f 337/336/336 338/337/337 387/386/386
f 338/337/337 339/338/338 388/387/387
f 339/338/338 340/339/339 389/388/388
f 340/339/339 341/340/340 390/389/389
f 341/340/340 342/341/341 391/390/390
f 342/341/341 343/342/342 392/391/391
f 345/344/344 394/393/393 393/392/392
f 346/345/345 395/394/394 394/393/393
f 347/346/346 396/395/395 395/394/394
f 348/347/347 397/396/396 396/395/395
f 349/348/348 398/397/397 397/396/396
f 350/349/349 399/398/398 398/397/397
f 351/350/350 400/399/399 399/398/398
f 352/351/351 401/400/400 400/399/399
f 353/352/352 402/401/401 401/400/400
f 354/353/353 403/402/402 402/401/401
f 355/354/354 404/403/403 403/402/402
f 356/355/355 405/404/404 404/403/403
f 357/356/356 406/405/405 405/404/404
f 358/357/357 407/406/406 406/405/405
f 359/358/358 408/407/407 407/406/406
f 360/359/359 409/408/408 408/407/407
f 361/360/360 410/409/409 409/408/408
f 362/361/361 411/410/410 410/409/409
f 363/362/362 412/411/411 411/410/410
f 364/363/363 413/412/412 412/411/411
f 365/364/364 414/413/413 413/412/412
f 366/365/365 415/414/414 414/413/413
f 367/366/366 416/415/415 415/414/414
f 368/368/368 417/417/417 416/415/415
f 368/368/368 369/367/367 418/416/416
f 369/367/367 370/369/369 419/418/418
f 370/369/369 371/370/370 420/419/419
f 371/370/370 372/371/371 421/420/420
f 372/371/371 373/372/372 422/421/421
f 373/372/372 374/373/373 423/422/422
f 374/373/373 375/374/374 424/423/423
f 375/374/374 376/375/375 425/424/424
f 376/375/375 377/376/376 426/425/425
f 377/376/376 378/377/377 427/426/426
f 378/377/377 379/378/378 428/427/427
f 379/378/378 380/379/379 429/428/428
f 380/379/379 381/380/380 430/429/429
f 381/380/380 382/381/381 431/430/430
f 382/381/381 383/382/382 432/431/431
f 383/382/382 384/383/383 433/432/432
f 384/383/383 385/384/384 434/433/433
f 385/384/384 386/385/385 435/434/434
f 386/385/385 387/386/386 436/435/435
f 387/386/386 388/387/387 437/436/436
f 388/387/387 389/388/388 438/437/437
f 389/388/388 390/389/389 439/438/438
f 390/389/389 391/390/390 440/439/439
f 391/390/390 392/391/391 441/440/440
f 394/393/393 443/442/442 442/441/441
f 395/394/394 444/443/443 443/442/442
f 396/395/395 445/444/444 444/443/443
f 397/396/396 446/445/445 445/444/444
f 398/397/397 447/446/446 446/445/445
f 399/398/398 448/447/447 447/446/446
f 400/399/399 449/448/448 448/447/447
f 401/400/400 450/449/449 449/448/448
f 402/401/401 451/450/450 450/449/449
f 403/402/402 452/451/451 451/450/450
f 404/403/403 453/452/452 452/451/451
f 405/404/404 454/453/453 453/452/452
f 406/405/405 455/454/454 454/453/453
f 407/406/406 456/455/455 455/454/454
f 408/407/407 457/456/456 456/455/455
f 409/408/408 458/457/457 457/456/456
f 410/409/409 459/458/458 458/457/457
f 411/410/410 460/459/459 459/458/458
f 412/411/411 461/460/460 460/459/459
f 413/412/412 462/461/461 461/460/460
f 414/413/413 463/462/462 462/461/461
f 415/414/414 464/463/463 463/462/462
f 416/415/415 465/464/464 464/463/463
f 417/417/417 466/466/466 465/464/464
f 417/417/417 418/416/416 467/465/465
f 418/416/416 419/418/418 468/467/467
f 419/418/418 420/419/419 469/468/468
f 420/419/419 421/420/420 470/469/469
f 421/420/420 422/421/421 471/470/470
f 422/421/421 423/422/422 472/471/471
f 423/422/422 424/423/423 473/472/472
f 424/423/423 425/424/424 474/473/473
f 425/424/424 426/425/425 475/474/474
f 426/425/425 427/426/426 476/475/475
f 427/426/426 428/427/427 477/476/476
f 428/427/427 429/428/428 478/477/477
f 429/428/428 430/429/429 479/478/478
f 430/429/429 431/430/430 480/479/479
f 431/430/430 432/431/431 481/480/480
f 432/431/431 433/432/432 482/481/481
f 433/432/432 434/433/433 483/482/482
f 434/433/433 435/434/434 484/483/483
f 435/434/434 436/435/435 485/484/484
f 436/435/435 437/436/436 486/485/485
f 437/436/436 438/437/437 487/486/486
f 438/437/437 439/438/438 488/487/487
f 439/438/438 440/439/439 489/488/488
f 440/439/439 441/440/440 490/489/489
f 443/442/442 492/491/491 491/490/490
f 444/443/443 493/492/492 492/491/491
f 445/444/444 494/493/493 493/492/492
f 446/445/445 495/494/494 494/493/493
f 447/446/446 496/495/495 495/494/494
f 448/447/447 497/496/496 496/495/495
f 449/448/448 498/497/497 497/496/496
f 450/449/449 499/498/498 498/497/497
f 451/450/450 500/499/499 499/498/498
f 452/451/451 501/500/500 500/499/499
f 453/452/452 502/501/501 501/500/500
f 454/453/453 503/502/502 502/501/501
f 455/454/454 504/503/503 503/502/502
f 456/455/455 505/504/504 504/503/503
f 457/456/456 506/505/505 505/504/504
f 458/457/457 507/506/506 506/505/505
f 459/458/458 508/507/507 507/506/506
f 460/459/459 509/508/508 508/507/507
f 461/460/460 510/509/509 509/508/508
f 462/461/461 511/510/510 510/509/509
f 463/462/462 512/511/511 511/510/510
f 464/463/463 513/512/512 512/511/511
f 465/464/464 514/513/513 513/512/512
f 466/466/466 515/515/515 514/513/513
f 466/466/466 467/465/465 516/514/514
f 467/465/465 468/467/467 517/516/516
f 468/467/467 469/468/468 518/517/517
f 469/468/468 470/469/469 519/518/518
f 470/469/469 471/470/470 520/519/519
f 471/470/470 472/471/471 521/520/520
f 472/471/471 473/472/472 522/521/521
f 473/472/472 474/473/473 523/522/522
f 474/473/473 475/474/474 524/523/523
f 475/474/474 476/475/475 525/524/524
f 476/475/475 477/476/476 526/525/525
f 477/476/476 478/477/477 527/526/526
f 478/477/477 479/478/478 528/527/527
f 479/478/478 480/479/479 529/528/528
f 480/479/479 481/480/480 530/529/529
f 481/480/480 482/481/481 531/530/530
f 482/481/481 483/482/482 532/531/531
f 483/482/482 484/483/483 533/532/532
f 484/483/483 485/484/484 534/533/533
f 485/484/484 486/485/485 535/534/534
f 486/485/485 487/486/486 536/535/535
f 487/486/486 488/487/487 537/536/536
f 488/487/487 489/488/488 538/537/537
f 489/488/488 490/489/489 539/538/538
f 492/491/491 541/540/540 540/539/539
f 493/492/492 542/541/541 541/540/540
f 494/493/493 543/542/542 542/541/541
f 495/494/494 544/543/543 543/542/542
f 496/495/495 545/544/544 544/543/543
f 497/496/496 546/545/545 545/544/544
f 498/497/497 547/546/546 546/545/545
f 499/498/498 548/547/547 547/546/546
f 500/499/499 549/548/548 548/547/547
f 501/500/500 550/549/549 549/548/548
f 502/501/501 551/550/550 550/549/549
f 503/502/502 552/551/551 551/550/550
f 504/503/503 553/552/552 552/551/551
f 505/504/504 554/553/553 553/552/552
f 506/505/505 555/554/554 554/553/553
f 507/506/506 556/555/555 555/554/554
f 508/507/507 557/556/556 556/555/555
f 509/508/508 558/557/557 557/556/556
f 510/509/509 559/558/558 558/557/557
f 511/510/510 560/559/559 559/558/558
f 512/511/511 561/560/560 560/559/559
f 513/512/512 562/561/561 561/560/560
f 514/513/513 563/562/562 562/561/561
f 515/515/515 564/564/564 563/562/562
f 515/515/515 516/514/514 565/563/563
f 516/514/514 517/516/516 566/565/565
f 517/516/516 518/517/517 567/566/566
f 518/517/517 519/518/518 568/567/567
f 519/518/518 520/519/519 569/568/568
f 520/519/519 521/520/520 570/569/569
f 521/520/520 522/521/521 571/570/570
f 522/521/521 523/522/522 572/571/571
f 523/522/522 524/523/523 573/572/572
f 524/523/523 525/524/524 574/573/573
f 525/524/524 526/525/525 575/574/574
f 526/525/525 527/526/526 576/575/575
f 527/526/526 528/527/527 577/576/576
f 528/527/527 529/528/528 578/577/577
f 529/528/528 530/529/529 579/578/578
f 530/529/529 531/530/530 580/579/579
f 531/530/530 532/531/531 581/580/580
f 532/531/531 533/532/532 582/581/581
f 533/532/532 534/533/533 583/582/582
f 534/533/533 535/534/534 584/583/583
f 535/534/534 536/535/535 585/584/584
f 536/535/535 537/536/536 586/585/585
f 537/536/536 538/537/537 587/586/586
f 538/537/537 539/538/538 588/587/587
f 541/540/540 590/589/589 589/588/588
f 542/541/541 591/590/590 590/589/589
f 543/542/542 592/591/591 591/590/590
f 544/543/543 593/592/592 592/591/591
f 545/544/544 594/593/593 593/592/592
f 546/545/545 595/594/594 594/593/593
f 547/546/546 596/595/595 595/594/594
f 548/547/547 597/596/596 596/595/595
f 549/548/548 598/597/597 597/596/596
f 550/549/549 599/598/598 598/597/597
f 551/550/550 600/599/599 599/598/598
f 552/551/551 601/600/600 600/599/599
f 553/552/552 602/601/601 601/600/600
f 554/553/553 603/602/602 602/601/601
f 555/554/554 604/603/603 603/602/602
f 556/555/555 605/604/604 604/603/603
f 557/556/556 606/605/605 605/604/604
f 558/557/557 607/606/606 606/605/605
f 559/558/558 608/607/607 607/606/606
f 560/559/559 609/608/608 608/607/607
f 561/560/560 610/609/609 609/608/608
f 562/561/561 611/610/610 610/609/609
f 563/562/562 612/611/611 611/610/610
f 564/564/564 613/613/613 612/611/611
f 564/564/564 565/563/563 614/612/612
f 565/563/563 566/565/565 615/614/614
f 566/565/565 567/566/566 616/615/615
f 567/566/566 568/567/567 617/616/616
f 568/567/567 569/568/568 618/617/617
f 569/568/568 570/569/569 619/618/618
f 570/569/569 571/570/570 620/619/619
f 571/570/570 572/571/571 621/620/620
f 572/571/571 573/572/572 622/621/621
f 573/572/572 574/573/573 623/622/622
f 574/573/573 575/574/574 624/623/623
f 575/574/574 576/575/575 625/624/624
f 576/575/575 577/576/576 626/625/625
f 577/576/576 578/577/577 627/626/626
f 578/577/577 579/578/578 628/627/627
f 579/578/578 580/579/579 629/628/628
f 580/579/579 581/580/580 630/629/629
f 581/580/580 582/581/581 631/630/630
f 582/581/581 583/582/582 632/631/631
f 583/582/582 584/583/583 633/632/632
f 584/583/583 585/584/584 634/633/633
f 585/584/584 586/585/585 635/634/634
f 586/585/585 587/586/586 636/635/635
f 587/586/586 588/587/587 637/636/636
f 590/589/589 639/638/638 638/637/637
f 591/590/590 640/639/639 639/638/638
f 592/591/591 641/640/640 640/639/639
f 593/592/592 642/641/641 641/640/640
f 594/593/593 643/642/642 642/641/641
f 595/594/594 644/643/643 643/642/642
f 596/595/595 645/644/644 644/643/643
f 597/596/596 646/645/645 645/644/644
f 598/597/597 647/646/646 646/645/645
f 599/598/598 648/647/647 647/646/646
f 600/599/599 649/648/648 648/647/647
f 601/600/600 650/649/649 649/648/648
f 602/601/601 651/650/650 650/649/649
f 603/602/602 652/651/651 651/650/650
f 604/603/603 653/652/652 652/651/651
f 605/604/604 654/653/653 653/652/652
f 606/605/605 655/654/654 654/653/653
f 607/606/606 656/655/655 655/654/654
f 608/607/607 657/656/656 656/655/655
f 609/608/608 658/657/657 657/656/656
f 610/609/609 659/658/658 658/657/657
f 611/610/610 660/659/659 659/658/658
f 612/611/611 661/660/660 660/659/659
f 613/613/613 662/662/662 661/660/660
f 613/613/613 614/612/612 663/661/661
f 614/612/612 615/614/614 664/663/663
f 615/614/614 616/615/615 665/664/664
f 616/615/615 617/616/616 666/665/665
f 617/616/616 618/617/617 667/666/666
f 618/617/617 619/618/618 668/667/667
f 619/618/618 620/619/619 669/668/668
f 620/619/619 621/620/620 670/669/669
f 621/620/620 622/621/621 671/670/670
f 622/621/621 623/622/622 672/671/671
f 623/622/622 624/623/623 673/672/672
f 624/623/623 625/624/624 674/673/673
f 625/624/624 626/625/625 675/674/674
f 626/625/625 627/626/626 676/675/675
f 627/626/626 628/627/627 677/676/676
f 628/627/627 629/628/628 678/677/677
f 629/628/628 630/629/629 679/678/678
f 630/629/629 631/630/630 680/679/679
f 631/630/630 632/631/631 681/680/680
f 632/631/631 633/632/632 682/681/681
f 633/632/632 634/633/633 683/682/682
f 634/633/633 635/634/634 684/683/683
f 635/634/634 636/635/635 685/684/684
f 636/635/635 637/636/636 686/685/685
f 639/638/638 688/687/687 687/686/686
f 640/639/639 689/688/688 688/687/687
f 641/640/640 690/689/689 689/688/688
f 642/641/641 691/690/690 690/689/689
f 643/642/642 692/691/691 691/690/690
f 644/643/643 693/692/692 692/691/691
f 645/644/644 694/693/693 693/692/692
f 646/645/645 695/694/694 694/693/693
f 647/646/646 696/695/695 695/694/694
f 648/647/647 697/696/696 696/695/695
f 649/648/648 698/697/697 697/696/696
f 650/649/649 699/698/698 698/697/697
f 651/650/650 700/699/699 699/698/698
f 652/651/651 701/700/700 700/699/699
f 653/652/652 702/701/701 701/700/700
f 654/653/653 703/702/702 702/701/701
f 655/654/654 704/703/703 703/702/702
f 656/655/655 705/704/704 704/703/703
f 657/656/656 706/705/705 705/704/704
f 658/657/657 707/706/706 706/705/705
f 659/658/658 708/707/707 707/706/706
f 660/659/659 709/708/708 708/707/707
f 661/660/660 710/709/709 709/708/708
f 662/662/662 711/711/711 710/709/709
f 662/662/662 663/661/661 712/710/710
f 663/661/661 664/663/663 713/712/712
f 664/663/663 665/664/664 714/713/713
f 665/664/664 666/665/665 715/714/714
f 666/665/665 667/666/666 716/715/715
f 667/666/666 668/667/667 717/716/716
f 668/667/667 669/668/668 718/717/717
f 669/668/668 670/669/669 719/718/718
f 670/669/669 671/670/670 720/719/719
f 671/670/670 672/671/671 721/720/720
f 672/671/671 673/672/672 722/721/721
f 673/672/672 674/673/673 723/722/722
f 674/673/673 675/674/674 724/723/723
f 675/674/674 676/675/675 725/724/724
f 676/675/675 677/676/676 726/725/725
f 677/676/676 678/677/677 727/726/726
f 678/677/677 679/678/678 728/727/727
f 679/678/678 680/679/679 729/728/728
f 680/679/679 681/680/680 730/729/729
f 681/680/680 682/681/681 731/730/730
f 682/681/681 683/682/682 732/731/731
f 683/682/682 684/683/683 733/732/732
f 684/683/683 685/684/684 734/733/733
f 685/684/684 686/685/685 735/734/734
f 688/687/687 737/736/736 736/735/735
f 689/688/688 738/737/737 737/736/736
f 690/689/689 739/738/738 738/737/737
f 691/690/690 740/739/739 739/738/738
f 692/691/691 741/740/740 740/739/739
f 693/692/692 742/741/741 741/740/740
f 694/693/693 743/742/742 742/741/741
f 695/694/694 744/743/743 743/742/742
f 696/695/695 745/744/744 744/743/743
f 697/696/696 746/745/745 745/744/744
f 698/697/697 747/746/746 746/745/745
f 699/698/698 748/747/747 747/746/746
f 700/699/699 749/748/748 748/747/747
f 701/700/700 750/749/749 749/748/748
f 702/701/701 751/750/750 750/749/749
f 703/702/702 752/751/751 751/750/750
f 704/703/703 753/752/752 752/751/751
f 705/704/704 754/753/753 753/752/752
f 706/705/705 755/754/754 754/753/753
f 707/706/706 756/755/755 755/754/754
f 708/707/707 757/756/756 756/755/755
f 709/708/708 758/757/757 757/756/756
f 710/709/709 759/758/758 758/757/757
f 711/711/711 760/760/760 759/758/758
f 711/711/711 712/710/710 761/759/759
f 712/710/710 713/712/712 762/761/761
f 713/712/712 714/713/713 763/762/762
f 714/713/713 715/714/714 764/763/763
f 715/714/714 716/715/715 765/764/764
f 716/715/715 717/716/716 766/765/765
f 717/716/716 718/717/717 767/766/766
f 718/717/717 719/718/718 768/767/767
f 719/718/718 720/719/719 769/768/768
f 720/719/719 721/720/720 770/769/769
f 721/720/720 722/721/721 771/770/770
f 722/721/721 723/722/722 772/771/771
f 723/722/722 724/723/723 773/772/772
f 724/723/723 725/724/724 774/773/773
f 725/724/724 726/725/725 775/774/774
f 726/725/725 727/726/726 776/775/775
f 727/726/726 728/727/727 777/776/776
f 728/727/727 729/728/728 778/777/777
f 729/728/728 730/729/729 779/778/778
f 730/729/729 731/730/730 780/779/779
f 731/730/730 732/731/731 781/780/780
f 732/731/731 733/732/732 782/781/781
f 733/732/732 734/733/733 783/782/782
f 734/733/733 735/734/734 784/783/783
f 737/736/736 786/785/785 785/784/784
f 738/737/737 787/786/786 786/785/785
f 739/738/738 788/787/787 787/786/786
f 740/739/739 789/788/788 788/787/787
f 741/740/740 790/789/789 789/788/788
f 742/741/741 791/790/790 790/789/789
f 743/742/742 792/791/791 791/790/790
f 744/743/743 793/792/792 792/791/791
f 745/744/744 794/793/793 793/792/792
f 746/745/745 795/794/794 794/793/793
f 747/746/746 796/795/795 795/794/794
f 748/747/747 797/796/796 796/795/795
f 749/748/748 798/797/797 797/796/796
f 750/749/749 799/798/798 798/797/797
f 751/750/750 800/799/799 799/798/798
f 752/751/751 801/800/800 800/799/799
f 753/752/752 802/801/801 801/800/800
f 754/753/753 803/802/802 802/801/801
f 755/754/754 804/803/803 803/802/802
f 756/755/755 805/804/804 804/803/803
f 757/756/756 806/805/805 805/804/804
f 758/757/757 807/806/806 806/805/805
f 759/758/758 808/807/807 807/806/806
f 760/760/760 809/809/809 808/807/807
f 760/760/760 761/759/759 810/808/808
f 761/759/759 762/761/761 811/810/810
f 762/761/761 763/762/762 812/811/811
f 763/762/762 764/763/763 813/812/812
f 764/763/763 765/764/764 814/813/813
f 765/764/764 766/765/765 815/814/814
f 766/765/765 767/766/766 816/815/815
f 767/766/766 768/767/767 817/816/816
f 768/767/767 769/768/768 818/817/817
f 769/768/768 770/769/769 819/818/818
f 770/769/769 771/770/770 820/819/819
f 771/770/770 772/771/771 821/820/820
f 772/771/771 773/772/772 822/821/821
f 773/772/772 774/773/773 823/822/822
f 774/773/773 775/774/774 824/823/823
f 775/774/774 776/775/775 825/824/824
f 776/775/775 777/776/776 826/825/825
f 777/776/776 778/777/777 827/826/826
f 778/777/777 779/778/778 828/827/827
f 779/778/778 780/779/779 829/828/828
f 780/779/779 781/780/780 830/829/829
f 781/780/780 782/781/781 831/830/830
f 782/781/781 783/782/782 832/831/831
f 783/782/782 784/783/783 833/832/832
f 786/785/785 835/834/834 834/833/833
f 787/786/786 836/835/835 835/834/834
f 788/787/787 837/836/836 836/835/835
f 789/788/788 838/837/837 837/836/836
f 790/789/789 839/838/838 838/837/837
f 791/790/790 840/839/839 839/838/838
f 792/791/791 841/840/840 840/839/839
f 793/792/792 842/841/841 841/840/840
f 794/793/793 843/842/842 842/841/841
f 795/794/794 844/843/843 843/842/842
f 796/795/795 845/844/844 844/843/843
f 797/796/796 846/845/845 845/844/844
f 798/797/797 847/846/846 846/845/845
f 799/798/798 848/847/847 847/846/846
f 800/799/799 849/848/848 848/847/847
f 801/800/800 850/849/849 849/848/848
f 802/801/801 851/850/850 850/849/849
f 803/802/802 852/851/851 851/850/850
f 804/803/803 853/852/852 852/851/851
f 805/804/804 854/853/853 853/852/852
f 806/805/805 855/854/854 854/853/853
f 807/806/806 856/855/855 855/854/854
f 808/807/807 857/856/856 856/855/855
f 809/809/809 858/858/858 857/856/856
f 809/809/809 810/808/808 859/857/857
f 810/808/808 811/810/810 860/859/859
f 811/810/810 812/811/811 861/860/860
f 812/811/811 813/812/812 862/861/861
f 813/812/812 814/813/813 863/862/862
f 814/813/813 815/814/814 864/863/863
f 815/814/814 816/815/815 865/864/864
f 816/815/815 817/816/816 866/865/865
f 817/816/816 818/817/817 867/866/866
f 818/817/817 819/818/818 868/867/867
f 819/818/818 820/819/819 869/868/868
f 820/819/819 821/820/820 870/869/869
f 821/820/820 822/821/821 871/870/870
f 822/821/821 823/822/822 872/871/871
f 823/822/822 824/823/823 873/872/872
f 824/823/823 825/824/824 874/873/873
f 825/824/824 826/825/825 875/874/874
f 826/825/825 827/826/826 876/875/875
f 827/826/826 828/827/827 877/876/876
f 828/827/827 829/828/828 878/877/877
f 829/828/828 830/829/829 879/878/878
f 830/829/829 831/830/830 880/879/879
f 831/830/830 832/831/831 881/880/880
f 832/831/831 833/832/832 882/881/881
f 835/834/834 884/883/883 883/882/882
f 836/835/835 885/884/884 884/883/883
f 837/836/836 886/885/885 885/884/884
f 838/837/837 887/886/886 886/885/885
f 839/838/838 888/887/887 887/886/886
f 840/839/839 889/888/888 888/887/887
f 841/840/840 890/889/889 889/888/888
f 842/841/841 891/890/890 890/889/889
f 843/842/842 892/891/891 891/890/890
f 844/843/843 893/892/892 892/891/891
f 845/844/844 894/893/893 893/892/892
f 846/845/845 895/894/894 894/893/893
f 847/846/846 896/895/895 895/894/894
f 848/847/847 897/896/896 896/895/895
f 849/848/848 898/897/897 897/896/896
f 850/849/849 899/898/898 898/897/897
f 851/850/850 900/899/899 899/898/898
f 852/851/851 901/900/900 900/899/899
f 853/852/852 902/901/901 901/900/900
f 854/853/853 903/902/902 902/901/901
f 855/854/854 904/903/903 903/902/902
f 856/855/855 905/904/904 904/903/903
f 857/856/856 906/905/905 905/904/904
f 858/858/858 907/907/907 906/905/905
f 858/858/858 859/857/857 908/906/906
f 859/857/857 860/859/859 909/908/908
f 860/859/859 861/860/860 910/909/909
f 861/860/860 862/861/861 911/910/910
f 862/861/861 863/862/862 912/911/911
f 863/862/862 864/863/863 913/912/912
f 864/863/863 865/864/864 914/913/913
f 865/864/864 866/865/865 915/914/914
f 866/865/865 867/866/866 916/915/915
f 867/866/866 868/867/867 917/916/916
f 868/867/867 869/868/868 918/917/917
f 869/868/868 870/869/869 919/918/918
f 870/869/869 871/870/870 920/919/919
f 871/870/870 872/871/871 921/920/920
f 872/871/871 873/872/872 922/921/921
f 873/872/872 874/873/873 923/922/922
f 874/873/873 875/874/874 924/923/923
f 875/874/874 876/875/875 925/924/924
f 876/875/875 877/876/876 926/925/925
f 877/876/876 878/877/877 927/926/926
f 878/877/877 879/878/878 928/927/927
f 879/878/878 880/879/879 929/928/928
f 880/879/879 881/880/880 930/929/929
f 881/880/880 882/881/881 931/930/930
f 884/883/883 933/932/932 932/931/931
f 885/884/884 934/933/933 933/932/932
f 886/885/885 935/934/934 934/933/933
f 887/886/886 936/935/935 935/934/934
f 888/887/887 937/936/936 936/935/935
f 889/888/888 938/937/937 937/936/936
f 890/889/889 939/938/938 938/937/937
f 891/890/890 940/939/939 939/938/938
f 892/891/891 941/940/940 940/939/939
f 893/892/892 942/941/941 941/940/940
f 894/893/893 943/942/942 942/941/941
f 895/894/894 944/943/943 943/942/942
f 896/895/895 945/944/944 944/943/943
f 897/896/896 946/945/945 945/944/944
f 898/897/897 947/946/946 946/945/945
f 899/898/898 948/947/947 947/946/946
f 900/899/899 949/948/948 948/947/947
f 901/900/900 950/949/949 949/948/948
f 902/901/901 951/950/950 950/949/949
f 903/902/902 952/951/951 951/950/950
f 904/903/903 953/952/952 952/951/951
f 905/904/904 954/953/953 953/952/952
f 906/905/905 955/954/954 954/953/953
f 907/907/907 956/956/956 955/954/954
f 907/907/907 908/906/906 957/955/955
f 908/906/906 909/908/908 958/957/957
f 909/908/908 910/909/909 959/958/958
f 910/909/909 911/910/910 960/959/959
f 911/910/910 912/911/911 961/960/960
f 912/911/911 913/912/912 962/961/961
f 913/912/912 914/913/913 963/962/962
f 914/913/913 915/914/914 964/963/963
f 915/914/914 916/915/915 965/964/964
f 916/915/915 917/916/916 966/965/965
f 917/916/916 918/917/917 967/966/966
f 918/917/917 919/918/918 968/967/967
f 919/918/918 920/919/919 969/968/968
f 920/919/919 921/920/920 970/969/969
f 921/920/920 922/921/921 971/970/970
f 922/921/921 923/922/922 972/971/971
f 923/922/922 924/923/923 973/972/972
f 924/923/923 925/924/924 974/973/973
f 925/924/924 926/925/925 975/974/974
f 926/925/925 927/926/926 976/975/975
f 927/926/926 928/927/927 977/976/976
f 928/927/927 929/928/928 978/977/977
f 929/928/928 930/929/929 979/978/978
f 930/929/929 931/930/930 980/979/979
f 933/932/932 982/981/981 981/980/980
f 934/933/933 983/982/982 982/981/981
f 935/934/934 984/983/983 983/982/982
f 936/935/935 985/984/984 984/983/983
f 937/936/936 986/985/985 985/984/984
f 938/937/937 987/986/986 986/985/985
f 939/938/938 988/987/987 987/986/986
f 940/939/939 989/988/988 988/987/987
f 941/940/940 990/989/989 989/988/988
f 942/941/941 991/990/990 990/989/989
f 943/942/942 992/991/991 991/990/990
f 944/943/943 993/992/992 992/991/991
f 945/944/944 994/993/993 993/992/992
f 946/945/945 995/994/994 994/993/993
f 947/946/946 996/995/995 995/994/994
f 948/947/947 997/996/996 996/995/995
f 949/948/948 998/997/997 997/996/996
f 950/949/949 999/998/998 998/997/997
f 951/950/950 1000/999/999 999/998/998
f 952/951/951 1001/1000/1000 1000/999/999
f 953/952/952 1002/1001/1001 1001/1000/1000
f 954/953/953 1003/1002/1002 1002/1001/1001
f 955/954/954 1004/1003/1003 1003/1002/1002
f 956/956/956 1005/1005/1005 1004/1003/1003
f 956/956/956 957/955/955 1006/1004/1004
f 957/955/955 958/957/957 1007/1006/1006
f 958/957/957 959/958/958 1008/1007/1007
f 959/958/958 960/959/959 1009/1008/1008
f 960/959/959 961/960/960 1010/1009/1009
f 961/960/960 962/961/961 1011/1010/1010
f 962/961/961 963/962/962 1012/1011/1011
f 963/962/962 964/963/963 1013/1012/1012
f 964/963/963 965/964/964 1014/1013/1013
f 965/964/964 966/965/965 1015/1014/1014
f 966/965/965 967/966/966 1016/1015/1015
f 967/966/966 968/967/967 1017/1016/1016
f 968/967/967 969/968/968 1018/1017/1017
f 969/968/968 970/969/969 1019/1018/1018
f 970/969/969 971/970/970 1020/1019/1019
f 971/970/970 972/971/971 1021/1020/1020
f 972/971/971 973/972/972 1022/1021/1021
f 973/972/972 974/973/973 1023/1022/1022
f 974/973/973 975/974/974 1024/1023/1023
f 975/974/974 976/975/975 1025/1024/1024
f 976/975/975 977/976/976 1026/1025/1025
f 977/976/976 978/977/977 1027/1026/1026
f 978/977/977 979/978/978 1028/1027/1027
f 979/978/978 980/979/979 1029/1028/1028
f 982/981/981 1031/1030/1030 1030/1029/1029
f 983/982/982 1032/1031/1031 1031/1030/1030
f 984/983/983 1033/1032/1032 1032/1031/1031
f 985/984/984 1034/1033/1033 1033/1032/1032
f 986/985/985 1035/1034/1034 1034/1033/1033
f 987/986/986 1036/1035/1035 1035/1034/1034
f 988/987/987 1037/1036/1036 1036/1035/1035
f 989/988/988 1038/1037/1037 1037/1036/1036
f 990/989/989 1039/1038/1038 1038/1037/1037
f 991/990/990 1040/1039/1039 1039/1038/1038
f 992/991/991 1041/1040/1040 1040/1039/1039
f 993/992/992 1042/1041/1041 1041/1040/1040
f 994/993/993 1043/1042/1042 1042/1041/1041
f 995/994/994 1044/1043/1043 1043/1042/1042
f 996/995/995 1045/1044/1044 1044/1043/1043
f 997/996/996 1046/1045/1045 1045/1044/1044
f 998/997/997 1047/1046/1046 1046/1045/1045
f 999/998/998 1048/1047/1047 1047/1046/1046
f 1000/999/999 1049/1048/1048 1048/1047/1047
f 1001/1000/1000 1050/1049/1049 1049/1048/1048
f 1002/1001/1001 1051/1050/1050 1050/1049/1049
f 1003/1002/1002 1052/1051/1051 1051/1050/1050
f 1004/1003/1003 1053/1052/1052 1052/1051/1051
f 1005/1005/1005 1054/1054/1054 1053/1052/1052
f 1005/1005/1005 1006/1004/1004 1055/1053/1053
f 1006/1004/1004 1007/1006/1006 1056/1055/1055
f 1007/1006/1006 1008/1007/1007 1057/1056/1056
f 1008/1007/1007 1009/1008/1008 1058/1057/1057
f 1009/1008/1008 1010/1009/1009 1059/1058/1058
f 1010/1009/1009 1011/1010/1010 1060/1059/1059
f 1011/1010/1010 1012/1011/1011 1061/1060/1060
f 1012/1011/1011 1013/1012/1012 1062/1061/1061
f 1013/1012/1012 1014/1013/1013 1063/1062/1062
f 1014/1013/1013 1015/1014/1014 1064/1063/1063
f 1015/1014/1014 1016/1015/1015 1065/1064/1064
f 1016/1015/1015 1017/1016/1016 1066/1065/1065
f 1017/1016/1016 1018/1017/1017 1067/1066/1066
f 1018/1017/1017 1019/1018/1018 1068/1067/1067
f 1019/1018/1018 1020/1019/1019 1069/1068/1068
f 1020/1019/1019 1021/1020/1020 1070/1069/1069
f 1021/1020/1020 1022/1021/1021 1071/1070/1070
f 1022/1021/1021 1023/1022/1022 1072/1071/1071
f 1023/1022/1022 1024/1023/1023 1073/1072/1072
f 1024/1023/1023 1025/1024/1024 1074/1073/1073
f 1025/1024/1024 1026/1025/1025 1075/1074/1074
f 1026/1025/1025 1027/1026/1026 1076/1075/1075
f 1027/1026/1026 1028/1027/1027 1077/1076/1076
f 1028/1027/1027 1029/1028/1028 1078/1077/1077
f 1031/1030/1030 1080/1079/1079 1079/1078/1078
f 1032/1031/1031 1081/1080/1080 1080/1079/1079
f 1033/1032/1032 1082/1081/1081 1081/1080/1080
f 1034/1033/1033 1083/1082/1082 1082/1081/1081
f 1035/1034/1034 1084/1083/1083 1083/1082/1082
f 1036/1035/1035 1085/1084/1084 1084/1083/1083
f 1037/1036/1036 1086/1085/1085 1085/1084/1084
f 1038/1037/1037 1087/1086/1086 1086/1085/1085
f 1039/1038/1038 1088/1087/1087 1087/1086/1086
f 1040/1039/1039 1089/1088/1088 1088/1087/1087
f 1041/1040/1040 1090/1089/1089 1089/1088/1088
f 1042/1041/1041 1091/1090/1090 1090/1089/1089
f 1043/1042/1042 1092/1091/1091 1091/1090/1090
f 1044/1043/1043 1093/1092/1092 1092/1091/1091
f 1045/1044/1044 1094/1093/1093 1093/1092/1092
f 1046/1045/1045 1095/1094/1094 1094/1093/1093
f 1047/1046/1046 1096/1095/1095 1095/1094/1094
f 1048/1047/1047 1097/1096/1096 1096/1095/1095
f 1049/1048/1048 1098/1097/1097 1097/1096/1096
f 1050/1049/1049 1099/1098/1098 1098/1097/1097
f 1051/1050/1050 1100/1099/1099 1099/1098/1098
f 1052/1051/1051 1101/1100/1100 1100/1099/1099
f 1053/1052/1052 1102/1101/1101 1101/1100/1100
f 1054/1054/1054 1103/1103/1103 1102/1101/1101
f 1054/1054/1054 1055/1053/1053 1104/1102/1102
f 1055/1053/1053 1056/1055/1055 1105/1104/1104
f 1056/1055/1055 1057/1056/1056 1106/1105/1105
f 1057/1056/1056 1058/1057/1057 1107/1106/1106
f 1058/1057/1057 1059/1058/1058 1108/1107/1107
f 1059/1058/1058 1060/1059/1059 1109/1108/1108
f 1060/1059/1059 1061/1060/1060 1110/1109/1109
f 1061/1060/1060 1062/1061/1061 1111/1110/1110
f 1062/1061/1061 1063/1062/1062 1112/1111/1111
f 1063/1062/1062 1064/1063/1063 1113/1112/1112
f 1064/1063/1063 1065/1064/1064 1114/1113/1113
f 1065/1064/1064 1066/1065/1065 1115/1114/1114
f 1066/1065/1065 1067/1066/1066 1116/1115/1115
f 1067/1066/1066 1068/1067/1067 1117/1116/1116
f 1068/1067/1067 1069/1068/1068 1118/1117/1117
f 1069/1068/1068 1070/1069/1069 1119/1118/1118
f 1070/1069/1069 1071/1070/1070 1120/1119/1119
f 1071/1070/1070 1072/1071/1071 1121/1120/1120
f 1072/1071/1071 1073/1072/1072 1122/1121/1121
f 1073/1072/1072 1074/1073/1073 1123/1122/1122
f 1074/1073/1073 1075/1074/1074 1124/1123/1123
f 1075/1074/1074 1076/1075/1075 1125/1124/1124
f 1076/1075/1075 1077/1076/1076 1126/1125/1125
f 1077/1076/1076 1078/1077/1077 1127/1126/1126
f 1080/1079/1079 1129/1128/1128 1128/1127/1127
f 1081/1080/1080 1130/1129/1129 1129/1128/1128
f 1082/1081/1081 1131/1130/1130 1130/1129/1129
f 1083/1082/1082 1132/1131/1131 1131/1130/1130
f 1084/1083/1083 1133/1132/1132 1132/1131/1131
f 1085/1084/1084 1134/1133/1133 1133/1132/1132
f 1086/1085/1085 1135/1134/1134 1134/1133/1133
f 1087/1086/1086 1136/1135/1135 1135/1134/1134
f 1088/1087/1087 1137/1136/1136 1136/1135/1135
f 1089/1088/1088 1138/1137/1137 1137/1136/1136
f 1090/1089/1089 1139/1138/1138 1138/1137/1137
f 1091/1090/1090 1140/1139/1139 1139/1138/1138
f 1092/1091/1091 1141/1140/1140 1140/1139/1139
f 1093/1092/1092 1142/1141/1141 1141/1140/1140
f 1094/1093/1093 1143/1142/1142 1142/1141/1141
f 1095/1094/1094 1144/1143/1143 1143/1142/1142
f 1096/1095/1095 1145/1144/1144 1144/1143/1143
f 1097/1096/1096 1146/1145/1145 1145/1144/1144
f 1098/1097/1097 1147/1146/1146 1146/1145/1145
f 1099/1098/1098 1148/1147/1147 1147/1146/1146
f 1100/1099/1099 1149/1148/1148 1148/1147/1147
f 1101/1100/1100 1150/1149/1149 1149/1148/1148
f 1102/1101/1101 1151/1150/1150 1150/1149/1149
f 1103/1103/1103 1152/1152/1152 1151/1150/1150
f 1103/1103/1103 1104/1102/1102 1153/1151/1151
f 1104/1102/1102 1105/1104/1104 1154/1153/1153
f 1105/1104/1104 1106/1105/1105 1155/1154/1154
f 1106/1105/1105 1107/1106/1106 1156/1155/1155
f 1107/1106/1106 1108/1107/1107 1157/1156/1156
f 1108/1107/1107 1109/1108/1108 1158/1157/1157
f 1109/1108/1108 1110/1109/1109 1159/1158/1158
f 1110/1109/1109 1111/1110/1110 1160/1159/1159
f 1111/1110/1110 1112/1111/1111 1161/1160/1160
f 1112/1111/1111 1113/1112/1112 1162/1161/1161
f 1113/1112/1112 1114/1113/1113 1163/1162/1162
f 1114/1113/1113 1115/1114/1114 1164/1163/1163
f 1115/1114/1114 1116/1115/1115 1165/1164/1164
f 1116/1115/1115 1117/1116/1116 1166/1165/1165
f 1117/1116/1116 1118/1117/1117 1167/1166/1166
f 1118/1117/1117 1119/1118/1118 1168/1167/1167
f 1119/1118/1118 1120/1119/1119 1169/1168/1168
f 1120/1119/1119 1121/1120/1120 1170/1169/1169
f 1121/1120/1120 1122/1121/1121 1171/1170/1170
f 1122/1121/1121 1123/1122/1122 1172/1171/1171
f 1123/1122/1122 1124/1123/1123 1173/1172/1172
f 1124/1123/1123 1125/1124/1124 1174/1173/1173
f 1125/1124/1124 1126/1125/1125 1175/1174/1174
f 1126/1125/1125 1127/1126/1126 1176/1175/1175
f 1129/1128/1128 1178/1177/1177 1177/1176/1176
f 1130/1129/1129 1179/1178/1178 1178/1177/1177
f 1131/1130/1130 1180/1179/1179 1179/1178/1178
f 1132/1131/1131 1181/1180/1180 1180/1179/1179
f 1133/1132/1132 1182/1181/1181 1181/1180/1180
f 1134/1133/1133 1183/1182/1182 1182/1181/1181
f 1135/1134/1134 1184/1183/1183 1183/1182/1182
f 1136/1135/1135 1185/1184/1184 1184/1183/1183
f 1137/1136/1136 1186/1185/1185 1185/1184/1184
f 1138/1137/1137 1187/1186/1186 1186/1185/1185
f 1139/1138/1138 1188/1187/1187 1187/1186/1186
f 1140/1139/1139 1189/1188/1188 1188/1187/1187
f 1141/1140/1140 1190/1189/1189 1189/1188/1188
f 1142/1141/1141 1191/1190/1190 1190/1189/1189
f 1143/1142/1142 1192/1191/1191 1191/1190/1190
f 1144/1143/1143 1193/1192/1192 1192/1191/1191
f 1145/1144/1144 1194/1193/1193 1193/1192/1192
f 1146/1145/1145 1195/1194/1194 1194/1193/1193
f 1147/1146/1146 1196/1195/1195 1195/1194/1194
f 1148/1147/1147 1197/1196/1196 1196/1195/1195
f 1149/1148/1148 1198/1197/1197 1197/1196/1196
f 1150/1149/1149 1199/1198/1198 1198/1197/1197
f 1151/1150/1150 1200/1199/1199 1199/1198/1198
f 1152/1152/1152 1201/1201/1201 1200/1199/1199
f 1152/1152/1152 1153/1151/1151 1202/1200/1200
f 1153/1151/1151 1154/1153/1153 1203/1202/1202
f 1154/1153/1153 1155/1154/1154 1204/1203/1203
f 1155/1154/1154 1156/1155/1155 1205/1204/1204
f 1156/1155/1155 1157/1156/1156 1206/1205/1205
f 1157/1156/1156 1158/1157/1157 1207/1206/1206
f 1158/1157/1157 1159/1158/1158 1208/1207/1207
f 1159/1158/1158 1160/1159/1159 1209/1208/1208
f 1160/1159/1159 1161/1160/1160 1210/1209/1209
f 1161/1160/1160 1162/1161/1161 1211/1210/1210
f 1162/1161/1161 1163/1162/1162 1212/1211/1211
f 1163/1162/1162 1164/1163/1163 1213/1212/1212
f 1164/1163/1163 1165/1164/1164 1214/1213/1213
f 1165/1164/1164 1166/1165/1165 1215/1214/1214
f 1166/1165/1165 1167/1166/1166 1216/1215/1215
f 1167/1166/1166 1168/1167/1167 1217/1216/1216
f 1168/1167/1167 1169/1168/1168 1218/1217/1217
f 1169/1168/1168 1170/1169/1169 1219/1218/1218
f 1170/1169/1169 1171/1170/1170 1220/1219/1219
f 1171/1170/1170 1172/1171/1171 1221/1220/1220
f 1172/1171/1171 1173/1172/1172 1222/1221/1221
f 1173/1172/1172 1174/1173/1173 1223/1222/1222
f 1174/1173/1173 1175/1174/1174 1224/1223/1223
f 1175/1174/1174 1176/1175/1175 1225/1224/1224
f 1178/1177/1177 1227/1226/1226 1226/1225/1225
f 1179/1178/1178 1228/1227/1227 1227/1226/1226
f 1180/1179/1179 1229/1228/1228 1228/1227/1227
f 1181/1180/1180 1230/1229/1229 1229/1228/1228
f 1182/1181/1181 1231/1230/1230 1230/1229/1229
f 1183/1182/1182 1232/1231/1231 1231/1230/1230
f 1184/1183/1183 1233/1232/1232 1232/1231/1231
f 1185/1184/1184 1234/1233/1233 1233/1232/1232
f 1186/1185/1185 1235/1234/1234 1234/1233/1233
f 1187/1186/1186 1236/1235/1235 1235/1234/1234
f 1188/1187/1187 1237/1236/1236 1236/1235/1235
f 1189/1188/1188 1238/1237/1237 1237/1236/1236
f 1190/1189/1189 1239/1238/1238 1238/1237/1237
f 1191/1190/1190 1240/1239/1239 1239/1238/1238
f 1192/1191/1191 1241/1240/1240 1240/1239/1239
f 1193/1192/1192 1242/1241/1241 1241/1240/1240
f 1194/1193/1193 1243/1242/1242 1242/1241/1241
f 1195/1194/1194 1244/1243/1243 1243/1242/1242
f 1196/1195/1195 1245/1244/1244 1244/1243/1243
f 1197/1196/1196 1246/1245/1245 1245/1244/1244
f 1198/1197/1197 1247/1246/1246 1246/1245/1245
f 1199/1198/1198 1248/1247/1247 1247/1246/1246
f 1200/1199/1199 1249/1248/1248 1248/1247/1247
f 1201/1201/1201 1250/1250/1250 1249/1248/1248
f 1201/1201/1201 1202/1200/1200 1251/1249/1249
f 1202/1200/1200 1203/1202/1202 1252/1251/1251
f 1203/1202/1202 1204/1203/1203 1253/1252/1252
f 1204/1203/1203 1205/1204/1204 1254/1253/1253
f 1205/1204/1204 1206/1205/1205 1255/1254/1254
f 1206/1205/1205 1207/1206/1206 1256/1255/1255
f 1207/1206/1206 1208/1207/1207 1257/1256/1256
f 1208/1207/1207 1209/1208/1208 1258/1257/1257
f 1209/1208/1208 1210/1209/1209 1259/1258/1258
f 1210/1209/1209 1211/1210/1210 1260/1259/1259
f 1211/1210/1210 1212/1211/1211 1261/1260/1260
f 1212/1211/1211 1213/1212/1212 1262/1261/1261
f 1213/1212/1212 1214/1213/1213 1263/1262/1262
f 1214/1213/1213 1215/1214/1214 1264/1263/1263
f 1215/1214/1214 1216/1215/1215 1265/1264/1264
f 1216/1215/1215 1217/1216/1216 1266/1265/1265
f 1217/1216/1216 1218/1217/1217 1267/1266/1266
f 1218/1217/1217 1219/1218/1218 1268/1267/1267
f 1219/1218/1218 1220/1219/1219 1269/1268/1268
f 1220/1219/1219 1221/1220/1220 1270/1269/1269
f 1221/1220/1220 1222/1221/1221 1271/1270/1270
f 1222/1221/1221 1223/1222/1222 1272/1271/1271
f 1223/1222/1222 1224/1223/1223 1273/1272/1272
f 1224/1223/1223 1225/1224/1224 1274/1273/1273
f 1227/1226/1226 1276/1275/1275 1275/1274/1274
f 1228/1227/1227 1277/1276/1276 1276/1275/1275
f 1229/1228/1228 1278/1277/1277 1277/1276/1276
f 1230/1229/1229 1279/1278/1278 1278/1277/1277
f 1231/1230/1230 1280/1279/1279 1279/1278/1278
f 1232/1231/1231 1281/1280/1280 1280/1279/1279
f 1233/1232/1232 1282/1281/1281 1281/1280/1280
f 1234/1233/1233 1283/1282/1282 1282/1281/1281
f 1235/1234/1234 1284/1283/1283 1283/1282/1282
f 1236/1235/1235 1285/1284/1284 1284/1283/1283
f 1237/1236/1236 1286/1285/1285 1285/1284/1284
f 1238/1237/1237 1287/1286/1286 1286/1285/1285
f 1239/1238/1238 1288/1287/1287 1287/1286/1286
f 1240/1239/1239 1289/1288/1288 1288/1287/1287
f 1241/1240/1240 1290/1289/1289 1289/1288/1288
f 1242/1241/1241 1291/1290/1290 1290/1289/1289
f 1243/1242/1242 1292/1291/1291 1291/1290/1290
f 1244/1243/1243 1293/1292/1292 1292/1291/1291
f 1245/1244/1244 1294/1293/1293 1293/1292/1292
f 1246/1245/1245 1295/1294/1294 1294/1293/1293
f 1247/1246/1246 1296/1295/1295 1295/1294/1294
f 1248/1247/1247 1297/1296/1296 1296/1295/1295
f 1249/1248/1248 1298/1297/1297 1297/1296/1296
f 1250/1250/1250 1299/1299/1299 1298/1297/1297
f 1250/1250/1250 1251/1249/1249 1300/1298/1298
f 1251/1249/1249 1252/1251/1251 1301/1300/1300
f 1252/1251/1251 1253/1252/1252 1302/1301/1301
f 1253/1252/1252 1254/1253/1253 1303/1302/1302
f 1254/1253/1253 1255/1254/1254 1304/1303/1303
f 1255/1254/1254 1256/1255/1255 1305/1304/1304
f 1256/1255/1255 1257/1256/1256 1306/1305/1305
f 1257/1256/1256 1258/1257/1257 1307/1306/1306
f 1258/1257/1257 1259/1258/1258 1308/1307/1307
f 1259/1258/1258 1260/1259/1259 1309/1308/1308
f 1260/1259/1259 1261/1260/1260 1310/1309/1309
f 1261/1260/1260 1262/1261/1261 1311/1310/1310
f 1262/1261/1261 1263/1262/1262 1312/1311/1311
f 1263/1262/1262 1264/1263/1263 1313/1312/1312
f 1264/1263/1263 1265/1264/1264 1314/1313/1313
f 1265/1264/1264 1266/1265/1265 1315/1314/1314
f 1266/1265/1265 1267/1266/1266 1316/1315/1315
f 1267/1266/1266 1268/1267/1267 1317/1316/1316
f 1268/1267/1267 1269/1268/1268 1318/1317/1317
f 1269/1268/1268 1270/1269/1269 1319/1318/1318
f 1270/1269/1269 1271/1270/1270 1320/1319/1319
f 1271/1270/1270 1272/1271/1271 1321/1320/1320
f 1272/1271/1271 1273/1272/1272 1322/1321/1321
f 1273/1272/1272 1274/1273/1273 1323/1322/1322
f 1276/1275/1275 1325/1324/1324 1324/1323/1323
f 1277/1276/1276 1326/1325/1325 1325/1324/1324
f 1278/1277/1277 1327/1326/1326 1326/1325/1325
f 1279/1278/1278 1328/1327/1327 1327/1326/1326
f 1280/1279/1279 1329/1328/1328 1328/1327/1327
f 1281/1280/1280 1330/1329/1329 1329/1328/1328
f 1282/1281/1281 1331/1330/1330 1330/1329/1329
f 1283/1282/1282 1332/1331/1331 1331/1330/1330
f 1284/1283/1283 1333/1332/1332 1332/1331/1331
f 1285/1284/1284 1334/1333/1333 1333/1332/1332
f 1286/1285/1285 1335/1334/1334 1334/1333/1333
f 1287/1286/1286 1336/1335/1335 1335/1334/1334
f 1288/1287/1287 1337/1336/1336 1336/1335/1335
f 1289/1288/1288 1338/1337/1337 1337/1336/1336
f 1290/1289/1289 1339/1338/1338 1338/1337/1337
f 1291/1290/1290 1340/1339/1339 1339/1338/1338
f 1292/1291/1291 1341/1340/1340 1340/1339/1339
f 1293/1292/1292 1342/1341/1341 1341/1340/1340
f 1294/1293/1293 1343/1342/1342 1342/1341/1341
f 1295/1294/1294 1344/1343/1343 1343/1342/1342
f 1296/1295/1295 1345/1344/1344 1344/1343/1343
f 1297/1296/1296 1346/1345/1345 1345/1344/1344
f 1298/1297/1297 1347/1346/1346 1346/1345/1345
f 1299/1299/1299 1348/1348/1348 1347/1346/1346
f 1299/1299/1299 1300/1298/1298 1349/1347/1347
f 1300/1298/1298 1301/1300/1300 1350/1349/1349
f 1301/1300/1300 1302/1301/1301 1351/1350/1350
f 1302/1301/1301 1303/1302/1302 1352/1351/1351
f 1303/1302/1302 1304/1303/1303 1353/1352/1352
f 1304/1303/1303 1305/1304/1304 1354/1353/1353
f 1305/1304/1304 1306/1305/1305 1355/1354/1354
f 1306/1305/1305 1307/1306/1306 1356/1355/1355
f 1307/1306/1306 1308/1307/1307 1357/1356/1356
f 1308/1307/1307 1309/1308/1308 1358/1357/1357
f 1309/1308/1308 1310/1309/1309 1359/1358/1358
f 1310/1309/1309 1311/1310/1310 1360/1359/1359
f 1311/1310/1310 1312/1311/1311 1361/1360/1360
f 1312/1311/1311 1313/1312/1312 1362/1361/1361
f 1313/1312/1312 1314/1313/1313 1363/1362/1362
f 1314/1313/1313 1315/1314/1314 1364/1363/1363
f 1315/1314/1314 1316/1315/1315 1365/1364/1364
f 1316/1315/1315 1317/1316/1316 1366/1365/1365
f 1317/1316/1316 1318/1317/1317 1367/1366/1366
f 1318/1317/1317 1319/1318/1318 1368/1367/1367
f 1319/1318/1318 1320/1319/1319 1369/1368/1368
f 1320/1319/1319 1321/1320/1320 1370/1369/1369
f 1321/1320/1320 1322/1321/1321 1371/1370/1370
f 1322/1321/1321 1323/1322/1322 1372/1371/1371
f 1325/1324/1324 1374/1373/1373 1373/1372/1372
f 1326/1325/1325 1375/1374/1374 1374/1373/1373
f 1327/1326/1326 1376/1375/1375 1375/1374/1374
f 1328/1327/1327 1377/1376/1376 1376/1375/1375
f 1329/1328/1328 1378/1377/1377 1377/1376/1376
f 1330/1329/1329 1379/1378/1378 1378/1377/1377
f 1331/1330/1330 1380/1379/1379 1379/1378/1378
f 1332/1331/1331 1381/1380/1380 1380/1379/1379
f 1333/1332/1332 1382/1381/1381 1381/1380/1380
f 1334/1333/1333 1383/1382/1382 1382/1381/1381
f 1335/1334/1334 1384/1383/1383 1383/1382/1382
f 1336/1335/1335 1385/1384/1384 1384/1383/1383
f 1337/1336/1336 1386/1385/1385 1385/1384/1384
f 1338/1337/1337 1387/1386/1386 1386/1385/1385
f 1339/1338/1338 1388/1387/1387 1387/1386/1386
f 1340/1339/1339 1389/1388/1388 1388/1387/1387
f 1341/1340/1340 1390/1389/1389 1389/1388/1388
f 1342/1341/1341 1391/1390/1390 1390/1389/1389
f 1343/1342/1342 1392/1391/1391 1391/1390/1390
f 1344/1343/1343 1393/1392/1392 1392/1391/1391
f 1345/1344/1344 1394/1393/1393 1393/1392/1392
f 1346/1345/1345 1395/1394/1394 1394/1393/1393
f 1347/1346/1346 1396/1395/1395 1395/1394/1394
f 1348/1348/1348 1397/1397/1397 1396/1395/1395
f 1348/1348/1348 1349/1347/1347 1398/1396/1396
f 1349/1347/1347 1350/1349/1349 1399/1398/1398
f 1350/1349/1349 1351/1350/1350 1400/1399/1399
f 1351/1350/1350 1352/1351/1351 1401/1400/1400
f 1352/1351/1351 1353/1352/1352 1402/1401/1401
f 1353/1352/1352 1354/1353/1353 1403/1402/1402
f 1354/1353/1353 1355/1354/1354 1404/1403/1403
f 1355/1354/1354 1356/1355/1355 1405/1404/1404
f 1356/1355/1355 1357/1356/1356 1406/1405/1405
f 1357/1356/1356 1358/1357/1357 1407/1406/1406
f 1358/1357/1357 1359/1358/1358 1408/1407/1407
f 1359/1358/1358 1360/1359/1359 1409/1408/1408
f 1360/1359/1359 1361/1360/1360 1410/1409/1409
f 1361/1360/1360 1362/1361/1361 1411/1410/1410
f 1362/1361/1361 1363/1362/1362 1412/1411/1411
f 1363/1362/1362 1364/1363/1363 1413/1412/1412
f 1364/1363/1363 1365/1364/1364 1414/1413/1413
f 1365/1364/1364 1366/1365/1365 1415/1414/1414
f 1366/1365/1365 1367/1366/1366 1416/1415/1415
f 1367/1366/1366 1368/1367/1367 1417/1416/1416
f 1368/1367/1367 1369/1368/1368 1418/1417/1417
f 1369/1368/1368 1370/1369/1369 1419/1418/1418
f 1370/1369/1369 1371/1370/1370 1420/1419/1419
f 1371/1370/1370 1372/1371/1371 1421/1420/1420
f 1373/1372/1372 1374/1373/1373 1423/1421/1421
f 1374/1373/1373 1375/1374/1374 1424/1423/1423
f 1375/1374/1374 1376/1375/1375 1425/1424/1424
f 1376/1375/1375 1377/1376/1376 1426/1425/1425
f 1377/1376/1376 1378/1377/1377 1427/1426/1426
f 1378/1377/1377 1379/1378/1378 1428/1427/1427
f 1379/1378/1378 1380/1379/1379 1429/1428/1428
f 1380/1379/1379 1381/1380/1380 1430/1429/1429
f 1381/1380/1380 1382/1381/1381 1431/1430/1430
f 1382/1381/1381 1383/1382/1382 1432/1431/1431
f 1383/1382/1382 1384/1383/1383 1433/1432/1432
f 1384/1383/1383 1385/1384/1384 1434/1433/1433
f 1385/1384/1384 1386/1385/1385 1435/1434/1434
f 1386/1385/1385 1387/1386/1386 1436/1435/1435
f 1387/1386/1386 1388/1387/1387 1437/1436/1436
f 1388/1387/1387 1389/1388/1388 1438/1437/1437
f 1389/1388/1388 1390/1389/1389 1439/1438/1438
f 1390/1389/1389 1391/1390/1390 1440/1439/1439
f 1391/1390/1390 1392/1391/1391 1441/1440/1440
f 1392/1391/1391 1393/1392/1392 1442/1441/1441
f 1393/1392/1392 1394/1393/1393 1443/1442/1442
f 1394/1393/1393 1395/1394/1394 1444/1443/1443
f 1395/1394/1394 1396/1395/1395 1445/1444/1444
f 1396/1395/1395 1397/1397/1397 1446/1445/1445
f 1398/1396/1396 1447/1446/1446 1446/1445/1445
f 1399/1398/1398 1448/1447/1447 1447/1446/1446
f 1400/1399/1399 1449/1448/1448 1448/1447/1447
f 1401/1400/1400 1450/1449/1449 1449/1448/1448
f 1402/1401/1401 1451/1450/1450 1450/1449/1449
f 1403/1402/1402 1452/1451/1451 1451/1450/1450
f 1404/1403/1403 1453/1452/1452 1452/1451/1451
f 1405/1404/1404 1454/1453/1453 1453/1452/1452
f 1406/1405/1405 1455/1454/1454 1454/1453/1453
f 1407/1406/1406 1456/1455/1455 1455/1454/1454
f 1408/1407/1407 1457/1456/1456 1456/1455/1455
f 1409/1408/1408 1458/1457/1457 1457/1456/1456
f 1410/1409/1409 1459/1458/1458 1458/1457/1457
f 1411/1410/1410 1460/1459/1459 1459/1458/1458
f 1412/1411/1411 1461/1460/1460 1460/1459/1459
f 1413/1412/1412 1462/1461/1461 1461/1460/1460
f 1414/1413/1413 1463/1462/1462 1462/1461/1461
f 1415/1414/1414 1464/1463/1463 1463/1462/1462
f 1416/1415/1415 1465/1464/1464 1464/1463/1463
f 1417/1416/1416 1466/1465/1465 1465/1464/1464
f 1418/1417/1417 1467/1466/1466 1466/1465/1465
f 1419/1418/1418 1468/1467/1467 1467/1466/1466
f 1420/1419/1419 1469/1468/1468 1468/1467/1467
f 1421/1420/1420 1470/1516/1516 1469/1468/1468
f 1422/1422/1422 1423/1421/1421 1472/1469/1469
f 1423/1421/1421 1424/1423/1423 1473/1471/1471
f 1424/1423/1423 1425/1424/1424 1474/1472/1472
f 1425/1424/1424 1426/1425/1425 1475/1473/1473
f 1426/1425/1425 1427/1426/1426 1476/1474/1474
f 1427/1426/1426 1428/1427/1427 1477/1475/1475
f 1428/1427/1427 1429/1428/1428 1478/1476/1476
f 1429/1428/1428 1430/1429/1429 1479/1477/1477
f 1430/1429/1429 1431/1430/1430 1480/1478/1478
f 1431/1430/1430 1432/1431/1431 1481/1479/1479
f 1432/1431/1431 1433/1432/1432 1482/1480/1480
f 1433/1432/1432 1434/1433/1433 1483/1481/1481
f 1434/1433/1433 1435/1434/1434 1484/1482/1482
f 1435/1434/1434 1436/1435/1435 1485/1483/1483
f 1436/1435/1435 1437/1436/1436 1486/1484/1484
f 1437/1436/1436 1438/1437/1437 1487/1485/1485
f 1438/1437/1437 1439/1438/1438 1488/1486/1486
f 1439/1438/1438 1440/1439/1439 1489/1487/1487
f 1440/1439/1439 1441/1440/1440 1490/1488/1488
f 1441/1440/1440 1442/1441/1441 1491/1489/1489
f 1442/1441/1441 1443/1442/1442 1492/1490/1490
f 1443/1442/1442 1444/1443/1443 1493/1491/1491
f 1444/1443/1443 1445/1444/1444 1494/1492/1492
f 1445/1444/1444 1446/1445/1445 1495/1493/1493
f 1447/1446/1446 1496/1494/1494 1495/1493/1493
f 1448/1447/1447 1497/1495/1495 1496/1494/1494
f 1449/1448/1448 1498/1496/1496 1497/1495/1495
f 1450/1449/1449 1499/1497/1497 1498/1496/1496
f 1451/1450/1450 1500/1498/1498 1499/1497/1497
f 1452/1451/1451 1501/1499/1499 1500/1498/1498
f 1453/1452/1452 1502/1500/1500 1501/1499/1499
f 1454/1453/1453 1503/1501/1501 1502/1500/1500
f 1455/1454/1454 1504/1502/1502 1503/1501/1501
f 1456/1455/1455 1505/1503/1503 1504/1502/1502
f 1457/1456/1456 1506/1504/1504 1505/1503/1503
f 1458/1457/1457 1507/1505/1505 1506/1504/1504
f 1459/1458/1458 1508/1506/1506 1507/1505/1505
f 1460/1459/1459 1509/1507/1507 1508/1506/1506
f 1461/1460/1460 1510/1508/1508 1509/1507/1507
f 1462/1461/1461 1511/1509/1509 1510/1508/1508
f 1463/1462/1462 1512/1510/1510 1511/1509/1509
f 1464/1463/1463 1513/1511/1511 1512/1510/1510
f 1465/1464/1464 1514/1512/1512 1513/1511/1511
f 1466/1465/1465 1515/1513/1513 1514/1512/1512
f 1467/1466/1466 1516/1514/1514 1515/1513/1513
f 1468/1467/1467 1517/1515/1515 1516/1514/1514
f 1469/1468/1468 1518/1517/1517 1517/1515/1515
f 1470/1516/1516 1519/1565/1565 1518/1517/1517
f 1471/1470/1470 1472/1469/1469 1521/1518/1518
f 1472/1469/1469 1473/1471/1471 1522/1520/1520
f 1473/1471/1471 1474/1472/1472 1523/1521/1521
f 1474/1472/1472 1475/1473/1473 1524/1522/1522
f 1475/1473/1473 1476/1474/1474 1525/1523/1523
f 1476/1474/1474 1477/1475/1475 1526/1524/1524
f 1477/1475/1475 1478/1476/1476 1527/1525/1525
f 1478/1476/1476 1479/1477/1477 1528/1526/1526
f 1479/1477/1477 1480/1478/1478 1529/1527/1527
f 1480/1478/1478 1481/1479/1479 1530/1528/1528
f 1481/1479/1479 1482/1480/1480 1531/1529/1529
f 1482/1480/1480 1483/1481/1481 1532/1530/1530
f 1483/1481/1481 1484/1482/1482 1533/1531/1531
f 1484/1482/1482 1485/1483/1483 1534/1532/1532
f 1485/1483/1483 1486/1484/1484 1535/1533/1533
f 1486/1484/1484 1487/1485/1485 1536/1534/1534
f 1487/1485/1485 1488/1486/1486 1537/1535/1535
f 1488/1486/1486 1489/1487/1487 1538/1536/1536
f 1489/1487/1487 1490/1488/1488 1539/1537/1537
f 1490/1488/1488 1491/1489/1489 1540/1538/1538
f 1491/1489/1489 1492/1490/1490 1541/1539/1539
f 1492/1490/1490 1493/1491/1491 1542/1540/1540
f 1493/1491/1491 1494/1492/1492 1543/1541/1541
f 1494/1492/1492 1495/1493/1493 1544/1542/1542
f 1496/1494/1494 1545/1543/1543 1544/1542/1542
f 1497/1495/1495 1546/1544/1544 1545/1543/1543
f 1498/1496/1496 1547/1545/1545 1546/1544/1544
f 1499/1497/1497 1548/1546/1546 1547/1545/1545
f 1500/1498/1498 1549/1547/1547 1548/1546/1546
f 1501/1499/1499 1550/1548/1548 1549/1547/1547
f 1502/1500/1500 1551/1549/1549 1550/1548/1548
f 1503/1501/1501 1552/1550/1550 1551/1549/1549
f 1504/1502/1502 1553/1551/1551 1552/1550/1550
f 1505/1503/1503 1554/1552/1552 1553/1551/1551
f 1506/1504/1504 1555/1553/1553 1554/1552/1552
f 1507/1505/1505 1556/1554/1554 1555/1553/1553
f 1508/1506/1506 1557/1555/1555 1556/1554/1554
f 1509/1507/1507 1558/1556/1556 1557/1555/1555
f 1510/1508/1508 1559/1557/1557 1558/1556/1556
f 1511/1509/1509 1560/1558/1558 1559/1557/1557
f 1512/1510/1510 1561/1559/1559 1560/1558/1558
f 1513/1511/1511 1562/1560/1560 1561/1559/1559
f 1514/1512/1512 1563/1561/1561 1562/1560/1560
f 1515/1513/1513 1564/1562/1562 1563/1561/1561
f 1516/1514/1514 1565/1563/1563 1564/1562/1562
f 1517/1515/1515 1566/1564/1564 1565/1563/1563
f 1518/1517/1517 1567/1566/1566 1566/1564/1564
f 1519/1565/1565 1568/1614/1614 1567/1566/1566
f 1520/1519/1519 1521/1518/1518 1570/1567/1567
f 1521/1518/1518 1522/1520/1520 1571/1569/1569
f 1522/1520/1520 1523/1521/1521 1572/1570/1570
f 1523/1521/1521 1524/1522/1522 1573/1571/1571
f 1524/1522/1522 1525/1523/1523 1574/1572/1572
f 1525/1523/1523 1526/1524/1524 1575/1573/1573
f 1526/1524/1524 1527/1525/1525 1576/1574/1574
f 1527/1525/1525 1528/1526/1526 1577/1575/1575
f 1528/1526/1526 1529/1527/1527 1578/1576/1576
f 1529/1527/1527 1530/1528/1528 1579/1577/1577
f 1530/1528/1528 1531/1529/1529 1580/1578/1578
f 1531/1529/1529 1532/1530/1530 1581/1579/1579
f 1532/1530/1530 1533/1531/1531 1582/1580/1580
f 1533/1531/1531 1534/1532/1532 1583/1581/1581
f 1534/1532/1532 1535/1533/1533 1584/1582/1582
f 1535/1533/1533 1536/1534/1534 1585/1583/1583
f 1536/1534/1534 1537/1535/1535 1586/1584/1584
f 1537/1535/1535 1538/1536/1536 1587/1585/1585
f 1538/1536/1536 1539/1537/1537 1588/1586/1586
f 1539/1537/1537 1540/1538/1538 1589/1587/1587
f 1540/1538/1538 1541/1539/1539 1590/1588/1588
f 1541/1539/1539 1542/1540/1540 1591/1589/1589
f 1542/1540/1540 1543/1541/1541 1592/1590/1590
f 1543/1541/1541 1544/1542/1542 1593/1591/1591
f 1545/1543/1543 1594/1592/1592 1593/1591/1591
f 1546/1544/1544 1595/1593/1593 1594/1592/1592
f 1547/1545/1545 1596/1594/1594 1595/1593/1593
f 1548/1546/1546 1597/1595/1595 1596/1594/1594
f 1549/1547/1547 1598/1596/1596 1597/1595/1595
f 1550/1548/1548 1599/1597/1597 1598/1596/1596
f 1551/1549/1549 1600/1598/1598 1599/1597/1597
f 1552/1550/1550 1601/1599/1599 1600/1598/1598
f 1553/1551/1551 1602/1600/1600 1601/1599/1599
f 1554/1552/1552 1603/1601/1601 1602/1600/1600
f 1555/1553/1553 1604/1602/1602 1603/1601/1601
f 1556/1554/1554 1605/1603/1603 1604/1602/1602
f 1557/1555/1555 1606/1604/1604 1605/1603/1603
f 1558/1556/1556 1607/1605/1605 1606/1604/1604
f 1559/1557/1557 1608/1606/1606 1607/1605/1605
f 1560/1558/1558 1609/1607/1607 1608/1606/1606
f 1561/1559/1559 1610/1608/1608 1609/1607/1607
f 1562/1560/1560 1611/1609/1609 1610/1608/1608
f 1563/1561/1561 1612/1610/1610 1611/1609/1609
f 1564/1562/1562 1613/1611/1611 1612/1610/1610
f 1565/1563/1563 1614/1612/1612 1613/1611/1611
f 1566/1564/1564 1615/1613/1613 1614/1612/1612
f 1567/1566/1566 1616/1615/1615 1615/1613/1613
f 1568/1614/1614 1617/1663/1663 1616/1615/1615
f 1569/1568/1568 1570/1567/1567 1619/1616/1616
f 1570/1567/1567 1571/1569/1569 1620/1618/1618
f 1571/1569/1569 1572/1570/1570 1621/1619/1619
f 1572/1570/1570 1573/1571/1571 1622/1620/1620
f 1573/1571/1571 1574/1572/1572 1623/1621/1621
f 1574/1572/1572 1575/1573/1573 1624/1622/1622
f 1575/1573/1573 1576/1574/1574 1625/1623/1623
f 1576/1574/1574 1577/1575/1575 1626/1624/1624
f 1577/1575/1575 1578/1576/1576 1627/1625/1625
f 1578/1576/1576 1579/1577/1577 1628/1626/1626
f 1579/1577/1577 1580/1578/1578 1629/1627/1627
f 1580/1578/1578 1581/1579/1579 1630/1628/1628
f 1581/1579/1579 1582/1580/1580 1631/1629/1629
f 1582/1580/1580 1583/1581/1581 1632/1630/1630
f 1583/1581/1581 1584/1582/1582 1633/1631/1631
f 1584/1582/1582 1585/1583/1583 1634/1632/1632
f 1585/1583/1583 1586/1584/1584 1635/1633/1633
f 1586/1584/1584 1587/1585/1585 1636/1634/1634
f 1587/1585/1585 1588/1586/1586 1637/1635/1635
f 1588/1586/1586 1589/1587/1587 1638/1636/1636
f 1589/1587/1587 1590/1588/1588 1639/1637/1637
f 1590/1588/1588 1591/1589/1589 1640/1638/1638
f 1591/1589/1589 1592/1590/1590 1641/1639/1639
f 1592/1590/1590 1593/1591/1591 1642/1640/1640
f 1594/1592/1592 1643/1641/1641 1642/1640/1640
f 1595/1593/1593 1644/1642/1642 1643/1641/1641
f 1596/1594/1594 1645/1643/1643 1644/1642/1642
f 1597/1595/1595 1646/1644/1644 1645/1643/1643
f 1598/1596/1596 1647/1645/1645 1646/1644/1644
f 1599/1597/1597 1648/1646/1646 1647/1645/1645
f 1600/1598/1598 1649/1647/1647 1648/1646/1646
f 1601/1599/1599 1650/1648/1648 1649/1647/1647
f 1602/1600/1600 1651/1649/1649 1650/1648/1648
f 1603/1601/1601 1652/1650/1650 1651/1649/1649
f 1604/1602/1602 1653/1651/1651 1652/1650/1650
f 1605/1603/1603 1654/1652/1652 1653/1651/1651
f 1606/1604/1604 1655/1653/1653 1654/1652/1652
f 1607/1605/1605 1656/1654/1654 1655/1653/1653
f 1608/1606/1606 1657/1655/1655 1656/1654/1654
f 1609/1607/1607 1658/1656/1656 1657/1655/1655
f 1610/1608/1608 1659/1657/1657 1658/1656/1656
f 1611/1609/1609 1660/1658/1658 1659/1657/1657
f 1612/1610/1610 1661/1659/1659 1660/1658/1658
f 1613/1611/1611 1662/1660/1660 1661/1659/1659
f 1614/1612/1612 1663/1661/1661 1662/1660/1660
f 1615/1613/1613 1664/1662/1662 1663/1661/1661
f 1616/1615/1615 1665/1664/1664 1664/1662/1662
f 1617/1663/1663 1666/1712/1712 1665/1664/1664
f 1618/1617/1617 1619/1616/1616 1668/1665/1665
f 1619/1616/1616 1620/1618/1618 1669/1667/1667
f 1620/1618/1618 1621/1619/1619 1670/1668/1668
f 1621/1619/1619 1622/1620/1620 1671/1669/1669
f 1622/1620/1620 1623/1621/1621 1672/1670/1670
f 1623/1621/1621 1624/1622/1622 1673/1671/1671
f 1624/1622/1622 1625/1623/1623 1674/1672/1672
f 1625/1623/1623 1626/1624/1624 1675/1673/1673
f 1626/1624/1624 1627/1625/1625 1676/1674/1674
f 1627/1625/1625 1628/1626/1626 1677/1675/1675
f 1628/1626/1626 1629/1627/1627 1678/1676/1676
f 1629/1627/1627 1630/1628/1628 1679/1677/1677
f 1630/1628/1628 1631/1629/1629 1680/1678/1678
f 1631/1629/1629 1632/1630/1630 1681/1679/1679
f 1632/1630/1630 1633/1631/1631 1682/1680/1680
f 1633/1631/1631 1634/1632/1632 1683/1681/1681
f 1634/1632/1632 1635/1633/1633 1684/1682/1682
f 1635/1633/1633 1636/1634/1634 1685/1683/1683
f 1636/1634/1634 1637/1635/1635 1686/1684/1684
f 1637/1635/1635 1638/1636/1636 1687/1685/1685
f 1638/1636/1636 1639/1637/1637 1688/1686/1686
f 1639/1637/1637 1640/1638/1638 1689/1687/1687
f 1640/1638/1638 1641/1639/1639 1690/1688/1688
f 1641/1639/1639 1642/1640/1640 1691/1689/1689
f 1643/1641/1641 1692/1690/1690 1691/1689/1689
f 1644/1642/1642 1693/1691/1691 1692/1690/1690
f 1645/1643/1643 1694/1692/1692 1693/1691/1691
f 1646/1644/1644 1695/1693/1693 1694/1692/1692
f 1647/1645/1645 1696/1694/1694 1695/1693/1693
f 1648/1646/1646 1697/1695/1695 1696/1694/1694
f 1649/1647/1647 1698/1696/1696 1697/1695/1695
f 1650/1648/1648 1699/1697/1697 1698/1696/1696
f 1651/1649/1649 1700/1698/1698 1699/1697/1697
f 1652/1650/1650 1701/1699/1699 1700/1698/1698
f 1653/1651/1651 1702/1700/1700 1701/1699/1699
f 1654/1652/1652 1703/1701/1701 1702/1700/1700
f 1655/1653/1653 1704/1702/1702 1703/1701/1701
f 1656/1654/1654 1705/1703/1703 1704/1702/1702
f 1657/1655/1655 1706/1704/1704 1705/1703/1703
f 1658/1656/1656 1707/1705/1705 1706/1704/1704
f 1659/1657/1657 1708/1706/1706 1707/1705/1705
f 1660/1658/1658 1709/1707/1707 1708/1706/1706
f 1661/1659/1659 1710/1708/1708 1709/1707/1707
f 1662/1660/1660 1711/1709/1709 1710/1708/1708
f 1663/1661/1661 1712/1710/1710 1711/1709/1709
f 1664/1662/1662 1713/1711/1711 1712/1710/1710
f 1665/1664/1664 1714/1713/1713 1713/1711/1711
f 1666/1712/1712 1715/1761/1761 1714/1713/1713
f 1667/1666/1666 1668/1665/1665 1717/1714/1714
f 1668/1665/1665 1669/1667/1667 1718/1716/1716
f 1669/1667/1667 1670/1668/1668 1719/1717/1717
f 1670/1668/1668 1671/1669/1669 1720/1718/1718
f 1671/1669/1669 1672/1670/1670 1721/1719/1719
f 1672/1670/1670 1673/1671/1671 1722/1720/1720
f 1673/1671/1671 1674/1672/1672 1723/1721/1721
f 1674/1672/1672 1675/1673/1673 1724/1722/1722
f 1675/1673/1673 1676/1674/1674 1725/1723/1723
f 1676/1674/1674 1677/1675/1675 1726/1724/1724
f 1677/1675/1675 1678/1676/1676 1727/1725/1725
f 1678/1676/1676 1679/1677/1677 1728/1726/1726
f 1679/1677/1677 1680/1678/1678 1729/1727/1727
f 1680/1678/1678 1681/1679/1679 1730/1728/1728
f 1681/1679/1679 1682/1680/1680 1731/1729/1729
f 1682/1680/1680 1683/1681/1681 1732/1730/1730
f 1683/1681/1681 1684/1682/1682 1733/1731/1731
f 1684/1682/1682 1685/1683/1683 1734/1732/1732
f 1685/1683/1683 1686/1684/1684 1735/1733/1733
f 1686/1684/1684 1687/1685/1685 1736/1734/1734
f 1687/1685/1685 1688/1686/1686 1737/1735/1735
f 1688/1686/1686 1689/1687/1687 1738/1736/1736
f 1689/1687/1687 1690/1688/1688 1739/1737/1737
f 1690/1688/1688 1691/1689/1689 1740/1738/1738
f 1692/1690/1690 1741/1739/1739 1740/1738/1738
f 1693/1691/1691 1742/1740/1740 1741/1739/1739
f 1694/1692/1692 1743/1741/1741 1742/1740/1740
f 1695/1693/1693 1744/1742/1742 1743/1741/1741
f 1696/1694/1694 1745/1743/1743 1744/1742/1742
f 1697/1695/1695 1746/1744/1744 1745/1743/1743
f 1698/1696/1696 1747/1745/1745 1746/1744/1744
f 1699/1697/1697 1748/1746/1746 1747/1745/1745
f 1700/1698/1698 1749/1747/1747 1748/1746/1746
f 1701/1699/1699 1750/1748/1748 1749/1747/1747
f 1702/1700/1700 1751/1749/1749 1750/1748/1748
f 1703/1701/1701 1752/1750/1750 1751/1749/1749
f 1704/1702/1702 1753/1751/1751 1752/1750/1750
f 1705/1703/1703 1754/1752/1752 1753/1751/1751
f 1706/1704/1704 1755/1753/1753 1754/1752/1752
f 1707/1705/1705 1756/1754/1754 1755/1753/1753
f 1708/1706/1706 1757/1755/1755 1756/1754/1754
f 1709/1707/1707 1758/1756/1756 1757/1755/1755
f 1710/1708/1708 1759/1757/1757 1758/1756/1756
f 1711/1709/1709 1760/1758/1758 1759/1757/1757
f 1712/1710/1710 1761/1759/1759 1760/1758/1758
f 1713/1711/1711 1762/1760/1760 1761/1759/1759
f 1714/1713/1713 1763/1762/1762 1762/1760/1760
f 1715/1761/1761 1764/1810/1810 1763/1762/1762
f 1716/1715/1715 1717/1714/1714 1766/1763/1763
f 1717/1714/1714 1718/1716/1716 1767/1765/1765
f 1718/1716/1716 1719/1717/1717 1768/1766/1766
f 1719/1717/1717 1720/1718/1718 1769/1767/1767
f 1720/1718/1718 1721/1719/1719 1770/1768/1768
f 1721/1719/1719 1722/1720/1720 1771/1769/1769
f 1722/1720/1720 1723/1721/1721 1772/1770/1770
f 1723/1721/1721 1724/1722/1722 1773/1771/1771
f 1724/1722/1722 1725/1723/1723 1774/1772/1772
f 1725/1723/1723 1726/1724/1724 1775/1773/1773
f 1726/1724/1724 1727/1725/1725 1776/1774/1774
f 1727/1725/1725 1728/1726/1726 1777/1775/1775
f 1728/1726/1726 1729/1727/1727 1778/1776/1776
f 1729/1727/1727 1730/1728/1728 1779/1777/1777
f 1730/1728/1728 1731/1729/1729 1780/1778/1778
f 1731/1729/1729 1732/1730/1730 1781/1779/1779
f 1732/1730/1730 1733/1731/1731 1782/1780/1780
f 1733/1731/1731 1734/1732/1732 1783/1781/1781
f 1734/1732/1732 1735/1733/1733 1784/1782/1782
f 1735/1733/1733 1736/1734/1734 1785/1783/1783
f 1736/1734/1734 1737/1735/1735 1786/1784/1784
f 1737/1735/1735 1738/1736/1736 1787/1785/1785
f 1738/1736/1736 1739/1737/1737 1788/1786/1786
f 1739/1737/1737 1740/1738/1738 1789/1787/1787
f 1741/1739/1739 1790/1788/1788 1789/1787/1787
f 1742/1740/1740 1791/1789/1789 1790/1788/1788
f 1743/1741/1741 1792/1790/1790 1791/1789/1789
f 1744/1742/1742 1793/1791/1791 1792/1790/1790
f 1745/1743/1743 1794/1792/1792 1793/1791/1791
f 1746/1744/1744 1795/1793/1793 1794/1792/1792
f 1747/1745/1745 1796/1794/1794 1795/1793/1793
f 1748/1746/1746 1797/1795/1795 1796/1794/1794
f 1749/1747/1747 1798/1796/1796 1797/1795/1795
f 1750/1748/1748 1799/1797/1797 1798/1796/1796
f 1751/1749/1749 1800/1798/1798 1799/1797/1797
f 1752/1750/1750 1801/1799/1799 1800/1798/1798
f 1753/1751/1751 1802/1800/1800 1801/1799/1799
f 1754/1752/1752 1803/1801/1801 1802/1800/1800
f 1755/1753/1753 1804/1802/1802 1803/1801/1801
f 1756/1754/1754 1805/1803/1803 1804/1802/1802
f 1757/1755/1755 1806/1804/1804 1805/1803/1803
f 1758/1756/1756 1807/1805/1805 1806/1804/1804
f 1759/1757/1757 1808/1806/1806 1807/1805/1805
f 1760/1758/1758 1809/1807/1807 1808/1806/1806
f 1761/1759/1759 1810/1808/1808 1809/1807/1807
f 1762/1760/1760 1811/1809/1809 1810/1808/1808
f 1763/1762/1762 1812/1811/1811 1811/1809/1809
f 1764/1810/1810 1813/1859/1859 1812/1811/1811
f 1765/1764/1764 1766/1763/1763 1815/1812/1812
f 1766/1763/1763 1767/1765/1765 1816/1814/1814
f 1767/1765/1765 1768/1766/1766 1817/1815/1815
f 1768/1766/1766 1769/1767/1767 1818/1816/1816
f 1769/1767/1767 1770/1768/1768 1819/1817/1817
f 1770/1768/1768 1771/1769/1769 1820/1818/1818
f 1771/1769/1769 1772/1770/1770 1821/1819/1819
f 1772/1770/1770 1773/1771/1771 1822/1820/1820
f 1773/1771/1771 1774/1772/1772 1823/1821/1821
f 1774/1772/1772 1775/1773/1773 1824/1822/1822
f 1775/1773/1773 1776/1774/1774 1825/1823/1823
f 1776/1774/1774 1777/1775/1775 1826/1824/1824
f 1777/1775/1775 1778/1776/1776 1827/1825/1825
f 1778/1776/1776 1779/1777/1777 1828/1826/1826
f 1779/1777/1777 1780/1778/1778 1829/1827/1827
f 1780/1778/1778 1781/1779/1779 1830/1828/1828
f 1781/1779/1779 1782/1780/1780 1831/1829/1829
f 1782/1780/1780 1783/1781/1781 1832/1830/1830
f 1783/1781/1781 1784/1782/1782 1833/1831/1831
f 1784/1782/1782 1785/1783/1783 1834/1832/1832
f 1785/1783/1783 1786/1784/1784 1835/1833/1833
f 1786/1784/1784 1787/1785/1785 1836/1834/1834
f 1787/1785/1785 1788/1786/1786 1837/1835/1835
f 1788/1786/1786 1789/1787/1787 1838/1836/1836
f 1790/1788/1788 1839/1837/1837 1838/1836/1836
f 1791/1789/1789 1840/1838/1838 1839/1837/1837
f 1792/1790/1790 1841/1839/1839 1840/1838/1838
f 1793/1791/1791 1842/1840/1840 1841/1839/1839
f 1794/1792/1792 1843/1841/1841 1842/1840/1840
f 1795/1793/1793 1844/1842/1842 1843/1841/1841
f 1796/1794/1794 1845/1843/1843 1844/1842/1842
f 1797/1795/1795 1846/1844/1844 1845/1843/1843
f 1798/1796/1796 1847/1845/1845 1846/1844/1844
f 1799/1797/1797 1848/1846/1846 1847/1845/1845
f 1800/1798/1798 1849/1847/1847 1848/1846/1846
f 1801/1799/1799 1850/1848/1848 1849/1847/1847
f 1802/1800/1800 1851/1849/1849 1850/1848/1848
f 1803/1801/1801 1852/1850/1850 1851/1849/1849
f 1804/1802/1802 1853/1851/1851 1852/1850/1850
f 1805/1803/1803 1854/1852/1852 1853/1851/1851
f 1806/1804/1804 1855/1853/1853 1854/1852/1852
f 1807/1805/1805 1856/1854/1854 1855/1853/1853
f 1808/1806/1806 1857/1855/1855 1856/1854/1854
f 1809/1807/1807 1858/1856/1856 1857/1855/1855
f 1810/1808/1808 1859/1857/1857 1858/1856/1856
f 1811/1809/1809 1860/1858/1858 1859/1857/1857
f 1812/1811/1811 1861/1860/1860 1860/1858/1858
f 1813/1859/1859 1862/1908/1908 1861/1860/1860
f 1814/1813/1813 1815/1812/1812 1864/1861/1861
f 1815/1812/1812 1816/1814/1814 1865/1863/1863
f 1816/1814/1814 1817/1815/1815 1866/1864/1864
f 1817/1815/1815 1818/1816/1816 1867/1865/1865
f 1818/1816/1816 1819/1817/1817 1868/1866/1866
f 1819/1817/1817 1820/1818/1818 1869/1867/1867
f 1820/1818/1818 1821/1819/1819 1870/1868/1868
f 1821/1819/1819 1822/1820/1820 1871/1869/1869
f 1822/1820/1820 1823/1821/1821 1872/1870/1870
f 1823/1821/1821 1824/1822/1822 1873/1871/1871
f 1824/1822/1822 1825/1823/1823 1874/1872/1872
f 1825/1823/1823 1826/1824/1824 1875/1873/1873
f 1826/1824/1824 1827/1825/1825 1876/1874/1874
f 1827/1825/1825 1828/1826/1826 1877/1875/1875
f 1828/1826/1826 1829/1827/1827 1878/1876/1876
f 1829/1827/1827 1830/1828/1828 1879/1877/1877
f 1830/1828/1828 1831/1829/1829 1880/1878/1878
f 1831/1829/1829 1832/1830/1830 1881/1879/1879
f 1832/1830/1830 1833/1831/1831 1882/1880/1880
f 1833/1831/1831 1834/1832/1832 1883/1881/1881
f 1834/1832/1832 1835/1833/1833 1884/1882/1882
f 1835/1833/1833 1836/1834/1834 1885/1883/1883
f 1836/1834/1834 1837/1835/1835 1886/1884/1884
f 1837/1835/1835 1838/1836/1836 1887/1885/1885
f 1839/1837/1837 1888/1886/1886 1887/1885/1885
f 1840/1838/1838 1889/1887/1887 1888/1886/1886
f 1841/1839/1839 1890/1888/1888 1889/1887/1887
f 1842/1840/1840 1891/1889/1889 1890/1888/1888
f 1843/1841/1841 1892/1890/1890 1891/1889/1889
f 1844/1842/1842 1893/1891/1891 1892/1890/1890
f 1845/1843/1843 1894/1892/1892 1893/1891/1891
f 1846/1844/1844 1895/1893/1893 1894/1892/1892
f 1847/1845/1845 1896/1894/1894 1895/1893/1893
f 1848/1846/1846 1897/1895/1895 1896/1894/1894
f 1849/1847/1847 1898/1896/1896 1897/1895/1895
f 1850/1848/1848 1899/1897/1897 1898/1896/1896
f 1851/1849/1849 1900/1898/1898 1899/1897/1897
f 1852/1850/1850 1901/1899/1899 1900/1898/1898
f 1853/1851/1851 1902/1900/1900 1901/1899/1899
f 1854/1852/1852 1903/1901/1901 1902/1900/1900
f 1855/1853/1853 1904/1902/1902 1903/1901/1901
f 1856/1854/1854 1905/1903/1903 1904/1902/1902
f 1857/1855/1855 1906/1904/1904 1905/1903/1903
f 1858/1856/1856 1907/1905/1905 1906/1904/1904
f 1859/1857/1857 1908/1906/1906 1907/1905/1905
f 1860/1858/1858 1909/1907/1907 1908/1906/1906
f 1861/1860/1860 1910/1909/1909 1909/1907/1907
f 1862/1908/1908 1911/1957/1957 1910/1909/1909
f 1863/1862/1862 1864/1861/1861 1913/1910/1910
f 1864/1861/1861 1865/1863/1863 1914/1912/1912
f 1865/1863/1863 1866/1864/1864 1915/1913/1913
f 1866/1864/1864 1867/1865/1865 1916/1914/1914
f 1867/1865/1865 1868/1866/1866 1917/1915/1915
f 1868/1866/1866 1869/1867/1867 1918/1916/1916
f 1869/1867/1867 1870/1868/1868 1919/1917/1917
f 1870/1868/1868 1871/1869/1869 1920/1918/1918
f 1871/1869/1869 1872/1870/1870 1921/1919/1919
f 1872/1870/1870 1873/1871/1871 1922/1920/1920
f 1873/1871/1871 1874/1872/1872 1923/1921/1921
f 1874/1872/1872 1875/1873/1873 1924/1922/1922
f 1875/1873/1873 1876/1874/1874 1925/1923/1923
f 1876/1874/1874 1877/1875/1875 1926/1924/1924
f 1877/1875/1875 1878/1876/1876 1927/1925/1925
f 1878/1876/1876 1879/1877/1877 1928/1926/1926
f 1879/1877/1877 1880/1878/1878 1929/1927/1927
f 1880/1878/1878 1881/1879/1879 1930/1928/1928
f 1881/1879/1879 1882/1880/1880 1931/1929/1929
f 1882/1880/1880 1883/1881/1881 1932/1930/1930
f 1883/1881/1881 1884/1882/1882 1933/1931/1931
f 1884/1882/1882 1885/1883/1883 1934/1932/1932
f 1885/1883/1883 1886/1884/1884 1935/1933/1933
f 1886/1884/1884 1887/1885/1885 1936/1934/1934
f 1888/1886/1886 1937/1935/1935 1936/1934/1934
f 1889/1887/1887 1938/1936/1936 1937/1935/1935
f 1890/1888/1888 1939/1937/1937 1938/1936/1936
f 1891/1889/1889 1940/1938/1938 1939/1937/1937
f 1892/1890/1890 1941/1939/1939 1940/1938/1938
f 1893/1891/1891 1942/1940/1940 1941/1939/1939
f 1894/1892/1892 1943/1941/1941 1942/1940/1940
f 1895/1893/1893 1944/1942/1942 1943/1941/1941
f 1896/1894/1894 1945/1943/1943 1944/1942/1942
f 1897/1895/1895 1946/1944/1944 1945/1943/1943
f 1898/1896/1896 1947/1945/1945 1946/1944/1944
f 1899/1897/1897 1948/1946/1946 1947/1945/1945
f 1900/1898/1898 1949/1947/1947 1948/1946/1946
f 1901/1899/1899 1950/1948/1948 1949/1947/1947
f 1902/1900/1900 1951/1949/1949 1950/1948/1948
f 1903/1901/1901 1952/1950/1950 1951/1949/1949
f 1904/1902/1902 1953/1951/1951 1952/1950/1950
f 1905/1903/1903 1954/1952/1952 1953/1951/1951
f 1906/1904/1904 1955/1953/1953 1954/1952/1952
f 1907/1905/1905 1956/1954/1954 1955/1953/1953
f 1908/1906/1906 1957/1955/1955 1956/1954/1954
f 1909/1907/1907 1958/1956/1956 1957/1955/1955
f 1910/1909/1909 1959/1958/1958 1958/1956/1956
f 1911/1957/1957 1960/2006/2006 1959/1958/1958
f 1912/1911/1911 1913/1910/1910 1962/1959/1959
f 1913/1910/1910 1914/1912/1912 1963/1961/1961
f 1914/1912/1912 1915/1913/1913 1964/1962/1962
f 1915/1913/1913 1916/1914/1914 1965/1963/1963
f 1916/1914/1914 1917/1915/1915 1966/1964/1964
f 1917/1915/1915 1918/1916/1916 1967/1965/1965
f 1918/1916/1916 1919/1917/1917 1968/1966/1966
f 1919/1917/1917 1920/1918/1918 1969/1967/1967
f 1920/1918/1918 1921/1919/1919 1970/1968/1968
f 1921/1919/1919 1922/1920/1920 1971/1969/1969
f 1922/1920/1920 1923/1921/1921 1972/1970/1970
f 1923/1921/1921 1924/1922/1922 1973/1971/1971
f 1924/1922/1922 1925/1923/1923 1974/1972/1972
f 1925/1923/1923 1926/1924/1924 1975/1973/1973
f 1926/1924/1924 1927/1925/1925 1976/1974/1974
f 1927/1925/1925 1928/1926/1926 1977/1975/1975
f 1928/1926/1926 1929/1927/1927 1978/1976/1976
f 1929/1927/1927 1930/1928/1928 1979/1977/1977
f 1930/1928/1928 1931/1929/1929 1980/1978/1978
f 1931/1929/1929 1932/1930/1930 1981/1979/1979
f 1932/1930/1930 1933/1931/1931 1982/1980/1980
f 1933/1931/1931 1934/1932/1932 1983/1981/1981
f 1934/1932/1932 1935/1933/1933 1984/1982/1982
f 1935/1933/1933 1936/1934/1934 1985/1983/1983
f 1937/1935/1935 1986/1984/1984 1985/1983/1983
f 1938/1936/1936 1987/1985/1985 1986/1984/1984
f 1939/1937/1937 1988/1986/1986 1987/1985/1985
f 1940/1938/1938 1989/1987/1987 1988/1986/1986
f 1941/1939/1939 1990/1988/1988 1989/1987/1987
f 1942/1940/1940 1991/1989/1989 1990/1988/1988
f 1943/1941/1941 1992/1990/1990 1991/1989/1989
f 1944/1942/1942 1993/1991/1991 1992/1990/1990
f 1945/1943/1943 1994/1992/1992 1993/1991/1991
f 1946/1944/1944 1995/1993/1993 1994/1992/1992
f 1947/1945/1945 1996/1994/1994 1995/1993/1993
f 1948/1946/1946 1997/1995/1995 1996/1994/1994
f 1949/1947/1947 1998/1996/1996 1997/1995/1995
f 1950/1948/1948 1999/1997/1997 1998/1996/1996
f 1951/1949/1949 2000/1998/1998 1999/1997/1997
f 1952/1950/1950 2001/1999/1999 2000/1998/1998
f 1953/1951/1951 2002/2000/2000 2001/1999/1999
f 1954/1952/1952 2003/2001/2001 2002/2000/2000
f 1955/1953/1953 2004/2002/2002 2003/2001/2001
f 1956/1954/1954 2005/2003/2003 2004/2002/2002
f 1957/1955/1955 2006/2004/2004 2005/2003/2003
f 1958/1956/1956 2007/2005/2005 2006/2004/2004
f 1959/1958/1958 2008/2007/2007 2007/2005/2005
f 1960/2006/2006 2009/2055/2055 2008/2007/2007
f 1961/1960/1960 1962/1959/1959 2011/2008/2008
f 1962/1959/1959 1963/1961/1961 2012/2010/2010
f 1963/1961/1961 1964/1962/1962 2013/2011/2011
f 1964/1962/1962 1965/1963/1963 2014/2012/2012
f 1965/1963/1963 1966/1964/1964 2015/2013/2013
f 1966/1964/1964 1967/1965/1965 2016/2014/2014
f 1967/1965/1965 1968/1966/1966 2017/2015/2015
f 1968/1966/1966 1969/1967/1967 2018/2016/2016
f 1969/1967/1967 1970/1968/1968 2019/2017/2017
f 1970/1968/1968 1971/1969/1969 2020/2018/2018
f 1971/1969/1969 1972/1970/1970 2021/2019/2019
f 1972/1970/1970 1973/1971/1971 2022/2020/2020
f 1973/1971/1971 1974/1972/1972 2023/2021/2021
f 1974/1972/1972 1975/1973/1973 2024/2022/2022
f 1975/1973/1973 1976/1974/1974 2025/2023/2023
f 1976/1974/1974 1977/1975/1975 2026/2024/2024
f 1977/1975/1975 1978/1976/1976 2027/2025/2025
f 1978/1976/1976 1979/1977/1977 2028/2026/2026
f 1979/1977/1977 1980/1978/1978 2029/2027/2027
f 1980/1978/1978 1981/1979/1979 2030/2028/2028
f 1981/1979/1979 1982/1980/1980 2031/2029/2029
f 1982/1980/1980 1983/1981/1981 2032/2030/2030
f 1983/1981/1981 1984/1982/1982 2033/2031/2031
f 1984/1982/1982 1985/1983/1983 2034/2032/2032
f 1986/1984/1984 2035/2033/2033 2034/2032/2032
f 1987/1985/1985 2036/2034/2034 2035/2033/2033
f 1988/1986/1986 2037/2035/2035 2036/2034/2034
f 1989/1987/1987 2038/2036/2036 2037/2035/2035
f 1990/1988/1988 2039/2037/2037 2038/2036/2036
f 1991/1989/1989 2040/2038/2038 2039/2037/2037
f 1992/1990/1990 2041/2039/2039 2040/2038/2038
f 1993/1991/1991 2042/2040/2040 2041/2039/2039
f 1994/1992/1992 2043/2041/2041 2042/2040/2040
f 1995/1993/1993 2044/2042/2042 2043/2041/2041
f 1996/1994/1994 2045/2043/2043 2044/2042/2042
f 1997/1995/1995 2046/2044/2044 2045/2043/2043
f 1998/1996/1996 2047/2045/2045 2046/2044/2044
f 1999/1997/1997 2048/2046/2046 2047/2045/2045
f 2000/1998/1998 2049/2047/2047 2048/2046/2046
f 2001/1999/1999 2050/2048/2048 2049/2047/2047
f 2002/2000/2000 2051/2049/2049 2050/2048/2048
f 2003/2001/2001 2052/2050/2050 2051/2049/2049
f 2004/2002/2002 2053/2051/2051 2052/2050/2050
f 2005/2003/2003 2054/2052/2052 2053/2051/2051
f 2006/2004/2004 2055/2053/2053 2054/2052/2052
f 2007/2005/2005 2056/2054/2054 2055/2053/2053
f 2008/2007/2007 2057/2056/2056 2056/2054/2054
f 2009/2055/2055 2058/2104/2104 2057/2056/2056
f 2010/2009/2009 2011/2008/2008 2060/2057/2057
f 2011/2008/2008 2012/2010/2010 2061/2059/2059
f 2012/2010/2010 2013/2011/2011 2062/2060/2060
f 2013/2011/2011 2014/2012/2012 2063/2061/2061
f 2014/2012/2012 2015/2013/2013 2064/2062/2062
f 2015/2013/2013 2016/2014/2014 2065/2063/2063
f 2016/2014/2014 2017/2015/2015 2066/2064/2064
f 2017/2015/2015 2018/2016/2016 2067/2065/2065
f 2018/2016/2016 2019/2017/2017 2068/2066/2066
f 2019/2017/2017 2020/2018/2018 2069/2067/2067
f 2020/2018/2018 2021/2019/2019 2070/2068/2068
f 2021/2019/2019 2022/2020/2020 2071/2069/2069
f 2022/2020/2020 2023/2021/2021 2072/2070/2070
f 2023/2021/2021 2024/2022/2022 2073/2071/2071
f 2024/2022/2022 2025/2023/2023 2074/2072/2072
f 2025/2023/2023 2026/2024/2024 2075/2073/2073
f 2026/2024/2024 2027/2025/2025 2076/2074/2074
f 2027/2025/2025 2028/2026/2026 2077/2075/2075
f 2028/2026/2026 2029/2027/2027 2078/2076/2076
f 2029/2027/2027 2030/2028/2028 2079/2077/2077
f 2030/2028/2028 2031/2029/2029 2080/2078/2078
f 2031/2029/2029 2032/2030/2030 2081/2079/2079
f 2032/2030/2030 2033/2031/2031 2082/2080/2080
f 2033/2031/2031 2034/2032/2032 2083/2081/2081
f 2035/2033/2033 2084/2082/2082 2083/2081/2081
f 2036/2034/2034 2085/2083/2083 2084/2082/2082
f 2037/2035/2035 2086/2084/2084 2085/2083/2083
f 2038/2036/2036 2087/2085/2085 2086/2084/2084
f 2039/2037/2037 2088/2086/2086 2087/2085/2085
f 2040/2038/2038 2089/2087/2087 2088/2086/2086
f 2041/2039/2039 2090/2088/2088 2089/2087/2087
f 2042/2040/2040 2091/2089/2089 2090/2088/2088
f 2043/2041/2041 2092/2090/2090 2091/2089/2089
f 2044/2042/2042 2093/2091/2091 2092/2090/2090
f 2045/2043/2043 2094/2092/2092 2093/2091/2091
f 2046/2044/2044 2095/2093/2093 2094/2092/2092
f 2047/2045/2045 2096/2094/2094 2095/2093/2093
f 2048/2046/2046 2097/2095/2095 2096/2094/2094
f 2049/2047/2047 2098/2096/2096 2097/2095/2095
f 2050/2048/2048 2099/2097/2097 2098/2096/2096
f 2051/2049/2049 2100/2098/2098 2099/2097/2097
f 2052/2050/2050 2101/2099/2099 2100/2098/2098
f 2053/2051/2051 2102/2100/2100 2101/2099/2099
f 2054/2052/2052 2103/2101/2101 2102/2100/2100
f 2055/2053/2053 2104/2102/2102 2103/2101/2101
f 2056/2054/2054 2105/2103/2103 2104/2102/2102
f 2057/2056/2056 2106/2105/2105 2105/2103/2103
f 2058/2104/2104 2107/2153/2153 2106/2105/2105
f 2059/2058/2058 2060/2057/2057 2109/2106/2106
f 2060/2057/2057 2061/2059/2059 2110/2108/2108
f 2061/2059/2059 2062/2060/2060 2111/2109/2109
f 2062/2060/2060 2063/2061/2061 2112/2110/2110
f 2063/2061/2061 2064/2062/2062 2113/2111/2111
f 2064/2062/2062 2065/2063/2063 2114/2112/2112
f 2065/2063/2063 2066/2064/2064 2115/2113/2113
f 2066/2064/2064 2067/2065/2065 2116/2114/2114
f 2067/2065/2065 2068/2066/2066 2117/2115/2115
f 2068/2066/2066 2069/2067/2067 2118/2116/2116
f 2069/2067/2067 2070/2068/2068 2119/2117/2117
f 2070/2068/2068 2071/2069/2069 2120/2118/2118
f 2071/2069/2069 2072/2070/2070 2121/2119/2119
f 2072/2070/2070 2073/2071/2071 2122/2120/2120
f 2073/2071/2071 2074/2072/2072 2123/2121/2121
f 2074/2072/2072 2075/2073/2073 2124/2122/2122
f 2075/2073/2073 2076/2074/2074 2125/2123/2123
f 2076/2074/2074 2077/2075/2075 2126/2124/2124
f 2077/2075/2075 2078/2076/2076 2127/2125/2125
f 2078/2076/2076 2079/2077/2077 2128/2126/2126
f 2079/2077/2077 2080/2078/2078 2129/2127/2127
f 2080/2078/2078 2081/2079/2079 2130/2128/2128
f 2081/2079/2079 2082/2080/2080 2131/2129/2129
f 2082/2080/2080 2083/2081/2081 2132/2130/2130
f 2084/2082/2082 2133/2131/2131 2132/2130/2130
f 2085/2083/2083 2134/2132/2132 2133/2131/2131
f 2086/2084/2084 2135/2133/2133 2134/2132/2132
f 2087/2085/2085 2136/2134/2134 2135/2133/2133
f 2088/2086/2086 2137/2135/2135 2136/2134/2134
f 2089/2087/2087 2138/2136/2136 2137/2135/2135
f 2090/2088/2088 2139/2137/2137 2138/2136/2136
f 2091/2089/2089 2140/2138/2138 2139/2137/2137
f 2092/2090/2090 2141/2139/2139 2140/2138/2138
f 2093/2091/2091 2142/2140/2140 2141/2139/2139
f 2094/2092/2092 2143/2141/2141 2142/2140/2140
f 2095/2093/2093 2144/2142/2142 2143/2141/2141
f 2096/2094/2094 2145/2143/2143 2144/2142/2142
f 2097/2095/2095 2146/2144/2144 2145/2143/2143
f 2098/2096/2096 2147/2145/2145 2146/2144/2144
f 2099/2097/2097 2148/2146/2146 2147/2145/2145
f 2100/2098/2098 2149/2147/2147 2148/2146/2146
f 2101/2099/2099 2150/2148/2148 2149/2147/2147
f 2102/2100/2100 2151/2149/2149 2150/2148/2148
f 2103/2101/2101 2152/2150/2150 2151/2149/2149
f 2104/2102/2102 2153/2151/2151 2152/2150/2150
f 2105/2103/2103 2154/2152/2152 2153/2151/2151
f 2106/2105/2105 2155/2154/2154 2154/2152/2152
f 2107/2153/2153 2156/2202/2202 2155/2154/2154
f 2108/2107/2107 2109/2106/2106 2158/2155/2155
f 2109/2106/2106 2110/2108/2108 2159/2157/2157
f 2110/2108/2108 2111/2109/2109 2160/2158/2158
f 2111/2109/2109 2112/2110/2110 2161/2159/2159
f 2112/2110/2110 2113/2111/2111 2162/2160/2160
f 2113/2111/2111 2114/2112/2112 2163/2161/2161
f 2114/2112/2112 2115/2113/2113 2164/2162/2162
f 2115/2113/2113 2116/2114/2114 2165/2163/2163
f 2116/2114/2114 2117/2115/2115 2166/2164/2164
f 2117/2115/2115 2118/2116/2116 2167/2165/2165
f 2118/2116/2116 2119/2117/2117 2168/2166/2166
f 2119/2117/2117 2120/2118/2118 2169/2167/2167
f 2120/2118/2118 2121/2119/2119 2170/2168/2168
f 2121/2119/2119 2122/2120/2120 2171/2169/2169
f 2122/2120/2120 2123/2121/2121 2172/2170/2170
f 2123/2121/2121 2124/2122/2122 2173/2171/2171
f 2124/2122/2122 2125/2123/2123 2174/2172/2172
f 2125/2123/2123 2126/2124/2124 2175/2173/2173
f 2126/2124/2124 2127/2125/2125 2176/2174/2174
f 2127/2125/2125 2128/2126/2126 2177/2175/2175
f 2128/2126/2126 2129/2127/2127 2178/2176/2176
f 2129/2127/2127 2130/2128/2128 2179/2177/2177
f 2130/2128/2128 2131/2129/2129 2180/2178/2178
f 2131/2129/2129 2132/2130/2130 2181/2179/2179
f 2133/2131/2131 2182/2180/2180 2181/2179/2179
f 2134/2132/2132 2183/2181/2181 2182/2180/2180
f 2135/2133/2133 2184/2182/2182 2183/2181/2181
f 2136/2134/2134 2185/2183/2183 2184/2182/2182
f 2137/2135/2135 2186/2184/2184 2185/2183/2183
f 2138/2136/2136 2187/2185/2185 2186/2184/2184
f 2139/2137/2137 2188/2186/2186 2187/2185/2185
f 2140/2138/2138 2189/2187/2187 2188/2186/2186
f 2141/2139/2139 2190/2188/2188 2189/2187/2187
f 2142/2140/2140 2191/2189/2189 2190/2188/2188
f 2143/2141/2141 2192/2190/2190 2191/2189/2189
f 2144/2142/2142 2193/2191/2191 2192/2190/2190
f 2145/2143/2143 2194/2192/2192 2193/2191/2191
f 2146/2144/2144 2195/2193/2193 2194/2192/2192
f 2147/2145/2145 2196/2194/2194 2195/2193/2193
f 2148/2146/2146 2197/2195/2195 2196/2194/2194
f 2149/2147/2147 2198/2196/2196 2197/2195/2195
f 2150/2148/2148 2199/2197/2197 2198/2196/2196
f 2151/2149/2149 2200/2198/2198 2199/2197/2197
f 2152/2150/2150 2201/2199/2199 2200/2198/2198
f 2153/2151/2151 2202/2200/2200 2201/2199/2199
f 2154/2152/2152 2203/2201/2201 2202/2200/2200
f 2155/2154/2154 2204/2203/2203 2203/2201/2201
f 2156/2202/2202 2205/2251/2251 2204/2203/2203
f 2157/2156/2156 2158/2155/2155 2207/2204/2204
f 2158/2155/2155 2159/2157/2157 2208/2206/2206
f 2159/2157/2157 2160/2158/2158 2209/2207/2207
f 2160/2158/2158 2161/2159/2159 2210/2208/2208
f 2161/2159/2159 2162/2160/2160 2211/2209/2209
f 2162/2160/2160 2163/2161/2161 2212/2210/2210
f 2163/2161/2161 2164/2162/2162 2213/2211/2211
f 2164/2162/2162 2165/2163/2163 2214/2212/2212
f 2165/2163/2163 2166/2164/2164 2215/2213/2213
f 2166/2164/2164 2167/2165/2165 2216/2214/2214
f 2167/2165/2165 2168/2166/2166 2217/2215/2215
f 2168/2166/2166 2169/2167/2167 2218/2216/2216
f 2169/2167/2167 2170/2168/2168 2219/2217/2217
f 2170/2168/2168 2171/2169/2169 2220/2218/2218
f 2171/2169/2169 2172/2170/2170 2221/2219/2219
f 2172/2170/2170 2173/2171/2171 2222/2220/2220
f 2173/2171/2171 2174/2172/2172 2223/2221/2221
f 2174/2172/2172 2175/2173/2173 2224/2222/2222
f 2175/2173/2173 2176/2174/2174 2225/2223/2223
f 2176/2174/2174 2177/2175/2175 2226/2224/2224
f 2177/2175/2175 2178/2176/2176 2227/2225/2225
f 2178/2176/2176 2179/2177/2177 2228/2226/2226
f 2179/2177/2177 2180/2178/2178 2229/2227/2227
f 2180/2178/2178 2181/2179/2179 2230/2228/2228
f 2182/2180/2180 2231/2229/2229 2230/2228/2228
f 2183/2181/2181 2232/2230/2230 2231/2229/2229
f 2184/2182/2182 2233/2231/2231 2232/2230/2230
f 2185/2183/2183 2234/2232/2232 2233/2231/2231
f 2186/2184/2184 2235/2233/2233 2234/2232/2232
f 2187/2185/2185 2236/2234/2234 2235/2233/2233
f 2188/2186/2186 2237/2235/2235 2236/2234/2234
f 2189/2187/2187 2238/2236/2236 2237/2235/2235
f 2190/2188/2188 2239/2237/2237 2238/2236/2236
f 2191/2189/2189 2240/2238/2238 2239/2237/2237
f 2192/2190/2190 2241/2239/2239 2240/2238/2238
f 2193/2191/2191 2242/2240/2240 2241/2239/2239
f 2194/2192/2192 2243/2241/2241 2242/2240/2240
f 2195/2193/2193 2244/2242/2242 2243/2241/2241
f 2196/2194/2194 2245/2243/2243 2244/2242/2242
f 2197/2195/2195 2246/2244/2244 2245/2243/2243
f 2198/2196/2196 2247/2245/2245 2246/2244/2244
f 2199/2197/2197 2248/2246/2246 2247/2245/2245
f 2200/2198/2198 2249/2247/2247 2248/2246/2246
f 2201/2199/2199 2250/2248/2248 2249/2247/2247
f 2202/2200/2200 2251/2249/2249 2250/2248/2248
f 2203/2201/2201 2252/2250/2250 2251/2249/2249
f 2204/2203/2203 2253/2252/2252 2252/2250/2250
f 2205/2251/2251 2254/2300/2300 2253/2252/2252
f 2206/2205/2205 2207/2204/2204 2256/2253/2253
f 2207/2204/2204 2208/2206/2206 2257/2255/2255
f 2208/2206/2206 2209/2207/2207 2258/2256/2256
f 2209/2207/2207 2210/2208/2208 2259/2257/2257
f 2210/2208/2208 2211/2209/2209 2260/2258/2258
f 2211/2209/2209 2212/2210/2210 2261/2259/2259
f 2212/2210/2210 2213/2211/2211 2262/2260/2260
f 2213/2211/2211 2214/2212/2212 2263/2261/2261
f 2214/2212/2212 2215/2213/2213 2264/2262/2262
f 2215/2213/2213 2216/2214/2214 2265/2263/2263
f 2216/2214/2214 2217/2215/2215 2266/2264/2264
f 2217/2215/2215 2218/2216/2216 2267/2265/2265
f 2218/2216/2216 2219/2217/2217 2268/2266/2266
f 2219/2217/2217 2220/2218/2218 2269/2267/2267
f 2220/2218/2218 2221/2219/2219 2270/2268/2268
f 2221/2219/2219 2222/2220/2220 2271/2269/2269
f 2222/2220/2220 2223/2221/2221 2272/2270/2270
f 2223/2221/2221 2224/2222/2222 2273/2271/2271
f 2224/2222/2222 2225/2223/2223 2274/2272/2272
f 2225/2223/2223 2226/2224/2224 2275/2273/2273
f 2226/2224/2224 2227/2225/2225 2276/2274/2274
f 2227/2225/2225 2228/2226/2226 2277/2275/2275
f 2228/2226/2226 2229/2227/2227 2278/2276/2276
f 2229/2227/2227 2230/2228/2228 2279/2277/2277
f 2231/2229/2229 2280/2278/2278 2279/2277/2277
f 2232/2230/2230 2281/2279/2279 2280/2278/2278
f 2233/2231/2231 2282/2280/2280 2281/2279/2279
f 2234/2232/2232 2283/2281/2281 2282/2280/2280
f 2235/2233/2233 2284/2282/2282 2283/2281/2281
f 2236/2234/2234 2285/2283/2283 2284/2282/2282
f 2237/2235/2235 2286/2284/2284 2285/2283/2283
f 2238/2236/2236 2287/2285/2285 2286/2284/2284
f 2239/2237/2237 2288/2286/2286 2287/2285/2285
f 2240/2238/2238 2289/2287/2287 2288/2286/2286
f 2241/2239/2239 2290/2288/2288 2289/2287/2287
f 2242/2240/2240 2291/2289/2289 2290/2288/2288
f 2243/2241/2241 2292/2290/2290 2291/2289/2289
f 2244/2242/2242 2293/2291/2291 2292/2290/2290
f 2245/2243/2243 2294/2292/2292 2293/2291/2291
f 2246/2244/2244 2295/2293/2293 2294/2292/2292
f 2247/2245/2245 2296/2294/2294 2295/2293/2293
f 2248/2246/2246 2297/2295/2295 2296/2294/2294
f 2249/2247/2247 2298/2296/2296 2297/2295/2295
f 2250/2248/2248 2299/2297/2297 2298/2296/2296
f 2251/2249/2249 2300/2298/2298 2299/2297/2297
f 2252/2250/2250 2301/2299/2299 2300/2298/2298
f 2253/2252/2252 2302/2301/2301 2301/2299/2299
f 2254/2300/2300 2303/2349/2349 2302/2301/2301
f 2255/2254/2254 2256/2253/2253 2305/2302/2302
f 2256/2253/2253 2257/2255/2255 2306/2304/2304
f 2257/2255/2255 2258/2256/2256 2307/2305/2305
f 2258/2256/2256 2259/2257/2257 2308/2306/2306
f 2259/2257/2257 2260/2258/2258 2309/2307/2307
f 2260/2258/2258 2261/2259/2259 2310/2308/2308
f 2261/2259/2259 2262/2260/2260 2311/2309/2309
f 2262/2260/2260 2263/2261/2261 2312/2310/2310
f 2263/2261/2261 2264/2262/2262 2313/2311/2311
f 2264/2262/2262 2265/2263/2263 2314/2312/2312
f 2265/2263/2263 2266/2264/2264 2315/2313/2313
f 2266/2264/2264 2267/2265/2265 2316/2314/2314
f 2267/2265/2265 2268/2266/2266 2317/2315/2315
f 2268/2266/2266 2269/2267/2267 2318/2316/2316
f 2269/2267/2267 2270/2268/2268 2319/2317/2317
f 2270/2268/2268 2271/2269/2269 2320/2318/2318
f 2271/2269/2269 2272/2270/2270 2321/2319/2319
f 2272/2270/2270 2273/2271/2271 2322/2320/2320
f 2273/2271/2271 2274/2272/2272 2323/2321/2321
f 2274/2272/2272 2275/2273/2273 2324/2322/2322
f 2275/2273/2273 2276/2274/2274 2325/2323/2323
f 2276/2274/2274 2277/2275/2275 2326/2324/2324
f 2277/2275/2275 2278/2276/2276 2327/2325/2325
f 2278/2276/2276 2279/2277/2277 2328/2326/2326
f 2280/2278/2278 2329/2327/2327 2328/2326/2326
f 2281/2279/2279 2330/2328/2328 2329/2327/2327
f 2282/2280/2280 2331/2329/2329 2330/2328/2328
f 2283/2281/2281 2332/2330/2330 2331/2329/2329
f 2284/2282/2282 2333/2331/2331 2332/2330/2330
f 2285/2283/2283 2334/2332/2332 2333/2331/2331
f 2286/2284/2284 2335/2333/2333 2334/2332/2332
f 2287/2285/2285 2336/2334/2334 2335/2333/2333
f 2288/2286/2286 2337/2335/2335 2336/2334/2334
f 2289/2287/2287 2338/2336/2336 2337/2335/2335
f 2290/2288/2288 2339/2337/2337 2338/2336/2336
f 2291/2289/2289 2340/2338/2338 2339/2337/2337
f 2292/2290/2290 2341/2339/2339 2340/2338/2338
f 2293/2291/2291 2342/2340/2340 2341/2339/2339
f 2294/2292/2292 2343/2341/2341 2342/2340/2340
f 2295/2293/2293 2344/2342/2342 2343/2341/2341
f 2296/2294/2294 2345/2343/2343 2344/2342/2342
f 2297/2295/2295 2346/2344/2344 2345/2343/2343
f 2298/2296/2296 2347/2345/2345 2346/2344/2344
f 2299/2297/2297 2348/2346/2346 2347/2345/2345
f 2300/2298/2298 2349/2347/2347 2348/2346/2346
f 2301/2299/2299 2350/2348/2348 2349/2347/2347
f 2302/2301/2301 2351/2350/2350 2350/2348/2348
f 2303/2349/2349 2352/2398/2398 2351/2350/2350
f 2304/2303/2303 2305/2302/2302 2354/2351/2351
f 2305/2302/2302 2306/2304/2304 2355/2353/2353
f 2306/2304/2304 2307/2305/2305 2356/2354/2354
f 2307/2305/2305 2308/2306/2306 2357/2355/2355
f 2308/2306/2306 2309/2307/2307 2358/2356/2356
f 2309/2307/2307 2310/2308/2308 2359/2357/2357
f 2310/2308/2308 2311/2309/2309 2360/2358/2358
f 2311/2309/2309 2312/2310/2310 2361/2359/2359
f 2312/2310/2310 2313/2311/2311 2362/2360/2360
f 2313/2311/2311 2314/2312/2312 2363/2361/2361
f 2314/2312/2312 2315/2313/2313 2364/2362/2362
f 2315/2313/2313 2316/2314/2314 2365/2363/2363
f 2316/2314/2314 2317/2315/2315 2366/2364/2364
f 2317/2315/2315 2318/2316/2316 2367/2365/2365
f 2318/2316/2316 2319/2317/2317 2368/2366/2366
f 2319/2317/2317 2320/2318/2318 2369/2367/2367
f 2320/2318/2318 2321/2319/2319 2370/2368/2368
f 2321/2319/2319 2322/2320/2320 2371/2369/2369
f 2322/2320/2320 2323/2321/2321 2372/2370/2370
f 2323/2321/2321 2324/2322/2322 2373/2371/2371
f 2324/2322/2322 2325/2323/2323 2374/2372/2372
f 2325/2323/2323 2326/2324/2324 2375/2373/2373
f 2326/2324/2324 2327/2325/2325 2376/2374/2374
f 2327/2325/2325 2328/2326/2326 2377/2375/2375
f 2329/2327/2327 2378/2376/2376 2377/2375/2375
f 2330/2328/2328 2379/2377/2377 2378/2376/2376
f 2331/2329/2329 2380/2378/2378 2379/2377/2377
f 2332/2330/2330 2381/2379/2379 2380/2378/2378
f 2333/2331/2331 2382/2380/2380 2381/2379/2379
f 2334/2332/2332 2383/2381/2381 2382/2380/2380
f 2335/2333/2333 2384/2382/2382 2383/2381/2381
f 2336/2334/2334 2385/2383/2383 2384/2382/2382
f 2337/2335/2335 2386/2384/2384 2385/2383/2383
f 2338/2336/2336 2387/2385/2385 2386/2384/2384
f 2339/2337/2337 2388/2386/2386 2387/2385/2385
f 2340/2338/2338 2389/2387/2387 2388/2386/2386
f 2341/2339/2339 2390/2388/2388 2389/2387/2387
f 2342/2340/2340 2391/2389/2389 2390/2388/2388
f 2343/2341/2341 2392/2390/2390 2391/2389/2389
f 2344/2342/2342 2393/2391/2391 2392/2390/2390
f 2345/2343/2343 2394/2392/2392 2393/2391/2391
f 2346/2344/2344 2395/2393/2393 2394/2392/2392
f 2347/2345/2345 2396/2394/2394 2395/2393/2393
f 2348/2346/2346 2397/2395/2395 2396/2394/2394
f 2349/2347/2347 2398/2396/2396 2397/2395/2395
f 2350/2348/2348 2399/2397/2397 2398/2396/2396
f 2351/2350/2350 2400/2399/2399 2399/2397/2397
f 2352/2398/2398 2401/2447/2447 2400/2399/2399
f 2353/2352/2352 2354/2351/2351 2403/2400/2400
f 2354/2351/2351 2355/2353/2353 2404/2402/2402
f 2355/2353/2353 2356/2354/2354 2405/2403/2403
f 2356/2354/2354 2357/2355/2355 2406/2404/2404
f 2357/2355/2355 2358/2356/2356 2407/2405/2405
f 2358/2356/2356 2359/2357/2357 2408/2406/2406
f 2359/2357/2357 2360/2358/2358 2409/2407/2407
f 2360/2358/2358 2361/2359/2359 2410/2408/2408
f 2361/2359/2359 2362/2360/2360 2411/2409/2409
f 2362/2360/2360 2363/2361/2361 2412/2410/2410
f 2363/2361/2361 2364/2362/2362 2413/2411/2411
f 2364/2362/2362 2365/2363/2363 2414/2412/2412
f 2365/2363/2363 2366/2364/2364 2415/2413/2413
f 2366/2364/2364 2367/2365/2365 2416/2414/2414
f 2367/2365/2365 2368/2366/2366 2417/2415/2415
f 2368/2366/2366 2369/2367/2367 2418/2416/2416
f 2369/2367/2367 2370/2368/2368 2419/2417/2417
f 2370/2368/2368 2371/2369/2369 2420/2418/2418
f 2371/2369/2369 2372/2370/2370 2421/2419/2419
f 2372/2370/2370 2373/2371/2371 2422/2420/2420
f 2373/2371/2371 2374/2372/2372 2423/2421/2421
f 2374/2372/2372 2375/2373/2373 2424/2422/2422
f 2375/2373/2373 2376/2374/2374 2425/2423/2423
f 2376/2374/2374 2377/2375/2375 2426/2424/2424
f 2378/2376/2376 2427/2425/2425 2426/2424/2424
f 2379/2377/2377 2428/2426/2426 2427/2425/2425
f 2380/2378/2378 2429/2427/2427 2428/2426/2426
f 2381/2379/2379 2430/2428/2428 2429/2427/2427
f 2382/2380/2380 2431/2429/2429 2430/2428/2428
f 2383/2381/2381 2432/2430/2430 2431/2429/2429
f 2384/2382/2382 2433/2431/2431 2432/2430/2430
f 2385/2383/2383 2434/2432/2432 2433/2431/2431
f 2386/2384/2384 2435/2433/2433 2434/2432/2432
f 2387/2385/2385 2436/2434/2434 2435/2433/2433
f 2388/2386/2386 2437/2435/2435 2436/2434/2434
f 2389/2387/2387 2438/2436/2436 2437/2435/2435
f 2390/2388/2388 2439/2437/2437 2438/2436/2436
f 2391/2389/2389 2440/2438/2438 2439/2437/2437
f 2392/2390/2390 2441/2439/2439 2440/2438/2438
f 2393/2391/2391 2442/2440/2440 2441/2439/2439
f 2394/2392/2392 2443/2441/2441 2442/2440/2440
f 2395/2393/2393 2444/2442/2442 2443/2441/2441
f 2396/2394/2394 2445/2443/2443 2444/2442/2442
f 2397/2395/2395 2446/2444/2444 2445/2443/2443
f 2398/2396/2396 2447/2445/2445 2446/2444/2444
f 2399/2397/2397 2448/2446/2446 2447/2445/2445
f 2400/2399/2399 2449/2448/2448 2448/2446/2446
f 2401/2447/2447 2450/2496/2496 2449/2448/2448
f 2402/2401/2401 2403/2400/2400 2452/2449/2449
f 2403/2400/2400 2404/2402/2402 2453/2451/2451
f 2404/2402/2402 2405/2403/2403 2454/2452/2452
f 2405/2403/2403 2406/2404/2404 2455/2453/2453
f 2406/2404/2404 2407/2405/2405 2456/2454/2454
f 2407/2405/2405 2408/2406/2406 2457/2455/2455
f 2408/2406/2406 2409/2407/2407 2458/2456/2456
f 2409/2407/2407 2410/2408/2408 2459/2457/2457
f 2410/2408/2408 2411/2409/2409 2460/2458/2458
f 2411/2409/2409 2412/2410/2410 2461/2459/2459
f 2412/2410/2410 2413/2411/2411 2462/2460/2460
f 2413/2411/2411 2414/2412/2412 2463/2461/2461
f 2414/2412/2412 2415/2413/2413 2464/2462/2462
f 2415/2413/2413 2416/2414/2414 2465/2463/2463
f 2416/2414/2414 2417/2415/2415 2466/2464/2464
f 2417/2415/2415 2418/2416/2416 2467/2465/2465
f 2418/2416/2416 2419/2417/2417 2468/2466/2466
f 2419/2417/2417 2420/2418/2418 2469/2467/2467
f 2420/2418/2418 2421/2419/2419 2470/2468/2468
f 2421/2419/2419 2422/2420/2420 2471/2469/2469
f 2422/2420/2420 2423/2421/2421 2472/2470/2470
f 2423/2421/2421 2424/2422/2422 2473/2471/2471
f 2424/2422/2422 2425/2423/2423 2474/2472/2472
f 2425/2423/2423 2426/2424/2424 2475/2473/2473
f 2427/2425/2425 2476/2474/2474 2475/2473/2473
f 2428/2426/2426 2477/2475/2475 2476/2474/2474
f 2429/2427/2427 2478/2476/2476 2477/2475/2475
f 2430/2428/2428 2479/2477/2477 2478/2476/2476
f 2431/2429/2429 2480/2478/2478 2479/2477/2477
f 2432/2430/2430 2481/2479/2479 2480/2478/2478
f 2433/2431/2431 2482/2480/2480 2481/2479/2479
f 2434/2432/2432 2483/2481/2481 2482/2480/2480
f 2435/2433/2433 2484/2482/2482 2483/2481/2481
f 2436/2434/2434 2485/2483/2483 2484/2482/2482
f 2437/2435/2435 2486/2484/2484 2485/2483/2483
f 2438/2436/2436 2487/2485/2485 2486/2484/2484
f 2439/2437/2437 2488/2486/2486 2487/2485/2485
f 2440/2438/2438 2489/2487/2487 2488/2486/2486
f 2441/2439/2439 2490/2488/2488 2489/2487/2487
f 2442/2440/2440 2491/2489/2489 2490/2488/2488
f 2443/2441/2441 2492/2490/2490 2491/2489/2489
f 2444/2442/2442 2493/2491/2491 2492/2490/2490
f 2445/2443/2443 2494/2492/2492 2493/2491/2491
f 2446/2444/2444 2495/2493/2493 2494/2492/2492
f 2447/2445/2445 2496/2494/2494 2495/2493/2493
f 2448/2446/2446 2497/2495/2495 2496/2494/2494
f 2449/2448/2448 2498/2497/2497 2497/2495/2495
f 2450/2496/2496 2499/2545/2545 2498/2497/2497
f 2451/2450/2450 2452/2449/2449 2501/2498/2498
f 2452/2449/2449 2453/2451/2451 2502/2500/2500
f 2453/2451/2451 2454/2452/2452 2503/2501/2501
f 2454/2452/2452 2455/2453/2453 2504/2502/2502
f 2455/2453/2453 2456/2454/2454 2505/2503/2503
f 2456/2454/2454 2457/2455/2455 2506/2504/2504
f 2457/2455/2455 2458/2456/2456 2507/2505/2505
f 2458/2456/2456 2459/2457/2457 2508/2506/2506
f 2459/2457/2457 2460/2458/2458 2509/2507/2507
f 2460/2458/2458 2461/2459/2459 2510/2508/2508
f 2461/2459/2459 2462/2460/2460 2511/2509/2509
f 2462/2460/2460 2463/2461/2461 2512/2510/2510
f 2463/2461/2461 2464/2462/2462 2513/2511/2511
f 2464/2462/2462 2465/2463/2463 2514/2512/2512
f 2465/2463/2463 2466/2464/2464 2515/2513/2513
f 2466/2464/2464 2467/2465/2465 2516/2514/2514
f 2467/2465/2465 2468/2466/2466 2517/2515/2515
f 2468/2466/2466 2469/2467/2467 2518/2516/2516
f 2469/2467/2467 2470/2468/2468 2519/2517/2517
f 2470/2468/2468 2471/2469/2469 2520/2518/2518
f 2471/2469/2469 2472/2470/2470 2521/2519/2519
f 2472/2470/2470 2473/2471/2471 2522/2520/2520
f 2473/2471/2471 2474/2472/2472 2523/2521/2521
f 2474/2472/2472 2475/2473/2473 2524/2522/2522
f 2476/2474/2474 2525/2523/2523 2524/2522/2522
f 2477/2475/2475 2526/2524/2524 2525/2523/2523
f 2478/2476/2476 2527/2525/2525 2526/2524/2524
f 2479/2477/2477 2528/2526/2526 2527/2525/2525
f 2480/2478/2478 2529/2527/2527 2528/2526/2526
f 2481/2479/2479 2530/2528/2528 2529/2527/2527
f 2482/2480/2480 2531/2529/2529 2530/2528/2528
f 2483/2481/2481 2532/2530/2530 2531/2529/2529
f 2484/2482/2482 2533/2531/2531 2532/2530/2530
f 2485/2483/2483 2534/2532/2532 2533/2531/2531
f 2486/2484/2484 2535/2533/2533 2534/2532/2532
f 2487/2485/2485 2536/2534/2534 2535/2533/2533
f 2488/2486/2486 2537/2535/2535 2536/2534/2534
f 2489/2487/2487 2538/2536/2536 2537/2535/2535
f 2490/2488/2488 2539/2537/2537 2538/2536/2536
f 2491/2489/2489 2540/2538/2538 2539/2537/2537
f 2492/2490/2490 2541/2539/2539 2540/2538/2538
f 2493/2491/2491 2542/2540/2540 2541/2539/2539
f 2494/2492/2492 2543/2541/2541 2542/2540/2540
f 2495/2493/2493 2544/2542/2542 2543/2541/2541
f 2496/2494/2494 2545/2543/2543 2544/2542/2542
f 2497/2495/2495 2546/2544/2544 2545/2543/2543
f 2498/2497/2497 2547/2546/2546 2546/2544/2544
f 2499/2545/2545 2548/2594/2594 2547/2546/2546
f 2500/2499/2499 2501/2498/2498 2550/2547/2547
f 2501/2498/2498 2502/2500/2500 2551/2549/2549
f 2502/2500/2500 2503/2501/2501 2552/2550/2550
f 2503/2501/2501 2504/2502/2502 2553/2551/2551
f 2504/2502/2502 2505/2503/2503 2554/2552/2552
f 2505/2503/2503 2506/2504/2504 2555/2553/2553
f 2506/2504/2504 2507/2505/2505 2556/2554/2554
f 2507/2505/2505 2508/2506/2506 2557/2555/2555
f 2508/2506/2506 2509/2507/2507 2558/2556/2556
f 2509/2507/2507 2510/2508/2508 2559/2557/2557
f 2510/2508/2508 2511/2509/2509 2560/2558/2558
f 2511/2509/2509 2512/2510/2510 2561/2559/2559
f 2512/2510/2510 2513/2511/2511 2562/2560/2560
f 2513/2511/2511 2514/2512/2512 2563/2561/2561
f 2514/2512/2512 2515/2513/2513 2564/2562/2562
f 2515/2513/2513 2516/2514/2514 2565/2563/2563
f 2516/2514/2514 2517/2515/2515 2566/2564/2564
f 2517/2515/2515 2518/2516/2516 2567/2565/2565
f 2518/2516/2516 2519/2517/2517 2568/2566/2566
f 2519/2517/2517 2520/2518/2518 2569/2567/2567
f 2520/2518/2518 2521/2519/2519 2570/2568/2568
f 2521/2519/2519 2522/2520/2520 2571/2569/2569
f 2522/2520/2520 2523/2521/2521 2572/2570/2570
f 2523/2521/2521 2524/2522/2522 2573/2571/2571
f 2525/2523/2523 2574/2572/2572 2573/2571/2571
f 2526/2524/2524 2575/2573/2573 2574/2572/2572
f 2527/2525/2525 2576/2574/2574 2575/2573/2573
f 2528/2526/2526 2577/2575/2575 2576/2574/2574
f 2529/2527/2527 2578/2576/2576 2577/2575/2575
f 2530/2528/2528 2579/2577/2577 2578/2576/2576
f 2531/2529/2529 2580/2578/2578 2579/2577/2577
f 2532/2530/2530 2581/2579/2579 2580/2578/2578
f 2533/2531/2531 2582/2580/2580 2581/2579/2579
f 2534/2532/2532 2583/2581/2581 2582/2580/2580
f 2535/2533/2533 2584/2582/2582 2583/2581/2581
f 2536/2534/2534 2585/2583/2583 2584/2582/2582
f 2537/2535/2535 2586/2584/2584 2585/2583/2583
f 2538/2536/2536 2587/2585/2585 2586/2584/2584
f 2539/2537/2537 2588/2586/2586 2587/2585/2585
f 2540/2538/2538 2589/2587/2587 2588/2586/2586
f 2541/2539/2539 2590/2588/2588 2589/2587/2587
f 2542/2540/2540 2591/2589/2589 2590/2588/2588
f 2543/2541/2541 2592/2590/2590 2591/2589/2589
f 2544/2542/2542 2593/2591/2591 2592/2590/2590
f 2545/2543/2543 2594/2592/2592 2593/2591/2591
f 2546/2544/2544 2595/2593/2593 2594/2592/2592
f 2547/2546/2546 2596/2595/2595 2595/2593/2593
f 2548/2594/2594 2597/2643/2643 2596/2595/2595
f 2549/2548/2548 2550/2547/2547 2599/2596/2596
f 2550/2547/2547 2551/2549/2549 2600/2598/2598
f 2551/2549/2549 2552/2550/2550 2601/2599/2599
f 2552/2550/2550 2553/2551/2551 2602/2600/2600
f 2553/2551/2551 2554/2552/2552 2603/2601/2601
f 2554/2552/2552 2555/2553/2553 2604/2602/2602
f 2555/2553/2553 2556/2554/2554 2605/2603/2603
f 2556/2554/2554 2557/2555/2555 2606/2604/2604
f 2557/2555/2555 2558/2556/2556 2607/2605/2605
f 2558/2556/2556 2559/2557/2557 2608/2606/2606
f 2559/2557/2557 2560/2558/2558 2609/2607/2607
f 2560/2558/2558 2561/2559/2559 2610/2608/2608
f 2561/2559/2559 2562/2560/2560 2611/2609/2609
f 2562/2560/2560 2563/2561/2561 2612/2610/2610
f 2563/2561/2561 2564/2562/2562 2613/2611/2611
f 2564/2562/2562 2565/2563/2563 2614/2612/2612
f 2565/2563/2563 2566/2564/2564 2615/2613/2613
f 2566/2564/2564 2567/2565/2565 2616/2614/2614
f 2567/2565/2565 2568/2566/2566 2617/2615/2615
f 2568/2566/2566 2569/2567/2567 2618/2616/2616
f 2569/2567/2567 2570/2568/2568 2619/2617/2617
f 2570/2568/2568 2571/2569/2569 2620/2618/2618
f 2571/2569/2569 2572/2570/2570 2621/2619/2619
f 2572/2570/2570 2573/2571/2571 2622/2620/2620
f 2574/2572/2572 2623/2621/2621 2622/2620/2620
f 2575/2573/2573 2624/2622/2622 2623/2621/2621
f 2576/2574/2574 2625/2623/2623 2624/2622/2622
f 2577/2575/2575 2626/2624/2624 2625/2623/2623
f 2578/2576/2576 2627/2625/2625 2626/2624/2624
f 2579/2577/2577 2628/2626/2626 2627/2625/2625
f 2580/2578/2578 2629/2627/2627 2628/2626/2626
f 2581/2579/2579 2630/2628/2628 2629/2627/2627
f 2582/2580/2580 2631/2629/2629 2630/2628/2628
f 2583/2581/2581 2632/2630/2630 2631/2629/2629
f 2584/2582/2582 2633/2631/2631 2632/2630/2630
f 2585/2583/2583 2634/2632/2632 2633/2631/2631
f 2586/2584/2584 2635/2633/2633 2634/2632/2632
f 2587/2585/2585 2636/2634/2634 2635/2633/2633
f 2588/2586/2586 2637/2635/2635 2636/2634/2634
f 2589/2587/2587 2638/2636/2636 2637/2635/2635
f 2590/2588/2588 2639/2637/2637 2638/2636/2636
f 2591/2589/2589 2640/2638/2638 2639/2637/2637
f 2592/2590/2590 2641/2639/2639 2640/2638/2638
f 2593/2591/2591 2642/2640/2640 2641/2639/2639
f 2594/2592/2592 2643/2641/2641 2642/2640/2640
f 2595/2593/2593 2644/2642/2642 2643/2641/2641
f 2596/2595/2595 2645/2644/2644 2644/2642/2642
f 2597/2643/2643 2646/2692/2692 2645/2644/2644
f 2598/2597/2597 2599/2596/2596 2648/2645/2645
f 2599/2596/2596 2600/2598/2598 2649/2647/2647
f 2600/2598/2598 2601/2599/2599 2650/2648/2648
f 2601/2599/2599 2602/2600/2600 2651/2649/2649
f 2602/2600/2600 2603/2601/2601 2652/2650/2650
f 2603/2601/2601 2604/2602/2602 2653/2651/2651
f 2604/2602/2602 2605/2603/2603 2654/2652/2652
f 2605/2603/2603 2606/2604/2604 2655/2653/2653
f 2606/2604/2604 2607/2605/2605 2656/2654/2654
f 2607/2605/2605 2608/2606/2606 2657/2655/2655
f 2608/2606/2606 2609/2607/2607 2658/2656/2656
f 2609/2607/2607 2610/2608/2608 2659/2657/2657
f 2610/2608/2608 2611/2609/2609 2660/2658/2658
f 2611/2609/2609 2612/2610/2610 2661/2659/2659
f 2612/2610/2610 2613/2611/2611 2662/2660/2660
f 2613/2611/2611 2614/2612/2612 2663/2661/2661
f 2614/2612/2612 2615/2613/2613 2664/2662/2662
f 2615/2613/2613 2616/2614/2614 2665/2663/2663
f 2616/2614/2614 2617/2615/2615 2666/2664/2664
f 2617/2615/2615 2618/2616/2616 2667/2665/2665
f 2618/2616/2616 2619/2617/2617 2668/2666/2666
f 2619/2617/2617 2620/2618/2618 2669/2667/2667
f 2620/2618/2618 2621/2619/2619 2670/2668/2668
f 2621/2619/2619 2622/2620/2620 2671/2669/2669
f 2623/2621/2621 2672/2670/2670 2671/2669/2669
f 2624/2622/2622 2673/2671/2671 2672/2670/2670
f 2625/2623/2623 2674/2672/2672 2673/2671/2671
f 2626/2624/2624 2675/2673/2673 2674/2672/2672
f 2627/2625/2625 2676/2674/2674 2675/2673/2673
f 2628/2626/2626 2677/2675/2675 2676/2674/2674
f 2629/2627/2627 2678/2676/2676 2677/2675/2675
f 2630/2628/2628 2679/2677/2677 2678/2676/2676
f 2631/2629/2629 2680/2678/2678 2679/2677/2677
f 2632/2630/2630 2681/2679/2679 2680/2678/2678
f 2633/2631/2631 2682/2680/2680 2681/2679/2679
f 2634/2632/2632 2683/2681/2681 2682/2680/2680
f 2635/2633/2633 2684/2682/2682 2683/2681/2681
f 2636/2634/2634 2685/2683/2683 2684/2682/2682
f 2637/2635/2635 2686/2684/2684 2685/2683/2683
f 2638/2636/2636 2687/2685/2685 2686/2684/2684
f 2639/2637/2637 2688/2686/2686 2687/2685/2685
f 2640/2638/2638 2689/2687/2687 2688/2686/2686
f 2641/2639/2639 2690/2688/2688 2689/2687/2687
f 2642/2640/2640 2691/2689/2689 2690/2688/2688
f 2643/2641/2641 2692/2690/2690 2691/2689/2689
f 2644/2642/2642 2693/2691/2691 2692/2690/2690
f 2645/2644/2644 2694/2693/2693 2693/2691/2691
f 2646/2692/2692 2695/2741/2741 2694/2693/2693
f 2647/2646/2646 2648/2645/2645 2697/2694/2694
f 2648/2645/2645 2649/2647/2647 2698/2696/2696
f 2649/2647/2647 2650/2648/2648 2699/2697/2697
f 2650/2648/2648 2651/2649/2649 2700/2698/2698
f 2651/2649/2649 2652/2650/2650 2701/2699/2699
f 2652/2650/2650 2653/2651/2651 2702/2700/2700
f 2653/2651/2651 2654/2652/2652 2703/2701/2701
f 2654/2652/2652 2655/2653/2653 2704/2702/2702
f 2655/2653/2653 2656/2654/2654 2705/2703/2703
f 2656/2654/2654 2657/2655/2655 2706/2704/2704
f 2657/2655/2655 2658/2656/2656 2707/2705/2705
f 2658/2656/2656 2659/2657/2657 2708/2706/2706
f 2659/2657/2657 2660/2658/2658 2709/2707/2707
f 2660/2658/2658 2661/2659/2659 2710/2708/2708
f 2661/2659/2659 2662/2660/2660 2711/2709/2709
f 2662/2660/2660 2663/2661/2661 2712/2710/2710
f 2663/2661/2661 2664/2662/2662 2713/2711/2711
f 2664/2662/2662 2665/2663/2663 2714/2712/2712
f 2665/2663/2663 2666/2664/2664 2715/2713/2713
f 2666/2664/2664 2667/2665/2665 2716/2714/2714
f 2667/2665/2665 2668/2666/2666 2717/2715/2715
f 2668/2666/2666 2669/2667/2667 2718/2716/2716
f 2669/2667/2667 2670/2668/2668 2719/2717/2717
f 2670/2668/2668 2671/2669/2669 2720/2718/2718
f 2672/2670/2670 2721/2719/2719 2720/2718/2718
f 2673/2671/2671 2722/2720/2720 2721/2719/2719
f 2674/2672/2672 2723/2721/2721 2722/2720/2720
f 2675/2673/2673 2724/2722/2722 2723/2721/2721
f 2676/2674/2674 2725/2723/2723 2724/2722/2722
f 2677/2675/2675 2726/2724/2724 2725/2723/2723
f 2678/2676/2676 2727/2725/2725 2726/2724/2724
f 2679/2677/2677 2728/2726/2726 2727/2725/2725
f 2680/2678/2678 2729/2727/2727 2728/2726/2726
f 2681/2679/2679 2730/2728/2728 2729/2727/2727
f 2682/2680/2680 2731/2729/2729 2730/2728/2728
f 2683/2681/2681 2732/2730/2730 2731/2729/2729
f 2684/2682/2682 2733/2731/2731 2732/2730/2730
f 2685/2683/2683 2734/2732/2732 2733/2731/2731
f 2686/2684/2684 2735/2733/2733 2734/2732/2732
f 2687/2685/2685 2736/2734/2734 2735/2733/2733
f 2688/2686/2686 2737/2735/2735 2736/2734/2734
f 2689/2687/2687 2738/2736/2736 2737/2735/2735
f 2690/2688/2688 2739/2737/2737 2738/2736/2736
f 2691/2689/2689 2740/2738/2738 2739/2737/2737
f 2692/2690/2690 2741/2739/2739 2740/2738/2738
f 2693/2691/2691 2742/2740/2740 2741/2739/2739
f 2694/2693/2693 2743/2742/2742 2742/2740/2740
f 2695/2741/2741 2744/2790/2790 2743/2742/2742
f 2696/2695/2695 2697/2694/2694 2746/2743/2743
f 2697/2694/2694 2698/2696/2696 2747/2745/2745
f 2698/2696/2696 2699/2697/2697 2748/2746/2746
f 2699/2697/2697 2700/2698/2698 2749/2747/2747
f 2700/2698/2698 2701/2699/2699 2750/2748/2748
f 2701/2699/2699 2702/2700/2700 2751/2749/2749
f 2702/2700/2700 2703/2701/2701 2752/2750/2750
f 2703/2701/2701 2704/2702/2702 2753/2751/2751
f 2704/2702/2702 2705/2703/2703 2754/2752/2752
f 2705/2703/2703 2706/2704/2704 2755/2753/2753
f 2706/2704/2704 2707/2705/2705 2756/2754/2754
f 2707/2705/2705 2708/2706/2706 2757/2755/2755
f 2708/2706/2706 2709/2707/2707 2758/2756/2756
f 2709/2707/2707 2710/2708/2708 2759/2757/2757
f 2710/2708/2708 2711/2709/2709 2760/2758/2758
f 2711/2709/2709 2712/2710/2710 2761/2759/2759
f 2712/2710/2710 2713/2711/2711 2762/2760/2760
f 2713/2711/2711 2714/2712/2712 2763/2761/2761
f 2714/2712/2712 2715/2713/2713 2764/2762/2762
f 2715/2713/2713 2716/2714/2714 2765/2763/2763
f 2716/2714/2714 2717/2715/2715 2766/2764/2764
f 2717/2715/2715 2718/2716/2716 2767/2765/2765
f 2718/2716/2716 2719/2717/2717 2768/2766/2766
f 2719/2717/2717 2720/2718/2718 2769/2767/2767
f 2721/2719/2719 2770/2768/2768 2769/2767/2767
f 2722/2720/2720 2771/2769/2769 2770/2768/2768
f 2723/2721/2721 2772/2770/2770 2771/2769/2769
f 2724/2722/2722 2773/2771/2771 2772/2770/2770
f 2725/2723/2723 2774/2772/2772 2773/2771/2771
f 2726/2724/2724 2775/2773/2773 2774/2772/2772
f 2727/2725/2725 2776/2774/2774 2775/2773/2773
f 2728/2726/2726 2777/2775/2775 2776/2774/2774
f 2729/2727/2727 2778/2776/2776 2777/2775/2775
f 2730/2728/2728 2779/2777/2777 2778/2776/2776
f 2731/2729/2729 2780/2778/2778 2779/2777/2777
f 2732/2730/2730 2781/2779/2779 2780/2778/2778
f 2733/2731/2731 2782/2780/2780 2781/2779/2779
f 2734/2732/2732 2783/2781/2781 2782/2780/2780
f 2735/2733/2733 2784/2782/2782 2783/2781/2781
f 2736/2734/2734 2785/2783/2783 2784/2782/2782
f 2737/2735/2735 2786/2784/2784 2785/2783/2783
f 2738/2736/2736 2787/2785/2785 2786/2784/2784
f 2739/2737/2737 2788/2786/2786 2787/2785/2785
f 2740/2738/2738 2789/2787/2787 2788/2786/2786
f 2741/2739/2739 2790/2788/2788 2789/2787/2787
f 2742/2740/2740 2791/2789/2789 2790/2788/2788
f 2743/2742/2742 2792/2791/2791 2791/2789/2789
f 2744/2790/2790 2793/2839/2839 2792/2791/2791
f 2745/2744/2744 2746/2743/2743 2795/2792/2792
f 2746/2743/2743 2747/2745/2745 2796/2794/2794
f 2747/2745/2745 2748/2746/2746 2797/2795/2795
f 2748/2746/2746 2749/2747/2747 2798/2796/2796
f 2749/2747/2747 2750/2748/2748 2799/2797/2797
f 2750/2748/2748 2751/2749/2749 2800/2798/2798
f 2751/2749/2749 2752/2750/2750 2801/2799/2799
f 2752/2750/2750 2753/2751/2751 2802/2800/2800
f 2753/2751/2751 2754/2752/2752 2803/2801/2801
f 2754/2752/2752 2755/2753/2753 2804/2802/2802
f 2755/2753/2753 2756/2754/2754 2805/2803/2803
f 2756/2754/2754 2757/2755/2755 2806/2804/2804
f 2757/2755/2755 2758/2756/2756 2807/2805/2805
f 2758/2756/2756 2759/2757/2757 2808/2806/2806
f 2759/2757/2757 2760/2758/2758 2809/2807/2807
f 2760/2758/2758 2761/2759/2759 2810/2808/2808
f 2761/2759/2759 2762/2760/2760 2811/2809/2809
f 2762/2760/2760 2763/2761/2761 2812/2810/2810
f 2763/2761/2761 2764/2762/2762 2813/2811/2811
f 2764/2762/2762 2765/2763/2763 2814/2812/2812
f 2765/2763/2763 2766/2764/2764 2815/2813/2813
f 2766/2764/2764 2767/2765/2765 2816/2814/2814
f 2767/2765/2765 2768/2766/2766 2817/2815/2815
f 2768/2766/2766 2769/2767/2767 2818/2816/2816
f 2770/2768/2768 2819/2817/2817 2818/2816/2816
f 2771/2769/2769 2820/2818/2818 2819/2817/2817
f 2772/2770/2770 2821/2819/2819 2820/2818/2818
f 2773/2771/2771 2822/2820/2820 2821/2819/2819
f 2774/2772/2772 2823/2821/2821 2822/2820/2820
f 2775/2773/2773 2824/2822/2822 2823/2821/2821
f 2776/2774/2774 2825/2823/2823 2824/2822/2822
f 2777/2775/2775 2826/2824/2824 2825/2823/2823
f 2778/2776/2776 2827/2825/2825 2826/2824/2824
f 2779/2777/2777 2828/2826/2826 2827/2825/2825
f 2780/2778/2778 2829/2827/2827 2828/2826/2826
f 2781/2779/2779 2830/2828/2828 2829/2827/2827
f 2782/2780/2780 2831/2829/2829 2830/2828/2828
f 2783/2781/2781 2832/2830/2830 2831/2829/2829
f 2784/2782/2782 2833/2831/2831 2832/2830/2830
f 2785/2783/2783 2834/2832/2832 2833/2831/2831
f 2786/2784/2784 2835/2833/2833 2834/2832/2832
f 2787/2785/2785 2836/2834/2834 2835/2833/2833
f 2788/2786/2786 2837/2835/2835 2836/2834/2834
f 2789/2787/2787 2838/2836/2836 2837/2835/2835
f 2790/2788/2788 2839/2837/2837 2838/2836/2836
f 2791/2789/2789 2840/2838/2838 2839/2837/2837
f 2792/2791/2791 2841/2840/2840 2840/2838/2838
f 2793/2839/2839 2842/2888/2888 2841/2840/2840
f 2794/2793/2793 2795/2792/2792 2844/2841/2841
f 2795/2792/2792 2796/2794/2794 2845/2843/2843
f 2796/2794/2794 2797/2795/2795 2846/2844/2844
f 2797/2795/2795 2798/2796/2796 2847/2845/2845
f 2798/2796/2796 2799/2797/2797 2848/2846/2846
f 2799/2797/2797 2800/2798/2798 2849/2847/2847
f 2800/2798/2798 2801/2799/2799 2850/2848/2848
f 2801/2799/2799 2802/2800/2800 2851/2849/2849
f 2802/2800/2800 2803/2801/2801 2852/2850/2850
f 2803/2801/2801 2804/2802/2802 2853/2851/2851
f 2804/2802/2802 2805/2803/2803 2854/2852/2852
f 2805/2803/2803 2806/2804/2804 2855/2853/2853
f 2806/2804/2804 2807/2805/2805 2856/2854/2854
f 2807/2805/2805 2808/2806/2806 2857/2855/2855
f 2808/2806/2806 2809/2807/2807 2858/2856/2856
f 2809/2807/2807 2810/2808/2808 2859/2857/2857
f 2810/2808/2808 2811/2809/2809 2860/2858/2858
f 2811/2809/2809 2812/2810/2810 2861/2859/2859
f 2812/2810/2810 2813/2811/2811 2862/2860/2860
f 2813/2811/2811 2814/2812/2812 2863/2861/2861
f 2814/2812/2812 2815/2813/2813 2864/2862/2862
f 2815/2813/2813 2816/2814/2814 2865/2863/2863
f 2816/2814/2814 2817/2815/2815 2866/2864/2864
f 2817/2815/2815 2818/2816/2816 2867/2865/2865
f 2819/2817/2817 2868/2866/2866 2867/2865/2865
f 2820/2818/2818 2869/2867/2867 2868/2866/2866
f 2821/2819/2819 2870/2868/2868 2869/2867/2867
f 2822/2820/2820 2871/2869/2869 2870/2868/2868
f 2823/2821/2821 2872/2870/2870 2871/2869/2869
f 2824/2822/2822 2873/2871/2871 2872/2870/2870
f 2825/2823/2823 2874/2872/2872 2873/2871/2871
f 2826/2824/2824 2875/2873/2873 2874/2872/2872
f 2827/2825/2825 2876/2874/2874 2875/2873/2873
f 2828/2826/2826 2877/2875/2875 2876/2874/2874
f 2829/2827/2827 2878/2876/2876 2877/2875/2875
f 2830/2828/2828 2879/2877/2877 2878/2876/2876
f 2831/2829/2829 2880/2878/2878 2879/2877/2877
f 2832/2830/2830 2881/2879/2879 2880/2878/2878
f 2833/2831/2831 2882/2880/2880 2881/2879/2879
f 2834/2832/2832 2883/2881/2881 2882/2880/2880
f 2835/2833/2833 2884/2882/2882 2883/2881/2881
f 2836/2834/2834 2885/2883/2883 2884/2882/2882
f 2837/2835/2835 2886/2884/2884 2885/2883/2883
f 2838/2836/2836 2887/2885/2885 2886/2884/2884
f 2839/2837/2837 2888/2886/2886 2887/2885/2885
f 2840/2838/2838 2889/2887/2887 2888/2886/2886
f 2841/2840/2840 2890/2889/2889 2889/2887/2887
f 2842/2888/2888 2891/2937/2937 2890/2889/2889
f 2843/2842/2842 2844/2841/2841 2893/2890/2890
f 2844/2841/2841 2845/2843/2843 2894/2892/2892
f 2845/2843/2843 2846/2844/2844 2895/2893/2893
f 2846/2844/2844 2847/2845/2845 2896/2894/2894
f 2847/2845/2845 2848/2846/2846 2897/2895/2895
f 2848/2846/2846 2849/2847/2847 2898/2896/2896
f 2849/2847/2847 2850/2848/2848 2899/2897/2897
f 2850/2848/2848 2851/2849/2849 2900/2898/2898
f 2851/2849/2849 2852/2850/2850 2901/2899/2899
f 2852/2850/2850 2853/2851/2851 2902/2900/2900
f 2853/2851/2851 2854/2852/2852 2903/2901/2901
f 2854/2852/2852 2855/2853/2853 2904/2902/2902
f 2855/2853/2853 2856/2854/2854 2905/2903/2903
f 2856/2854/2854 2857/2855/2855 2906/2904/2904
f 2857/2855/2855 2858/2856/2856 2907/2905/2905
f 2858/2856/2856 2859/2857/2857 2908/2906/2906
f 2859/2857/2857 2860/2858/2858 2909/2907/2907
f 2860/2858/2858 2861/2859/2859 2910/2908/2908
f 2861/2859/2859 2862/2860/2860 2911/2909/2909
f 2862/2860/2860 2863/2861/2861 2912/2910/2910
f 2863/2861/2861 2864/2862/2862 2913/2911/2911
f 2864/2862/2862 2865/2863/2863 2914/2912/2912
f 2865/2863/2863 2866/2864/2864 2915/2913/2913
f 2866/2864/2864 2867/2865/2865 2916/2914/2914
f 2868/2866/2866 2917/2915/2915 2916/2914/2914
f 2869/2867/2867 2918/2916/2916 2917/2915/2915
f 2870/2868/2868 2919/2917/2917 2918/2916/2916
f 2871/2869/2869 2920/2918/2918 2919/2917/2917
f 2872/2870/2870 2921/2919/2919 2920/2918/2918
f 2873/2871/2871 2922/2920/2920 2921/2919/2919
f 2874/2872/2872 2923/2921/2921 2922/2920/2920
f 2875/2873/2873 2924/2922/2922 2923/2921/2921
f 2876/2874/2874 2925/2923/2923 2924/2922/2922
f 2877/2875/2875 2926/2924/2924 2925/2923/2923
f 2878/2876/2876 2927/2925/2925 2926/2924/2924
f 2879/2877/2877 2928/2926/2926 2927/2925/2925
f 2880/2878/2878 2929/2927/2927 2928/2926/2926
f 2881/2879/2879 2930/2928/2928 2929/2927/2927
f 2882/2880/2880 2931/2929/2929 2930/2928/2928
f 2883/2881/2881 2932/2930/2930 2931/2929/2929
f 2884/2882/2882 2933/2931/2931 2932/2930/2930
f 2885/2883/2883 2934/2932/2932 2933/2931/2931
f 2886/2884/2884 2935/2933/2933 2934/2932/2932
f 2887/2885/2885 2936/2934/2934 2935/2933/2933
f 2888/2886/2886 2937/2935/2935 2936/2934/2934
f 2889/2887/2887 2938/2936/2936 2937/2935/2935
f 2890/2889/2889 2939/2938/2938 2938/2936/2936
f 2891/2937/2937 2940/2986/2986 2939/2938/2938
f 2892/2891/2891 2893/2890/2890 2942/2939/2939
f 2893/2890/2890 2894/2892/2892 2943/2941/2941
f 2894/2892/2892 2895/2893/2893 2944/2942/2942
f 2895/2893/2893 2896/2894/2894 2945/2943/2943
f 2896/2894/2894 2897/2895/2895 2946/2944/2944
f 2897/2895/2895 2898/2896/2896 2947/2945/2945
f 2898/2896/2896 2899/2897/2897 2948/2946/2946
f 2899/2897/2897 2900/2898/2898 2949/2947/2947
f 2900/2898/2898 2901/2899/2899 2950/2948/2948
f 2901/2899/2899 2902/2900/2900 2951/2949/2949
f 2902/2900/2900 2903/2901/2901 2952/2950/2950
f 2903/2901/2901 2904/2902/2902 2953/2951/2951
f 2904/2902/2902 2905/2903/2903 2954/2952/2952
f 2905/2903/2903 2906/2904/2904 2955/2953/2953
f 2906/2904/2904 2907/2905/2905 2956/2954/2954
f 2907/2905/2905 2908/2906/2906 2957/2955/2955
f 2908/2906/2906 2909/2907/2907 2958/2956/2956
f 2909/2907/2907 2910/2908/2908 2959/2957/2957
f 2910/2908/2908 2911/2909/2909 2960/2958/2958
f 2911/2909/2909 2912/2910/2910 2961/2959/2959
f 2912/2910/2910 2913/2911/2911 2962/2960/2960
f 2913/2911/2911 2914/2912/2912 2963/2961/2961
f 2914/2912/2912 2915/2913/2913 2964/2962/2962
f 2915/2913/2913 2916/2914/2914 2965/2963/2963
f 2917/2915/2915 2966/2964/2964 2965/2963/2963
f 2918/2916/2916 2967/2965/2965 2966/2964/2964
f 2919/2917/2917 2968/2966/2966 2967/2965/2965
f 2920/2918/2918 2969/2967/2967 2968/2966/2966
f 2921/2919/2919 2970/2968/2968 2969/2967/2967
f 2922/2920/2920 2971/2969/2969 2970/2968/2968
f 2923/2921/2921 2972/2970/2970 2971/2969/2969
f 2924/2922/2922 2973/2971/2971 2972/2970/2970
f 2925/2923/2923 2974/2972/2972 2973/2971/2971
f 2926/2924/2924 2975/2973/2973 2974/2972/2972
f 2927/2925/2925 2976/2974/2974 2975/2973/2973
f 2928/2926/2926 2977/2975/2975 2976/2974/2974
f 2929/2927/2927 2978/2976/2976 2977/2975/2975
f 2930/2928/2928 2979/2977/2977 2978/2976/2976
f 2931/2929/2929 2980/2978/2978 2979/2977/2977
f 2932/2930/2930 2981/2979/2979 2980/2978/2978
f 2933/2931/2931 2982/2980/2980 2981/2979/2979
f 2934/2932/2932 2983/2981/2981 2982/2980/2980
f 2935/2933/2933 2984/2982/2982 2983/2981/2981
f 2936/2934/2934 2985/2983/2983 2984/2982/2982
f 2937/2935/2935 2986/2984/2984 2985/2983/2983
f 2938/2936/2936 2987/2985/2985 2986/2984/2984
f 2939/2938/2938 2988/2987/2987 2987/2985/2985
f 2940/2986/2986 2989/3035/3035 2988/2987/2987
f 2941/2940/2940 2942/2939/2939 2991/2988/2988
f 2942/2939/2939 2943/2941/2941 2992/2990/2990
f 2943/2941/2941 2944/2942/2942 2993/2991/2991
f 2944/2942/2942 2945/2943/2943 2994/2992/2992
f 2945/2943/2943 2946/2944/2944 2995/2993/2993
f 2946/2944/2944 2947/2945/2945 2996/2994/2994
f 2947/2945/2945 2948/2946/2946 2997/2995/2995
f 2948/2946/2946 2949/2947/2947 2998/2996/2996
f 2949/2947/2947 2950/2948/2948 2999/2997/2997
f 2950/2948/2948 2951/2949/2949 3000/2998/2998
f 2951/2949/2949 2952/2950/2950 3001/2999/2999
f 2952/2950/2950 2953/2951/2951 3002/3000/3000
f 2953/2951/2951 2954/2952/2952 3003/3001/3001
f 2954/2952/2952 2955/2953/2953 3004/3002/3002
f 2955/2953/2953 2956/2954/2954 3005/3003/3003
f 2956/2954/2954 2957/2955/2955 3006/3004/3004
f 2957/2955/2955 2958/2956/2956 3007/3005/3005
f 2958/2956/2956 2959/2957/2957 3008/3006/3006
f 2959/2957/2957 2960/2958/2958 3009/3007/3007
f 2960/2958/2958 2961/2959/2959 3010/3008/3008
f 2961/2959/2959 2962/2960/2960 3011/3009/3009
f 2962/2960/2960 2963/2961/2961 3012/3010/3010
f 2963/2961/2961 2964/2962/2962 3013/3011/3011
f 2964/2962/2962 2965/2963/2963 3014/3012/3012
f 2966/2964/2964 3015/3013/3013 3014/3012/3012
f 2967/2965/2965 3016/3014/3014 3015/3013/3013
f 2968/2966/2966 3017/3015/3015 3016/3014/3014
f 2969/2967/2967 3018/3016/3016 3017/3015/3015
f 2970/2968/2968 3019/3017/3017 3018/3016/3016
f 2971/2969/2969 3020/3018/3018 3019/3017/3017
f 2972/2970/2970 3021/3019/3019 3020/3018/3018
f 2973/2971/2971 3022/3020/3020 3021/3019/3019
f 2974/2972/2972 3023/3021/3021 3022/3020/3020
f 2975/2973/2973 3024/3022/3022 3023/3021/3021
f 2976/2974/2974 3025/3023/3023 3024/3022/3022
f 2977/2975/2975 3026/3024/3024 3025/3023/3023
f 2978/2976/2976 3027/3025/3025 3026/3024/3024
f 2979/2977/2977 3028/3026/3026 3027/3025/3025
f 2980/2978/2978 3029/3027/3027 3028/3026/3026
f 2981/2979/2979 3030/3028/3028 3029/3027/3027
f 2982/2980/2980 3031/3029/3029 3030/3028/3028
f 2983/2981/2981 3032/3030/3030 3031/3029/3029
f 2984/2982/2982 3033/3031/3031 3032/3030/3030
f 2985/2983/2983 3034/3032/3032 3033/3031/3031
f 2986/2984/2984 3035/3033/3033 3034/3032/3032
f 2987/2985/2985 3036/3034/3034 3035/3033/3033
f 2988/2987/2987 3037/3036/3036 3036/3034/3034
f 2989/3035/3035 3038/3084/3084 3037/3036/3036
f 2990/2989/2989 2991/2988/2988 3040/3037/3037
f 2991/2988/2988 2992/2990/2990 3041/3039/3039
f 2992/2990/2990 2993/2991/2991 3042/3040/3040
f 2993/2991/2991 2994/2992/2992 3043/3041/3041
f 2994/2992/2992 2995/2993/2993 3044/3042/3042
f 2995/2993/2993 2996/2994/2994 3045/3043/3043
f 2996/2994/2994 2997/2995/2995 3046/3044/3044
f 2997/2995/2995 2998/2996/2996 3047/3045/3045
f 2998/2996/2996 2999/2997/2997 3048/3046/3046
f 2999/2997/2997 3000/2998/2998 3049/3047/3047
f 3000/2998/2998 3001/2999/2999 3050/3048/3048
f 3001/2999/2999 3002/3000/3000 3051/3049/3049
f 3002/3000/3000 3003/3001/3001 3052/3050/3050
f 3003/3001/3001 3004/3002/3002 3053/3051/3051
f 3004/3002/3002 3005/3003/3003 3054/3052/3052
f 3005/3003/3003 3006/3004/3004 3055/3053/3053
f 3006/3004/3004 3007/3005/3005 3056/3054/3054
f 3007/3005/3005 3008/3006/3006 3057/3055/3055
f 3008/3006/3006 3009/3007/3007 3058/3056/3056
f 3009/3007/3007 3010/3008/3008 3059/3057/3057
f 3010/3008/3008 3011/3009/3009 3060/3058/3058
f 3011/3009/3009 3012/3010/3010 3061/3059/3059
f 3012/3010/3010 3013/3011/3011 3062/3060/3060
f 3013/3011/3011 3014/3012/3012 3063/3061/3061
f 3015/3013/3013 3064/3062/3062 3063/3061/3061
f 3016/3014/3014 3065/3063/3063 3064/3062/3062
f 3017/3015/3015 3066/3064/3064 3065/3063/3063
f 3018/3016/3016 3067/3065/3065 3066/3064/3064
f 3019/3017/3017 3068/3066/3066 3067/3065/3065
f 3020/3018/3018 3069/3067/3067 3068/3066/3066
f 3021/3019/3019 3070/3068/3068 3069/3067/3067
f 3022/3020/3020 3071/3069/3069 3070/3068/3068
f 3023/3021/3021 3072/3070/3070 3071/3069/3069
f 3024/3022/3022 3073/3071/3071 3072/3070/3070
f 3025/3023/3023 3074/3072/3072 3073/3071/3071
f 3026/3024/3024 3075/3073/3073 3074/3072/3072
f 3027/3025/3025 3076/3074/3074 3075/3073/3073
f 3028/3026/3026 3077/3075/3075 3076/3074/3074
f 3029/3027/3027 3078/3076/3076 3077/3075/3075
f 3030/3028/3028 3079/3077/3077 3078/3076/3076
f 3031/3029/3029 3080/3078/3078 3079/3077/3077
f 3032/3030/3030 3081/3079/3079 3080/3078/3078
f 3033/3031/3031 3082/3080/3080 3081/3079/3079
f 3034/3032/3032 3083/3081/3081 3082/3080/3080
f 3035/3033/3033 3084/3082/3082 3083/3081/3081
f 3036/3034/3034 3085/3083/3083 3084/3082/3082
f 3037/3036/3036 3086/3085/3085 3085/3083/3083
f 3038/3084/3084 3087/3133/3133 3086/3085/3085
f 3039/3038/3038 3040/3037/3037 3089/3086/3086
f 3040/3037/3037 3041/3039/3039 3090/3088/3088
f 3041/3039/3039 3042/3040/3040 3091/3089/3089
f 3042/3040/3040 3043/3041/3041 3092/3090/3090
f 3043/3041/3041 3044/3042/3042 3093/3091/3091
f 3044/3042/3042 3045/3043/3043 3094/3092/3092
f 3045/3043/3043 3046/3044/3044 3095/3093/3093
f 3046/3044/3044 3047/3045/3045 3096/3094/3094
f 3047/3045/3045 3048/3046/3046 3097/3095/3095
f 3048/3046/3046 3049/3047/3047 3098/3096/3096
f 3049/3047/3047 3050/3048/3048 3099/3097/3097
f 3050/3048/3048 3051/3049/3049 3100/3098/3098
f 3051/3049/3049 3052/3050/3050 3101/3099/3099
f 3052/3050/3050 3053/3051/3051 3102/3100/3100
f 3053/3051/3051 3054/3052/3052 3103/3101/3101
f 3054/3052/3052 3055/3053/3053 3104/3102/3102
f 3055/3053/3053 3056/3054/3054 3105/3103/3103
f 3056/3054/3054 3057/3055/3055 3106/3104/3104
f 3057/3055/3055 3058/3056/3056 3107/3105/3105
f 3058/3056/3056 3059/3057/3057 3108/3106/3106
f 3059/3057/3057 3060/3058/3058 3109/3107/3107
f 3060/3058/3058 3061/3059/3059 3110/3108/3108
f 3061/3059/3059 3062/3060/3060 3111/3109/3109
f 3062/3060/3060 3063/3061/3061 3112/3110/3110
f 3064/3062/3062 3113/3111/3111 3112/3110/3110
f 3065/3063/3063 3114/3112/3112 3113/3111/3111
f 3066/3064/3064 3115/3113/3113 3114/3112/3112
f 3067/3065/3065 3116/3114/3114 3115/3113/3113
f 3068/3066/3066 3117/3115/3115 3116/3114/3114
f 3069/3067/3067 3118/3116/3116 3117/3115/3115
f 3070/3068/3068 3119/3117/3117 3118/3116/3116
f 3071/3069/3069 3120/3118/3118 3119/3117/3117
f 3072/3070/3070 3121/3119/3119 3120/3118/3118
f 3073/3071/3071 3122/3120/3120 3121/3119/3119
f 3074/3072/3072 3123/3121/3121 3122/3120/3120
f 3075/3073/3073 3124/3122/3122 3123/3121/3121
f 3076/3074/3074 3125/3123/3123 3124/3122/3122
f 3077/3075/3075 3126/3124/3124 3125/3123/3123
f 3078/3076/3076 3127/3125/3125 3126/3124/3124
f 3079/3077/3077 3128/3126/3126 3127/3125/3125
f 3080/3078/3078 3129/3127/3127 3128/3126/3126
f 3081/3079/3079 3130/3128/3128 3129/3127/3127
f 3082/3080/3080 3131/3129/3129 3130/3128/3128
f 3083/3081/3081 3132/3130/3130 3131/3129/3129
f 3084/3082/3082 3133/3131/3131 3132/3130/3130
f 3085/3083/3083 3134/3132/3132 3133/3131/3131
f 3086/3085/3085 3135/3134/3134 3134/3132/3132
f 3087/3133/3133 3136/3182/3182 3135/3134/3134
f 3088/3087/3087 3089/3086/3086 3138/3135/3137
f 3089/3086/3086 3090/3088/3088 3139/3137/3136
f 3090/3088/3088 3091/3089/3089 3140/3138/3138
f 3091/3089/3089 3092/3090/3090 3141/3139/3139
f 3092/3090/3090 3093/3091/3091 3142/3140/3140
f 3093/3091/3091 3094/3092/3092 3143/3141/3141
f 3094/3092/3092 3095/3093/3093 3144/3142/3142
f 3095/3093/3093 3096/3094/3094 3145/3143/3143
f 3096/3094/3094 3097/3095/3095 3146/3144/3144
f 3097/3095/3095 3098/3096/3096 3147/3145/3145
f 3098/3096/3096 3099/3097/3097 3148/3146/3146
f 3099/3097/3097 3100/3098/3098 3149/3147/3147
f 3100/3098/3098 3101/3099/3099 3150/3148/3148
f 3101/3099/3099 3102/3100/3100 3151/3149/3149
f 3102/3100/3100 3103/3101/3101 3152/3150/3150
f 3103/3101/3101 3104/3102/3102 3153/3151/3151
f 3104/3102/3102 3105/3103/3103 3154/3152/3152
f 3105/3103/3103 3106/3104/3104 3155/3153/3153
f 3106/3104/3104 3107/3105/3105 3156/3154/3154
f 3107/3105/3105 3108/3106/3106 3157/3155/3155
f 3108/3106/3106 3109/3107/3107 3158/3156/3156
f 3109/3107/3107 3110/3108/3108 3159/3157/3157
f 3110/3108/3108 3111/3109/3109 3160/3158/3158
f 3111/3109/3109 3112/3110/3110 6146/3159/3159
f 3113/3111/3111 3161/3160/3160 6146/3159/3159
f 3114/3112/3112 3162/3161/3161 3161/3160/3160
f 3115/3113/3113 3163/3162/3162 3162/3161/3161
f 3116/3114/3114 3164/3163/3163 3163/3162/3162
f 3117/3115/3115 3165/3164/3164 3164/3163/3163
f 3118/3116/3116 3166/3165/3165 3165/3164/3164
f 3119/3117/3117 3167/3166/3166 3166/3165/3165
f 3120/3118/3118 3168/3167/3167 3167/3166/3166
f 3121/3119/3119 3169/3168/3168 3168/3167/3167
f 3122/3120/3120 3170/3169/3169 3169/3168/3168
f 3123/3121/3121 3171/3170/3170 3170/3169/3169
f 3124/3122/3122 3172/3171/3171 3171/3170/3170
f 3125/3123/3123 3173/3172/3172 3172/3171/3171
f 3126/3124/3124 3174/3173/3173 3173/3172/3172
f 3127/3125/3125 3175/3174/3174 3174/3173/3173
f 3128/3126/3126 3176/3175/3175 3175/3174/3174
f 3129/3127/3127 3177/3176/3176 3176/3175/3175
f 3130/3128/3128 3178/3177/3177 3177/3176/3176
f 3131/3129/3129 3179/3178/3178 3178/3177/3177
f 3132/3130/3130 3180/3179/3179 3179/3178/3178
f 3133/3131/3131 3181/3180/3180 3180/3179/3179
f 3134/3132/3132 3182/3181/3181 3181/3180/3180
f 3135/3134/3134 3183/3183/3183 3182/3181/3181
f 3136/3182/3135 3184/3272/3135 3183/3183/3135
f 3185/97/3184 2/94/3188 1/96/3185
f 3186/95/3187 3/92/3190 2/94/3188
f 3187/93/3189 4/90/3192 3/92/3190
f 3188/91/3191 5/88/3194 4/90/3192
f 3189/89/3193 6/86/3196 5/88/3194
f 3190/87/3195 7/84/3198 6/86/3196
f 3191/85/3197 8/82/3200 7/84/3198
f 3192/83/3199 9/80/3202 8/82/3200
f 3193/81/3201 10/78/3204 9/80/3202
f 3194/79/3203 11/76/3206 10/78/3204
f 3195/77/3205 12/74/3208 11/76/3206
f 3196/75/3207 13/72/3210 12/74/3208
f 3197/73/3209 14/70/3212 13/72/3210
f 3198/71/3211 15/68/3214 14/70/3212
f 3199/69/3213 16/66/3216 15/68/3214
f 3200/67/3215 17/64/3218 16/66/3216
f 3201/65/3217 18/62/3220 17/64/3218
f 3202/63/3219 19/60/3222 18/62/3220
f 3203/61/3221 20/58/3224 19/60/3222
f 3204/59/3223 21/56/3226 20/58/3224
f 3205/57/3225 22/54/3228 21/56/3226
f 3206/55/3227 23/52/3230 22/54/3228
f 3207/53/3229 24/50/3232 23/52/3230
f 3208/49/3231 25/51/3234 24/50/3232
f 3208/49/3231 3209/47/3235 26/48/3233
f 3209/47/3235 3210/45/3237 27/46/3236
f 3210/45/3237 3211/43/3239 28/44/3238
f 3211/43/3239 3212/41/3241 29/42/3240
f 3212/41/3241 3213/39/3243 30/40/3242
f 3213/39/3243 3214/37/3245 31/38/3244
f 3214/37/3245 3215/35/3247 32/36/3246
f 3215/35/3247 3216/33/3249 33/34/3248
f 3216/33/3249 3217/31/3251 34/32/3250
f 3217/31/3251 3218/29/3253 35/30/3252
f 3218/29/3253 3219/27/3255 36/28/3254
f 3219/27/3255 3220/25/3257 37/26/3256
f 3220/25/3257 3221/23/3259 38/24/3258
f 3221/23/3259 3222/21/3261 39/22/3260
f 3222/21/3261 3223/19/3263 40/20/3262
f 3223/19/3263 3224/17/3265 41/18/3264
f 3224/17/3265 3225/15/3267 42/16/3266
f 3225/15/3267 3226/13/3269 43/14/3268
f 3226/13/3269 3227/11/3271 44/12/3270
f 3227/11/3271 3228/9/3273 45/10/3272
f 3228/9/3273 3229/7/3275 46/8/3274
f 3229/7/3275 3230/5/3277 47/6/3276
f 3230/5/3277 3231/2/3279 48/4/3278
f 3231/2/3279 98/3/3329 49/1/3280
f 3232/146/3281 3185/97/3184 50/145/3186
f 3233/144/3283 3186/95/3187 3185/97/3184
f 3234/143/3284 3187/93/3189 3186/95/3187
f 3235/142/3285 3188/91/3191 3187/93/3189
f 3236/141/3286 3189/89/3193 3188/91/3191
f 3237/140/3287 3190/87/3195 3189/89/3193
f 3238/139/3288 3191/85/3197 3190/87/3195
f 3239/138/3289 3192/83/3199 3191/85/3197
f 3240/137/3290 3193/81/3201 3192/83/3199
f 3241/136/3291 3194/79/3203 3193/81/3201
f 3242/135/3292 3195/77/3205 3194/79/3203
f 3243/134/3293 3196/75/3207 3195/77/3205
f 3244/133/3294 3197/73/3209 3196/75/3207
f 3245/132/3295 3198/71/3211 3197/73/3209
f 3246/131/3296 3199/69/3213 3198/71/3211
f 3247/130/3297 3200/67/3215 3199/69/3213
f 3248/129/3298 3201/65/3217 3200/67/3215
f 3249/128/3299 3202/63/3219 3201/65/3217
f 3250/127/3300 3203/61/3221 3202/63/3219
f 3251/126/3301 3204/59/3223 3203/61/3221
f 3252/125/3302 3205/57/3225 3204/59/3223
f 3253/124/3303 3206/55/3227 3205/57/3225
f 3254/123/3304 3207/53/3229 3206/55/3227
f 3255/122/3305 3208/49/3231 3207/53/3229
f 3255/122/3305 3256/121/3306 3209/47/3235
f 3256/121/3306 3257/120/3307 3210/45/3237
f 3257/120/3307 3258/119/3308 3211/43/3239
f 3258/119/3308 3259/118/3309 3212/41/3241
f 3259/118/3309 3260/117/3310 3213/39/3243
f 3260/117/3310 3261/116/3311 3214/37/3245
f 3261/116/3311 3262/115/3312 3215/35/3247
f 3262/115/3312 3263/114/3313 3216/33/3249
f 3263/114/3313 3264/113/3314 3217/31/3251
f 3264/113/3314 3265/112/3315 3218/29/3253
f 3265/112/3315 3266/111/3316 3219/27/3255
f 3266/111/3316 3267/110/3317 3220/25/3257
f 3267/110/3317 3268/109/3318 3221/23/3259
f 3268/109/3318 3269/108/3319 3222/21/3261
f 3269/108/3319 3270/107/3320 3223/19/3263
f 3270/107/3320 3271/106/3321 3224/17/3265
f 3271/106/3321 3272/105/3322 3225/15/3267
f 3272/105/3322 3273/104/3323 3226/13/3269
f 3273/104/3323 3274/103/3324 3227/11/3271
f 3274/103/3324 3275/102/3325 3228/9/3273
f 3275/102/3325 3276/101/3326 3229/7/3275
f 3276/101/3326 3277/100/3327 3230/5/3277
f 3277/100/3327 3278/98/3328 3231/2/3279
f 3278/98/3328 147/99/3378 98/3/3329
f 3279/195/3330 3232/146/3281 99/194/3282
f 3280/193/3332 3233/144/3283 3232/146/3281
f 3281/192/3333 3234/143/3284 3233/144/3283
f 3282/191/3334 3235/142/3285 3234/143/3284
f 3283/190/3335 3236/141/3286 3235/142/3285
f 3284/189/3336 3237/140/3287 3236/141/3286
f 3285/188/3337 3238/139/3288 3237/140/3287
f 3286/187/3338 3239/138/3289 3238/139/3288
f 3287/186/3339 3240/137/3290 3239/138/3289
f 3288/185/3340 3241/136/3291 3240/137/3290
f 3289/184/3341 3242/135/3292 3241/136/3291
f 3290/183/3342 3243/134/3293 3242/135/3292
f 3291/182/3343 3244/133/3294 3243/134/3293
f 3292/181/3344 3245/132/3295 3244/133/3294
f 3293/180/3345 3246/131/3296 3245/132/3295
f 3294/179/3346 3247/130/3297 3246/131/3296
f 3295/178/3347 3248/129/3298 3247/130/3297
f 3296/177/3348 3249/128/3299 3248/129/3298
f 3297/176/3349 3250/127/3300 3249/128/3299
f 3298/175/3350 3251/126/3301 3250/127/3300
f 3299/174/3351 3252/125/3302 3251/126/3301
f 3300/173/3352 3253/124/3303 3252/125/3302
f 3301/172/3353 3254/123/3304 3253/124/3303
f 3302/171/3354 3255/122/3305 3254/123/3304
f 3302/171/3354 3303/170/3355 3256/121/3306
f 3303/170/3355 3304/169/3356 3257/120/3307
f 3304/169/3356 3305/168/3357 3258/119/3308
f 3305/168/3357 3306/167/3358 3259/118/3309
f 3306/167/3358 3307/166/3359 3260/117/3310
f 3307/166/3359 3308/165/3360 3261/116/3311
f 3308/165/3360 3309/164/3361 3262/115/3312
f 3309/164/3361 3310/163/3362 3263/114/3313
f 3310/163/3362 3311/162/3363 3264/113/3314
f 3311/162/3363 3312/161/3364 3265/112/3315
f 3312/161/3364 3313/160/3365 3266/111/3316
f 3313/160/3365 3314/159/3366 3267/110/3317
f 3314/159/3366 3315/158/3367 3268/109/3318
f 3315/158/3367 3316/157/3368 3269/108/3319
f 3316/157/3368 3317/156/3369 3270/107/3320
f 3317/156/3369 3318/155/3370 3271/106/3321
f 3318/155/3370 3319/154/3371 3272/105/3322
f 3319/154/3371 3320/153/3372 3273/104/3323
f 3320/153/3372 3321/152/3373 3274/103/3324
f 3321/152/3373 3322/151/3374 3275/102/3325
f 3322/151/3374 3323/150/3375 3276/101/3326
f 3323/150/3375 3324/149/3376 3277/100/3327
f 3324/149/3376 3325/147/3377 3278/98/3328
f 3325/147/3377 196/148/3427 147/99/3378
f 3326/244/3379 3279/195/3330 148/243/3331
f 3327/242/3381 3280/193/3332 3279/195/3330
f 3328/241/3382 3281/192/3333 3280/193/3332
f 3329/240/3383 3282/191/3334 3281/192/3333
f 3330/239/3384 3283/190/3335 3282/191/3334
f 3331/238/3385 3284/189/3336 3283/190/3335
f 3332/237/3386 3285/188/3337 3284/189/3336
f 3333/236/3387 3286/187/3338 3285/188/3337
f 3334/235/3388 3287/186/3339 3286/187/3338
f 3335/234/3389 3288/185/3340 3287/186/3339
f 3336/233/3390 3289/184/3341 3288/185/3340
f 3337/232/3391 3290/183/3342 3289/184/3341
f 3338/231/3392 3291/182/3343 3290/183/3342
f 3339/230/3393 3292/181/3344 3291/182/3343
f 3340/229/3394 3293/180/3345 3292/181/3344
f 3341/228/3395 3294/179/3346 3293/180/3345
f 3342/227/3396 3295/178/3347 3294/179/3346
f 3343/226/3397 3296/177/3348 3295/178/3347
f 3344/3185/3398 3297/176/3349 3296/177/3348
f 3345/224/3399 3298/175/3350 3297/176/3349
f 3346/223/3400 3299/174/3351 3298/175/3350
f 3347/222/3401 3300/173/3352 3299/174/3351
f 3348/221/3402 3301/172/3353 3300/173/3352
f 3349/220/3403 3302/171/3354 3301/172/3353
f 3349/220/3403 3350/219/3404 3303/170/3355
f 3350/219/3404 3351/218/3405 3304/169/3356
f 3351/218/3405 3352/217/3406 3305/168/3357
f 3352/217/3406 3353/216/3407 3306/167/3358
f 3353/216/3407 3354/215/3408 3307/166/3359
f 3354/215/3408 3355/214/3409 3308/165/3360
f 3355/214/3409 3356/213/3410 3309/164/3361
f 3356/213/3410 3357/212/3411 3310/163/3362
f 3357/212/3411 3358/211/3412 3311/162/3363
f 3358/211/3412 3359/210/3413 3312/161/3364
f 3359/210/3413 3360/209/3414 3313/160/3365
f 3360/209/3414 3361/208/3415 3314/159/3366
f 3361/208/3415 3362/207/3416 3315/158/3367
f 3362/207/3416 3363/206/3417 3316/157/3368
f 3363/206/3417 3364/205/3418 3317/156/3369
f 3364/205/3418 3365/204/3419 3318/155/3370
f 3365/204/3419 3366/203/3420 3319/154/3371
f 3366/203/3420 3367/202/3421 3320/153/3372
f 3367/202/3421 3368/201/3422 3321/152/3373
f 3368/201/3422 3369/200/3423 3322/151/3374
f 3369/200/3423 3370/199/3424 3323/150/3375
f 3370/199/3424 3371/198/3425 3324/149/3376
f 3371/198/3425 3372/196/3426 3325/147/3377
f 3372/196/3426 245/197/6420 196/148/3427
f 246/293/3428 3373/292/3429 3326/244/3379
f 3373/292/3429 3374/291/3430 3327/242/3381
f 3374/291/3430 3375/290/3431 3328/241/3382
f 3375/290/3431 3376/289/3432 3329/240/3383
f 3376/289/3432 3377/288/3433 3330/239/3384
f 3377/288/3433 3378/287/3434 3331/238/3385
f 3378/287/3434 3379/286/3435 3332/237/3386
f 3379/286/3435 3380/285/3436 3333/236/3387
f 3380/285/3436 3381/284/3437 3334/235/3388
f 3381/284/3437 3382/283/3438 3335/234/3389
f 3382/283/3438 3383/282/3439 3336/233/3390
f 3383/282/3439 3384/281/3440 3337/232/3391
f 3384/281/3440 3385/280/3441 3338/231/3392
f 3385/280/3441 3386/279/3442 3339/230/3393
f 3386/279/3442 3387/278/3443 3340/229/3394
f 3387/278/3443 3388/277/3444 3341/228/3395
f 3388/277/3444 3389/276/3445 3342/227/3396
f 3389/276/3445 3390/275/3446 3343/226/3397
f 3390/275/3446 3391/274/3447 3344/3185/3398
f 3391/274/3447 3392/273/3448 3345/224/3399
f 3392/273/3448 3393/272/3449 3346/223/3400
f 3393/272/3449 3394/271/3450 3347/222/3401
f 3394/271/3450 3395/269/3451 3348/221/3402
f 3395/269/3451 3396/270/3453 3349/220/3403
f 3397/268/3452 3350/219/3404 3349/220/3403
f 3398/267/3454 3351/218/3405 3350/219/3404
f 3399/266/3455 3352/217/3406 3351/218/3405
f 3400/265/3456 3353/216/3407 3352/217/3406
f 3401/264/3457 3354/215/3408 3353/216/3407
f 3402/263/3458 3355/214/3409 3354/215/3408
f 3403/262/3459 3356/213/3410 3355/214/3409
f 3404/261/3460 3357/212/3411 3356/213/3410
f 3405/260/3461 3358/211/3412 3357/212/3411
f 3406/259/3462 3359/210/3413 3358/211/3412
f 3407/258/3463 3360/209/3414 3359/210/3413
f 3408/257/3464 3361/208/3415 3360/209/3414
f 3409/256/3465 3362/207/3416 3361/208/3415
f 3410/255/3466 3363/206/3417 3362/207/3416
f 3411/254/3467 3364/205/3418 3363/206/3417
f 3412/253/3468 3365/204/3419 3364/205/3418
f 3413/252/3469 3366/203/3420 3365/204/3419
f 3414/251/3470 3367/202/3421 3366/203/3420
f 3415/250/3471 3368/201/3422 3367/202/3421
f 3416/249/3472 3369/200/3423 3368/201/3422
f 3417/248/3473 3370/199/3424 3369/200/3423
f 3418/247/3474 3371/198/3425 3370/199/3424
f 3419/246/3475 3372/196/3426 3371/198/3425
f 294/245/3476 245/197/6420 3372/196/3426
f 295/342/3477 3420/341/3478 3373/292/3429
f 3420/341/3478 3421/340/3479 3374/291/3430
f 3421/340/3479 3422/339/3480 3375/290/3431
f 3422/339/3480 3423/338/3481 3376/289/3432
f 3423/338/3481 3424/337/3482 3377/288/3433
f 3424/337/3482 3425/336/3483 3378/287/3434
f 3425/336/3483 3426/335/3484 3379/286/3435
f 3426/335/3484 3427/334/3485 3380/285/3436
f 3427/334/3485 3428/333/3486 3381/284/3437
f 3428/333/3486 3429/332/3487 3382/283/3438
f 3429/332/3487 3430/331/3488 3383/282/3439
f 3430/331/3488 3431/330/3489 3384/281/3440
f 3431/330/3489 3432/329/3490 3385/280/3441
f 3432/329/3490 3433/328/3491 3386/279/3442
f 3433/328/3491 3434/327/3492 3387/278/3443
f 3434/327/3492 3435/326/3493 3388/277/3444
f 3435/326/3493 3436/325/3494 3389/276/3445
f 3436/325/3494 3437/324/3495 3390/275/3446
f 3437/324/3495 3438/323/3496 3391/274/3447
f 3438/323/3496 3439/322/3497 3392/273/3448
f 3439/322/3497 3440/321/3498 3393/272/3449
f 3440/321/3498 3441/320/3499 3394/271/3450
f 3441/320/3499 3442/318/3500 3395/269/3451
f 3442/318/3500 3443/319/3502 3396/270/3453
f 3444/317/3501 3397/268/3452 3396/270/3453
f 3445/316/3503 3398/267/3454 3397/268/3452
f 3446/315/3504 3399/266/3455 3398/267/3454
f 3447/314/3505 3400/265/3456 3399/266/3455
f 3448/313/3506 3401/264/3457 3400/265/3456
f 3449/312/3507 3402/263/3458 3401/264/3457
f 3450/311/3508 3403/262/3459 3402/263/3458
f 3451/310/3509 3404/261/3460 3403/262/3459
f 3452/309/3510 3405/260/3461 3404/261/3460
f 3453/308/3511 3406/259/3462 3405/260/3461
f 3454/307/3512 3407/258/3463 3406/259/3462
f 3455/306/3513 3408/257/3464 3407/258/3463
f 3456/305/3514 3409/256/3465 3408/257/3464
f 3457/304/3515 3410/255/3466 3409/256/3465
f 3458/303/3516 3411/254/3467 3410/255/3466
f 3459/302/3517 3412/253/3468 3411/254/3467
f 3460/301/3518 3413/252/3469 3412/253/3468
f 3461/300/3519 3414/251/3470 3413/252/3469
f 3462/299/3520 3415/250/3471 3414/251/3470
f 3463/298/3521 3416/249/3472 3415/250/3471
f 3464/297/3522 3417/248/3473 3416/249/3472
f 3465/296/3523 3418/247/3474 3417/248/3473
f 3466/295/3524 3419/246/3475 3418/247/3474
f 343/294/3525 294/245/3476 3419/246/3475
f 344/391/3526 3467/390/3527 3420/341/3478
f 3467/390/3527 3468/389/3528 3421/340/3479
f 3468/389/3528 3469/388/3529 3422/339/3480
f 3469/388/3529 3470/387/3530 3423/338/3481
f 3470/387/3530 3471/386/3531 3424/337/3482
f 3471/386/3531 3472/385/3532 3425/336/3483
f 3472/385/3532 3473/384/3533 3426/335/3484
f 3473/384/3533 3474/383/3534 3427/334/3485
f 3474/383/3534 3475/382/3535 3428/333/3486
f 3475/382/3535 3476/381/3536 3429/332/3487
f 3476/381/3536 3477/380/3537 3430/331/3488
f 3477/380/3537 3478/379/3538 3431/330/3489
f 3478/379/3538 3479/378/3539 3432/329/3490
f 3479/378/3539 3480/377/3540 3433/328/3491
f 3480/377/3540 3481/376/3541 3434/327/3492
f 3481/376/3541 3482/375/3542 3435/326/3493
f 3482/375/3542 3483/374/3543 3436/325/3494
f 3483/374/3543 3484/373/3544 3437/324/3495
f 3484/373/3544 3485/372/3545 3438/323/3496
f 3485/372/3545 3486/371/3546 3439/322/3497
f 3486/371/3546 3487/370/3547 3440/321/3498
f 3487/370/3547 3488/369/3548 3441/320/3499
f 3488/369/3548 3489/367/3549 3442/318/3500
f 3489/367/3549 3490/368/3551 3443/319/3502
f 3491/366/3550 3444/317/3501 3443/319/3502
f 3492/365/3552 3445/316/3503 3444/317/3501
f 3493/364/3553 3446/315/3504 3445/316/3503
f 3494/363/3554 3447/314/3505 3446/315/3504
f 3495/362/3555 3448/313/3506 3447/314/3505
f 3496/361/3556 3449/312/3507 3448/313/3506
f 3497/360/3557 3450/311/3508 3449/312/3507
f 3498/359/3558 3451/310/3509 3450/311/3508
f 3499/358/3559 3452/309/3510 3451/310/3509
f 3500/357/3560 3453/308/3511 3452/309/3510
f 3501/356/3561 3454/307/3512 3453/308/3511
f 3502/355/3562 3455/306/3513 3454/307/3512
f 3503/354/3563 3456/305/3514 3455/306/3513
f 3504/353/3564 3457/304/3515 3456/305/3514
f 3505/352/3565 3458/303/3516 3457/304/3515
f 3506/351/3566 3459/302/3517 3458/303/3516
f 3507/350/3567 3460/301/3518 3459/302/3517
f 3508/349/3568 3461/300/3519 3460/301/3518
f 3509/348/3569 3462/299/3520 3461/300/3519
f 3510/347/3570 3463/298/3521 3462/299/3520
f 3511/346/3571 3464/297/3522 3463/298/3521
f 3512/345/3572 3465/296/3523 3464/297/3522
f 3513/344/3573 3466/295/3524 3465/296/3523
f 392/343/3574 343/294/3525 3466/295/3524
f 393/440/3575 3514/439/3576 3467/390/3527
f 3514/439/3576 3515/438/3577 3468/389/3528
f 3515/438/3577 3516/437/3578 3469/388/3529
f 3516/437/3578 3517/436/3579 3470/387/3530
f 3517/436/3579 3518/435/3580 3471/386/3531
f 3518/435/3580 3519/434/3581 3472/385/3532
f 3519/434/3581 3520/433/3582 3473/384/3533
f 3520/433/3582 3521/432/3583 3474/383/3534
f 3521/432/3583 3522/431/3584 3475/382/3535
f 3522/431/3584 3523/430/3585 3476/381/3536
f 3523/430/3585 3524/429/3586 3477/380/3537
f 3524/429/3586 3525/428/3587 3478/379/3538
f 3525/428/3587 3526/427/3588 3479/378/3539
f 3526/427/3588 3527/426/3589 3480/377/3540
f 3527/426/3589 3528/425/3590 3481/376/3541
f 3528/425/3590 3529/424/3591 3482/375/3542
f 3529/424/3591 3530/423/3592 3483/374/3543
f 3530/423/3592 3531/422/3593 3484/373/3544
f 3531/422/3593 3532/421/3594 3485/372/3545
f 3532/421/3594 3533/420/3595 3486/371/3546
f 3533/420/3595 3534/419/3596 3487/370/3547
f 3534/419/3596 3535/418/3597 3488/369/3548
f 3535/418/3597 3536/416/3598 3489/367/3549
f 3536/416/3598 3537/417/3600 3490/368/3551
f 3538/415/3599 3491/366/3550 3490/368/3551
f 3539/414/3601 3492/365/3552 3491/366/3550
f 3540/413/3602 3493/364/3553 3492/365/3552
f 3541/412/3603 3494/363/3554 3493/364/3553
f 3542/411/3604 3495/362/3555 3494/363/3554
f 3543/410/3605 3496/361/3556 3495/362/3555
f 3544/409/3606 3497/360/3557 3496/361/3556
f 3545/408/3607 3498/359/3558 3497/360/3557
f 3546/407/3608 3499/358/3559 3498/359/3558
f 3547/406/3609 3500/357/3560 3499/358/3559
f 3548/405/3610 3501/356/3561 3500/357/3560
f 3549/404/3611 3502/355/3562 3501/356/3561
f 3550/403/3612 3503/354/3563 3502/355/3562
f 3551/402/3613 3504/353/3564 3503/354/3563
f 3552/401/3614 3505/352/3565 3504/353/3564
f 3553/400/3615 3506/351/3566 3505/352/3565
f 3554/399/3616 3507/350/3567 3506/351/3566
f 3555/398/3617 3508/349/3568 3507/350/3567
f 3556/397/3618 3509/348/3569 3508/349/3568
f 3557/396/3619 3510/347/3570 3509/348/3569
f 3558/395/3620 3511/346/3571 3510/347/3570
f 3559/394/3621 3512/345/3572 3511/346/3571
f 3560/393/3622 3513/344/3573 3512/345/3572
f 441/392/3623 392/343/3574 3513/344/3573
f 442/489/3624 3561/488/3625 3514/439/3576
f 3561/488/3625 3562/487/3626 3515/438/3577
f 3562/487/3626 3563/486/3627 3516/437/3578
f 3563/486/3627 3564/485/3628 3517/436/3579
f 3564/485/3628 3565/484/3629 3518/435/3580
f 3565/484/3629 3566/483/3630 3519/434/3581
f 3566/483/3630 3567/482/3631 3520/433/3582
f 3567/482/3631 3568/481/3632 3521/432/3583
f 3568/481/3632 3569/480/3633 3522/431/3584
f 3569/480/3633 3570/479/3634 3523/430/3585
f 3570/479/3634 3571/478/3635 3524/429/3586
f 3571/478/3635 3572/477/3636 3525/428/3587
f 3572/477/3636 3573/476/3637 3526/427/3588
f 3573/476/3637 3574/475/3638 3527/426/3589
f 3574/475/3638 3575/474/3639 3528/425/3590
f 3575/474/3639 3576/473/3640 3529/424/3591
f 3576/473/3640 3577/472/3641 3530/423/3592
f 3577/472/3641 3578/471/3642 3531/422/3593
f 3578/471/3642 3579/470/3643 3532/421/3594
f 3579/470/3643 3580/469/3644 3533/420/3595
f 3580/469/3644 3581/468/3645 3534/419/3596
f 3581/468/3645 3582/467/3646 3535/418/3597
f 3582/467/3646 3583/465/3647 3536/416/3598
f 3583/465/3647 3584/466/3649 3537/417/3600
f 3585/464/3648 3538/415/3599 3537/417/3600
f 3586/463/3650 3539/414/3601 3538/415/3599
f 3587/462/3651 3540/413/3602 3539/414/3601
f 3588/461/3652 3541/412/3603 3540/413/3602
f 3589/460/3653 3542/411/3604 3541/412/3603
f 3590/459/3654 3543/410/3605 3542/411/3604
f 3591/458/3655 3544/409/3606 3543/410/3605
f 3592/457/3656 3545/408/3607 3544/409/3606
f 3593/456/3657 3546/407/3608 3545/408/3607
f 3594/455/3658 3547/406/3609 3546/407/3608
f 3595/454/3659 3548/405/3610 3547/406/3609
f 3596/453/3660 3549/404/3611 3548/405/3610
f 3597/452/3661 3550/403/3612 3549/404/3611
f 3598/451/3662 3551/402/3613 3550/403/3612
f 3599/450/3663 3552/401/3614 3551/402/3613
f 3600/449/3664 3553/400/3615 3552/401/3614
f 3601/448/3665 3554/399/3616 3553/400/3615
f 3602/447/3666 3555/398/3617 3554/399/3616
f 3603/446/3667 3556/397/3618 3555/398/3617
f 3604/445/3668 3557/396/3619 3556/397/3618
f 3605/444/3669 3558/395/3620 3557/396/3619
f 3606/443/3670 3559/394/3621 3558/395/3620
f 3607/442/3671 3560/393/3622 3559/394/3621
f 490/441/3672 441/392/3623 3560/393/3622
f 491/538/3673 3608/537/3674 3561/488/3625
f 3608/537/3674 3609/536/3675 3562/487/3626
f 3609/536/3675 3610/535/3676 3563/486/3627
f 3610/535/3676 3611/534/3677 3564/485/3628
f 3611/534/3677 3612/533/3678 3565/484/3629
f 3612/533/3678 3613/532/3679 3566/483/3630
f 3613/532/3679 3614/531/3680 3567/482/3631
f 3614/531/3680 3615/530/3681 3568/481/3632
f 3615/530/3681 3616/529/3682 3569/480/3633
f 3616/529/3682 3617/528/3683 3570/479/3634
f 3617/528/3683 3618/527/3684 3571/478/3635
f 3618/527/3684 3619/526/3685 3572/477/3636
f 3619/526/3685 3620/525/3686 3573/476/3637
f 3620/525/3686 3621/524/3687 3574/475/3638
f 3621/524/3687 3622/523/3688 3575/474/3639
f 3622/523/3688 3623/522/3689 3576/473/3640
f 3623/522/3689 3624/521/3690 3577/472/3641
f 3624/521/3690 3625/520/3691 3578/471/3642
f 3625/520/3691 3626/519/3692 3579/470/3643
f 3626/519/3692 3627/518/3693 3580/469/3644
f 3627/518/3693 3628/517/3694 3581/468/3645
f 3628/517/3694 3629/516/3695 3582/467/3646
f 3629/516/3695 3630/514/3696 3583/465/3647
f 3630/514/3696 3631/515/3698 3584/466/3649
f 3632/513/3697 3585/464/3648 3584/466/3649
f 3633/512/3699 3586/463/3650 3585/464/3648
f 3634/511/3700 3587/462/3651 3586/463/3650
f 3635/510/3701 3588/461/3652 3587/462/3651
f 3636/509/3702 3589/460/3653 3588/461/3652
f 3637/508/3703 3590/459/3654 3589/460/3653
f 3638/507/3704 3591/458/3655 3590/459/3654
f 3639/506/3705 3592/457/3656 3591/458/3655
f 3640/505/3706 3593/456/3657 3592/457/3656
f 3641/504/3707 3594/455/3658 3593/456/3657
f 3642/503/3708 3595/454/3659 3594/455/3658
f 3643/502/3709 3596/453/3660 3595/454/3659
f 3644/501/3710 3597/452/3661 3596/453/3660
f 3645/500/3711 3598/451/3662 3597/452/3661
f 3646/499/3712 3599/450/3663 3598/451/3662
f 3647/498/3713 3600/449/3664 3599/450/3663
f 3648/497/3714 3601/448/3665 3600/449/3664
f 3649/496/3715 3602/447/3666 3601/448/3665
f 3650/495/3716 3603/446/3667 3602/447/3666
f 3651/494/3717 3604/445/3668 3603/446/3667
f 3652/493/3718 3605/444/3669 3604/445/3668
f 3653/492/3719 3606/443/3670 3605/444/3669
f 3654/491/3720 3607/442/3671 3606/443/3670
f 539/490/3721 490/441/3672 3607/442/3671
f 540/587/3722 3655/586/3723 3608/537/3674
f 3655/586/3723 3656/585/3724 3609/536/3675
f 3656/585/3724 3657/584/3725 3610/535/3676
f 3657/584/3725 3658/583/3726 3611/534/3677
f 3658/583/3726 3659/582/3727 3612/533/3678
f 3659/582/3727 3660/581/3728 3613/532/3679
f 3660/581/3728 3661/580/3729 3614/531/3680
f 3661/580/3729 3662/579/3730 3615/530/3681
f 3662/579/3730 3663/578/3731 3616/529/3682
f 3663/578/3731 3664/577/3732 3617/528/3683
f 3664/577/3732 3665/576/3733 3618/527/3684
f 3665/576/3733 3666/575/3734 3619/526/3685
f 3666/575/3734 3667/574/3735 3620/525/3686
f 3667/574/3735 3668/573/3736 3621/524/3687
f 3668/573/3736 3669/572/3737 3622/523/3688
f 3669/572/3737 3670/571/3738 3623/522/3689
f 3670/571/3738 3671/570/3739 3624/521/3690
f 3671/570/3739 3672/569/3740 3625/520/3691
f 3672/569/3740 3673/568/3741 3626/519/3692
f 3673/568/3741 3674/567/3742 3627/518/3693
f 3674/567/3742 3675/566/3743 3628/517/3694
f 3675/566/3743 3676/565/3744 3629/516/3695
f 3676/565/3744 3677/563/3745 3630/514/3696
f 3677/563/3745 3678/564/3747 3631/515/3698
f 3679/562/3746 3632/513/3697 3631/515/3698
f 3680/561/3748 3633/512/3699 3632/513/3697
f 3681/560/3749 3634/511/3700 3633/512/3699
f 3682/559/3750 3635/510/3701 3634/511/3700
f 3683/558/3751 3636/509/3702 3635/510/3701
f 3684/557/3752 3637/508/3703 3636/509/3702
f 3685/556/3753 3638/507/3704 3637/508/3703
f 3686/555/3754 3639/506/3705 3638/507/3704
f 3687/554/3755 3640/505/3706 3639/506/3705
f 3688/553/3756 3641/504/3707 3640/505/3706
f 3689/552/3757 3642/503/3708 3641/504/3707
f 3690/551/3758 3643/502/3709 3642/503/3708
f 3691/550/3759 3644/501/3710 3643/502/3709
f 3692/549/3760 3645/500/3711 3644/501/3710
f 3693/548/3761 3646/499/3712 3645/500/3711
f 3694/547/3762 3647/498/3713 3646/499/3712
f 3695/546/3763 3648/497/3714 3647/498/3713
f 3696/545/3764 3649/496/3715 3648/497/3714
f 3697/544/3765 3650/495/3716 3649/496/3715
f 3698/543/3766 3651/494/3717 3650/495/3716
f 3699/542/3767 3652/493/3718 3651/494/3717
f 3700/541/3768 3653/492/3719 3652/493/3718
f 3701/540/3769 3654/491/3720 3653/492/3719
f 588/539/3770 539/490/3721 3654/491/3720
f 589/636/3771 3702/635/3772 3655/586/3723
f 3702/635/3772 3703/634/3773 3656/585/3724
f 3703/634/3773 3704/633/3774 3657/584/3725
f 3704/633/3774 3705/632/3775 3658/583/3726
f 3705/632/3775 3706/631/3776 3659/582/3727
f 3706/631/3776 3707/630/3777 3660/581/3728
f 3707/630/3777 3708/629/3778 3661/580/3729
f 3708/629/3778 3709/628/3779 3662/579/3730
f 3709/628/3779 3710/627/3780 3663/578/3731
f 3710/627/3780 3711/626/3781 3664/577/3732
f 3711/626/3781 3712/625/3782 3665/576/3733
f 3712/625/3782 3713/624/3783 3666/575/3734
f 3713/624/3783 3714/623/3784 3667/574/3735
f 3714/623/3784 3715/622/3785 3668/573/3736
f 3715/622/3785 3716/621/3786 3669/572/3737
f 3716/621/3786 3717/620/3787 3670/571/3738
f 3717/620/3787 3718/619/3788 3671/570/3739
f 3718/619/3788 3719/618/3789 3672/569/3740
f 3719/618/3789 3720/617/3790 3673/568/3741
f 3720/617/3790 3721/616/3791 3674/567/3742
f 3721/616/3791 3722/615/3792 3675/566/3743
f 3722/615/3792 3723/614/3793 3676/565/3744
f 3723/614/3793 3724/612/3794 3677/563/3745
f 3724/612/3794 3725/613/3796 3678/564/3747
f 3726/611/3795 3679/562/3746 3678/564/3747
f 3727/610/3797 3680/561/3748 3679/562/3746
f 3728/609/3798 3681/560/3749 3680/561/3748
f 3729/608/3799 3682/559/3750 3681/560/3749
f 3730/607/3800 3683/558/3751 3682/559/3750
f 3731/606/3801 3684/557/3752 3683/558/3751
f 3732/605/3802 3685/556/3753 3684/557/3752
f 3733/604/3803 3686/555/3754 3685/556/3753
f 3734/603/3804 3687/554/3755 3686/555/3754
f 3735/602/3805 3688/553/3756 3687/554/3755
f 3736/601/3806 3689/552/3757 3688/553/3756
f 3737/600/3807 3690/551/3758 3689/552/3757
f 3738/599/3808 3691/550/3759 3690/551/3758
f 3739/598/3809 3692/549/3760 3691/550/3759
f 3740/597/3810 3693/548/3761 3692/549/3760
f 3741/596/3811 3694/547/3762 3693/548/3761
f 3742/595/3812 3695/546/3763 3694/547/3762
f 3743/594/3813 3696/545/3764 3695/546/3763
f 3744/593/3814 3697/544/3765 3696/545/3764
f 3745/592/3815 3698/543/3766 3697/544/3765
f 3746/591/3816 3699/542/3767 3698/543/3766
f 3747/590/3817 3700/541/3768 3699/542/3767
f 3748/589/3818 3701/540/3769 3700/541/3768
f 637/588/3819 588/539/3770 3701/540/3769
f 638/685/3820 3749/684/3821 3702/635/3772
f 3749/684/3821 3750/683/3822 3703/634/3773
f 3750/683/3822 3751/682/3823 3704/633/3774
f 3751/682/3823 3752/681/3824 3705/632/3775
f 3752/681/3824 3753/680/3825 3706/631/3776
f 3753/680/3825 3754/679/3826 3707/630/3777
f 3754/679/3826 3755/678/3827 3708/629/3778
f 3755/678/3827 3756/677/3828 3709/628/3779
f 3756/677/3828 3757/676/3829 3710/627/3780
f 3757/676/3829 3758/675/3830 3711/626/3781
f 3758/675/3830 3759/674/3831 3712/625/3782
f 3759/674/3831 3760/673/3832 3713/624/3783
f 3760/673/3832 3761/672/3833 3714/623/3784
f 3761/672/3833 3762/671/3834 3715/622/3785
f 3762/671/3834 3763/670/3835 3716/621/3786
f 3763/670/3835 3764/669/3836 3717/620/3787
f 3764/669/3836 3765/668/3837 3718/619/3788
f 3765/668/3837 3766/667/3838 3719/618/3789
f 3766/667/3838 3767/666/3839 3720/617/3790
f 3767/666/3839 3768/665/3840 3721/616/3791
f 3768/665/3840 3769/664/3841 3722/615/3792
f 3769/664/3841 3770/663/3842 3723/614/3793
f 3770/663/3842 3771/661/3843 3724/612/3794
f 3771/661/3843 3772/662/3845 3725/613/3796
f 3773/660/3844 3726/611/3795 3725/613/3796
f 3774/659/3846 3727/610/3797 3726/611/3795
f 3775/658/3847 3728/609/3798 3727/610/3797
f 3776/657/3848 3729/608/3799 3728/609/3798
f 3777/656/3849 3730/607/3800 3729/608/3799
f 3778/655/3850 3731/606/3801 3730/607/3800
f 3779/654/3851 3732/605/3802 3731/606/3801
f 3780/653/3852 3733/604/3803 3732/605/3802
f 3781/652/3853 3734/603/3804 3733/604/3803
f 3782/651/3854 3735/602/3805 3734/603/3804
f 3783/650/3855 3736/601/3806 3735/602/3805
f 3784/649/3856 3737/600/3807 3736/601/3806
f 3785/648/3857 3738/599/3808 3737/600/3807
f 3786/647/3858 3739/598/3809 3738/599/3808
f 3787/646/3859 3740/597/3810 3739/598/3809
f 3788/645/3860 3741/596/3811 3740/597/3810
f 3789/644/3861 3742/595/3812 3741/596/3811
f 3790/643/3862 3743/594/3813 3742/595/3812
f 3791/642/3863 3744/593/3814 3743/594/3813
f 3792/641/3864 3745/592/3815 3744/593/3814
f 3793/640/3865 3746/591/3816 3745/592/3815
f 3794/639/3866 3747/590/3817 3746/591/3816
f 3795/638/3867 3748/589/3818 3747/590/3817
f 686/637/3868 637/588/3819 3748/589/3818
f 687/734/3869 3796/733/3870 3749/684/3821
f 3796/733/3870 3797/732/3871 3750/683/3822
f 3797/732/3871 3798/731/3872 3751/682/3823
f 3798/731/3872 3799/730/3873 3752/681/3824
f 3799/730/3873 3800/729/3874 3753/680/3825
f 3800/729/3874 3801/728/3875 3754/679/3826
f 3801/728/3875 3802/727/3876 3755/678/3827
f 3802/727/3876 3803/726/3877 3756/677/3828
f 3803/726/3877 3804/725/3878 3757/676/3829
f 3804/725/3878 3805/724/3879 3758/675/3830
f 3805/724/3879 3806/723/3880 3759/674/3831
f 3806/723/3880 3807/722/3881 3760/673/3832
f 3807/722/3881 3808/721/3882 3761/672/3833
f 3808/721/3882 3809/720/3883 3762/671/3834
f 3809/720/3883 3810/719/3884 3763/670/3835
f 3810/719/3884 3811/718/3885 3764/669/3836
f 3811/718/3885 3812/717/3886 3765/668/3837
f 3812/717/3886 3813/716/3887 3766/667/3838
f 3813/716/3887 3814/715/3888 3767/666/3839
f 3814/715/3888 3815/714/3889 3768/665/3840
f 3815/714/3889 3816/713/3890 3769/664/3841
f 3816/713/3890 3817/712/3891 3770/663/3842
f 3817/712/3891 3818/710/3892 3771/661/3843
f 3818/710/3892 3819/711/3894 3772/662/3845
f 3820/709/3893 3773/660/3844 3772/662/3845
f 3821/708/3895 3774/659/3846 3773/660/3844
f 3822/707/3896 3775/658/3847 3774/659/3846
f 3823/706/3897 3776/657/3848 3775/658/3847
f 3824/705/3898 3777/656/3849 3776/657/3848
f 3825/704/3899 3778/655/3850 3777/656/3849
f 3826/703/3900 3779/654/3851 3778/655/3850
f 3827/702/3901 3780/653/3852 3779/654/3851
f 3828/701/3902 3781/652/3853 3780/653/3852
f 3829/700/3903 3782/651/3854 3781/652/3853
f 3830/699/3904 3783/650/3855 3782/651/3854
f 3831/698/3905 3784/649/3856 3783/650/3855
f 3832/697/3906 3785/648/3857 3784/649/3856
f 3833/696/3907 3786/647/3858 3785/648/3857
f 3834/695/3908 3787/646/3859 3786/647/3858
f 3835/694/3909 3788/645/3860 3787/646/3859
f 3836/693/3910 3789/644/3861 3788/645/3860
f 3837/692/3911 3790/643/3862 3789/644/3861
f 3838/691/3912 3791/642/3863 3790/643/3862
f 3839/690/3913 3792/641/3864 3791/642/3863
f 3840/689/3914 3793/640/3865 3792/641/3864
f 3841/688/3915 3794/639/3866 3793/640/3865
f 3842/687/3916 3795/638/3867 3794/639/3866
f 735/686/3917 686/637/3868 3795/638/3867
f 736/783/3918 3843/782/3919 3796/733/3870
f 3843/782/3919 3844/781/3920 3797/732/3871
f 3844/781/3920 3845/780/3921 3798/731/3872
f 3845/780/3921 3846/779/3922 3799/730/3873
f 3846/779/3922 3847/778/3923 3800/729/3874
f 3847/778/3923 3848/777/3924 3801/728/3875
f 3848/777/3924 3849/776/3925 3802/727/3876
f 3849/776/3925 3850/775/3926 3803/726/3877
f 3850/775/3926 3851/774/3927 3804/725/3878
f 3851/774/3927 3852/773/3928 3805/724/3879
f 3852/773/3928 3853/772/3929 3806/723/3880
f 3853/772/3929 3854/771/3930 3807/722/3881
f 3854/771/3930 3855/770/3931 3808/721/3882
f 3855/770/3931 3856/769/3932 3809/720/3883
f 3856/769/3932 3857/768/3933 3810/719/3884
f 3857/768/3933 3858/767/3934 3811/718/3885
f 3858/767/3934 3859/766/3935 3812/717/3886
f 3859/766/3935 3860/765/3936 3813/716/3887
f 3860/765/3936 3861/764/3937 3814/715/3888
f 3861/764/3937 3862/763/3938 3815/714/3889
f 3862/763/3938 3863/762/3939 3816/713/3890
f 3863/762/3939 3864/761/3940 3817/712/3891
f 3864/761/3940 3865/759/3941 3818/710/3892
f 3865/759/3941 3866/760/3943 3819/711/3894
f 3867/758/3942 3820/709/3893 3819/711/3894
f 3868/757/3944 3821/708/3895 3820/709/3893
f 3869/756/3945 3822/707/3896 3821/708/3895
f 3870/755/3946 3823/706/3897 3822/707/3896
f 3871/754/3947 3824/705/3898 3823/706/3897
f 3872/753/3948 3825/704/3899 3824/705/3898
f 3873/752/3949 3826/703/3900 3825/704/3899
f 3874/751/3950 3827/702/3901 3826/703/3900
f 3875/750/3951 3828/701/3902 3827/702/3901
f 3876/749/3952 3829/700/3903 3828/701/3902
f 3877/748/3953 3830/699/3904 3829/700/3903
f 3878/747/3954 3831/698/3905 3830/699/3904
f 3879/746/3955 3832/697/3906 3831/698/3905
f 3880/745/3956 3833/696/3907 3832/697/3906
f 3881/744/3957 3834/695/3908 3833/696/3907
f 3882/743/3958 3835/694/3909 3834/695/3908
f 3883/742/3959 3836/693/3910 3835/694/3909
f 3884/741/3960 3837/692/3911 3836/693/3910
f 3885/740/3961 3838/691/3912 3837/692/3911
f 3886/739/3962 3839/690/3913 3838/691/3912
f 3887/738/3963 3840/689/3914 3839/690/3913
f 3888/737/3964 3841/688/3915 3840/689/3914
f 3889/736/3965 3842/687/3916 3841/688/3915
f 784/735/3966 735/686/3917 3842/687/3916
f 785/832/3967 3890/831/3968 3843/782/3919
f 3890/831/3968 3891/830/3969 3844/781/3920
f 3891/830/3969 3892/829/3970 3845/780/3921
f 3892/829/3970 3893/828/3971 3846/779/3922
f 3893/828/3971 3894/827/3972 3847/778/3923
f 3894/827/3972 3895/826/3973 3848/777/3924
f 3895/826/3973 3896/825/3974 3849/776/3925
f 3896/825/3974 3897/824/3975 3850/775/3926
f 3897/824/3975 3898/823/3976 3851/774/3927
f 3898/823/3976 3899/822/3977 3852/773/3928
f 3899/822/3977 3900/821/3978 3853/772/3929
f 3900/821/3978 3901/820/3979 3854/771/3930
f 3901/820/3979 3902/819/3980 3855/770/3931
f 3902/819/3980 3903/818/3981 3856/769/3932
f 3903/818/3981 3904/817/3982 3857/768/3933
f 3904/817/3982 3905/816/3983 3858/767/3934
f 3905/816/3983 3906/815/3984 3859/766/3935
f 3906/815/3984 3907/814/3985 3860/765/3936
f 3907/814/3985 3908/813/3986 3861/764/3937
f 3908/813/3986 3909/812/3987 3862/763/3938
f 3909/812/3987 3910/811/3988 3863/762/3939
f 3910/811/3988 3911/810/3989 3864/761/3940
f 3911/810/3989 3912/808/3990 3865/759/3941
f 3912/808/3990 3913/809/3992 3866/760/3943
f 3914/807/3991 3867/758/3942 3866/760/3943
f 3915/806/3993 3868/757/3944 3867/758/3942
f 3916/805/3994 3869/756/3945 3868/757/3944
f 3917/804/3995 3870/755/3946 3869/756/3945
f 3918/803/3996 3871/754/3947 3870/755/3946
f 3919/802/3997 3872/753/3948 3871/754/3947
f 3920/801/3998 3873/752/3949 3872/753/3948
f 3921/800/3999 3874/751/3950 3873/752/3949
f 3922/799/4000 3875/750/3951 3874/751/3950
f 3923/798/4001 3876/749/3952 3875/750/3951
f 3924/797/4002 3877/748/3953 3876/749/3952
f 3925/796/4003 3878/747/3954 3877/748/3953
f 3926/795/4004 3879/746/3955 3878/747/3954
f 3927/794/4005 3880/745/3956 3879/746/3955
f 3928/793/4006 3881/744/3957 3880/745/3956
f 3929/792/4007 3882/743/3958 3881/744/3957
f 3930/791/4008 3883/742/3959 3882/743/3958
f 3931/790/4009 3884/741/3960 3883/742/3959
f 3932/789/4010 3885/740/3961 3884/741/3960
f 3933/788/4011 3886/739/3962 3885/740/3961
f 3934/787/4012 3887/738/3963 3886/739/3962
f 3935/786/4013 3888/737/3964 3887/738/3963
f 3936/785/4014 3889/736/3965 3888/737/3964
f 833/784/4015 784/735/3966 3889/736/3965
f 834/881/4016 3937/880/4017 3890/831/3968
f 3937/880/4017 3938/879/4018 3891/830/3969
f 3938/879/4018 3939/878/4019 3892/829/3970
f 3939/878/4019 3940/877/4020 3893/828/3971
f 3940/877/4020 3941/876/4021 3894/827/3972
f 3941/876/4021 3942/875/4022 3895/826/3973
f 3942/875/4022 3943/874/4023 3896/825/3974
f 3943/874/4023 3944/873/4024 3897/824/3975
f 3944/873/4024 3945/872/4025 3898/823/3976
f 3945/872/4025 3946/871/4026 3899/822/3977
f 3946/871/4026 3947/870/4027 3900/821/3978
f 3947/870/4027 3948/869/4028 3901/820/3979
f 3948/869/4028 3949/868/4029 3902/819/3980
f 3949/868/4029 3950/867/4030 3903/818/3981
f 3950/867/4030 3951/866/4031 3904/817/3982
f 3951/866/4031 3952/865/4032 3905/816/3983
f 3952/865/4032 3953/864/4033 3906/815/3984
f 3953/864/4033 3954/863/4034 3907/814/3985
f 3954/863/4034 3955/862/4035 3908/813/3986
f 3955/862/4035 3956/861/4036 3909/812/3987
f 3956/861/4036 3957/860/4037 3910/811/3988
f 3957/860/4037 3958/859/4038 3911/810/3989
f 3958/859/4038 3959/857/4039 3912/808/3990
f 3959/857/4039 3960/858/4041 3913/809/3992
f 3961/856/4040 3914/807/3991 3913/809/3992
f 3962/855/4042 3915/806/3993 3914/807/3991
f 3963/854/4043 3916/805/3994 3915/806/3993
f 3964/853/4044 3917/804/3995 3916/805/3994
f 3965/852/4045 3918/803/3996 3917/804/3995
f 3966/851/4046 3919/802/3997 3918/803/3996
f 3967/850/4047 3920/801/3998 3919/802/3997
f 3968/849/4048 3921/800/3999 3920/801/3998
f 3969/848/4049 3922/799/4000 3921/800/3999
f 3970/847/4050 3923/798/4001 3922/799/4000
f 3971/846/4051 3924/797/4002 3923/798/4001
f 3972/845/4052 3925/796/4003 3924/797/4002
f 3973/844/4053 3926/795/4004 3925/796/4003
f 3974/843/4054 3927/794/4005 3926/795/4004
f 3975/842/4055 3928/793/4006 3927/794/4005
f 3976/841/4056 3929/792/4007 3928/793/4006
f 3977/840/4057 3930/791/4008 3929/792/4007
f 3978/839/4058 3931/790/4009 3930/791/4008
f 3979/838/4059 3932/789/4010 3931/790/4009
f 3980/837/4060 3933/788/4011 3932/789/4010
f 3981/836/4061 3934/787/4012 3933/788/4011
f 3982/835/4062 3935/786/4013 3934/787/4012
f 3983/834/4063 3936/785/4014 3935/786/4013
f 882/833/4064 833/784/4015 3936/785/4014
f 883/930/4065 3984/929/4066 3937/880/4017
f 3984/929/4066 3985/928/4067 3938/879/4018
f 3985/928/4067 3986/927/4068 3939/878/4019
f 3986/927/4068 3987/926/4069 3940/877/4020
f 3987/926/4069 3988/925/4070 3941/876/4021
f 3988/925/4070 3989/924/4071 3942/875/4022
f 3989/924/4071 3990/923/4072 3943/874/4023
f 3990/923/4072 3991/922/4073 3944/873/4024
f 3991/922/4073 3992/921/4074 3945/872/4025
f 3992/921/4074 3993/920/4075 3946/871/4026
f 3993/920/4075 3994/919/4076 3947/870/4027
f 3994/919/4076 3995/918/4077 3948/869/4028
f 3995/918/4077 3996/917/4078 3949/868/4029
f 3996/917/4078 3997/916/4079 3950/867/4030
f 3997/916/4079 3998/915/4080 3951/866/4031
f 3998/915/4080 3999/914/4081 3952/865/4032
f 3999/914/4081 4000/913/4082 3953/864/4033
f 4000/913/4082 4001/912/4083 3954/863/4034
f 4001/912/4083 4002/911/4084 3955/862/4035
f 4002/911/4084 4003/910/4085 3956/861/4036
f 4003/910/4085 4004/909/4086 3957/860/4037
f 4004/909/4086 4005/908/4087 3958/859/4038
f 4005/908/4087 4006/906/4088 3959/857/4039
f 4006/906/4088 4007/907/4090 3960/858/4041
f 4008/905/4089 3961/856/4040 3960/858/4041
f 4009/904/4091 3962/855/4042 3961/856/4040
f 4010/903/4092 3963/854/4043 3962/855/4042
f 4011/902/4093 3964/853/4044 3963/854/4043
f 4012/901/4094 3965/852/4045 3964/853/4044
f 4013/900/4095 3966/851/4046 3965/852/4045
f 4014/899/4096 3967/850/4047 3966/851/4046
f 4015/898/4097 3968/849/4048 3967/850/4047
f 4016/897/4098 3969/848/4049 3968/849/4048
f 4017/896/4099 3970/847/4050 3969/848/4049
f 4018/895/4100 3971/846/4051 3970/847/4050
f 4019/894/4101 3972/845/4052 3971/846/4051
f 4020/893/4102 3973/844/4053 3972/845/4052
f 4021/892/4103 3974/843/4054 3973/844/4053
f 4022/891/4104 3975/842/4055 3974/843/4054
f 4023/890/4105 3976/841/4056 3975/842/4055
f 4024/889/4106 3977/840/4057 3976/841/4056
f 4025/888/4107 3978/839/4058 3977/840/4057
f 4026/887/4108 3979/838/4059 3978/839/4058
f 4027/886/4109 3980/837/4060 3979/838/4059
f 4028/885/4110 3981/836/4061 3980/837/4060
f 4029/884/4111 3982/835/4062 3981/836/4061
f 4030/883/4112 3983/834/4063 3982/835/4062
f 931/882/4113 882/833/4064 3983/834/4063
f 932/979/4114 4031/978/4115 3984/929/4066
f 4031/978/4115 4032/977/4116 3985/928/4067
f 4032/977/4116 4033/976/4117 3986/927/4068
f 4033/976/4117 4034/975/4118 3987/926/4069
f 4034/975/4118 4035/974/4119 3988/925/4070
f 4035/974/4119 4036/973/4120 3989/924/4071
f 4036/973/4120 4037/972/4121 3990/923/4072
f 4037/972/4121 4038/971/4122 3991/922/4073
f 4038/971/4122 4039/970/4123 3992/921/4074
f 4039/970/4123 4040/969/4124 3993/920/4075
f 4040/969/4124 4041/968/4125 3994/919/4076
f 4041/968/4125 4042/967/4126 3995/918/4077
f 4042/967/4126 4043/966/4127 3996/917/4078
f 4043/966/4127 4044/965/4128 3997/916/4079
f 4044/965/4128 4045/964/4129 3998/915/4080
f 4045/964/4129 4046/963/4130 3999/914/4081
f 4046/963/4130 4047/962/4131 4000/913/4082
f 4047/962/4131 4048/961/4132 4001/912/4083
f 4048/961/4132 4049/960/4133 4002/911/4084
f 4049/960/4133 4050/959/4134 4003/910/4085
f 4050/959/4134 4051/958/4135 4004/909/4086
f 4051/958/4135 4052/957/4136 4005/908/4087
f 4052/957/4136 4053/955/4137 4006/906/4088
f 4053/955/4137 4054/956/4139 4007/907/4090
f 4055/954/4138 4008/905/4089 4007/907/4090
f 4056/953/4140 4009/904/4091 4008/905/4089
f 4057/952/4141 4010/903/4092 4009/904/4091
f 4058/951/4142 4011/902/4093 4010/903/4092
f 4059/950/4143 4012/901/4094 4011/902/4093
f 4060/949/4144 4013/900/4095 4012/901/4094
f 4061/948/4145 4014/899/4096 4013/900/4095
f 4062/947/4146 4015/898/4097 4014/899/4096
f 4063/946/4147 4016/897/4098 4015/898/4097
f 4064/945/4148 4017/896/4099 4016/897/4098
f 4065/944/4149 4018/895/4100 4017/896/4099
f 4066/943/4150 4019/894/4101 4018/895/4100
f 4067/942/4151 4020/893/4102 4019/894/4101
f 4068/941/4152 4021/892/4103 4020/893/4102
f 4069/940/4153 4022/891/4104 4021/892/4103
f 4070/939/4154 4023/890/4105 4022/891/4104
f 4071/938/4155 4024/889/4106 4023/890/4105
f 4072/937/4156 4025/888/4107 4024/889/4106
f 4073/936/4157 4026/887/4108 4025/888/4107
f 4074/935/4158 4027/886/4109 4026/887/4108
f 4075/934/4159 4028/885/4110 4027/886/4109
f 4076/933/4160 4029/884/4111 4028/885/4110
f 4077/932/4161 4030/883/4112 4029/884/4111
f 980/931/4162 931/882/4113 4030/883/4112
f 981/1028/4163 4078/1027/4164 4031/978/4115
f 4078/1027/4164 4079/1026/4165 4032/977/4116
f 4079/1026/4165 4080/1025/4166 4033/976/4117
f 4080/1025/4166 4081/1024/4167 4034/975/4118
f 4081/1024/4167 4082/1023/4168 4035/974/4119
f 4082/1023/4168 4083/1022/4169 4036/973/4120
f 4083/1022/4169 4084/1021/4170 4037/972/4121
f 4084/1021/4170 4085/1020/4171 4038/971/4122
f 4085/1020/4171 4086/1019/4172 4039/970/4123
f 4086/1019/4172 4087/1018/4173 4040/969/4124
f 4087/1018/4173 4088/1017/4174 4041/968/4125
f 4088/1017/4174 4089/1016/4175 4042/967/4126
f 4089/1016/4175 4090/1015/4176 4043/966/4127
f 4090/1015/4176 4091/1014/4177 4044/965/4128
f 4091/1014/4177 4092/1013/4178 4045/964/4129
f 4092/1013/4178 4093/1012/4179 4046/963/4130
f 4093/1012/4179 4094/1011/4180 4047/962/4131
f 4094/1011/4180 4095/1010/4181 4048/961/4132
f 4095/1010/4181 4096/1009/4182 4049/960/4133
f 4096/1009/4182 4097/1008/4183 4050/959/4134
f 4097/1008/4183 4098/1007/4184 4051/958/4135
f 4098/1007/4184 4099/1006/4185 4052/957/4136
f 4099/1006/4185 4100/1004/4186 4053/955/4137
f 4100/1004/4186 4101/1005/4188 4054/956/4139
f 4102/1003/4187 4055/954/4138 4054/956/4139
f 4103/1002/4189 4056/953/4140 4055/954/4138
f 4104/1001/4190 4057/952/4141 4056/953/4140
f 4105/1000/4191 4058/951/4142 4057/952/4141
f 4106/999/4192 4059/950/4143 4058/951/4142
f 4107/998/4193 4060/949/4144 4059/950/4143
f 4108/997/4194 4061/948/4145 4060/949/4144
f 4109/996/4195 4062/947/4146 4061/948/4145
f 4110/995/4196 4063/946/4147 4062/947/4146
f 4111/994/4197 4064/945/4148 4063/946/4147
f 4112/993/4198 4065/944/4149 4064/945/4148
f 4113/992/4199 4066/943/4150 4065/944/4149
f 4114/991/4200 4067/942/4151 4066/943/4150
f 4115/990/4201 4068/941/4152 4067/942/4151
f 4116/989/4202 4069/940/4153 4068/941/4152
f 4117/988/4203 4070/939/4154 4069/940/4153
f 4118/987/4204 4071/938/4155 4070/939/4154
f 4119/986/4205 4072/937/4156 4071/938/4155
f 4120/985/4206 4073/936/4157 4072/937/4156
f 4121/984/4207 4074/935/4158 4073/936/4157
f 4122/983/4208 4075/934/4159 4074/935/4158
f 4123/982/4209 4076/933/4160 4075/934/4159
f 4124/981/4210 4077/932/4161 4076/933/4160
f 1029/980/4211 980/931/4162 4077/932/4161
f 1030/1077/4212 4125/1076/4213 4078/1027/4164
f 4125/1076/4213 4126/1075/4214 4079/1026/4165
f 4126/1075/4214 4127/1074/4215 4080/1025/4166
f 4127/1074/4215 4128/1073/4216 4081/1024/4167
f 4128/1073/4216 4129/1072/4217 4082/1023/4168
f 4129/1072/4217 4130/1071/4218 4083/1022/4169
f 4130/1071/4218 4131/1070/4219 4084/1021/4170
f 4131/1070/4219 4132/1069/4220 4085/1020/4171
f 4132/1069/4220 4133/1068/4221 4086/1019/4172
f 4133/1068/4221 4134/1067/4222 4087/1018/4173
f 4134/1067/4222 4135/1066/4223 4088/1017/4174
f 4135/1066/4223 4136/1065/4224 4089/1016/4175
f 4136/1065/4224 4137/1064/4225 4090/1015/4176
f 4137/1064/4225 4138/1063/4226 4091/1014/4177
f 4138/1063/4226 4139/1062/4227 4092/1013/4178
f 4139/1062/4227 4140/1061/4228 4093/1012/4179
f 4140/1061/4228 4141/1060/4229 4094/1011/4180
f 4141/1060/4229 4142/1059/4230 4095/1010/4181
f 4142/1059/4230 4143/1058/4231 4096/1009/4182
f 4143/1058/4231 4144/1057/4232 4097/1008/4183
f 4144/1057/4232 4145/1056/4233 4098/1007/4184
f 4145/1056/4233 4146/1055/4234 4099/1006/4185
f 4146/1055/4234 4147/1053/4235 4100/1004/4186
f 4147/1053/4235 4148/1054/4237 4101/1005/4188
f 4149/1052/4236 4102/1003/4187 4101/1005/4188
f 4150/1051/4238 4103/1002/4189 4102/1003/4187
f 4151/1050/4239 4104/1001/4190 4103/1002/4189
f 4152/1049/4240 4105/1000/4191 4104/1001/4190
f 4153/1048/4241 4106/999/4192 4105/1000/4191
f 4154/1047/4242 4107/998/4193 4106/999/4192
f 4155/1046/4243 4108/997/4194 4107/998/4193
f 4156/1045/4244 4109/996/4195 4108/997/4194
f 4157/1044/4245 4110/995/4196 4109/996/4195
f 4158/1043/4246 4111/994/4197 4110/995/4196
f 4159/1042/4247 4112/993/4198 4111/994/4197
f 4160/1041/4248 4113/992/4199 4112/993/4198
f 4161/1040/4249 4114/991/4200 4113/992/4199
f 4162/1039/4250 4115/990/4201 4114/991/4200
f 4163/1038/4251 4116/989/4202 4115/990/4201
f 4164/1037/4252 4117/988/4203 4116/989/4202
f 4165/1036/4253 4118/987/4204 4117/988/4203
f 4166/1035/4254 4119/986/4205 4118/987/4204
f 4167/1034/4255 4120/985/4206 4119/986/4205
f 4168/1033/4256 4121/984/4207 4120/985/4206
f 4169/1032/4257 4122/983/4208 4121/984/4207
f 4170/1031/4258 4123/982/4209 4122/983/4208
f 4171/1030/4259 4124/981/4210 4123/982/4209
f 1078/1029/4260 1029/980/4211 4124/981/4210
f 1079/1126/4261 4172/1125/4262 4125/1076/4213
f 4172/1125/4262 4173/1124/4263 4126/1075/4214
f 4173/1124/4263 4174/1123/4264 4127/1074/4215
f 4174/1123/4264 4175/1122/4265 4128/1073/4216
f 4175/1122/4265 4176/1121/4266 4129/1072/4217
f 4176/1121/4266 4177/1120/4267 4130/1071/4218
f 4177/1120/4267 4178/1119/4268 4131/1070/4219
f 4178/1119/4268 4179/1118/4269 4132/1069/4220
f 4179/1118/4269 4180/1117/4270 4133/1068/4221
f 4180/1117/4270 4181/1116/4271 4134/1067/4222
f 4181/1116/4271 4182/1115/4272 4135/1066/4223
f 4182/1115/4272 4183/1114/4273 4136/1065/4224
f 4183/1114/4273 4184/1113/4274 4137/1064/4225
f 4184/1113/4274 4185/1112/4275 4138/1063/4226
f 4185/1112/4275 4186/1111/4276 4139/1062/4227
f 4186/1111/4276 4187/1110/4277 4140/1061/4228
f 4187/1110/4277 4188/1109/4278 4141/1060/4229
f 4188/1109/4278 4189/1108/4279 4142/1059/4230
f 4189/1108/4279 4190/1107/4280 4143/1058/4231
f 4190/1107/4280 4191/1106/4281 4144/1057/4232
f 4191/1106/4281 4192/1105/4282 4145/1056/4233
f 4192/1105/4282 4193/1104/4283 4146/1055/4234
f 4193/1104/4283 4194/1102/4284 4147/1053/4235
f 4194/1102/4284 4195/1103/4286 4148/1054/4237
f 4196/1101/4285 4149/1052/4236 4148/1054/4237
f 4197/1100/4287 4150/1051/4238 4149/1052/4236
f 4198/1099/4288 4151/1050/4239 4150/1051/4238
f 4199/1098/4289 4152/1049/4240 4151/1050/4239
f 4200/1097/4290 4153/1048/4241 4152/1049/4240
f 4201/1096/4291 4154/1047/4242 4153/1048/4241
f 4202/1095/4292 4155/1046/4243 4154/1047/4242
f 4203/1094/4293 4156/1045/4244 4155/1046/4243
f 4204/1093/4294 4157/1044/4245 4156/1045/4244
f 4205/1092/4295 4158/1043/4246 4157/1044/4245
f 4206/1091/4296 4159/1042/4247 4158/1043/4246
f 4207/1090/4297 4160/1041/4248 4159/1042/4247
f 4208/1089/4298 4161/1040/4249 4160/1041/4248
f 4209/1088/4299 4162/1039/4250 4161/1040/4249
f 4210/1087/4300 4163/1038/4251 4162/1039/4250
f 4211/1086/4301 4164/1037/4252 4163/1038/4251
f 4212/1085/4302 4165/1036/4253 4164/1037/4252
f 4213/1084/4303 4166/1035/4254 4165/1036/4253
f 4214/1083/4304 4167/1034/4255 4166/1035/4254
f 4215/1082/4305 4168/1033/4256 4167/1034/4255
f 4216/1081/4306 4169/1032/4257 4168/1033/4256
f 4217/1080/4307 4170/1031/4258 4169/1032/4257
f 4218/1079/4308 4171/1030/4259 4170/1031/4258
f 1127/1078/4309 1078/1029/4260 4171/1030/4259
f 1128/1175/4310 4219/1174/4311 4172/1125/4262
f 4219/1174/4311 4220/1173/4312 4173/1124/4263
f 4220/1173/4312 4221/1172/4313 4174/1123/4264
f 4221/1172/4313 4222/1171/4314 4175/1122/4265
f 4222/1171/4314 4223/1170/4315 4176/1121/4266
f 4223/1170/4315 4224/1169/4316 4177/1120/4267
f 4224/1169/4316 4225/1168/4317 4178/1119/4268
f 4225/1168/4317 4226/1167/4318 4179/1118/4269
f 4226/1167/4318 4227/1166/4319 4180/1117/4270
f 4227/1166/4319 4228/1165/4320 4181/1116/4271
f 4228/1165/4320 4229/1164/4321 4182/1115/4272
f 4229/1164/4321 4230/1163/4322 4183/1114/4273
f 4230/1163/4322 4231/1162/4323 4184/1113/4274
f 4231/1162/4323 4232/1161/4324 4185/1112/4275
f 4232/1161/4324 4233/1160/4325 4186/1111/4276
f 4233/1160/4325 4234/1159/4326 4187/1110/4277
f 4234/1159/4326 4235/1158/4327 4188/1109/4278
f 4235/1158/4327 4236/1157/4328 4189/1108/4279
f 4236/1157/4328 4237/1156/4329 4190/1107/4280
f 4237/1156/4329 4238/1155/4330 4191/1106/4281
f 4238/1155/4330 4239/1154/4331 4192/1105/4282
f 4239/1154/4331 4240/1153/4332 4193/1104/4283
f 4240/1153/4332 4241/1151/4333 4194/1102/4284
f 4241/1151/4333 4242/1152/4335 4195/1103/4286
f 4243/1150/4334 4196/1101/4285 4195/1103/4286
f 4244/1149/4336 4197/1100/4287 4196/1101/4285
f 4245/1148/4337 4198/1099/4288 4197/1100/4287
f 4246/1147/4338 4199/1098/4289 4198/1099/4288
f 4247/1146/4339 4200/1097/4290 4199/1098/4289
f 4248/1145/4340 4201/1096/4291 4200/1097/4290
f 4249/1144/4341 4202/1095/4292 4201/1096/4291
f 4250/1143/4342 4203/1094/4293 4202/1095/4292
f 4251/1142/4343 4204/1093/4294 4203/1094/4293
f 4252/1141/4344 4205/1092/4295 4204/1093/4294
f 4253/1140/4345 4206/1091/4296 4205/1092/4295
f 4254/1139/4346 4207/1090/4297 4206/1091/4296
f 4255/1138/4347 4208/1089/4298 4207/1090/4297
f 4256/1137/4348 4209/1088/4299 4208/1089/4298
f 4257/1136/4349 4210/1087/4300 4209/1088/4299
f 4258/1135/4350 4211/1086/4301 4210/1087/4300
f 4259/1134/4351 4212/1085/4302 4211/1086/4301
f 4260/1133/4352 4213/1084/4303 4212/1085/4302
f 4261/1132/4353 4214/1083/4304 4213/1084/4303
f 4262/1131/4354 4215/1082/4305 4214/1083/4304
f 4263/1130/4355 4216/1081/4306 4215/1082/4305
f 4264/1129/4356 4217/1080/4307 4216/1081/4306
f 4265/1128/4357 4218/1079/4308 4217/1080/4307
f 1176/1127/4358 1127/1078/4309 4218/1079/4308
f 1177/1224/4359 4266/1223/4360 4219/1174/4311
f 4266/1223/4360 4267/1222/4361 4220/1173/4312
f 4267/1222/4361 4268/1221/4362 4221/1172/4313
f 4268/1221/4362 4269/1220/4363 4222/1171/4314
f 4269/1220/4363 4270/1219/4364 4223/1170/4315
f 4270/1219/4364 4271/1218/4365 4224/1169/4316
f 4271/1218/4365 4272/1217/4366 4225/1168/4317
f 4272/1217/4366 4273/1216/4367 4226/1167/4318
f 4273/1216/4367 4274/1215/4368 4227/1166/4319
f 4274/1215/4368 4275/1214/4369 4228/1165/4320
f 4275/1214/4369 4276/1213/4370 4229/1164/4321
f 4276/1213/4370 4277/1212/4371 4230/1163/4322
f 4277/1212/4371 4278/1211/4372 4231/1162/4323
f 4278/1211/4372 4279/1210/4373 4232/1161/4324
f 4279/1210/4373 4280/1209/4374 4233/1160/4325
f 4280/1209/4374 4281/1208/4375 4234/1159/4326
f 4281/1208/4375 4282/1207/4376 4235/1158/4327
f 4282/1207/4376 4283/1206/4377 4236/1157/4328
f 4283/1206/4377 4284/1205/4378 4237/1156/4329
f 4284/1205/4378 4285/1204/4379 4238/1155/4330
f 4285/1204/4379 4286/1203/4380 4239/1154/4331
f 4286/1203/4380 4287/1202/4381 4240/1153/4332
f 4287/1202/4381 4288/1200/4382 4241/1151/4333
f 4288/1200/4382 4289/1201/4384 4242/1152/4335
f 4290/1199/4383 4243/1150/4334 4242/1152/4335
f 4291/1198/4385 4244/1149/4336 4243/1150/4334
f 4292/1197/4386 4245/1148/4337 4244/1149/4336
f 4293/1196/4387 4246/1147/4338 4245/1148/4337
f 4294/1195/4388 4247/1146/4339 4246/1147/4338
f 4295/1194/4389 4248/1145/4340 4247/1146/4339
f 4296/1193/4390 4249/1144/4341 4248/1145/4340
f 4297/1192/4391 4250/1143/4342 4249/1144/4341
f 4298/1191/4392 4251/1142/4343 4250/1143/4342
f 4299/1190/4393 4252/1141/4344 4251/1142/4343
f 4300/1189/4394 4253/1140/4345 4252/1141/4344
f 4301/1188/4395 4254/1139/4346 4253/1140/4345
f 4302/1187/4396 4255/1138/4347 4254/1139/4346
f 4303/1186/4397 4256/1137/4348 4255/1138/4347
f 4304/1185/4398 4257/1136/4349 4256/1137/4348
f 4305/1184/4399 4258/1135/4350 4257/1136/4349
f 4306/1183/4400 4259/1134/4351 4258/1135/4350
f 4307/1182/4401 4260/1133/4352 4259/1134/4351
f 4308/1181/4402 4261/1132/4353 4260/1133/4352
f 4309/1180/4403 4262/1131/4354 4261/1132/4353
f 4310/1179/4404 4263/1130/4355 4262/1131/4354
f 4311/1178/4405 4264/1129/4356 4263/1130/4355
f 4312/1177/4406 4265/1128/4357 4264/1129/4356
f 1225/1176/4407 1176/1127/4358 4265/1128/4357
f 1226/1273/4408 4313/1272/4409 4266/1223/4360
f 4313/1272/4409 4314/1271/4410 4267/1222/4361
f 4314/1271/4410 4315/1270/4411 4268/1221/4362
f 4315/1270/4411 4316/1269/4412 4269/1220/4363
f 4316/1269/4412 4317/1268/4413 4270/1219/4364
f 4317/1268/4413 4318/1267/4414 4271/1218/4365
f 4318/1267/4414 4319/1266/4415 4272/1217/4366
f 4319/1266/4415 4320/1265/4416 4273/1216/4367
f 4320/1265/4416 4321/1264/4417 4274/1215/4368
f 4321/1264/4417 4322/1263/4418 4275/1214/4369
f 4322/1263/4418 4323/1262/4419 4276/1213/4370
f 4323/1262/4419 4324/1261/4420 4277/1212/4371
f 4324/1261/4420 4325/1260/4421 4278/1211/4372
f 4325/1260/4421 4326/1259/4422 4279/1210/4373
f 4326/1259/4422 4327/1258/4423 4280/1209/4374
f 4327/1258/4423 4328/1257/4424 4281/1208/4375
f 4328/1257/4424 4329/1256/4425 4282/1207/4376
f 4329/1256/4425 4330/1255/4426 4283/1206/4377
f 4330/1255/4426 4331/1254/4427 4284/1205/4378
f 4331/1254/4427 4332/1253/4428 4285/1204/4379
f 4332/1253/4428 4333/1252/4429 4286/1203/4380
f 4333/1252/4429 4334/1251/4430 4287/1202/4381
f 4334/1251/4430 4335/1249/4431 4288/1200/4382
f 4335/1249/4431 4336/1250/4433 4289/1201/4384
f 4337/1248/4432 4290/1199/4383 4289/1201/4384
f 4338/1247/4434 4291/1198/4385 4290/1199/4383
f 4339/1246/4435 4292/1197/4386 4291/1198/4385
f 4340/1245/4436 4293/1196/4387 4292/1197/4386
f 4341/1244/4437 4294/1195/4388 4293/1196/4387
f 4342/1243/4438 4295/1194/4389 4294/1195/4388
f 4343/1242/4439 4296/1193/4390 4295/1194/4389
f 4344/1241/4440 4297/1192/4391 4296/1193/4390
f 4345/1240/4441 4298/1191/4392 4297/1192/4391
f 4346/1239/4442 4299/1190/4393 4298/1191/4392
f 4347/1238/4443 4300/1189/4394 4299/1190/4393
f 4348/1237/4444 4301/1188/4395 4300/1189/4394
f 4349/1236/4445 4302/1187/4396 4301/1188/4395
f 4350/1235/4446 4303/1186/4397 4302/1187/4396
f 4351/1234/4447 4304/1185/4398 4303/1186/4397
f 4352/1233/4448 4305/1184/4399 4304/1185/4398
f 4353/1232/4449 4306/1183/4400 4305/1184/4399
f 4354/1231/4450 4307/1182/4401 4306/1183/4400
f 4355/1230/4451 4308/1181/4402 4307/1182/4401
f 4356/1229/4452 4309/1180/4403 4308/1181/4402
f 4357/1228/4453 4310/1179/4404 4309/1180/4403
f 4358/1227/4454 4311/1178/4405 4310/1179/4404
f 4359/1226/4455 4312/1177/4406 4311/1178/4405
f 1274/1225/4456 1225/1176/4407 4312/1177/4406
f 1275/1322/4457 4360/1321/4458 4313/1272/4409
f 4360/1321/4458 4361/1320/4459 4314/1271/4410
f 4361/1320/4459 4362/1319/4460 4315/1270/4411
f 4362/1319/4460 4363/1318/4461 4316/1269/4412
f 4363/1318/4461 4364/1317/4462 4317/1268/4413
f 4364/1317/4462 4365/1316/4463 4318/1267/4414
f 4365/1316/4463 4366/1315/4464 4319/1266/4415
f 4366/1315/4464 4367/1314/4465 4320/1265/4416
f 4367/1314/4465 4368/1313/4466 4321/1264/4417
f 4368/1313/4466 4369/1312/4467 4322/1263/4418
f 4369/1312/4467 4370/1311/4468 4323/1262/4419
f 4370/1311/4468 4371/1310/4469 4324/1261/4420
f 4371/1310/4469 4372/1309/4470 4325/1260/4421
f 4372/1309/4470 4373/1308/4471 4326/1259/4422
f 4373/1308/4471 4374/1307/4472 4327/1258/4423
f 4374/1307/4472 4375/1306/4473 4328/1257/4424
f 4375/1306/4473 4376/1305/4474 4329/1256/4425
f 4376/1305/4474 4377/1304/4475 4330/1255/4426
f 4377/1304/4475 4378/1303/4476 4331/1254/4427
f 4378/1303/4476 4379/1302/4477 4332/1253/4428
f 4379/1302/4477 4380/1301/4478 4333/1252/4429
f 4380/1301/4478 4381/1300/4479 4334/1251/4430
f 4381/1300/4479 4382/1298/4480 4335/1249/4431
f 4382/1298/4480 4383/1299/4482 4336/1250/4433
f 4384/1297/4481 4337/1248/4432 4336/1250/4433
f 4385/1296/4483 4338/1247/4434 4337/1248/4432
f 4386/1295/4484 4339/1246/4435 4338/1247/4434
f 4387/1294/4485 4340/1245/4436 4339/1246/4435
f 4388/1293/4486 4341/1244/4437 4340/1245/4436
f 4389/1292/4487 4342/1243/4438 4341/1244/4437
f 4390/1291/4488 4343/1242/4439 4342/1243/4438
f 4391/1290/4489 4344/1241/4440 4343/1242/4439
f 4392/1289/4490 4345/1240/4441 4344/1241/4440
f 4393/1288/4491 4346/1239/4442 4345/1240/4441
f 4394/1287/4492 4347/1238/4443 4346/1239/4442
f 4395/1286/4493 4348/1237/4444 4347/1238/4443
f 4396/1285/4494 4349/1236/4445 4348/1237/4444
f 4397/1284/4495 4350/1235/4446 4349/1236/4445
f 4398/1283/4496 4351/1234/4447 4350/1235/4446
f 4399/1282/4497 4352/1233/4448 4351/1234/4447
f 4400/1281/4498 4353/1232/4449 4352/1233/4448
f 4401/1280/4499 4354/1231/4450 4353/1232/4449
f 4402/1279/4500 4355/1230/4451 4354/1231/4450
f 4403/1278/4501 4356/1229/4452 4355/1230/4451
f 4404/1277/4502 4357/1228/4453 4356/1229/4452
f 4405/1276/4503 4358/1227/4454 4357/1228/4453
f 4406/1275/4504 4359/1226/4455 4358/1227/4454
f 1323/1274/4505 1274/1225/4456 4359/1226/4455
f 1324/1371/4506 4407/1370/4507 4360/1321/4458
f 4407/1370/4507 4408/1369/4508 4361/1320/4459
f 4408/1369/4508 4409/1368/4509 4362/1319/4460
f 4409/1368/4509 4410/1367/4510 4363/1318/4461
f 4410/1367/4510 4411/1366/4511 4364/1317/4462
f 4411/1366/4511 4412/1365/4512 4365/1316/4463
f 4412/1365/4512 4413/1364/4513 4366/1315/4464
f 4413/1364/4513 4414/1363/4514 4367/1314/4465
f 4414/1363/4514 4415/1362/4515 4368/1313/4466
f 4415/1362/4515 4416/1361/4516 4369/1312/4467
f 4416/1361/4516 4417/1360/4517 4370/1311/4468
f 4417/1360/4517 4418/1359/4518 4371/1310/4469
f 4418/1359/4518 4419/1358/4519 4372/1309/4470
f 4419/1358/4519 4420/1357/4520 4373/1308/4471
f 4420/1357/4520 4421/1356/4521 4374/1307/4472
f 4421/1356/4521 4422/1355/4522 4375/1306/4473
f 4422/1355/4522 4423/1354/4523 4376/1305/4474
f 4423/1354/4523 4424/1353/4524 4377/1304/4475
f 4424/1353/4524 4425/1352/4525 4378/1303/4476
f 4425/1352/4525 4426/1351/4526 4379/1302/4477
f 4426/1351/4526 4427/1350/4527 4380/1301/4478
f 4427/1350/4527 4428/1349/4528 4381/1300/4479
f 4428/1349/4528 4429/1347/4529 4382/1298/4480
f 4429/1347/4529 4430/1348/4531 4383/1299/4482
f 4431/1346/4530 4384/1297/4481 4383/1299/4482
f 4432/1345/4532 4385/1296/4483 4384/1297/4481
f 4433/1344/4533 4386/1295/4484 4385/1296/4483
f 4434/1343/4534 4387/1294/4485 4386/1295/4484
f 4435/1342/4535 4388/1293/4486 4387/1294/4485
f 4436/1341/4536 4389/1292/4487 4388/1293/4486
f 4437/1340/4537 4390/1291/4488 4389/1292/4487
f 4438/1339/4538 4391/1290/4489 4390/1291/4488
f 4439/1338/4539 4392/1289/4490 4391/1290/4489
f 4440/1337/4540 4393/1288/4491 4392/1289/4490
f 4441/1336/4541 4394/1287/4492 4393/1288/4491
f 4442/1335/4542 4395/1286/4493 4394/1287/4492
f 4443/1334/4543 4396/1285/4494 4395/1286/4493
f 4444/1333/4544 4397/1284/4495 4396/1285/4494
f 4445/1332/4545 4398/1283/4496 4397/1284/4495
f 4446/1331/4546 4399/1282/4497 4398/1283/4496
f 4447/1330/4547 4400/1281/4498 4399/1282/4497
f 4448/1329/4548 4401/1280/4499 4400/1281/4498
f 4449/1328/4549 4402/1279/4500 4401/1280/4499
f 4450/1327/4550 4403/1278/4501 4402/1279/4500
f 4451/1326/4551 4404/1277/4502 4403/1278/4501
f 4452/1325/4552 4405/1276/4503 4404/1277/4502
f 4453/1324/4553 4406/1275/4504 4405/1276/4503
f 1372/1323/4554 1323/1274/4505 4406/1275/4504
f 1373/1420/4555 4454/1419/4556 4407/1370/4507
f 4454/1419/4556 4455/1418/4557 4408/1369/4508
f 4455/1418/4557 4456/1417/4558 4409/1368/4509
f 4456/1417/4558 4457/1416/4559 4410/1367/4510
f 4457/1416/4559 4458/1415/4560 4411/1366/4511
f 4458/1415/4560 4459/1414/4561 4412/1365/4512
f 4459/1414/4561 4460/1413/4562 4413/1364/4513
f 4460/1413/4562 4461/1412/4563 4414/1363/4514
f 4461/1412/4563 4462/1411/4564 4415/1362/4515
f 4462/1411/4564 4463/1410/4565 4416/1361/4516
f 4463/1410/4565 4464/1409/4566 4417/1360/4517
f 4464/1409/4566 4465/1408/4567 4418/1359/4518
f 4465/1408/4567 4466/1407/4568 4419/1358/4519
f 4466/1407/4568 4467/1406/4569 4420/1357/4520
f 4467/1406/4569 4468/1405/4570 4421/1356/4521
f 4468/1405/4570 4469/1404/4571 4422/1355/4522
f 4469/1404/4571 4470/1403/4572 4423/1354/4523
f 4470/1403/4572 4471/1402/4573 4424/1353/4524
f 4471/1402/4573 4472/1401/4574 4425/1352/4525
f 4472/1401/4574 4473/1400/4575 4426/1351/4526
f 4473/1400/4575 4474/1399/4576 4427/1350/4527
f 4474/1399/4576 4475/1398/4577 4428/1349/4528
f 4475/1398/4577 4476/1396/4578 4429/1347/4529
f 4476/1396/4578 4477/1397/4580 4430/1348/4531
f 4478/1395/4579 4431/1346/4530 4430/1348/4531
f 4479/1394/4581 4432/1345/4532 4431/1346/4530
f 4480/1393/4582 4433/1344/4533 4432/1345/4532
f 4481/1392/4583 4434/1343/4534 4433/1344/4533
f 4482/1391/4584 4435/1342/4535 4434/1343/4534
f 4483/1390/4585 4436/1341/4536 4435/1342/4535
f 4484/1389/4586 4437/1340/4537 4436/1341/4536
f 4485/1388/4587 4438/1339/4538 4437/1340/4537
f 4486/1387/4588 4439/1338/4539 4438/1339/4538
f 4487/1386/4589 4440/1337/4540 4439/1338/4539
f 4488/1385/4590 4441/1336/4541 4440/1337/4540
f 4489/1384/4591 4442/1335/4542 4441/1336/4541
f 4490/1383/4592 4443/1334/4543 4442/1335/4542
f 4491/1382/4593 4444/1333/4544 4443/1334/4543
f 4492/1381/4594 4445/1332/4545 4444/1333/4544
f 4493/1380/4595 4446/1331/4546 4445/1332/4545
f 4494/1379/4596 4447/1330/4547 4446/1331/4546
f 4495/1378/4597 4448/1329/4548 4447/1330/4547
f 4496/1377/4598 4449/1328/4549 4448/1329/4548
f 4497/1376/4599 4450/1327/4550 4449/1328/4549
f 4498/1375/4600 4451/1326/4551 4450/1327/4550
f 4499/1374/4601 4452/1325/4552 4451/1326/4551
f 4500/1373/4602 4453/1324/4553 4452/1325/4552
f 1421/1372/4603 1372/1323/4554 4453/1324/4553
f 4501/1468/4604 4454/1419/4556 1373/1420/4555
f 4502/1467/4606 4455/1418/4557 4454/1419/4556
f 4503/1466/4607 4456/1417/4558 4455/1418/4557
f 4504/1465/4608 4457/1416/4559 4456/1417/4558
f 4505/1464/4609 4458/1415/4560 4457/1416/4559
f 4506/1463/4610 4459/1414/4561 4458/1415/4560
f 4507/1462/4611 4460/1413/4562 4459/1414/4561
f 4508/1461/4612 4461/1412/4563 4460/1413/4562
f 4509/1460/4613 4462/1411/4564 4461/1412/4563
f 4510/1459/4614 4463/1410/4565 4462/1411/4564
f 4511/1458/4615 4464/1409/4566 4463/1410/4565
f 4512/1457/4616 4465/1408/4567 4464/1409/4566
f 4513/1456/4617 4466/1407/4568 4465/1408/4567
f 4514/1455/4618 4467/1406/4569 4466/1407/4568
f 4515/1454/4619 4468/1405/4570 4467/1406/4569
f 4516/1453/4620 4469/1404/4571 4468/1405/4570
f 4517/1452/4621 4470/1403/4572 4469/1404/4571
f 4518/1451/4622 4471/1402/4573 4470/1403/4572
f 4519/1450/4623 4472/1401/4574 4471/1402/4573
f 4520/1449/4624 4473/1400/4575 4472/1401/4574
f 4521/1448/4625 4474/1399/4576 4473/1400/4575
f 4522/1447/4626 4475/1398/4577 4474/1399/4576
f 4523/1446/4627 4476/1396/4578 4475/1398/4577
f 4524/1445/4628 4477/1397/4580 4476/1396/4578
f 4524/1445/4628 4525/1444/4629 4478/1395/4579
f 4525/1444/4629 4526/1443/4630 4479/1394/4581
f 4526/1443/4630 4527/1442/4631 4480/1393/4582
f 4527/1442/4631 4528/1441/4632 4481/1392/4583
f 4528/1441/4632 4529/1440/4633 4482/1391/4584
f 4529/1440/4633 4530/1439/4634 4483/1390/4585
f 4530/1439/4634 4531/1438/4635 4484/1389/4586
f 4531/1438/4635 4532/1437/4636 4485/1388/4587
f 4532/1437/4636 4533/1436/4637 4486/1387/4588
f 4533/1436/4637 4534/1435/4638 4487/1386/4589
f 4534/1435/4638 4535/1434/4639 4488/1385/4590
f 4535/1434/4639 4536/1433/4640 4489/1384/4591
f 4536/1433/4640 4537/1432/4641 4490/1383/4592
f 4537/1432/4641 4538/1431/4642 4491/1382/4593
f 4538/1431/4642 4539/1430/4643 4492/1381/4594
f 4539/1430/4643 4540/1429/4644 4493/1380/4595
f 4540/1429/4644 4541/1428/4645 4494/1379/4596
f 4541/1428/4645 4542/1427/4646 4495/1378/4597
f 4542/1427/4646 4543/1426/4647 4496/1377/4598
f 4543/1426/4647 4544/1425/4648 4497/1376/4599
f 4544/1425/4648 4545/1424/4649 4498/1375/4600
f 4545/1424/4649 4546/1423/4650 4499/1374/4601
f 4546/1423/4650 4547/1421/4651 4500/1373/4602
f 4547/1421/4651 1470/1422/4700 1421/1372/4603
f 4548/1517/4652 4501/1468/4604 1422/1516/4605
f 4549/1515/4654 4502/1467/4606 4501/1468/4604
f 4550/1514/4655 4503/1466/4607 4502/1467/4606
f 4551/1513/4656 4504/1465/4608 4503/1466/4607
f 4552/1512/4657 4505/1464/4609 4504/1465/4608
f 4553/1511/4658 4506/1463/4610 4505/1464/4609
f 4554/1510/4659 4507/1462/4611 4506/1463/4610
f 4555/1509/4660 4508/1461/4612 4507/1462/4611
f 4556/1508/4661 4509/1460/4613 4508/1461/4612
f 4557/1507/4662 4510/1459/4614 4509/1460/4613
f 4558/1506/4663 4511/1458/4615 4510/1459/4614
f 4559/1505/4664 4512/1457/4616 4511/1458/4615
f 4560/1504/4665 4513/1456/4617 4512/1457/4616
f 4561/1503/4666 4514/1455/4618 4513/1456/4617
f 4562/1502/4667 4515/1454/4619 4514/1455/4618
f 4563/1501/4668 4516/1453/4620 4515/1454/4619
f 4564/1500/4669 4517/1452/4621 4516/1453/4620
f 4565/1499/4670 4518/1451/4622 4517/1452/4621
f 4566/1498/4671 4519/1450/4623 4518/1451/4622
f 4567/1497/4672 4520/1449/4624 4519/1450/4623
f 4568/1496/4673 4521/1448/4625 4520/1449/4624
f 4569/1495/4674 4522/1447/4626 4521/1448/4625
f 4570/1494/4675 4523/1446/4627 4522/1447/4626
f 4571/1493/4676 4524/1445/4628 4523/1446/4627
f 4571/1493/4676 4572/1492/4677 4525/1444/4629
f 4572/1492/4677 4573/1491/4678 4526/1443/4630
f 4573/1491/4678 4574/1490/4679 4527/1442/4631
f 4574/1490/4679 4575/1489/4680 4528/1441/4632
f 4575/1489/4680 4576/1488/4681 4529/1440/4633
f 4576/1488/4681 4577/1487/4682 4530/1439/4634
f 4577/1487/4682 4578/1486/4683 4531/1438/4635
f 4578/1486/4683 4579/1485/4684 4532/1437/4636
f 4579/1485/4684 4580/1484/4685 4533/1436/4637
f 4580/1484/4685 4581/1483/4686 4534/1435/4638
f 4581/1483/4686 4582/1482/4687 4535/1434/4639
f 4582/1482/4687 4583/1481/4688 4536/1433/4640
f 4583/1481/4688 4584/1480/4689 4537/1432/4641
f 4584/1480/4689 4585/1479/4690 4538/1431/4642
f 4585/1479/4690 4586/1478/4691 4539/1430/4643
f 4586/1478/4691 4587/1477/4692 4540/1429/4644
f 4587/1477/4692 4588/1476/4693 4541/1428/4645
f 4588/1476/4693 4589/1475/4694 4542/1427/4646
f 4589/1475/4694 4590/1474/4695 4543/1426/4647
f 4590/1474/4695 4591/1473/4696 4544/1425/4648
f 4591/1473/4696 4592/1472/4697 4545/1424/4649
f 4592/1472/4697 4593/1471/4698 4546/1423/4650
f 4593/1471/4698 4594/1469/4699 4547/1421/4651
f 4594/1469/4699 1519/1470/4749 1470/1422/4700
f 4595/1566/4701 4548/1517/4652 1471/1565/4653
f 4596/1564/4703 4549/1515/4654 4548/1517/4652
f 4597/1563/4704 4550/1514/4655 4549/1515/4654
f 4598/1562/4705 4551/1513/4656 4550/1514/4655
f 4599/1561/4706 4552/1512/4657 4551/1513/4656
f 4600/1560/4707 4553/1511/4658 4552/1512/4657
f 4601/1559/4708 4554/1510/4659 4553/1511/4658
f 4602/1558/4709 4555/1509/4660 4554/1510/4659
f 4603/1557/4710 4556/1508/4661 4555/1509/4660
f 4604/1556/4711 4557/1507/4662 4556/1508/4661
f 4605/1555/4712 4558/1506/4663 4557/1507/4662
f 4606/1554/4713 4559/1505/4664 4558/1506/4663
f 4607/1553/4714 4560/1504/4665 4559/1505/4664
f 4608/1552/4715 4561/1503/4666 4560/1504/4665
f 4609/1551/4716 4562/1502/4667 4561/1503/4666
f 4610/1550/4717 4563/1501/4668 4562/1502/4667
f 4611/1549/4718 4564/1500/4669 4563/1501/4668
f 4612/1548/4719 4565/1499/4670 4564/1500/4669
f 4613/1547/4720 4566/1498/4671 4565/1499/4670
f 4614/1546/4721 4567/1497/4672 4566/1498/4671
f 4615/1545/4722 4568/1496/4673 4567/1497/4672
f 4616/1544/4723 4569/1495/4674 4568/1496/4673
f 4617/1543/4724 4570/1494/4675 4569/1495/4674
f 4618/1542/4725 4571/1493/4676 4570/1494/4675
f 4618/1542/4725 4619/1541/4726 4572/1492/4677
f 4619/1541/4726 4620/1540/4727 4573/1491/4678
f 4620/1540/4727 4621/1539/4728 4574/1490/4679
f 4621/1539/4728 4622/1538/4729 4575/1489/4680
f 4622/1538/4729 4623/1537/4730 4576/1488/4681
f 4623/1537/4730 4624/1536/4731 4577/1487/4682
f 4624/1536/4731 4625/1535/4732 4578/1486/4683
f 4625/1535/4732 4626/1534/4733 4579/1485/4684
f 4626/1534/4733 4627/1533/4734 4580/1484/4685
f 4627/1533/4734 4628/1532/4735 4581/1483/4686
f 4628/1532/4735 4629/1531/4736 4582/1482/4687
f 4629/1531/4736 4630/1530/4737 4583/1481/4688
f 4630/1530/4737 4631/1529/4738 4584/1480/4689
f 4631/1529/4738 4632/1528/4739 4585/1479/4690
f 4632/1528/4739 4633/1527/4740 4586/1478/4691
f 4633/1527/4740 4634/1526/4741 4587/1477/4692
f 4634/1526/4741 4635/1525/4742 4588/1476/4693
f 4635/1525/4742 4636/1524/4743 4589/1475/4694
f 4636/1524/4743 4637/1523/4744 4590/1474/4695
f 4637/1523/4744 4638/1522/4745 4591/1473/4696
f 4638/1522/4745 4639/1521/4746 4592/1472/4697
f 4639/1521/4746 4640/1520/4747 4593/1471/4698
f 4640/1520/4747 4641/1518/4748 4594/1469/4699
f 4641/1518/4748 1568/1519/4798 1519/1470/4749
f 4642/1615/4750 4595/1566/4701 1520/1614/4702
f 4643/1613/4752 4596/1564/4703 4595/1566/4701
f 4644/1612/4753 4597/1563/4704 4596/1564/4703
f 4645/1611/4754 4598/1562/4705 4597/1563/4704
f 4646/1610/4755 4599/1561/4706 4598/1562/4705
f 4647/1609/4756 4600/1560/4707 4599/1561/4706
f 4648/1608/4757 4601/1559/4708 4600/1560/4707
f 4649/1607/4758 4602/1558/4709 4601/1559/4708
f 4650/1606/4759 4603/1557/4710 4602/1558/4709
f 4651/1605/4760 4604/1556/4711 4603/1557/4710
f 4652/1604/4761 4605/1555/4712 4604/1556/4711
f 4653/1603/4762 4606/1554/4713 4605/1555/4712
f 4654/1602/4763 4607/1553/4714 4606/1554/4713
f 4655/1601/4764 4608/1552/4715 4607/1553/4714
f 4656/1600/4765 4609/1551/4716 4608/1552/4715
f 4657/1599/4766 4610/1550/4717 4609/1551/4716
f 4658/1598/4767 4611/1549/4718 4610/1550/4717
f 4659/1597/4768 4612/1548/4719 4611/1549/4718
f 4660/1596/4769 4613/1547/4720 4612/1548/4719
f 4661/1595/4770 4614/1546/4721 4613/1547/4720
f 4662/1594/4771 4615/1545/4722 4614/1546/4721
f 4663/1593/4772 4616/1544/4723 4615/1545/4722
f 4664/1592/4773 4617/1543/4724 4616/1544/4723
f 4665/1591/4774 4618/1542/4725 4617/1543/4724
f 4665/1591/4774 4666/1590/4775 4619/1541/4726
f 4666/1590/4775 4667/1589/4776 4620/1540/4727
f 4667/1589/4776 4668/1588/4777 4621/1539/4728
f 4668/1588/4777 4669/1587/4778 4622/1538/4729
f 4669/1587/4778 4670/1586/4779 4623/1537/4730
f 4670/1586/4779 4671/1585/4780 4624/1536/4731
f 4671/1585/4780 4672/1584/4781 4625/1535/4732
f 4672/1584/4781 4673/1583/4782 4626/1534/4733
f 4673/1583/4782 4674/1582/4783 4627/1533/4734
f 4674/1582/4783 4675/1581/4784 4628/1532/4735
f 4675/1581/4784 4676/1580/4785 4629/1531/4736
f 4676/1580/4785 4677/1579/4786 4630/1530/4737
f 4677/1579/4786 4678/1578/4787 4631/1529/4738
f 4678/1578/4787 4679/1577/4788 4632/1528/4739
f 4679/1577/4788 4680/1576/4789 4633/1527/4740
f 4680/1576/4789 4681/1575/4790 4634/1526/4741
f 4681/1575/4790 4682/1574/4791 4635/1525/4742
f 4682/1574/4791 4683/1573/4792 4636/1524/4743
f 4683/1573/4792 4684/1572/4793 4637/1523/4744
f 4684/1572/4793 4685/1571/4794 4638/1522/4745
f 4685/1571/4794 4686/1570/4795 4639/1521/4746
f 4686/1570/4795 4687/1569/4796 4640/1520/4747
f 4687/1569/4796 4688/1567/4797 4641/1518/4748
f 4688/1567/4797 1617/1568/4847 1568/1519/4798
f 4689/1664/4799 4642/1615/4750 1569/1663/4751
f 4690/1662/4801 4643/1613/4752 4642/1615/4750
f 4691/1661/4802 4644/1612/4753 4643/1613/4752
f 4692/1660/4803 4645/1611/4754 4644/1612/4753
f 4693/1659/4804 4646/1610/4755 4645/1611/4754
f 4694/1658/4805 4647/1609/4756 4646/1610/4755
f 4695/1657/4806 4648/1608/4757 4647/1609/4756
f 4696/1656/4807 4649/1607/4758 4648/1608/4757
f 4697/1655/4808 4650/1606/4759 4649/1607/4758
f 4698/1654/4809 4651/1605/4760 4650/1606/4759
f 4699/1653/4810 4652/1604/4761 4651/1605/4760
f 4700/1652/4811 4653/1603/4762 4652/1604/4761
f 4701/1651/4812 4654/1602/4763 4653/1603/4762
f 4702/1650/4813 4655/1601/4764 4654/1602/4763
f 4703/1649/4814 4656/1600/4765 4655/1601/4764
f 4704/1648/4815 4657/1599/4766 4656/1600/4765
f 4705/1647/4816 4658/1598/4767 4657/1599/4766
f 4706/1646/4817 4659/1597/4768 4658/1598/4767
f 4707/1645/4818 4660/1596/4769 4659/1597/4768
f 4708/1644/4819 4661/1595/4770 4660/1596/4769
f 4709/1643/4820 4662/1594/4771 4661/1595/4770
f 4710/1642/4821 4663/1593/4772 4662/1594/4771
f 4711/1641/4822 4664/1592/4773 4663/1593/4772
f 4712/1640/4823 4665/1591/4774 4664/1592/4773
f 4712/1640/4823 4713/1639/4824 4666/1590/4775
f 4713/1639/4824 4714/1638/4825 4667/1589/4776
f 4714/1638/4825 4715/1637/4826 4668/1588/4777
f 4715/1637/4826 4716/1636/4827 4669/1587/4778
f 4716/1636/4827 4717/1635/4828 4670/1586/4779
f 4717/1635/4828 4718/1634/4829 4671/1585/4780
f 4718/1634/4829 4719/1633/4830 4672/1584/4781
f 4719/1633/4830 4720/1632/4831 4673/1583/4782
f 4720/1632/4831 4721/1631/4832 4674/1582/4783
f 4721/1631/4832 4722/1630/4833 4675/1581/4784
f 4722/1630/4833 4723/1629/4834 4676/1580/4785
f 4723/1629/4834 4724/1628/4835 4677/1579/4786
f 4724/1628/4835 4725/1627/4836 4678/1578/4787
f 4725/1627/4836 4726/1626/4837 4679/1577/4788
f 4726/1626/4837 4727/1625/4838 4680/1576/4789
f 4727/1625/4838 4728/1624/4839 4681/1575/4790
f 4728/1624/4839 4729/1623/4840 4682/1574/4791
f 4729/1623/4840 4730/1622/4841 4683/1573/4792
f 4730/1622/4841 4731/1621/4842 4684/1572/4793
f 4731/1621/4842 4732/1620/4843 4685/1571/4794
f 4732/1620/4843 4733/1619/4844 4686/1570/4795
f 4733/1619/4844 4734/1618/4845 4687/1569/4796
f 4734/1618/4845 4735/1616/4846 4688/1567/4797
f 4735/1616/4846 1666/1617/4896 1617/1568/4847
f 4736/1713/4848 4689/1664/4799 1618/1712/4800
f 4737/1711/4850 4690/1662/4801 4689/1664/4799
f 4738/1710/4851 4691/1661/4802 4690/1662/4801
f 4739/1709/4852 4692/1660/4803 4691/1661/4802
f 4740/1708/4853 4693/1659/4804 4692/1660/4803
f 4741/1707/4854 4694/1658/4805 4693/1659/4804
f 4742/1706/4855 4695/1657/4806 4694/1658/4805
f 4743/1705/4856 4696/1656/4807 4695/1657/4806
f 4744/1704/4857 4697/1655/4808 4696/1656/4807
f 4745/1703/4858 4698/1654/4809 4697/1655/4808
f 4746/1702/4859 4699/1653/4810 4698/1654/4809
f 4747/1701/4860 4700/1652/4811 4699/1653/4810
f 4748/1700/4861 4701/1651/4812 4700/1652/4811
f 4749/1699/4862 4702/1650/4813 4701/1651/4812
f 4750/1698/4863 4703/1649/4814 4702/1650/4813
f 4751/1697/4864 4704/1648/4815 4703/1649/4814
f 4752/1696/4865 4705/1647/4816 4704/1648/4815
f 4753/1695/4866 4706/1646/4817 4705/1647/4816
f 4754/1694/4867 4707/1645/4818 4706/1646/4817
f 4755/1693/4868 4708/1644/4819 4707/1645/4818
f 4756/1692/4869 4709/1643/4820 4708/1644/4819
f 4757/1691/4870 4710/1642/4821 4709/1643/4820
f 4758/1690/4871 4711/1641/4822 4710/1642/4821
f 4759/1689/4872 4712/1640/4823 4711/1641/4822
f 4759/1689/4872 4760/1688/4873 4713/1639/4824
f 4760/1688/4873 4761/1687/4874 4714/1638/4825
f 4761/1687/4874 4762/1686/4875 4715/1637/4826
f 4762/1686/4875 4763/1685/4876 4716/1636/4827
f 4763/1685/4876 4764/1684/4877 4717/1635/4828
f 4764/1684/4877 4765/1683/4878 4718/1634/4829
f 4765/1683/4878 4766/1682/4879 4719/1633/4830
f 4766/1682/4879 4767/1681/4880 4720/1632/4831
f 4767/1681/4880 4768/1680/4881 4721/1631/4832
f 4768/1680/4881 4769/1679/4882 4722/1630/4833
f 4769/1679/4882 4770/1678/4883 4723/1629/4834
f 4770/1678/4883 4771/1677/4884 4724/1628/4835
f 4771/1677/4884 4772/1676/4885 4725/1627/4836
f 4772/1676/4885 4773/1675/4886 4726/1626/4837
f 4773/1675/4886 4774/1674/4887 4727/1625/4838
f 4774/1674/4887 4775/1673/4888 4728/1624/4839
f 4775/1673/4888 4776/1672/4889 4729/1623/4840
f 4776/1672/4889 4777/1671/4890 4730/1622/4841
f 4777/1671/4890 4778/1670/4891 4731/1621/4842
f 4778/1670/4891 4779/1669/4892 4732/1620/4843
f 4779/1669/4892 4780/1668/4893 4733/1619/4844
f 4780/1668/4893 4781/1667/4894 4734/1618/4845
f 4781/1667/4894 4782/1665/4895 4735/1616/4846
f 4782/1665/4895 1715/1666/4945 1666/1617/4896
f 4783/1762/4897 4736/1713/4848 1667/1761/4849
f 4784/1760/4899 4737/1711/4850 4736/1713/4848
f 4785/1759/4900 4738/1710/4851 4737/1711/4850
f 4786/1758/4901 4739/1709/4852 4738/1710/4851
f 4787/1757/4902 4740/1708/4853 4739/1709/4852
f 4788/1756/4903 4741/1707/4854 4740/1708/4853
f 4789/1755/4904 4742/1706/4855 4741/1707/4854
f 4790/1754/4905 4743/1705/4856 4742/1706/4855
f 4791/1753/4906 4744/1704/4857 4743/1705/4856
f 4792/1752/4907 4745/1703/4858 4744/1704/4857
f 4793/1751/4908 4746/1702/4859 4745/1703/4858
f 4794/1750/4909 4747/1701/4860 4746/1702/4859
f 4795/1749/4910 4748/1700/4861 4747/1701/4860
f 4796/1748/4911 4749/1699/4862 4748/1700/4861
f 4797/1747/4912 4750/1698/4863 4749/1699/4862
f 4798/1746/4913 4751/1697/4864 4750/1698/4863
f 4799/1745/4914 4752/1696/4865 4751/1697/4864
f 4800/1744/4915 4753/1695/4866 4752/1696/4865
f 4801/1743/4916 4754/1694/4867 4753/1695/4866
f 4802/1742/4917 4755/1693/4868 4754/1694/4867
f 4803/1741/4918 4756/1692/4869 4755/1693/4868
f 4804/1740/4919 4757/1691/4870 4756/1692/4869
f 4805/1739/4920 4758/1690/4871 4757/1691/4870
f 4806/1738/4921 4759/1689/4872 4758/1690/4871
f 4806/1738/4921 4807/1737/4922 4760/1688/4873
f 4807/1737/4922 4808/1736/4923 4761/1687/4874
f 4808/1736/4923 4809/1735/4924 4762/1686/4875
f 4809/1735/4924 4810/1734/4925 4763/1685/4876
f 4810/1734/4925 4811/1733/4926 4764/1684/4877
f 4811/1733/4926 4812/1732/4927 4765/1683/4878
f 4812/1732/4927 4813/1731/4928 4766/1682/4879
f 4813/1731/4928 4814/1730/4929 4767/1681/4880
f 4814/1730/4929 4815/1729/4930 4768/1680/4881
f 4815/1729/4930 4816/1728/4931 4769/1679/4882
f 4816/1728/4931 4817/1727/4932 4770/1678/4883
f 4817/1727/4932 4818/1726/4933 4771/1677/4884
f 4818/1726/4933 4819/1725/4934 4772/1676/4885
f 4819/1725/4934 4820/1724/4935 4773/1675/4886
f 4820/1724/4935 4821/1723/4936 4774/1674/4887
f 4821/1723/4936 4822/1722/4937 4775/1673/4888
f 4822/1722/4937 4823/1721/4938 4776/1672/4889
f 4823/1721/4938 4824/1720/4939 4777/1671/4890
f 4824/1720/4939 4825/1719/4940 4778/1670/4891
f 4825/1719/4940 4826/1718/4941 4779/1669/4892
f 4826/1718/4941 4827/1717/4942 4780/1668/4893
f 4827/1717/4942 4828/1716/4943 4781/1667/4894
f 4828/1716/4943 4829/1714/4944 4782/1665/4895
f 4829/1714/4944 1764/1715/4994 1715/1666/4945
f 4830/1811/4946 4783/1762/4897 1716/1810/4898
f 4831/1809/4948 4784/1760/4899 4783/1762/4897
f 4832/1808/4949 4785/1759/4900 4784/1760/4899
f 4833/1807/4950 4786/1758/4901 4785/1759/4900
f 4834/1806/4951 4787/1757/4902 4786/1758/4901
f 4835/1805/4952 4788/1756/4903 4787/1757/4902
f 4836/1804/4953 4789/1755/4904 4788/1756/4903
f 4837/1803/4954 4790/1754/4905 4789/1755/4904
f 4838/1802/4955 4791/1753/4906 4790/1754/4905
f 4839/1801/4956 4792/1752/4907 4791/1753/4906
f 4840/1800/4957 4793/1751/4908 4792/1752/4907
f 4841/1799/4958 4794/1750/4909 4793/1751/4908
f 4842/1798/4959 4795/1749/4910 4794/1750/4909
f 4843/1797/4960 4796/1748/4911 4795/1749/4910
f 4844/1796/4961 4797/1747/4912 4796/1748/4911
f 4845/1795/4962 4798/1746/4913 4797/1747/4912
f 4846/1794/4963 4799/1745/4914 4798/1746/4913
f 4847/1793/4964 4800/1744/4915 4799/1745/4914
f 4848/1792/4965 4801/1743/4916 4800/1744/4915
f 4849/1791/4966 4802/1742/4917 4801/1743/4916
f 4850/1790/4967 4803/1741/4918 4802/1742/4917
f 4851/1789/4968 4804/1740/4919 4803/1741/4918
f 4852/1788/4969 4805/1739/4920 4804/1740/4919
f 4853/1787/4970 4806/1738/4921 4805/1739/4920
f 4853/1787/4970 4854/1786/4971 4807/1737/4922
f 4854/1786/4971 4855/1785/4972 4808/1736/4923
f 4855/1785/4972 4856/1784/4973 4809/1735/4924
f 4856/1784/4973 4857/1783/4974 4810/1734/4925
f 4857/1783/4974 4858/1782/4975 4811/1733/4926
f 4858/1782/4975 4859/1781/4976 4812/1732/4927
f 4859/1781/4976 4860/1780/4977 4813/1731/4928
f 4860/1780/4977 4861/1779/4978 4814/1730/4929
f 4861/1779/4978 4862/1778/4979 4815/1729/4930
f 4862/1778/4979 4863/1777/4980 4816/1728/4931
f 4863/1777/4980 4864/1776/4981 4817/1727/4932
f 4864/1776/4981 4865/1775/4982 4818/1726/4933
f 4865/1775/4982 4866/1774/4983 4819/1725/4934
f 4866/1774/4983 4867/1773/4984 4820/1724/4935
f 4867/1773/4984 4868/1772/4985 4821/1723/4936
f 4868/1772/4985 4869/1771/4986 4822/1722/4937
f 4869/1771/4986 4870/1770/4987 4823/1721/4938
f 4870/1770/4987 4871/1769/4988 4824/1720/4939
f 4871/1769/4988 4872/1768/4989 4825/1719/4940
f 4872/1768/4989 4873/1767/4990 4826/1718/4941
f 4873/1767/4990 4874/1766/4991 4827/1717/4942
f 4874/1766/4991 4875/1765/4992 4828/1716/4943
f 4875/1765/4992 4876/1763/4993 4829/1714/4944
f 4876/1763/4993 1813/1764/5043 1764/1715/4994
f 4877/1860/4995 4830/1811/4946 1765/1859/4947
f 4878/1858/4997 4831/1809/4948 4830/1811/4946
f 4879/1857/4998 4832/1808/4949 4831/1809/4948
f 4880/1856/4999 4833/1807/4950 4832/1808/4949
f 4881/1855/5000 4834/1806/4951 4833/1807/4950
f 4882/1854/5001 4835/1805/4952 4834/1806/4951
f 4883/1853/5002 4836/1804/4953 4835/1805/4952
f 4884/1852/5003 4837/1803/4954 4836/1804/4953
f 4885/1851/5004 4838/1802/4955 4837/1803/4954
f 4886/1850/5005 4839/1801/4956 4838/1802/4955
f 4887/1849/5006 4840/1800/4957 4839/1801/4956
f 4888/1848/5007 4841/1799/4958 4840/1800/4957
f 4889/1847/5008 4842/1798/4959 4841/1799/4958
f 4890/1846/5009 4843/1797/4960 4842/1798/4959
f 4891/1845/5010 4844/1796/4961 4843/1797/4960
f 4892/1844/5011 4845/1795/4962 4844/1796/4961
f 4893/1843/5012 4846/1794/4963 4845/1795/4962
f 4894/1842/5013 4847/1793/4964 4846/1794/4963
f 4895/1841/5014 4848/1792/4965 4847/1793/4964
f 4896/1840/5015 4849/1791/4966 4848/1792/4965
f 4897/1839/5016 4850/1790/4967 4849/1791/4966
f 4898/1838/5017 4851/1789/4968 4850/1790/4967
f 4899/1837/5018 4852/1788/4969 4851/1789/4968
f 4900/1836/5019 4853/1787/4970 4852/1788/4969
f 4900/1836/5019 4901/1835/5020 4854/1786/4971
f 4901/1835/5020 4902/1834/5021 4855/1785/4972
f 4902/1834/5021 4903/1833/5022 4856/1784/4973
f 4903/1833/5022 4904/1832/5023 4857/1783/4974
f 4904/1832/5023 4905/1831/5024 4858/1782/4975
f 4905/1831/5024 4906/1830/5025 4859/1781/4976
f 4906/1830/5025 4907/1829/5026 4860/1780/4977
f 4907/1829/5026 4908/1828/5027 4861/1779/4978
f 4908/1828/5027 4909/1827/5028 4862/1778/4979
f 4909/1827/5028 4910/1826/5029 4863/1777/4980
f 4910/1826/5029 4911/1825/5030 4864/1776/4981
f 4911/1825/5030 4912/1824/5031 4865/1775/4982
f 4912/1824/5031 4913/1823/5032 4866/1774/4983
f 4913/1823/5032 4914/1822/5033 4867/1773/4984
f 4914/1822/5033 4915/1821/5034 4868/1772/4985
f 4915/1821/5034 4916/1820/5035 4869/1771/4986
f 4916/1820/5035 4917/1819/5036 4870/1770/4987
f 4917/1819/5036 4918/1818/5037 4871/1769/4988
f 4918/1818/5037 4919/1817/5038 4872/1768/4989
f 4919/1817/5038 4920/1816/5039 4873/1767/4990
f 4920/1816/5039 4921/1815/5040 4874/1766/4991
f 4921/1815/5040 4922/1814/5041 4875/1765/4992
f 4922/1814/5041 4923/1812/5042 4876/1763/4993
f 4923/1812/5042 1862/1813/5092 1813/1764/5043
f 4924/1909/5044 4877/1860/4995 1814/1908/4996
f 4925/1907/5046 4878/1858/4997 4877/1860/4995
f 4926/1906/5047 4879/1857/4998 4878/1858/4997
f 4927/1905/5048 4880/1856/4999 4879/1857/4998
f 4928/1904/5049 4881/1855/5000 4880/1856/4999
f 4929/1903/5050 4882/1854/5001 4881/1855/5000
f 4930/1902/5051 4883/1853/5002 4882/1854/5001
f 4931/1901/5052 4884/1852/5003 4883/1853/5002
f 4932/1900/5053 4885/1851/5004 4884/1852/5003
f 4933/1899/5054 4886/1850/5005 4885/1851/5004
f 4934/1898/5055 4887/1849/5006 4886/1850/5005
f 4935/1897/5056 4888/1848/5007 4887/1849/5006
f 4936/1896/5057 4889/1847/5008 4888/1848/5007
f 4937/1895/5058 4890/1846/5009 4889/1847/5008
f 4938/1894/5059 4891/1845/5010 4890/1846/5009
f 4939/1893/5060 4892/1844/5011 4891/1845/5010
f 4940/1892/5061 4893/1843/5012 4892/1844/5011
f 4941/1891/5062 4894/1842/5013 4893/1843/5012
f 4942/1890/5063 4895/1841/5014 4894/1842/5013
f 4943/1889/5064 4896/1840/5015 4895/1841/5014
f 4944/1888/5065 4897/1839/5016 4896/1840/5015
f 4945/1887/5066 4898/1838/5017 4897/1839/5016
f 4946/1886/5067 4899/1837/5018 4898/1838/5017
f 4947/1885/5068 4900/1836/5019 4899/1837/5018
f 4947/1885/5068 4948/1884/5069 4901/1835/5020
f 4948/1884/5069 4949/1883/5070 4902/1834/5021
f 4949/1883/5070 4950/1882/5071 4903/1833/5022
f 4950/1882/5071 4951/1881/5072 4904/1832/5023
f 4951/1881/5072 4952/1880/5073 4905/1831/5024
f 4952/1880/5073 4953/1879/5074 4906/1830/5025
f 4953/1879/5074 4954/1878/5075 4907/1829/5026
f 4954/1878/5075 4955/1877/5076 4908/1828/5027
f 4955/1877/5076 4956/1876/5077 4909/1827/5028
f 4956/1876/5077 4957/1875/5078 4910/1826/5029
f 4957/1875/5078 4958/1874/5079 4911/1825/5030
f 4958/1874/5079 4959/1873/5080 4912/1824/5031
f 4959/1873/5080 4960/1872/5081 4913/1823/5032
f 4960/1872/5081 4961/1871/5082 4914/1822/5033
f 4961/1871/5082 4962/1870/5083 4915/1821/5034
f 4962/1870/5083 4963/1869/5084 4916/1820/5035
f 4963/1869/5084 4964/1868/5085 4917/1819/5036
f 4964/1868/5085 4965/1867/5086 4918/1818/5037
f 4965/1867/5086 4966/1866/5087 4919/1817/5038
f 4966/1866/5087 4967/1865/5088 4920/1816/5039
f 4967/1865/5088 4968/1864/5089 4921/1815/5040
f 4968/1864/5089 4969/1863/5090 4922/1814/5041
f 4969/1863/5090 4970/1861/5091 4923/1812/5042
f 4970/1861/5091 1911/1862/5141 1862/1813/5092
f 4971/1958/5093 4924/1909/5044 1863/1957/5045
f 4972/1956/5095 4925/1907/5046 4924/1909/5044
f 4973/1955/5096 4926/1906/5047 4925/1907/5046
f 4974/1954/5097 4927/1905/5048 4926/1906/5047
f 4975/1953/5098 4928/1904/5049 4927/1905/5048
f 4976/1952/5099 4929/1903/5050 4928/1904/5049
f 4977/1951/5100 4930/1902/5051 4929/1903/5050
f 4978/1950/5101 4931/1901/5052 4930/1902/5051
f 4979/1949/5102 4932/1900/5053 4931/1901/5052
f 4980/1948/5103 4933/1899/5054 4932/1900/5053
f 4981/1947/5104 4934/1898/5055 4933/1899/5054
f 4982/1946/5105 4935/1897/5056 4934/1898/5055
f 4983/1945/5106 4936/1896/5057 4935/1897/5056
f 4984/1944/5107 4937/1895/5058 4936/1896/5057
f 4985/1943/5108 4938/1894/5059 4937/1895/5058
f 4986/1942/5109 4939/1893/5060 4938/1894/5059
f 4987/1941/5110 4940/1892/5061 4939/1893/5060
f 4988/1940/5111 4941/1891/5062 4940/1892/5061
f 4989/1939/5112 4942/1890/5063 4941/1891/5062
f 4990/1938/5113 4943/1889/5064 4942/1890/5063
f 4991/1937/5114 4944/1888/5065 4943/1889/5064
f 4992/1936/5115 4945/1887/5066 4944/1888/5065
f 4993/1935/5116 4946/1886/5067 4945/1887/5066
f 4994/1934/5117 4947/1885/5068 4946/1886/5067
f 4994/1934/5117 4995/1933/5118 4948/1884/5069
f 4995/1933/5118 4996/1932/5119 4949/1883/5070
f 4996/1932/5119 4997/1931/5120 4950/1882/5071
f 4997/1931/5120 4998/1930/5121 4951/1881/5072
f 4998/1930/5121 4999/1929/5122 4952/1880/5073
f 4999/1929/5122 5000/1928/5123 4953/1879/5074
f 5000/1928/5123 5001/1927/5124 4954/1878/5075
f 5001/1927/5124 5002/1926/5125 4955/1877/5076
f 5002/1926/5125 5003/1925/5126 4956/1876/5077
f 5003/1925/5126 5004/1924/5127 4957/1875/5078
f 5004/1924/5127 5005/1923/5128 4958/1874/5079
f 5005/1923/5128 5006/1922/5129 4959/1873/5080
f 5006/1922/5129 5007/1921/5130 4960/1872/5081
f 5007/1921/5130 5008/1920/5131 4961/1871/5082
f 5008/1920/5131 5009/1919/5132 4962/1870/5083
f 5009/1919/5132 5010/1918/5133 4963/1869/5084
f 5010/1918/5133 5011/1917/5134 4964/1868/5085
f 5011/1917/5134 5012/1916/5135 4965/1867/5086
f 5012/1916/5135 5013/1915/5136 4966/1866/5087
f 5013/1915/5136 5014/1914/5137 4967/1865/5088
f 5014/1914/5137 5015/1913/5138 4968/1864/5089
f 5015/1913/5138 5016/1912/5139 4969/1863/5090
f 5016/1912/5139 5017/1910/5140 4970/1861/5091
f 5017/1910/5140 1960/1911/5190 1911/1862/5141
f 5018/2007/5142 4971/1958/5093 1912/2006/5094
f 5019/2005/5144 4972/1956/5095 4971/1958/5093
f 5020/2004/5145 4973/1955/5096 4972/1956/5095
f 5021/2003/5146 4974/1954/5097 4973/1955/5096
f 5022/2002/5147 4975/1953/5098 4974/1954/5097
f 5023/2001/5148 4976/1952/5099 4975/1953/5098
f 5024/2000/5149 4977/1951/5100 4976/1952/5099
f 5025/1999/5150 4978/1950/5101 4977/1951/5100
f 5026/1998/5151 4979/1949/5102 4978/1950/5101
f 5027/1997/5152 4980/1948/5103 4979/1949/5102
f 5028/1996/5153 4981/1947/5104 4980/1948/5103
f 5029/1995/5154 4982/1946/5105 4981/1947/5104
f 5030/1994/5155 4983/1945/5106 4982/1946/5105
f 5031/1993/5156 4984/1944/5107 4983/1945/5106
f 5032/1992/5157 4985/1943/5108 4984/1944/5107
f 5033/1991/5158 4986/1942/5109 4985/1943/5108
f 5034/1990/5159 4987/1941/5110 4986/1942/5109
f 5035/1989/5160 4988/1940/5111 4987/1941/5110
f 5036/1988/5161 4989/1939/5112 4988/1940/5111
f 5037/1987/5162 4990/1938/5113 4989/1939/5112
f 5038/1986/5163 4991/1937/5114 4990/1938/5113
f 5039/1985/5164 4992/1936/5115 4991/1937/5114
f 5040/1984/5165 4993/1935/5116 4992/1936/5115
f 5041/1983/5166 4994/1934/5117 4993/1935/5116
f 5041/1983/5166 5042/1982/5167 4995/1933/5118
f 5042/1982/5167 5043/1981/5168 4996/1932/5119
f 5043/1981/5168 5044/1980/5169 4997/1931/5120
f 5044/1980/5169 5045/1979/5170 4998/1930/5121
f 5045/1979/5170 5046/1978/5171 4999/1929/5122
f 5046/1978/5171 5047/1977/5172 5000/1928/5123
f 5047/1977/5172 5048/1976/5173 5001/1927/5124
f 5048/1976/5173 5049/1975/5174 5002/1926/5125
f 5049/1975/5174 5050/1974/5175 5003/1925/5126
f 5050/1974/5175 5051/1973/5176 5004/1924/5127
f 5051/1973/5176 5052/1972/5177 5005/1923/5128
f 5052/1972/5177 5053/1971/5178 5006/1922/5129
f 5053/1971/5178 5054/1970/5179 5007/1921/5130
f 5054/1970/5179 5055/1969/5180 5008/1920/5131
f 5055/1969/5180 5056/1968/5181 5009/1919/5132
f 5056/1968/5181 5057/1967/5182 5010/1918/5133
f 5057/1967/5182 5058/1966/5183 5011/1917/5134
f 5058/1966/5183 5059/1965/5184 5012/1916/5135
f 5059/1965/5184 5060/1964/5185 5013/1915/5136
f 5060/1964/5185 5061/1963/5186 5014/1914/5137
f 5061/1963/5186 5062/1962/5187 5015/1913/5138
f 5062/1962/5187 5063/1961/5188 5016/1912/5139
f 5063/1961/5188 5064/1959/5189 5017/1910/5140
f 5064/1959/5189 2009/1960/5239 1960/1911/5190
f 5065/2056/5191 5018/2007/5142 1961/2055/5143
f 5066/2054/5193 5019/2005/5144 5018/2007/5142
f 5067/2053/5194 5020/2004/5145 5019/2005/5144
f 5068/2052/5195 5021/2003/5146 5020/2004/5145
f 5069/2051/5196 5022/2002/5147 5021/2003/5146
f 5070/2050/5197 5023/2001/5148 5022/2002/5147
f 5071/2049/5198 5024/2000/5149 5023/2001/5148
f 5072/2048/5199 5025/1999/5150 5024/2000/5149
f 5073/2047/5200 5026/1998/5151 5025/1999/5150
f 5074/2046/5201 5027/1997/5152 5026/1998/5151
f 5075/2045/5202 5028/1996/5153 5027/1997/5152
f 5076/2044/5203 5029/1995/5154 5028/1996/5153
f 5077/2043/5204 5030/1994/5155 5029/1995/5154
f 5078/2042/5205 5031/1993/5156 5030/1994/5155
f 5079/2041/5206 5032/1992/5157 5031/1993/5156
f 5080/2040/5207 5033/1991/5158 5032/1992/5157
f 5081/2039/5208 5034/1990/5159 5033/1991/5158
f 5082/2038/5209 5035/1989/5160 5034/1990/5159
f 5083/2037/5210 5036/1988/5161 5035/1989/5160
f 5084/2036/5211 5037/1987/5162 5036/1988/5161
f 5085/2035/5212 5038/1986/5163 5037/1987/5162
f 5086/2034/5213 5039/1985/5164 5038/1986/5163
f 5087/2033/5214 5040/1984/5165 5039/1985/5164
f 5088/2032/5215 5041/1983/5166 5040/1984/5165
f 5088/2032/5215 5089/2031/5216 5042/1982/5167
f 5089/2031/5216 5090/2030/5217 5043/1981/5168
f 5090/2030/5217 5091/2029/5218 5044/1980/5169
f 5091/2029/5218 5092/2028/5219 5045/1979/5170
f 5092/2028/5219 5093/2027/5220 5046/1978/5171
f 5093/2027/5220 5094/2026/5221 5047/1977/5172
f 5094/2026/5221 5095/2025/5222 5048/1976/5173
f 5095/2025/5222 5096/2024/5223 5049/1975/5174
f 5096/2024/5223 5097/2023/5224 5050/1974/5175
f 5097/2023/5224 5098/2022/5225 5051/1973/5176
f 5098/2022/5225 5099/2021/5226 5052/1972/5177
f 5099/2021/5226 5100/2020/5227 5053/1971/5178
f 5100/2020/5227 5101/2019/5228 5054/1970/5179
f 5101/2019/5228 5102/2018/5229 5055/1969/5180
f 5102/2018/5229 5103/2017/5230 5056/1968/5181
f 5103/2017/5230 5104/2016/5231 5057/1967/5182
f 5104/2016/5231 5105/2015/5232 5058/1966/5183
f 5105/2015/5232 5106/2014/5233 5059/1965/5184
f 5106/2014/5233 5107/2013/5234 5060/1964/5185
f 5107/2013/5234 5108/2012/5235 5061/1963/5186
f 5108/2012/5235 5109/2011/5236 5062/1962/5187
f 5109/2011/5236 5110/2010/5237 5063/1961/5188
f 5110/2010/5237 5111/2008/5238 5064/1959/5189
f 5111/2008/5238 2058/2009/5288 2009/1960/5239
f 5112/2105/5240 5065/2056/5191 2010/2104/5192
f 5113/2103/5242 5066/2054/5193 5065/2056/5191
f 5114/2102/5243 5067/2053/5194 5066/2054/5193
f 5115/2101/5244 5068/2052/5195 5067/2053/5194
f 5116/2100/5245 5069/2051/5196 5068/2052/5195
f 5117/2099/5246 5070/2050/5197 5069/2051/5196
f 5118/2098/5247 5071/2049/5198 5070/2050/5197
f 5119/2097/5248 5072/2048/5199 5071/2049/5198
f 5120/2096/5249 5073/2047/5200 5072/2048/5199
f 5121/2095/5250 5074/2046/5201 5073/2047/5200
f 5122/2094/5251 5075/2045/5202 5074/2046/5201
f 5123/2093/5252 5076/2044/5203 5075/2045/5202
f 5124/2092/5253 5077/2043/5204 5076/2044/5203
f 5125/2091/5254 5078/2042/5205 5077/2043/5204
f 5126/2090/5255 5079/2041/5206 5078/2042/5205
f 5127/2089/5256 5080/2040/5207 5079/2041/5206
f 5128/2088/5257 5081/2039/5208 5080/2040/5207
f 5129/2087/5258 5082/2038/5209 5081/2039/5208
f 5130/2086/5259 5083/2037/5210 5082/2038/5209
f 5131/2085/5260 5084/2036/5211 5083/2037/5210
f 5132/2084/5261 5085/2035/5212 5084/2036/5211
f 5133/2083/5262 5086/2034/5213 5085/2035/5212
f 5134/2082/5263 5087/2033/5214 5086/2034/5213
f 5135/2081/5264 5088/2032/5215 5087/2033/5214
f 5135/2081/5264 5136/2080/5265 5089/2031/5216
f 5136/2080/5265 5137/2079/5266 5090/2030/5217
f 5137/2079/5266 5138/2078/5267 5091/2029/5218
f 5138/2078/5267 5139/2077/5268 5092/2028/5219
f 5139/2077/5268 5140/2076/5269 5093/2027/5220
f 5140/2076/5269 5141/2075/5270 5094/2026/5221
f 5141/2075/5270 5142/2074/5271 5095/2025/5222
f 5142/2074/5271 5143/2073/5272 5096/2024/5223
f 5143/2073/5272 5144/2072/5273 5097/2023/5224
f 5144/2072/5273 5145/2071/5274 5098/2022/5225
f 5145/2071/5274 5146/2070/5275 5099/2021/5226
f 5146/2070/5275 5147/2069/5276 5100/2020/5227
f 5147/2069/5276 5148/2068/5277 5101/2019/5228
f 5148/2068/5277 5149/2067/5278 5102/2018/5229
f 5149/2067/5278 5150/2066/5279 5103/2017/5230
f 5150/2066/5279 5151/2065/5280 5104/2016/5231
f 5151/2065/5280 5152/2064/5281 5105/2015/5232
f 5152/2064/5281 5153/2063/5282 5106/2014/5233
f 5153/2063/5282 5154/2062/5283 5107/2013/5234
f 5154/2062/5283 5155/2061/5284 5108/2012/5235
f 5155/2061/5284 5156/2060/5285 5109/2011/5236
f 5156/2060/5285 5157/2059/5286 5110/2010/5237
f 5157/2059/5286 5158/2057/5287 5111/2008/5238
f 5158/2057/5287 2107/2058/5337 2058/2009/5288
f 5159/2154/5289 5112/2105/5240 2059/2153/5241
f 5160/2152/5291 5113/2103/5242 5112/2105/5240
f 5161/2151/5292 5114/2102/5243 5113/2103/5242
f 5162/2150/5293 5115/2101/5244 5114/2102/5243
f 5163/2149/5294 5116/2100/5245 5115/2101/5244
f 5164/2148/5295 5117/2099/5246 5116/2100/5245
f 5165/2147/5296 5118/2098/5247 5117/2099/5246
f 5166/2146/5297 5119/2097/5248 5118/2098/5247
f 5167/2145/5298 5120/2096/5249 5119/2097/5248
f 5168/2144/5299 5121/2095/5250 5120/2096/5249
f 5169/2143/5300 5122/2094/5251 5121/2095/5250
f 5170/2142/5301 5123/2093/5252 5122/2094/5251
f 5171/2141/5302 5124/2092/5253 5123/2093/5252
f 5172/2140/5303 5125/2091/5254 5124/2092/5253
f 5173/2139/5304 5126/2090/5255 5125/2091/5254
f 5174/2138/5305 5127/2089/5256 5126/2090/5255
f 5175/2137/5306 5128/2088/5257 5127/2089/5256
f 5176/2136/5307 5129/2087/5258 5128/2088/5257
f 5177/2135/5308 5130/2086/5259 5129/2087/5258
f 5178/2134/5309 5131/2085/5260 5130/2086/5259
f 5179/2133/5310 5132/2084/5261 5131/2085/5260
f 5180/2132/5311 5133/2083/5262 5132/2084/5261
f 5181/2131/5312 5134/2082/5263 5133/2083/5262
f 5182/2130/5313 5135/2081/5264 5134/2082/5263
f 5182/2130/5313 5183/2129/5314 5136/2080/5265
f 5183/2129/5314 5184/2128/5315 5137/2079/5266
f 5184/2128/5315 5185/2127/5316 5138/2078/5267
f 5185/2127/5316 5186/2126/5317 5139/2077/5268
f 5186/2126/5317 5187/2125/5318 5140/2076/5269
f 5187/2125/5318 5188/2124/5319 5141/2075/5270
f 5188/2124/5319 5189/2123/5320 5142/2074/5271
f 5189/2123/5320 5190/2122/5321 5143/2073/5272
f 5190/2122/5321 5191/2121/5322 5144/2072/5273
f 5191/2121/5322 5192/2120/5323 5145/2071/5274
f 5192/2120/5323 5193/2119/5324 5146/2070/5275
f 5193/2119/5324 5194/2118/5325 5147/2069/5276
f 5194/2118/5325 5195/2117/5326 5148/2068/5277
f 5195/2117/5326 5196/2116/5327 5149/2067/5278
f 5196/2116/5327 5197/2115/5328 5150/2066/5279
f 5197/2115/5328 5198/2114/5329 5151/2065/5280
f 5198/2114/5329 5199/2113/5330 5152/2064/5281
f 5199/2113/5330 5200/2112/5331 5153/2063/5282
f 5200/2112/5331 5201/2111/5332 5154/2062/5283
f 5201/2111/5332 5202/2110/5333 5155/2061/5284
f 5202/2110/5333 5203/2109/5334 5156/2060/5285
f 5203/2109/5334 5204/2108/5335 5157/2059/5286
f 5204/2108/5335 5205/2106/5336 5158/2057/5287
f 5205/2106/5336 2156/2107/5386 2107/2058/5337
f 5206/2203/5338 5159/2154/5289 2108/2202/5290
f 5207/2201/5340 5160/2152/5291 5159/2154/5289
f 5208/2200/5341 5161/2151/5292 5160/2152/5291
f 5209/2199/5342 5162/2150/5293 5161/2151/5292
f 5210/2198/5343 5163/2149/5294 5162/2150/5293
f 5211/2197/5344 5164/2148/5295 5163/2149/5294
f 5212/2196/5345 5165/2147/5296 5164/2148/5295
f 5213/2195/5346 5166/2146/5297 5165/2147/5296
f 5214/2194/5347 5167/2145/5298 5166/2146/5297
f 5215/2193/5348 5168/2144/5299 5167/2145/5298
f 5216/2192/5349 5169/2143/5300 5168/2144/5299
f 5217/2191/5350 5170/2142/5301 5169/2143/5300
f 5218/2190/5351 5171/2141/5302 5170/2142/5301
f 5219/2189/5352 5172/2140/5303 5171/2141/5302
f 5220/2188/5353 5173/2139/5304 5172/2140/5303
f 5221/2187/5354 5174/2138/5305 5173/2139/5304
f 5222/2186/5355 5175/2137/5306 5174/2138/5305
f 5223/2185/5356 5176/2136/5307 5175/2137/5306
f 5224/2184/5357 5177/2135/5308 5176/2136/5307
f 5225/2183/5358 5178/2134/5309 5177/2135/5308
f 5226/2182/5359 5179/2133/5310 5178/2134/5309
f 5227/2181/5360 5180/2132/5311 5179/2133/5310
f 5228/2180/5361 5181/2131/5312 5180/2132/5311
f 5229/2179/5362 5182/2130/5313 5181/2131/5312
f 5229/2179/5362 5230/2178/5363 5183/2129/5314
f 5230/2178/5363 5231/2177/5364 5184/2128/5315
f 5231/2177/5364 5232/2176/5365 5185/2127/5316
f 5232/2176/5365 5233/2175/5366 5186/2126/5317
f 5233/2175/5366 5234/2174/5367 5187/2125/5318
f 5234/2174/5367 5235/2173/5368 5188/2124/5319
f 5235/2173/5368 5236/2172/5369 5189/2123/5320
f 5236/2172/5369 5237/2171/5370 5190/2122/5321
f 5237/2171/5370 5238/2170/5371 5191/2121/5322
f 5238/2170/5371 5239/2169/5372 5192/2120/5323
f 5239/2169/5372 5240/2168/5373 5193/2119/5324
f 5240/2168/5373 5241/2167/5374 5194/2118/5325
f 5241/2167/5374 5242/2166/5375 5195/2117/5326
f 5242/2166/5375 5243/2165/5376 5196/2116/5327
f 5243/2165/5376 5244/2164/5377 5197/2115/5328
f 5244/2164/5377 5245/2163/5378 5198/2114/5329
f 5245/2163/5378 5246/2162/5379 5199/2113/5330
f 5246/2162/5379 5247/2161/5380 5200/2112/5331
f 5247/2161/5380 5248/2160/5381 5201/2111/5332
f 5248/2160/5381 5249/2159/5382 5202/2110/5333
f 5249/2159/5382 5250/2158/5383 5203/2109/5334
f 5250/2158/5383 5251/2157/5384 5204/2108/5335
f 5251/2157/5384 5252/2155/5385 5205/2106/5336
f 5252/2155/5385 2205/2156/5435 2156/2107/5386
f 5253/2252/5387 5206/2203/5338 2157/2251/5339
f 5254/2250/5389 5207/2201/5340 5206/2203/5338
f 5255/2249/5390 5208/2200/5341 5207/2201/5340
f 5256/2248/5391 5209/2199/5342 5208/2200/5341
f 5257/2247/5392 5210/2198/5343 5209/2199/5342
f 5258/2246/5393 5211/2197/5344 5210/2198/5343
f 5259/2245/5394 5212/2196/5345 5211/2197/5344
f 5260/2244/5395 5213/2195/5346 5212/2196/5345
f 5261/2243/5396 5214/2194/5347 5213/2195/5346
f 5262/2242/5397 5215/2193/5348 5214/2194/5347
f 5263/2241/5398 5216/2192/5349 5215/2193/5348
f 5264/2240/5399 5217/2191/5350 5216/2192/5349
f 5265/2239/5400 5218/2190/5351 5217/2191/5350
f 5266/2238/5401 5219/2189/5352 5218/2190/5351
f 5267/2237/5402 5220/2188/5353 5219/2189/5352
f 5268/2236/5403 5221/2187/5354 5220/2188/5353
f 5269/2235/5404 5222/2186/5355 5221/2187/5354
f 5270/2234/5405 5223/2185/5356 5222/2186/5355
f 5271/2233/5406 5224/2184/5357 5223/2185/5356
f 5272/2232/5407 5225/2183/5358 5224/2184/5357
f 5273/2231/5408 5226/2182/5359 5225/2183/5358
f 5274/2230/5409 5227/2181/5360 5226/2182/5359
f 5275/2229/5410 5228/2180/5361 5227/2181/5360
f 5276/2228/5411 5229/2179/5362 5228/2180/5361
f 5276/2228/5411 5277/2227/5412 5230/2178/5363
f 5277/2227/5412 5278/2226/5413 5231/2177/5364
f 5278/2226/5413 5279/2225/5414 5232/2176/5365
f 5279/2225/5414 5280/2224/5415 5233/2175/5366
f 5280/2224/5415 5281/2223/5416 5234/2174/5367
f 5281/2223/5416 5282/2222/5417 5235/2173/5368
f 5282/2222/5417 5283/2221/5418 5236/2172/5369
f 5283/2221/5418 5284/2220/5419 5237/2171/5370
f 5284/2220/5419 5285/2219/5420 5238/2170/5371
f 5285/2219/5420 5286/2218/5421 5239/2169/5372
f 5286/2218/5421 5287/2217/5422 5240/2168/5373
f 5287/2217/5422 5288/2216/5423 5241/2167/5374
f 5288/2216/5423 5289/2215/5424 5242/2166/5375
f 5289/2215/5424 5290/2214/5425 5243/2165/5376
f 5290/2214/5425 5291/2213/5426 5244/2164/5377
f 5291/2213/5426 5292/2212/5427 5245/2163/5378
f 5292/2212/5427 5293/2211/5428 5246/2162/5379
f 5293/2211/5428 5294/2210/5429 5247/2161/5380
f 5294/2210/5429 5295/2209/5430 5248/2160/5381
f 5295/2209/5430 5296/2208/5431 5249/2159/5382
f 5296/2208/5431 5297/2207/5432 5250/2158/5383
f 5297/2207/5432 5298/2206/5433 5251/2157/5384
f 5298/2206/5433 5299/2204/5434 5252/2155/5385
f 5299/2204/5434 2254/2205/5484 2205/2156/5435
f 5300/2301/5436 5253/2252/5387 2206/2300/5388
f 5301/2299/5438 5254/2250/5389 5253/2252/5387
f 5302/2298/5439 5255/2249/5390 5254/2250/5389
f 5303/2297/5440 5256/2248/5391 5255/2249/5390
f 5304/2296/5441 5257/2247/5392 5256/2248/5391
f 5305/2295/5442 5258/2246/5393 5257/2247/5392
f 5306/2294/5443 5259/2245/5394 5258/2246/5393
f 5307/2293/5444 5260/2244/5395 5259/2245/5394
f 5308/2292/5445 5261/2243/5396 5260/2244/5395
f 5309/2291/5446 5262/2242/5397 5261/2243/5396
f 5310/2290/5447 5263/2241/5398 5262/2242/5397
f 5311/2289/5448 5264/2240/5399 5263/2241/5398
f 5312/2288/5449 5265/2239/5400 5264/2240/5399
f 5313/2287/5450 5266/2238/5401 5265/2239/5400
f 5314/2286/5451 5267/2237/5402 5266/2238/5401
f 5315/2285/5452 5268/2236/5403 5267/2237/5402
f 5316/2284/5453 5269/2235/5404 5268/2236/5403
f 5317/2283/5454 5270/2234/5405 5269/2235/5404
f 5318/2282/5455 5271/2233/5406 5270/2234/5405
f 5319/2281/5456 5272/2232/5407 5271/2233/5406
f 5320/2280/5457 5273/2231/5408 5272/2232/5407
f 5321/2279/5458 5274/2230/5409 5273/2231/5408
f 5322/2278/5459 5275/2229/5410 5274/2230/5409
f 5323/2277/5460 5276/2228/5411 5275/2229/5410
f 5323/2277/5460 5324/2276/5461 5277/2227/5412
f 5324/2276/5461 5325/2275/5462 5278/2226/5413
f 5325/2275/5462 5326/2274/5463 5279/2225/5414
f 5326/2274/5463 5327/2273/5464 5280/2224/5415
f 5327/2273/5464 5328/2272/5465 5281/2223/5416
f 5328/2272/5465 5329/2271/5466 5282/2222/5417
f 5329/2271/5466 5330/2270/5467 5283/2221/5418
f 5330/2270/5467 5331/2269/5468 5284/2220/5419
f 5331/2269/5468 5332/2268/5469 5285/2219/5420
f 5332/2268/5469 5333/2267/5470 5286/2218/5421
f 5333/2267/5470 5334/2266/5471 5287/2217/5422
f 5334/2266/5471 5335/2265/5472 5288/2216/5423
f 5335/2265/5472 5336/2264/5473 5289/2215/5424
f 5336/2264/5473 5337/2263/5474 5290/2214/5425
f 5337/2263/5474 5338/2262/5475 5291/2213/5426
f 5338/2262/5475 5339/2261/5476 5292/2212/5427
f 5339/2261/5476 5340/2260/5477 5293/2211/5428
f 5340/2260/5477 5341/2259/5478 5294/2210/5429
f 5341/2259/5478 5342/2258/5479 5295/2209/5430
f 5342/2258/5479 5343/2257/5480 5296/2208/5431
f 5343/2257/5480 5344/2256/5481 5297/2207/5432
f 5344/2256/5481 5345/2255/5482 5298/2206/5433
f 5345/2255/5482 5346/2253/5483 5299/2204/5434
f 5346/2253/5483 2303/2254/5533 2254/2205/5484
f 5347/2350/5485 5300/2301/5436 2255/2349/5437
f 5348/2348/5487 5301/2299/5438 5300/2301/5436
f 5349/2347/5488 5302/2298/5439 5301/2299/5438
f 5350/2346/5489 5303/2297/5440 5302/2298/5439
f 5351/2345/5490 5304/2296/5441 5303/2297/5440
f 5352/2344/5491 5305/2295/5442 5304/2296/5441
f 5353/2343/5492 5306/2294/5443 5305/2295/5442
f 5354/2342/5493 5307/2293/5444 5306/2294/5443
f 5355/2341/5494 5308/2292/5445 5307/2293/5444
f 5356/2340/5495 5309/2291/5446 5308/2292/5445
f 5357/2339/5496 5310/2290/5447 5309/2291/5446
f 5358/2338/5497 5311/2289/5448 5310/2290/5447
f 5359/2337/5498 5312/2288/5449 5311/2289/5448
f 5360/2336/5499 5313/2287/5450 5312/2288/5449
f 5361/2335/5500 5314/2286/5451 5313/2287/5450
f 5362/2334/5501 5315/2285/5452 5314/2286/5451
f 5363/2333/5502 5316/2284/5453 5315/2285/5452
f 5364/2332/5503 5317/2283/5454 5316/2284/5453
f 5365/2331/5504 5318/2282/5455 5317/2283/5454
f 5366/2330/5505 5319/2281/5456 5318/2282/5455
f 5367/2329/5506 5320/2280/5457 5319/2281/5456
f 5368/2328/5507 5321/2279/5458 5320/2280/5457
f 5369/2327/5508 5322/2278/5459 5321/2279/5458
f 5370/2326/5509 5323/2277/5460 5322/2278/5459
f 5370/2326/5509 5371/2325/5510 5324/2276/5461
f 5371/2325/5510 5372/2324/5511 5325/2275/5462
f 5372/2324/5511 5373/2323/5512 5326/2274/5463
f 5373/2323/5512 5374/2322/5513 5327/2273/5464
f 5374/2322/5513 5375/2321/5514 5328/2272/5465
f 5375/2321/5514 5376/2320/5515 5329/2271/5466
f 5376/2320/5515 5377/2319/5516 5330/2270/5467
f 5377/2319/5516 5378/2318/5517 5331/2269/5468
f 5378/2318/5517 5379/2317/5518 5332/2268/5469
f 5379/2317/5518 5380/2316/5519 5333/2267/5470
f 5380/2316/5519 5381/2315/5520 5334/2266/5471
f 5381/2315/5520 5382/2314/5521 5335/2265/5472
f 5382/2314/5521 5383/2313/5522 5336/2264/5473
f 5383/2313/5522 5384/2312/5523 5337/2263/5474
f 5384/2312/5523 5385/2311/5524 5338/2262/5475
f 5385/2311/5524 5386/2310/5525 5339/2261/5476
f 5386/2310/5525 5387/2309/5526 5340/2260/5477
f 5387/2309/5526 5388/2308/5527 5341/2259/5478
f 5388/2308/5527 5389/2307/5528 5342/2258/5479
f 5389/2307/5528 5390/2306/5529 5343/2257/5480
f 5390/2306/5529 5391/2305/5530 5344/2256/5481
f 5391/2305/5530 5392/2304/5531 5345/2255/5482
f 5392/2304/5531 5393/2302/5532 5346/2253/5483
f 5393/2302/5532 2352/2303/5582 2303/2254/5533
f 5394/2399/5534 5347/2350/5485 2304/2398/5486
f 5395/2397/5536 5348/2348/5487 5347/2350/5485
f 5396/2396/5537 5349/2347/5488 5348/2348/5487
f 5397/2395/5538 5350/2346/5489 5349/2347/5488
f 5398/2394/5539 5351/2345/5490 5350/2346/5489
f 5399/2393/5540 5352/2344/5491 5351/2345/5490
f 5400/2392/5541 5353/2343/5492 5352/2344/5491
f 5401/2391/5542 5354/2342/5493 5353/2343/5492
f 5402/2390/5543 5355/2341/5494 5354/2342/5493
f 5403/2389/5544 5356/2340/5495 5355/2341/5494
f 5404/2388/5545 5357/2339/5496 5356/2340/5495
f 5405/2387/5546 5358/2338/5497 5357/2339/5496
f 5406/2386/5547 5359/2337/5498 5358/2338/5497
f 5407/2385/5548 5360/2336/5499 5359/2337/5498
f 5408/2384/5549 5361/2335/5500 5360/2336/5499
f 5409/2383/5550 5362/2334/5501 5361/2335/5500
f 5410/2382/5551 5363/2333/5502 5362/2334/5501
f 5411/2381/5552 5364/2332/5503 5363/2333/5502
f 5412/2380/5553 5365/2331/5504 5364/2332/5503
f 5413/2379/5554 5366/2330/5505 5365/2331/5504
f 5414/2378/5555 5367/2329/5506 5366/2330/5505
f 5415/2377/5556 5368/2328/5507 5367/2329/5506
f 5416/2376/5557 5369/2327/5508 5368/2328/5507
f 5417/2375/5558 5370/2326/5509 5369/2327/5508
f 5417/2375/5558 5418/2374/5559 5371/2325/5510
f 5418/2374/5559 5419/2373/5560 5372/2324/5511
f 5419/2373/5560 5420/2372/5561 5373/2323/5512
f 5420/2372/5561 5421/2371/5562 5374/2322/5513
f 5421/2371/5562 5422/2370/5563 5375/2321/5514
f 5422/2370/5563 5423/2369/5564 5376/2320/5515
f 5423/2369/5564 5424/2368/5565 5377/2319/5516
f 5424/2368/5565 5425/2367/5566 5378/2318/5517
f 5425/2367/5566 5426/2366/5567 5379/2317/5518
f 5426/2366/5567 5427/2365/5568 5380/2316/5519
f 5427/2365/5568 5428/2364/5569 5381/2315/5520
f 5428/2364/5569 5429/2363/5570 5382/2314/5521
f 5429/2363/5570 5430/2362/5571 5383/2313/5522
f 5430/2362/5571 5431/2361/5572 5384/2312/5523
f 5431/2361/5572 5432/2360/5573 5385/2311/5524
f 5432/2360/5573 5433/2359/5574 5386/2310/5525
f 5433/2359/5574 5434/2358/5575 5387/2309/5526
f 5434/2358/5575 5435/2357/5576 5388/2308/5527
f 5435/2357/5576 5436/2356/5577 5389/2307/5528
f 5436/2356/5577 5437/2355/5578 5390/2306/5529
f 5437/2355/5578 5438/2354/5579 5391/2305/5530
f 5438/2354/5579 5439/2353/5580 5392/2304/5531
f 5439/2353/5580 5440/2351/5581 5393/2302/5532
f 5440/2351/5581 2401/2352/5631 2352/2303/5582
f 5441/2448/5583 5394/2399/5534 2353/2447/5535
f 5442/2446/5585 5395/2397/5536 5394/2399/5534
f 5443/2445/5586 5396/2396/5537 5395/2397/5536
f 5444/2444/5587 5397/2395/5538 5396/2396/5537
f 5445/2443/5588 5398/2394/5539 5397/2395/5538
f 5446/2442/5589 5399/2393/5540 5398/2394/5539
f 5447/2441/5590 5400/2392/5541 5399/2393/5540
f 5448/2440/5591 5401/2391/5542 5400/2392/5541
f 5449/2439/5592 5402/2390/5543 5401/2391/5542
f 5450/2438/5593 5403/2389/5544 5402/2390/5543
f 5451/2437/5594 5404/2388/5545 5403/2389/5544
f 5452/2436/5595 5405/2387/5546 5404/2388/5545
f 5453/2435/5596 5406/2386/5547 5405/2387/5546
f 5454/2434/5597 5407/2385/5548 5406/2386/5547
f 5455/2433/5598 5408/2384/5549 5407/2385/5548
f 5456/2432/5599 5409/2383/5550 5408/2384/5549
f 5457/2431/5600 5410/2382/5551 5409/2383/5550
f 5458/2430/5601 5411/2381/5552 5410/2382/5551
f 5459/2429/5602 5412/2380/5553 5411/2381/5552
f 5460/2428/5603 5413/2379/5554 5412/2380/5553
f 5461/2427/5604 5414/2378/5555 5413/2379/5554
f 5462/2426/5605 5415/2377/5556 5414/2378/5555
f 5463/2425/5606 5416/2376/5557 5415/2377/5556
f 5464/2424/5607 5417/2375/5558 5416/2376/5557
f 5464/2424/5607 5465/2423/5608 5418/2374/5559
f 5465/2423/5608 5466/2422/5609 5419/2373/5560
f 5466/2422/5609 5467/2421/5610 5420/2372/5561
f 5467/2421/5610 5468/2420/5611 5421/2371/5562
f 5468/2420/5611 5469/2419/5612 5422/2370/5563
f 5469/2419/5612 5470/2418/5613 5423/2369/5564
f 5470/2418/5613 5471/2417/5614 5424/2368/5565
f 5471/2417/5614 5472/2416/5615 5425/2367/5566
f 5472/2416/5615 5473/2415/5616 5426/2366/5567
f 5473/2415/5616 5474/2414/5617 5427/2365/5568
f 5474/2414/5617 5475/2413/5618 5428/2364/5569
f 5475/2413/5618 5476/2412/5619 5429/2363/5570
f 5476/2412/5619 5477/2411/5620 5430/2362/5571
f 5477/2411/5620 5478/2410/5621 5431/2361/5572
f 5478/2410/5621 5479/2409/5622 5432/2360/5573
f 5479/2409/5622 5480/2408/5623 5433/2359/5574
f 5480/2408/5623 5481/2407/5624 5434/2358/5575
f 5481/2407/5624 5482/2406/5625 5435/2357/5576
f 5482/2406/5625 5483/2405/5626 5436/2356/5577
f 5483/2405/5626 5484/2404/5627 5437/2355/5578
f 5484/2404/5627 5485/2403/5628 5438/2354/5579
f 5485/2403/5628 5486/2402/5629 5439/2353/5580
f 5486/2402/5629 5487/2400/5630 5440/2351/5581
f 5487/2400/5630 2450/2401/5680 2401/2352/5631
f 5488/2497/5632 5441/2448/5583 2402/2496/5584
f 5489/2495/5634 5442/2446/5585 5441/2448/5583
f 5490/2494/5635 5443/2445/5586 5442/2446/5585
f 5491/2493/5636 5444/2444/5587 5443/2445/5586
f 5492/2492/5637 5445/2443/5588 5444/2444/5587
f 5493/2491/5638 5446/2442/5589 5445/2443/5588
f 5494/2490/5639 5447/2441/5590 5446/2442/5589
f 5495/2489/5640 5448/2440/5591 5447/2441/5590
f 5496/2488/5641 5449/2439/5592 5448/2440/5591
f 5497/2487/5642 5450/2438/5593 5449/2439/5592
f 5498/2486/5643 5451/2437/5594 5450/2438/5593
f 5499/2485/5644 5452/2436/5595 5451/2437/5594
f 5500/2484/5645 5453/2435/5596 5452/2436/5595
f 5501/2483/5646 5454/2434/5597 5453/2435/5596
f 5502/2482/5647 5455/2433/5598 5454/2434/5597
f 5503/2481/5648 5456/2432/5599 5455/2433/5598
f 5504/2480/5649 5457/2431/5600 5456/2432/5599
f 5505/2479/5650 5458/2430/5601 5457/2431/5600
f 5506/2478/5651 5459/2429/5602 5458/2430/5601
f 5507/2477/5652 5460/2428/5603 5459/2429/5602
f 5508/2476/5653 5461/2427/5604 5460/2428/5603
f 5509/2475/5654 5462/2426/5605 5461/2427/5604
f 5510/2474/5655 5463/2425/5606 5462/2426/5605
f 5511/2473/5656 5464/2424/5607 5463/2425/5606
f 5511/2473/5656 5512/2472/5657 5465/2423/5608
f 5512/2472/5657 5513/2471/5658 5466/2422/5609
f 5513/2471/5658 5514/2470/5659 5467/2421/5610
f 5514/2470/5659 5515/2469/5660 5468/2420/5611
f 5515/2469/5660 5516/2468/5661 5469/2419/5612
f 5516/2468/5661 5517/2467/5662 5470/2418/5613
f 5517/2467/5662 5518/2466/5663 5471/2417/5614
f 5518/2466/5663 5519/2465/5664 5472/2416/5615
f 5519/2465/5664 5520/2464/5665 5473/2415/5616
f 5520/2464/5665 5521/2463/5666 5474/2414/5617
f 5521/2463/5666 5522/2462/5667 5475/2413/5618
f 5522/2462/5667 5523/2461/5668 5476/2412/5619
f 5523/2461/5668 5524/2460/5669 5477/2411/5620
f 5524/2460/5669 5525/2459/5670 5478/2410/5621
f 5525/2459/5670 5526/2458/5671 5479/2409/5622
f 5526/2458/5671 5527/2457/5672 5480/2408/5623
f 5527/2457/5672 5528/2456/5673 5481/2407/5624
f 5528/2456/5673 5529/2455/5674 5482/2406/5625
f 5529/2455/5674 5530/2454/5675 5483/2405/5626
f 5530/2454/5675 5531/2453/5676 5484/2404/5627
f 5531/2453/5676 5532/2452/5677 5485/2403/5628
f 5532/2452/5677 5533/2451/5678 5486/2402/5629
f 5533/2451/5678 5534/2449/5679 5487/2400/5630
f 5534/2449/5679 2499/2450/5729 2450/2401/5680
f 5535/2546/5681 5488/2497/5632 2451/2545/5633
f 5536/2544/5683 5489/2495/5634 5488/2497/5632
f 5537/2543/5684 5490/2494/5635 5489/2495/5634
f 5538/2542/5685 5491/2493/5636 5490/2494/5635
f 5539/2541/5686 5492/2492/5637 5491/2493/5636
f 5540/2540/5687 5493/2491/5638 5492/2492/5637
f 5541/2539/5688 5494/2490/5639 5493/2491/5638
f 5542/2538/5689 5495/2489/5640 5494/2490/5639
f 5543/2537/5690 5496/2488/5641 5495/2489/5640
f 5544/2536/5691 5497/2487/5642 5496/2488/5641
f 5545/2535/5692 5498/2486/5643 5497/2487/5642
f 5546/2534/5693 5499/2485/5644 5498/2486/5643
f 5547/2533/5694 5500/2484/5645 5499/2485/5644
f 5548/2532/5695 5501/2483/5646 5500/2484/5645
f 5549/2531/5696 5502/2482/5647 5501/2483/5646
f 5550/2530/5697 5503/2481/5648 5502/2482/5647
f 5551/2529/5698 5504/2480/5649 5503/2481/5648
f 5552/2528/5699 5505/2479/5650 5504/2480/5649
f 5553/2527/5700 5506/2478/5651 5505/2479/5650
f 5554/2526/5701 5507/2477/5652 5506/2478/5651
f 5555/2525/5702 5508/2476/5653 5507/2477/5652
f 5556/2524/5703 5509/2475/5654 5508/2476/5653
f 5557/2523/5704 5510/2474/5655 5509/2475/5654
f 5558/2522/5705 5511/2473/5656 5510/2474/5655
f 5558/2522/5705 5559/2521/5706 5512/2472/5657
f 5559/2521/5706 5560/2520/5707 5513/2471/5658
f 5560/2520/5707 5561/2519/5708 5514/2470/5659
f 5561/2519/5708 5562/2518/5709 5515/2469/5660
f 5562/2518/5709 5563/2517/5710 5516/2468/5661
f 5563/2517/5710 5564/2516/5711 5517/2467/5662
f 5564/2516/5711 5565/2515/5712 5518/2466/5663
f 5565/2515/5712 5566/2514/5713 5519/2465/5664
f 5566/2514/5713 5567/2513/5714 5520/2464/5665
f 5567/2513/5714 5568/2512/5715 5521/2463/5666
f 5568/2512/5715 5569/2511/5716 5522/2462/5667
f 5569/2511/5716 5570/2510/5717 5523/2461/5668
f 5570/2510/5717 5571/2509/5718 5524/2460/5669
f 5571/2509/5718 5572/2508/5719 5525/2459/5670
f 5572/2508/5719 5573/2507/5720 5526/2458/5671
f 5573/2507/5720 5574/2506/5721 5527/2457/5672
f 5574/2506/5721 5575/2505/5722 5528/2456/5673
f 5575/2505/5722 5576/2504/5723 5529/2455/5674
f 5576/2504/5723 5577/2503/5724 5530/2454/5675
f 5577/2503/5724 5578/2502/5725 5531/2453/5676
f 5578/2502/5725 5579/2501/5726 5532/2452/5677
f 5579/2501/5726 5580/2500/5727 5533/2451/5678
f 5580/2500/5727 5581/2498/5728 5534/2449/5679
f 5581/2498/5728 2548/2499/5778 2499/2450/5729
f 5582/2595/5730 5535/2546/5681 2500/2594/5682
f 5583/2593/5732 5536/2544/5683 5535/2546/5681
f 5584/2592/5733 5537/2543/5684 5536/2544/5683
f 5585/2591/5734 5538/2542/5685 5537/2543/5684
f 5586/2590/5735 5539/2541/5686 5538/2542/5685
f 5587/2589/5736 5540/2540/5687 5539/2541/5686
f 5588/2588/5737 5541/2539/5688 5540/2540/5687
f 5589/2587/5738 5542/2538/5689 5541/2539/5688
f 5590/2586/5739 5543/2537/5690 5542/2538/5689
f 5591/2585/5740 5544/2536/5691 5543/2537/5690
f 5592/2584/5741 5545/2535/5692 5544/2536/5691
f 5593/2583/5742 5546/2534/5693 5545/2535/5692
f 5594/2582/5743 5547/2533/5694 5546/2534/5693
f 5595/2581/5744 5548/2532/5695 5547/2533/5694
f 5596/2580/5745 5549/2531/5696 5548/2532/5695
f 5597/2579/5746 5550/2530/5697 5549/2531/5696
f 5598/2578/5747 5551/2529/5698 5550/2530/5697
f 5599/2577/5748 5552/2528/5699 5551/2529/5698
f 5600/2576/5749 5553/2527/5700 5552/2528/5699
f 5601/2575/5750 5554/2526/5701 5553/2527/5700
f 5602/2574/5751 5555/2525/5702 5554/2526/5701
f 5603/2573/5752 5556/2524/5703 5555/2525/5702
f 5604/2572/5753 5557/2523/5704 5556/2524/5703
f 5605/2571/5754 5558/2522/5705 5557/2523/5704
f 5605/2571/5754 5606/2570/5755 5559/2521/5706
f 5606/2570/5755 5607/2569/5756 5560/2520/5707
f 5607/2569/5756 5608/2568/5757 5561/2519/5708
f 5608/2568/5757 5609/2567/5758 5562/2518/5709
f 5609/2567/5758 5610/2566/5759 5563/2517/5710
f 5610/2566/5759 5611/2565/5760 5564/2516/5711
f 5611/2565/5760 5612/2564/5761 5565/2515/5712
f 5612/2564/5761 5613/2563/5762 5566/2514/5713
f 5613/2563/5762 5614/2562/5763 5567/2513/5714
f 5614/2562/5763 5615/2561/5764 5568/2512/5715
f 5615/2561/5764 5616/2560/5765 5569/2511/5716
f 5616/2560/5765 5617/2559/5766 5570/2510/5717
f 5617/2559/5766 5618/2558/5767 5571/2509/5718
f 5618/2558/5767 5619/2557/5768 5572/2508/5719
f 5619/2557/5768 5620/2556/5769 5573/2507/5720
f 5620/2556/5769 5621/2555/5770 5574/2506/5721
f 5621/2555/5770 5622/2554/5771 5575/2505/5722
f 5622/2554/5771 5623/2553/5772 5576/2504/5723
f 5623/2553/5772 5624/2552/5773 5577/2503/5724
f 5624/2552/5773 5625/2551/5774 5578/2502/5725
f 5625/2551/5774 5626/2550/5775 5579/2501/5726
f 5626/2550/5775 5627/2549/5776 5580/2500/5727
f 5627/2549/5776 5628/2547/5777 5581/2498/5728
f 5628/2547/5777 2597/2548/5827 2548/2499/5778
f 5629/2644/5779 5582/2595/5730 2549/2643/5731
f 5630/2642/5781 5583/2593/5732 5582/2595/5730
f 5631/2641/5782 5584/2592/5733 5583/2593/5732
f 5632/2640/5783 5585/2591/5734 5584/2592/5733
f 5633/2639/5784 5586/2590/5735 5585/2591/5734
f 5634/2638/5785 5587/2589/5736 5586/2590/5735
f 5635/2637/5786 5588/2588/5737 5587/2589/5736
f 5636/2636/5787 5589/2587/5738 5588/2588/5737
f 5637/2635/5788 5590/2586/5739 5589/2587/5738
f 5638/2634/5789 5591/2585/5740 5590/2586/5739
f 5639/2633/5790 5592/2584/5741 5591/2585/5740
f 5640/2632/5791 5593/2583/5742 5592/2584/5741
f 5641/2631/5792 5594/2582/5743 5593/2583/5742
f 5642/2630/5793 5595/2581/5744 5594/2582/5743
f 5643/2629/5794 5596/2580/5745 5595/2581/5744
f 5644/2628/5795 5597/2579/5746 5596/2580/5745
f 5645/2627/5796 5598/2578/5747 5597/2579/5746
f 5646/2626/5797 5599/2577/5748 5598/2578/5747
f 5647/2625/5798 5600/2576/5749 5599/2577/5748
f 5648/2624/5799 5601/2575/5750 5600/2576/5749
f 5649/2623/5800 5602/2574/5751 5601/2575/5750
f 5650/2622/5801 5603/2573/5752 5602/2574/5751
f 5651/2621/5802 5604/2572/5753 5603/2573/5752
f 5652/2620/5803 5605/2571/5754 5604/2572/5753
f 5652/2620/5803 5653/2619/5804 5606/2570/5755
f 5653/2619/5804 5654/2618/5805 5607/2569/5756
f 5654/2618/5805 5655/2617/5806 5608/2568/5757
f 5655/2617/5806 5656/2616/5807 5609/2567/5758
f 5656/2616/5807 5657/2615/5808 5610/2566/5759
f 5657/2615/5808 5658/2614/5809 5611/2565/5760
f 5658/2614/5809 5659/2613/5810 5612/2564/5761
f 5659/2613/5810 5660/2612/5811 5613/2563/5762
f 5660/2612/5811 5661/2611/5812 5614/2562/5763
f 5661/2611/5812 5662/2610/5813 5615/2561/5764
f 5662/2610/5813 5663/2609/5814 5616/2560/5765
f 5663/2609/5814 5664/2608/5815 5617/2559/5766
f 5664/2608/5815 5665/2607/5816 5618/2558/5767
f 5665/2607/5816 5666/2606/5817 5619/2557/5768
f 5666/2606/5817 5667/2605/5818 5620/2556/5769
f 5667/2605/5818 5668/2604/5819 5621/2555/5770
f 5668/2604/5819 5669/2603/5820 5622/2554/5771
f 5669/2603/5820 5670/2602/5821 5623/2553/5772
f 5670/2602/5821 5671/2601/5822 5624/2552/5773
f 5671/2601/5822 5672/2600/5823 5625/2551/5774
f 5672/2600/5823 5673/2599/5824 5626/2550/5775
f 5673/2599/5824 5674/2598/5825 5627/2549/5776
f 5674/2598/5825 5675/2596/5826 5628/2547/5777
f 5675/2596/5826 2646/2597/5876 2597/2548/5827
f 5676/2693/5828 5629/2644/5779 2598/2692/5780
f 5677/2691/5830 5630/2642/5781 5629/2644/5779
f 5678/2690/5831 5631/2641/5782 5630/2642/5781
f 5679/2689/5832 5632/2640/5783 5631/2641/5782
f 5680/2688/5833 5633/2639/5784 5632/2640/5783
f 5681/2687/5834 5634/2638/5785 5633/2639/5784
f 5682/2686/5835 5635/2637/5786 5634/2638/5785
f 5683/2685/5836 5636/2636/5787 5635/2637/5786
f 5684/2684/5837 5637/2635/5788 5636/2636/5787
f 5685/2683/5838 5638/2634/5789 5637/2635/5788
f 5686/2682/5839 5639/2633/5790 5638/2634/5789
f 5687/2681/5840 5640/2632/5791 5639/2633/5790
f 5688/2680/5841 5641/2631/5792 5640/2632/5791
f 5689/2679/5842 5642/2630/5793 5641/2631/5792
f 5690/2678/5843 5643/2629/5794 5642/2630/5793
f 5691/2677/5844 5644/2628/5795 5643/2629/5794
f 5692/2676/5845 5645/2627/5796 5644/2628/5795
f 5693/2675/5846 5646/2626/5797 5645/2627/5796
f 5694/2674/5847 5647/2625/5798 5646/2626/5797
f 5695/2673/5848 5648/2624/5799 5647/2625/5798
f 5696/2672/5849 5649/2623/5800 5648/2624/5799
f 5697/2671/5850 5650/2622/5801 5649/2623/5800
f 5698/2670/5851 5651/2621/5802 5650/2622/5801
f 5699/2669/5852 5652/2620/5803 5651/2621/5802
f 5699/2669/5852 5700/2668/5853 5653/2619/5804
f 5700/2668/5853 5701/2667/5854 5654/2618/5805
f 5701/2667/5854 5702/2666/5855 5655/2617/5806
f 5702/2666/5855 5703/2665/5856 5656/2616/5807
f 5703/2665/5856 5704/2664/5857 5657/2615/5808
f 5704/2664/5857 5705/2663/5858 5658/2614/5809
f 5705/2663/5858 5706/2662/5859 5659/2613/5810
f 5706/2662/5859 5707/2661/5860 5660/2612/5811
f 5707/2661/5860 5708/2660/5861 5661/2611/5812
f 5708/2660/5861 5709/2659/5862 5662/2610/5813
f 5709/2659/5862 5710/2658/5863 5663/2609/5814
f 5710/2658/5863 5711/2657/5864 5664/2608/5815
f 5711/2657/5864 5712/2656/5865 5665/2607/5816
f 5712/2656/5865 5713/2655/5866 5666/2606/5817
f 5713/2655/5866 5714/2654/5867 5667/2605/5818
f 5714/2654/5867 5715/2653/5868 5668/2604/5819
f 5715/2653/5868 5716/2652/5869 5669/2603/5820
f 5716/2652/5869 5717/2651/5870 5670/2602/5821
f 5717/2651/5870 5718/2650/5871 5671/2601/5822
f 5718/2650/5871 5719/2649/5872 5672/2600/5823
f 5719/2649/5872 5720/2648/5873 5673/2599/5824
f 5720/2648/5873 5721/2647/5874 5674/2598/5825
f 5721/2647/5874 5722/2645/5875 5675/2596/5826
f 5722/2645/5875 2695/2646/5925 2646/2597/5876
f 5723/2742/5877 5676/2693/5828 2647/2741/5829
f 5724/2740/5879 5677/2691/5830 5676/2693/5828
f 5725/2739/5880 5678/2690/5831 5677/2691/5830
f 5726/2738/5881 5679/2689/5832 5678/2690/5831
f 5727/2737/5882 5680/2688/5833 5679/2689/5832
f 5728/2736/5883 5681/2687/5834 5680/2688/5833
f 5729/2735/5884 5682/2686/5835 5681/2687/5834
f 5730/2734/5885 5683/2685/5836 5682/2686/5835
f 5731/2733/5886 5684/2684/5837 5683/2685/5836
f 5732/2732/5887 5685/2683/5838 5684/2684/5837
f 5733/2731/5888 5686/2682/5839 5685/2683/5838
f 5734/2730/5889 5687/2681/5840 5686/2682/5839
f 5735/2729/5890 5688/2680/5841 5687/2681/5840
f 5736/2728/5891 5689/2679/5842 5688/2680/5841
f 5737/2727/5892 5690/2678/5843 5689/2679/5842
f 5738/2726/5893 5691/2677/5844 5690/2678/5843
f 5739/2725/5894 5692/2676/5845 5691/2677/5844
f 5740/2724/5895 5693/2675/5846 5692/2676/5845
f 5741/2723/5896 5694/2674/5847 5693/2675/5846
f 5742/2722/5897 5695/2673/5848 5694/2674/5847
f 5743/2721/5898 5696/2672/5849 5695/2673/5848
f 5744/2720/5899 5697/2671/5850 5696/2672/5849
f 5745/2719/5900 5698/2670/5851 5697/2671/5850
f 5746/2718/5901 5699/2669/5852 5698/2670/5851
f 5746/2718/5901 5747/2717/5902 5700/2668/5853
f 5747/2717/5902 5748/2716/5903 5701/2667/5854
f 5748/2716/5903 5749/2715/5904 5702/2666/5855
f 5749/2715/5904 5750/2714/5905 5703/2665/5856
f 5750/2714/5905 5751/2713/5906 5704/2664/5857
f 5751/2713/5906 5752/2712/5907 5705/2663/5858
f 5752/2712/5907 5753/2711/5908 5706/2662/5859
f 5753/2711/5908 5754/2710/5909 5707/2661/5860
f 5754/2710/5909 5755/2709/5910 5708/2660/5861
f 5755/2709/5910 5756/2708/5911 5709/2659/5862
f 5756/2708/5911 5757/2707/5912 5710/2658/5863
f 5757/2707/5912 5758/2706/5913 5711/2657/5864
f 5758/2706/5913 5759/2705/5914 5712/2656/5865
f 5759/2705/5914 5760/2704/5915 5713/2655/5866
f 5760/2704/5915 5761/2703/5916 5714/2654/5867
f 5761/2703/5916 5762/2702/5917 5715/2653/5868
f 5762/2702/5917 5763/2701/5918 5716/2652/5869
f 5763/2701/5918 5764/2700/5919 5717/2651/5870
f 5764/2700/5919 5765/2699/5920 5718/2650/5871
f 5765/2699/5920 5766/2698/5921 5719/2649/5872
f 5766/2698/5921 5767/2697/5922 5720/2648/5873
f 5767/2697/5922 5768/2696/5923 5721/2647/5874
f 5768/2696/5923 5769/2694/5924 5722/2645/5875
f 5769/2694/5924 2744/2695/5974 2695/2646/5925
f 5770/2791/5926 5723/2742/5877 2696/2790/5878
f 5771/2789/5928 5724/2740/5879 5723/2742/5877
f 5772/2788/5929 5725/2739/5880 5724/2740/5879
f 5773/2787/5930 5726/2738/5881 5725/2739/5880
f 5774/2786/5931 5727/2737/5882 5726/2738/5881
f 5775/2785/5932 5728/2736/5883 5727/2737/5882
f 5776/2784/5933 5729/2735/5884 5728/2736/5883
f 5777/2783/5934 5730/2734/5885 5729/2735/5884
f 5778/2782/5935 5731/2733/5886 5730/2734/5885
f 5779/2781/5936 5732/2732/5887 5731/2733/5886
f 5780/2780/5937 5733/2731/5888 5732/2732/5887
f 5781/2779/5938 5734/2730/5889 5733/2731/5888
f 5782/2778/5939 5735/2729/5890 5734/2730/5889
f 5783/2777/5940 5736/2728/5891 5735/2729/5890
f 5784/2776/5941 5737/2727/5892 5736/2728/5891
f 5785/2775/5942 5738/2726/5893 5737/2727/5892
f 5786/2774/5943 5739/2725/5894 5738/2726/5893
f 5787/2773/5944 5740/2724/5895 5739/2725/5894
f 5788/2772/5945 5741/2723/5896 5740/2724/5895
f 5789/2771/5946 5742/2722/5897 5741/2723/5896
f 5790/2770/5947 5743/2721/5898 5742/2722/5897
f 5791/2769/5948 5744/2720/5899 5743/2721/5898
f 5792/2768/5949 5745/2719/5900 5744/2720/5899
f 5793/2767/5950 5746/2718/5901 5745/2719/5900
f 5793/2767/5950 5794/2766/5951 5747/2717/5902
f 5794/2766/5951 5795/2765/5952 5748/2716/5903
f 5795/2765/5952 5796/2764/5953 5749/2715/5904
f 5796/2764/5953 5797/2763/5954 5750/2714/5905
f 5797/2763/5954 5798/2762/5955 5751/2713/5906
f 5798/2762/5955 5799/2761/5956 5752/2712/5907
f 5799/2761/5956 5800/2760/5957 5753/2711/5908
f 5800/2760/5957 5801/2759/5958 5754/2710/5909
f 5801/2759/5958 5802/2758/5959 5755/2709/5910
f 5802/2758/5959 5803/2757/5960 5756/2708/5911
f 5803/2757/5960 5804/2756/5961 5757/2707/5912
f 5804/2756/5961 5805/2755/5962 5758/2706/5913
f 5805/2755/5962 5806/2754/5963 5759/2705/5914
f 5806/2754/5963 5807/2753/5964 5760/2704/5915
f 5807/2753/5964 5808/2752/5965 5761/2703/5916
f 5808/2752/5965 5809/2751/5966 5762/2702/5917
f 5809/2751/5966 5810/2750/5967 5763/2701/5918
f 5810/2750/5967 5811/2749/5968 5764/2700/5919
f 5811/2749/5968 5812/2748/5969 5765/2699/5920
f 5812/2748/5969 5813/2747/5970 5766/2698/5921
f 5813/2747/5970 5814/2746/5971 5767/2697/5922
f 5814/2746/5971 5815/2745/5972 5768/2696/5923
f 5815/2745/5972 5816/2743/5973 5769/2694/5924
f 5816/2743/5973 2793/2744/6023 2744/2695/5974
f 5817/2840/5975 5770/2791/5926 2745/2839/5927
f 5818/2838/5977 5771/2789/5928 5770/2791/5926
f 5819/2837/5978 5772/2788/5929 5771/2789/5928
f 5820/2836/5979 5773/2787/5930 5772/2788/5929
f 5821/2835/5980 5774/2786/5931 5773/2787/5930
f 5822/2834/5981 5775/2785/5932 5774/2786/5931
f 5823/2833/5982 5776/2784/5933 5775/2785/5932
f 5824/2832/5983 5777/2783/5934 5776/2784/5933
f 5825/2831/5984 5778/2782/5935 5777/2783/5934
f 5826/2830/5985 5779/2781/5936 5778/2782/5935
f 5827/2829/5986 5780/2780/5937 5779/2781/5936
f 5828/2828/5987 5781/2779/5938 5780/2780/5937
f 5829/2827/5988 5782/2778/5939 5781/2779/5938
f 5830/2826/5989 5783/2777/5940 5782/2778/5939
f 5831/2825/5990 5784/2776/5941 5783/2777/5940
f 5832/2824/5991 5785/2775/5942 5784/2776/5941
f 5833/2823/5992 5786/2774/5943 5785/2775/5942
f 5834/2822/5993 5787/2773/5944 5786/2774/5943
f 5835/2821/5994 5788/2772/5945 5787/2773/5944
f 5836/2820/5995 5789/2771/5946 5788/2772/5945
f 5837/2819/5996 5790/2770/5947 5789/2771/5946
f 5838/2818/5997 5791/2769/5948 5790/2770/5947
f 5839/2817/5998 5792/2768/5949 5791/2769/5948
f 5840/2816/5999 5793/2767/5950 5792/2768/5949
f 5840/2816/5999 5841/2815/6000 5794/2766/5951
f 5841/2815/6000 5842/2814/6001 5795/2765/5952
f 5842/2814/6001 5843/2813/6002 5796/2764/5953
f 5843/2813/6002 5844/2812/6003 5797/2763/5954
f 5844/2812/6003 5845/2811/6004 5798/2762/5955
f 5845/2811/6004 5846/2810/6005 5799/2761/5956
f 5846/2810/6005 5847/2809/6006 5800/2760/5957
f 5847/2809/6006 5848/2808/6007 5801/2759/5958
f 5848/2808/6007 5849/2807/6008 5802/2758/5959
f 5849/2807/6008 5850/2806/6009 5803/2757/5960
f 5850/2806/6009 5851/2805/6010 5804/2756/5961
f 5851/2805/6010 5852/2804/6011 5805/2755/5962
f 5852/2804/6011 5853/2803/6012 5806/2754/5963
f 5853/2803/6012 5854/2802/6013 5807/2753/5964
f 5854/2802/6013 5855/2801/6014 5808/2752/5965
f 5855/2801/6014 5856/2800/6015 5809/2751/5966
f 5856/2800/6015 5857/2799/6016 5810/2750/5967
f 5857/2799/6016 5858/2798/6017 5811/2749/5968
f 5858/2798/6017 5859/2797/6018 5812/2748/5969
f 5859/2797/6018 5860/2796/6019 5813/2747/5970
f 5860/2796/6019 5861/2795/6020 5814/2746/5971
f 5861/2795/6020 5862/2794/6021 5815/2745/5972
f 5862/2794/6021 5863/2792/6022 5816/2743/5973
f 5863/2792/6022 2842/2793/6072 2793/2744/6023
f 5864/2889/6024 5817/2840/5975 2794/2888/5976
f 5865/2887/6026 5818/2838/5977 5817/2840/5975
f 5866/2886/6027 5819/2837/5978 5818/2838/5977
f 5867/2885/6028 5820/2836/5979 5819/2837/5978
f 5868/2884/6029 5821/2835/5980 5820/2836/5979
f 5869/2883/6030 5822/2834/5981 5821/2835/5980
f 5870/2882/6031 5823/2833/5982 5822/2834/5981
f 5871/2881/6032 5824/2832/5983 5823/2833/5982
f 5872/2880/6033 5825/2831/5984 5824/2832/5983
f 5873/2879/6034 5826/2830/5985 5825/2831/5984
f 5874/2878/6035 5827/2829/5986 5826/2830/5985
f 5875/2877/6036 5828/2828/5987 5827/2829/5986
f 5876/2876/6037 5829/2827/5988 5828/2828/5987
f 5877/2875/6038 5830/2826/5989 5829/2827/5988
f 5878/2874/6039 5831/2825/5990 5830/2826/5989
f 5879/2873/6040 5832/2824/5991 5831/2825/5990
f 5880/2872/6041 5833/2823/5992 5832/2824/5991
f 5881/2871/6042 5834/2822/5993 5833/2823/5992
f 5882/2870/6043 5835/2821/5994 5834/2822/5993
f 5883/2869/6044 5836/2820/5995 5835/2821/5994
f 5884/2868/6045 5837/2819/5996 5836/2820/5995
f 5885/2867/6046 5838/2818/5997 5837/2819/5996
f 5886/2866/6047 5839/2817/5998 5838/2818/5997
f 5887/2865/6048 5840/2816/5999 5839/2817/5998
f 5887/2865/6048 5888/2864/6049 5841/2815/6000
f 5888/2864/6049 5889/2863/6050 5842/2814/6001
f 5889/2863/6050 5890/2862/6051 5843/2813/6002
f 5890/2862/6051 5891/2861/6052 5844/2812/6003
f 5891/2861/6052 5892/2860/6053 5845/2811/6004
f 5892/2860/6053 5893/2859/6054 5846/2810/6005
f 5893/2859/6054 5894/2858/6055 5847/2809/6006
f 5894/2858/6055 5895/2857/6056 5848/2808/6007
f 5895/2857/6056 5896/2856/6057 5849/2807/6008
f 5896/2856/6057 5897/2855/6058 5850/2806/6009
f 5897/2855/6058 5898/2854/6059 5851/2805/6010
f 5898/2854/6059 5899/2853/6060 5852/2804/6011
f 5899/2853/6060 5900/2852/6061 5853/2803/6012
f 5900/2852/6061 5901/2851/6062 5854/2802/6013
f 5901/2851/6062 5902/2850/6063 5855/2801/6014
f 5902/2850/6063 5903/2849/6064 5856/2800/6015
f 5903/2849/6064 5904/2848/6065 5857/2799/6016
f 5904/2848/6065 5905/2847/6066 5858/2798/6017
f 5905/2847/6066 5906/2846/6067 5859/2797/6018
f 5906/2846/6067 5907/2845/6068 5860/2796/6019
f 5907/2845/6068 5908/2844/6069 5861/2795/6020
f 5908/2844/6069 5909/2843/6070 5862/2794/6021
f 5909/2843/6070 5910/2841/6071 5863/2792/6022
f 5910/2841/6071 2891/2842/6121 2842/2793/6072
f 5911/2938/6073 5864/2889/6024 2843/2937/6025
f 5912/2936/6075 5865/2887/6026 5864/2889/6024
f 5913/2935/6076 5866/2886/6027 5865/2887/6026
f 5914/2934/6077 5867/2885/6028 5866/2886/6027
f 5915/2933/6078 5868/2884/6029 5867/2885/6028
f 5916/2932/6079 5869/2883/6030 5868/2884/6029
f 5917/2931/6080 5870/2882/6031 5869/2883/6030
f 5918/2930/6081 5871/2881/6032 5870/2882/6031
f 5919/2929/6082 5872/2880/6033 5871/2881/6032
f 5920/2928/6083 5873/2879/6034 5872/2880/6033
f 5921/2927/6084 5874/2878/6035 5873/2879/6034
f 5922/2926/6085 5875/2877/6036 5874/2878/6035
f 5923/2925/6086 5876/2876/6037 5875/2877/6036
f 5924/2924/6087 5877/2875/6038 5876/2876/6037
f 5925/2923/6088 5878/2874/6039 5877/2875/6038
f 5926/2922/6089 5879/2873/6040 5878/2874/6039
f 5927/2921/6090 5880/2872/6041 5879/2873/6040
f 5928/2920/6091 5881/2871/6042 5880/2872/6041
f 5929/2919/6092 5882/2870/6043 5881/2871/6042
f 5930/2918/6093 5883/2869/6044 5882/2870/6043
f 5931/2917/6094 5884/2868/6045 5883/2869/6044
f 5932/2916/6095 5885/2867/6046 5884/2868/6045
f 5933/2915/6096 5886/2866/6047 5885/2867/6046
f 5934/2914/6097 5887/2865/6048 5886/2866/6047
f 5934/2914/6097 5935/2913/6098 5888/2864/6049
f 5935/2913/6098 5936/2912/6099 5889/2863/6050
f 5936/2912/6099 5937/2911/6100 5890/2862/6051
f 5937/2911/6100 5938/2910/6101 5891/2861/6052
f 5938/2910/6101 5939/2909/6102 5892/2860/6053
f 5939/2909/6102 5940/2908/6103 5893/2859/6054
f 5940/2908/6103 5941/2907/6104 5894/2858/6055
f 5941/2907/6104 5942/2906/6105 5895/2857/6056
f 5942/2906/6105 5943/2905/6106 5896/2856/6057
f 5943/2905/6106 5944/2904/6107 5897/2855/6058
f 5944/2904/6107 5945/2903/6108 5898/2854/6059
f 5945/2903/6108 5946/2902/6109 5899/2853/6060
f 5946/2902/6109 5947/2901/6110 5900/2852/6061
f 5947/2901/6110 5948/2900/6111 5901/2851/6062
f 5948/2900/6111 5949/2899/6112 5902/2850/6063
f 5949/2899/6112 5950/2898/6113 5903/2849/6064
f 5950/2898/6113 5951/2897/6114 5904/2848/6065
f 5951/2897/6114 5952/2896/6115 5905/2847/6066
f 5952/2896/6115 5953/2895/6116 5906/2846/6067
f 5953/2895/6116 5954/2894/6117 5907/2845/6068
f 5954/2894/6117 5955/2893/6118 5908/2844/6069
f 5955/2893/6118 5956/2892/6119 5909/2843/6070
f 5956/2892/6119 5957/2890/6120 5910/2841/6071
f 5957/2890/6120 2940/2891/6170 2891/2842/6121
f 5958/2987/6122 5911/2938/6073 2892/2986/6074
f 5959/2985/6124 5912/2936/6075 5911/2938/6073
f 5960/2984/6125 5913/2935/6076 5912/2936/6075
f 5961/2983/6126 5914/2934/6077 5913/2935/6076
f 5962/2982/6127 5915/2933/6078 5914/2934/6077
f 5963/2981/6128 5916/2932/6079 5915/2933/6078
f 5964/2980/6129 5917/2931/6080 5916/2932/6079
f 5965/2979/6130 5918/2930/6081 5917/2931/6080
f 5966/2978/6131 5919/2929/6082 5918/2930/6081
f 5967/2977/6132 5920/2928/6083 5919/2929/6082
f 5968/2976/6133 5921/2927/6084 5920/2928/6083
f 5969/2975/6134 5922/2926/6085 5921/2927/6084
f 5970/2974/6135 5923/2925/6086 5922/2926/6085
f 5971/2973/6136 5924/2924/6087 5923/2925/6086
f 5972/2972/6137 5925/2923/6088 5924/2924/6087
f 5973/2971/6138 5926/2922/6089 5925/2923/6088
f 5974/2970/6139 5927/2921/6090 5926/2922/6089
f 5975/2969/6140 5928/2920/6091 5927/2921/6090
f 5976/2968/6141 5929/2919/6092 5928/2920/6091
f 5977/2967/6142 5930/2918/6093 5929/2919/6092
f 5978/2966/6143 5931/2917/6094 5930/2918/6093
f 5979/2965/6144 5932/2916/6095 5931/2917/6094
f 5980/2964/6145 5933/2915/6096 5932/2916/6095
f 5981/2963/6146 5934/2914/6097 5933/2915/6096
f 5981/2963/6146 5982/2962/6147 5935/2913/6098
f 5982/2962/6147 5983/2961/6148 5936/2912/6099
f 5983/2961/6148 5984/2960/6149 5937/2911/6100
f 5984/2960/6149 5985/2959/6150 5938/2910/6101
f 5985/2959/6150 5986/2958/6151 5939/2909/6102
f 5986/2958/6151 5987/2957/6152 5940/2908/6103
f 5987/2957/6152 5988/2956/6153 5941/2907/6104
f 5988/2956/6153 5989/2955/6154 5942/2906/6105
f 5989/2955/6154 5990/2954/6155 5943/2905/6106
f 5990/2954/6155 5991/2953/6156 5944/2904/6107
f 5991/2953/6156 5992/2952/6157 5945/2903/6108
f 5992/2952/6157 5993/2951/6158 5946/2902/6109
f 5993/2951/6158 5994/2950/6159 5947/2901/6110
f 5994/2950/6159 5995/2949/6160 5948/2900/6111
f 5995/2949/6160 5996/2948/6161 5949/2899/6112
f 5996/2948/6161 5997/2947/6162 5950/2898/6113
f 5997/2947/6162 5998/2946/6163 5951/2897/6114
f 5998/2946/6163 5999/2945/6164 5952/2896/6115
f 5999/2945/6164 6000/2944/6165 5953/2895/6116
f 6000/2944/6165 6001/2943/6166 5954/2894/6117
f 6001/2943/6166 6002/2942/6167 5955/2893/6118
f 6002/2942/6167 6003/2941/6168 5956/2892/6119
f 6003/2941/6168 6004/2939/6169 5957/2890/6120
f 6004/2939/6169 2989/2940/6219 2940/2891/6170
f 6005/3036/6171 5958/2987/6122 2941/3035/6123
f 6006/3034/6173 5959/2985/6124 5958/2987/6122
f 6007/3033/6174 5960/2984/6125 5959/2985/6124
f 6008/3032/6175 5961/2983/6126 5960/2984/6125
f 6009/3031/6176 5962/2982/6127 5961/2983/6126
f 6010/3030/6177 5963/2981/6128 5962/2982/6127
f 6011/3029/6178 5964/2980/6129 5963/2981/6128
f 6012/3028/6179 5965/2979/6130 5964/2980/6129
f 6013/3027/6180 5966/2978/6131 5965/2979/6130
f 6014/3026/6181 5967/2977/6132 5966/2978/6131
f 6015/3025/6182 5968/2976/6133 5967/2977/6132
f 6016/3024/6183 5969/2975/6134 5968/2976/6133
f 6017/3023/6184 5970/2974/6135 5969/2975/6134
f 6018/3022/6185 5971/2973/6136 5970/2974/6135
f 6019/3021/6186 5972/2972/6137 5971/2973/6136
f 6020/3020/6187 5973/2971/6138 5972/2972/6137
f 6021/3019/6188 5974/2970/6139 5973/2971/6138
f 6022/3018/6189 5975/2969/6140 5974/2970/6139
f 6023/3017/6190 5976/2968/6141 5975/2969/6140
f 6024/3016/6191 5977/2967/6142 5976/2968/6141
f 6025/3015/6192 5978/2966/6143 5977/2967/6142
f 6026/3014/6193 5979/2965/6144 5978/2966/6143
f 6027/3013/6194 5980/2964/6145 5979/2965/6144
f 6028/3012/6195 5981/2963/6146 5980/2964/6145
f 6028/3012/6195 6029/3011/6196 5982/2962/6147
f 6029/3011/6196 6030/3010/6197 5983/2961/6148
f 6030/3010/6197 6031/3009/6198 5984/2960/6149
f 6031/3009/6198 6032/3008/6199 5985/2959/6150
f 6032/3008/6199 6033/3007/6200 5986/2958/6151
f 6033/3007/6200 6034/3006/6201 5987/2957/6152
f 6034/3006/6201 6035/3005/6202 5988/2956/6153
f 6035/3005/6202 6036/3004/6203 5989/2955/6154
f 6036/3004/6203 6037/3003/6204 5990/2954/6155
f 6037/3003/6204 6038/3002/6205 5991/2953/6156
f 6038/3002/6205 6039/3001/6206 5992/2952/6157
f 6039/3001/6206 6040/3000/6207 5993/2951/6158
f 6040/3000/6207 6041/2999/6208 5994/2950/6159
f 6041/2999/6208 6042/2998/6209 5995/2949/6160
f 6042/2998/6209 6043/2997/6210 5996/2948/6161
f 6043/2997/6210 6044/2996/6211 5997/2947/6162
f 6044/2996/6211 6045/2995/6212 5998/2946/6163
f 6045/2995/6212 6046/2994/6213 5999/2945/6164
f 6046/2994/6213 6047/2993/6214 6000/2944/6165
f 6047/2993/6214 6048/2992/6215 6001/2943/6166
f 6048/2992/6215 6049/2991/6216 6002/2942/6167
f 6049/2991/6216 6050/2990/6217 6003/2941/6168
f 6050/2990/6217 6051/2988/6218 6004/2939/6169
f 6051/2988/6218 3038/2989/6268 2989/2940/6219
f 6052/3085/6220 6005/3036/6171 2990/3084/6172
f 6053/3083/6222 6006/3034/6173 6005/3036/6171
f 6054/3082/6223 6007/3033/6174 6006/3034/6173
f 6055/3081/6224 6008/3032/6175 6007/3033/6174
f 6056/3080/6225 6009/3031/6176 6008/3032/6175
f 6057/3079/6226 6010/3030/6177 6009/3031/6176
f 6058/3078/6227 6011/3029/6178 6010/3030/6177
f 6059/3077/6228 6012/3028/6179 6011/3029/6178
f 6060/3076/6229 6013/3027/6180 6012/3028/6179
f 6061/3075/6230 6014/3026/6181 6013/3027/6180
f 6062/3074/6231 6015/3025/6182 6014/3026/6181
f 6063/3073/6232 6016/3024/6183 6015/3025/6182
f 6064/3072/6233 6017/3023/6184 6016/3024/6183
f 6065/3071/6234 6018/3022/6185 6017/3023/6184
f 6066/3070/6235 6019/3021/6186 6018/3022/6185
f 6067/3069/6236 6020/3020/6187 6019/3021/6186
f 6068/3068/6237 6021/3019/6188 6020/3020/6187
f 6069/3067/6238 6022/3018/6189 6021/3019/6188
f 6070/3066/6239 6023/3017/6190 6022/3018/6189
f 6071/3065/6240 6024/3016/6191 6023/3017/6190
f 6072/3064/6241 6025/3015/6192 6024/3016/6191
f 6073/3063/6242 6026/3014/6193 6025/3015/6192
f 6074/3062/6243 6027/3013/6194 6026/3014/6193
f 6075/3061/6244 6028/3012/6195 6027/3013/6194
f 6075/3061/6244 6076/3060/6245 6029/3011/6196
f 6076/3060/6245 6077/3059/6246 6030/3010/6197
f 6077/3059/6246 6078/3058/6247 6031/3009/6198
f 6078/3058/6247 6079/3057/6248 6032/3008/6199
f 6079/3057/6248 6080/3056/6249 6033/3007/6200
f 6080/3056/6249 6081/3055/6250 6034/3006/6201
f 6081/3055/6250 6082/3054/6251 6035/3005/6202
f 6082/3054/6251 6083/3053/6252 6036/3004/6203
f 6083/3053/6252 6084/3052/6253 6037/3003/6204
f 6084/3052/6253 6085/3051/6254 6038/3002/6205
f 6085/3051/6254 6086/3050/6255 6039/3001/6206
f 6086/3050/6255 6087/3049/6256 6040/3000/6207
f 6087/3049/6256 6088/3048/6257 6041/2999/6208
f 6088/3048/6257 6089/3047/6258 6042/2998/6209
f 6089/3047/6258 6090/3046/6259 6043/2997/6210
f 6090/3046/6259 6091/3045/6260 6044/2996/6211
f 6091/3045/6260 6092/3044/6261 6045/2995/6212
f 6092/3044/6261 6093/3043/6262 6046/2994/6213
f 6093/3043/6262 6094/3042/6263 6047/2993/6214
f 6094/3042/6263 6095/3041/6264 6048/2992/6215
f 6095/3041/6264 6096/3040/6265 6049/2991/6216
f 6096/3040/6265 6097/3039/6266 6050/2990/6217
f 6097/3039/6266 6098/3037/6267 6051/2988/6218
f 6098/3037/6267 3087/3038/6317 3038/2989/6268
f 6099/3134/6269 6052/3085/6220 3039/3133/6221
f 6100/3132/6271 6053/3083/6222 6052/3085/6220
f 6101/3131/6272 6054/3082/6223 6053/3083/6222
f 6102/3130/6273 6055/3081/6224 6054/3082/6223
f 6103/3129/6274 6056/3080/6225 6055/3081/6224
f 6104/3128/6275 6057/3079/6226 6056/3080/6225
f 6105/3127/6276 6058/3078/6227 6057/3079/6226
f 6106/3126/6277 6059/3077/6228 6058/3078/6227
f 6107/3125/6278 6060/3076/6229 6059/3077/6228
f 6108/3124/6279 6061/3075/6230 6060/3076/6229
f 6109/3123/6280 6062/3074/6231 6061/3075/6230
f 6110/3122/6281 6063/3073/6232 6062/3074/6231
f 6111/3121/6282 6064/3072/6233 6063/3073/6232
f 6112/3120/6283 6065/3071/6234 6064/3072/6233
f 6113/3119/6284 6066/3070/6235 6065/3071/6234
f 6114/3118/6285 6067/3069/6236 6066/3070/6235
f 6115/3117/6286 6068/3068/6237 6067/3069/6236
f 6116/3116/6287 6069/3067/6238 6068/3068/6237
f 6117/3115/6288 6070/3066/6239 6069/3067/6238
f 6118/3114/6289 6071/3065/6240 6070/3066/6239
f 6119/3113/6290 6072/3064/6241 6071/3065/6240
f 6120/3112/6291 6073/3063/6242 6072/3064/6241
f 6121/3111/6292 6074/3062/6243 6073/3063/6242
f 6122/3110/6293 6075/3061/6244 6074/3062/6243
f 6122/3110/6293 6123/3109/6294 6076/3060/6245
f 6123/3109/6294 6124/3108/6295 6077/3059/6246
f 6124/3108/6295 6125/3107/6296 6078/3058/6247
f 6125/3107/6296 6126/3106/6297 6079/3057/6248
f 6126/3106/6297 6127/3105/6298 6080/3056/6249
f 6127/3105/6298 6128/3104/6299 6081/3055/6250
f 6128/3104/6299 6129/3103/6300 6082/3054/6251
f 6129/3103/6300 6130/3102/6301 6083/3053/6252
f 6130/3102/6301 6131/3101/6302 6084/3052/6253
f 6131/3101/6302 6132/3100/6303 6085/3051/6254
f 6132/3100/6303 6133/3099/6304 6086/3050/6255
f 6133/3099/6304 6134/3098/6305 6087/3049/6256
f 6134/3098/6305 6135/3097/6306 6088/3048/6257
f 6135/3097/6306 6136/3096/6307 6089/3047/6258
f 6136/3096/6307 6137/3095/6308 6090/3046/6259
f 6137/3095/6308 6138/3094/6309 6091/3045/6260
f 6138/3094/6309 6139/3093/6310 6092/3044/6261
f 6139/3093/6310 6140/3092/6311 6093/3043/6262
f 6140/3092/6311 6141/3091/6312 6094/3042/6263
f 6141/3091/6312 6142/3090/6313 6095/3041/6264
f 6142/3090/6313 6143/3089/6314 6096/3040/6265
f 6143/3089/6314 6144/3088/6315 6097/3039/6266
f 6144/3088/6315 6145/3086/6316 6098/3037/6267
f 6145/3086/6316 3136/3087/6365 3087/3038/6317
f 3138/3183/6319 6099/3134/6269 3088/3182/6270
f 3139/3181/6318 6100/3132/6271 6099/3134/6269
f 3140/3180/6320 6101/3131/6272 6100/3132/6271
f 3141/3179/6321 6102/3130/6273 6101/3131/6272
f 3142/3178/6322 6103/3129/6274 6102/3130/6273
f 3143/3177/6323 6104/3128/6275 6103/3129/6274
f 3144/3176/6324 6105/3127/6276 6104/3128/6275
f 3145/3175/6325 6106/3126/6277 6105/3127/6276
f 3146/3174/6326 6107/3125/6278 6106/3126/6277
f 3147/3173/6327 6108/3124/6279 6107/3125/6278
f 3148/3172/6328 6109/3123/6280 6108/3124/6279
f 3149/3171/6329 6110/3122/6281 6109/3123/6280
f 3150/3170/6330 6111/3121/6282 6110/3122/6281
f 3151/3169/6331 6112/3120/6283 6111/3121/6282
f 3152/3168/6332 6113/3119/6284 6112/3120/6283
f 3153/3167/6333 6114/3118/6285 6113/3119/6284
f 3154/3166/6334 6115/3117/6286 6114/3118/6285
f 3155/3165/6335 6116/3116/6287 6115/3117/6286
f 3156/3164/6336 6117/3115/6288 6116/3116/6287
f 3157/3163/6337 6118/3114/6289 6117/3115/6288
f 3158/3162/6338 6119/3113/6290 6118/3114/6289
f 3159/3161/6339 6120/3112/6291 6119/3113/6290
f 3160/3160/6340 6121/3111/6292 6120/3112/6291
f 6146/3159/6341 6122/3110/6293 6121/3111/6292
f 6146/3159/6341 3161/3158/6342 6123/3109/6294
f 3161/3158/6342 3162/3157/6343 6124/3108/6295
f 3162/3157/6343 3163/3156/6344 6125/3107/6296
f 3163/3156/6344 3164/3155/6345 6126/3106/6297
f 3164/3155/6345 3165/3154/6346 6127/3105/6298
f 3165/3154/6346 3166/3153/6347 6128/3104/6299
f 3166/3153/6347 3167/3152/6348 6129/3103/6300
f 3167/3152/6348 3168/3151/6349 6130/3102/6301
f 3168/3151/6349 3169/3150/6350 6131/3101/6302
f 3169/3150/6350 3170/3149/6351 6132/3100/6303
f 3170/3149/6351 3171/3148/6352 6133/3099/6304
f 3171/3148/6352 3172/3147/6353 6134/3098/6305
f 3172/3147/6353 3173/3146/6354 6135/3097/6306
f 3173/3146/6354 3174/3145/6355 6136/3096/6307
f 3174/3145/6355 3175/3144/6356 6137/3095/6308
f 3175/3144/6356 3176/3143/6357 6138/3094/6309
f 3176/3143/6357 3177/3142/6358 6139/3093/6310
f 3177/3142/6358 3178/3141/6359 6140/3092/6311
f 3178/3141/6359 3179/3140/6360 6141/3091/6312
f 3179/3140/6360 3180/3139/6361 6142/3090/6313
f 3180/3139/6361 3181/3138/6362 6143/3089/6314
f 3181/3138/6362 3182/3137/6363 6144/3088/6315
f 3182/3137/6363 3183/3135/6364 6145/3086/6316
f 6322/3253/6367 6321/3253/6367 6319/3215/6368
f 6324/3255/6369 6323/3255/6369 6321/3253/6367
f 6326/3257/6370 6325/3257/6370 6323/3255/6369
f 6328/3259/6371 6327/3259/6371 6325/3257/6370
f 6330/3261/6372 6329/3261/6372 6327/3259/6371
f 6332/3263/6373 6331/3263/6373 6329/3261/6372
f 6334/3265/6374 6333/3265/6374 6331/3263/6373
f 6336/3267/6375 6335/3267/6375 6333/3265/6374
f 6338/3269/6376 6337/3269/6376 6335/3267/6375
f 6340/3271/6377 6339/3271/6377 6337/3269/6376
f 6342/3270/6378 6341/3270/6378 6339/3271/6377
f 6344/3268/6379 6343/3268/6379 6341/3270/6378
f 6346/3266/6380 6345/3266/6380 6343/3268/6379
f 6348/3264/6381 6347/3264/6381 6345/3266/6380
f 6350/3262/6382 6349/3262/6382 6347/3264/6381
f 6352/3260/6383 6351/3260/6383 6349/3262/6382
f 6354/3258/6384 6353/3258/6384 6351/3260/6383
f 6356/3256/6385 6355/3256/6385 6353/3258/6384
f 6358/3254/6386 6357/3254/6386 6355/3256/6385
f 6360/3252/6387 6359/3252/6387 6357/3254/6386
f 6362/3208/6388 6361/3208/6388 6359/3252/6387
f 6364/3206/6389 6363/3206/6389 6361/3208/6388
f 6366/3204/6390 6365/3204/6390 6363/3206/6389
f 6368/3202/6391 6367/3202/6391 6365/3204/6390
f 6370/3200/6392 6369/3200/6392 6367/3202/6391
f 6372/3198/6393 6371/3198/6393 6369/3200/6392
f 6374/3196/6394 6373/3196/6394 6371/3198/6393
f 6376/3194/6395 6375/3194/6395 6373/3196/6394
f 6378/3192/6396 6377/3192/6396 6375/3194/6395
f 6380/3190/6397 6379/3190/6397 6377/3192/6396
f 6382/3186/6398 6381/3186/6398 6379/3190/6397
f 6384/3188/6399 6383/3188/6399 6381/3186/6398
f 6386/3187/6400 6385/3187/6400 6383/3188/6399
f 6388/3189/6401 6387/3189/6401 6385/3187/6400
f 6390/3191/6402 6389/3191/6402 6387/3189/6401
f 6392/3193/6403 6391/3193/6403 6389/3191/6402
f 6394/3195/6404 6393/3195/6404 6391/3193/6403
f 6396/3197/6405 6395/3197/6405 6393/3195/6404
f 6398/3199/6406 6397/3199/6406 6395/3197/6405
f 6400/3201/6407 6399/3201/6407 6397/3199/6406
f 6402/3203/6408 6401/3203/6408 6399/3201/6407
f 6404/3205/6409 6403/3205/6409 6401/3203/6408
f 6406/3207/6410 6405/3207/6410 6403/3205/6409
f 6406/3207/6410 6320/3215/6368 6319/3215/6368
f 6410/3229/6387 6409/3229/6387 6407/3231/6411
f 6412/3227/6386 6411/3227/6386 6409/3229/6387
f 6412/3227/6386 6414/3225/6385 6413/3225/6385
f 6416/3223/6384 6415/3223/6384 6413/3225/6385
f 6418/3221/6383 6417/3221/6383 6415/3223/6384
f 6420/3219/6382 6419/3219/6382 6417/3221/6383
f 6422/3217/6381 6421/3217/6381 6419/3219/6382
f 6424/3214/6412 6423/3214/6412 6421/3217/6381
f 6426/3213/6379 6425/3213/6379 6423/3214/6412
f 6428/3212/6413 6427/3212/6413 6425/3213/6379
f 6430/3211/6414 6429/3211/6414 6427/3212/6413
f 6432/3210/6376 6431/3210/6376 6429/3211/6414
f 6434/3209/6415 6433/3209/6415 6431/3210/6376
f 6436/3216/6374 6435/3216/6374 6433/3209/6415
f 6438/3218/6373 6437/3218/6373 6435/3216/6374
f 6440/3220/6372 6439/3220/6372 6437/3218/6373
f 6442/3222/6371 6441/3222/6371 6439/3220/6372
f 6444/3224/6370 6443/3224/6370 6441/3222/6371
f 6446/3226/6369 6445/3226/6369 6443/3224/6370
f 6448/3228/6367 6447/3228/6367 6445/3226/6369
f 6450/3230/6416 6449/3230/6416 6447/3228/6367
f 6452/3232/6409 6451/3232/6409 6449/3230/6416
f 6454/3234/6408 6453/3234/6408 6451/3232/6409
f 6456/3236/6407 6455/3236/6407 6453/3234/6408
f 6458/3238/6406 6457/3238/6406 6455/3236/6407
f 6460/3240/6405 6459/3240/6405 6457/3238/6406
f 6462/3242/6404 6461/3242/6404 6459/3240/6405
f 6464/3244/6403 6463/3244/6403 6461/3242/6404
f 6466/3246/6402 6465/3246/6402 6463/3244/6403
f 6468/3248/6401 6467/3248/6401 6465/3246/6402
f 6470/3250/6417 6469/3250/6417 6467/3248/6401
f 6472/3251/6418 6471/3251/6418 6469/3250/6417
f 6474/3249/6398 6473/3249/6398 6471/3251/6418
f 6476/3247/6397 6475/3247/6397 6473/3249/6398
f 6478/3245/6396 6477/3245/6396 6475/3247/6397
f 6480/3243/6395 6479/3243/6395 6477/3245/6396
f 6482/3241/6394 6481/3241/6394 6479/3243/6395
f 6484/3239/6393 6483/3239/6393 6481/3241/6394
f 6486/3237/6392 6485/3237/6392 6483/3239/6393
f 6486/3237/6392 6488/3235/6391 6487/3235/6391
f 6490/3233/6390 6489/3233/6390 6487/3235/6391
f 6408/3231/6411 6407/3231/6411 6489/3233/6390
