# Blender 5.0.1
# www.blender.org
mtllib catnip_baggie.mtl
o CatnipBaggie
v -0.325500 -0.490000 0.000000
v -0.309225 -0.490000 0.000000
v -0.292950 -0.490000 0.000000
v -0.276675 -0.490000 0.000000
v -0.260400 -0.490000 0.000000
v -0.244125 -0.490000 0.000000
v -0.227850 -0.490000 0.000000
v -0.211575 -0.490000 0.000000
v -0.195300 -0.490000 0.000000
v -0.179025 -0.490000 0.000000
v -0.162750 -0.490000 0.000000
v -0.146475 -0.490000 0.000000
v -0.130200 -0.490000 0.000000
v -0.113925 -0.490000 0.000000
v -0.097650 -0.490000 0.000000
v -0.081375 -0.490000 0.000000
v -0.065100 -0.490000 0.000000
v -0.048825 -0.490000 0.000000
v -0.032550 -0.490000 0.000000
v -0.016275 -0.490000 0.000000
v 0.000000 -0.490000 0.000000
v 0.016275 -0.490000 0.000000
v 0.032550 -0.490000 0.000000
v 0.048825 -0.490000 0.000000
v 0.065100 -0.490000 0.000000
v 0.081375 -0.490000 0.000000
v 0.097650 -0.490000 0.000000
v 0.113925 -0.490000 0.000000
v 0.130200 -0.490000 0.000000
v 0.146475 -0.490000 0.000000
v 0.162750 -0.490000 0.000000
v 0.179025 -0.490000 0.000000
v 0.195300 -0.490000 0.000000
v 0.211575 -0.490000 0.000000
v 0.227850 -0.490000 0.000000
v 0.244125 -0.490000 0.000000
v 0.260400 -0.490000 0.000000
v 0.276675 -0.490000 0.000000
v 0.292950 -0.490000 0.000000
v 0.309225 -0.490000 0.000000
v 0.325500 -0.490000 0.000000
v -0.342939 -0.473750 0.000000
v -0.325792 -0.473750 0.005393
v -0.308645 -0.473750 0.007883
v -0.291498 -0.473750 0.009825
v -0.274351 -0.473750 0.011463
v -0.257204 -0.473750 0.012894
v -0.240057 -0.473750 0.014164
v -0.222910 -0.473750 0.015302
v -0.205763 -0.473750 0.016326
v -0.188617 -0.473750 0.017247
v -0.171470 -0.473750 0.018073
v -0.154323 -0.473750 0.018810
v -0.137176 -0.473750 0.019462
v -0.120029 -0.473750 0.020032
v -0.102882 -0.473750 0.020523
v -0.085735 -0.473750 0.020936
v -0.068588 -0.473750 0.021273
v -0.051441 -0.473750 0.021534
v -0.034294 -0.473750 0.021720
v -0.017147 -0.473750 0.021831
v 0.000000 -0.473750 0.021868
v 0.017147 -0.473750 0.021831
v 0.034294 -0.473750 0.021720
v 0.051441 -0.473750 0.021534
v 0.068588 -0.473750 0.021273
v 0.085735 -0.473750 0.020936
v 0.102882 -0.473750 0.020523
v 0.120029 -0.473750 0.020032
v 0.137176 -0.473750 0.019462
v 0.154323 -0.473750 0.018810
v 0.171470 -0.473750 0.018073
v 0.188617 -0.473750 0.017247
v 0.205763 -0.473750 0.016326
v 0.222910 -0.473750 0.015302
v 0.240057 -0.473750 0.014164
v 0.257204 -0.473750 0.012894
v 0.274351 -0.473750 0.011463
v 0.291498 -0.473750 0.009825
v 0.308645 -0.473750 0.007883
v 0.325792 -0.473750 0.005393
v 0.342939 -0.473750 0.000000
v -0.347903 -0.457500 0.000000
v -0.330508 -0.457500 0.007322
v -0.313113 -0.457500 0.010702
v -0.295718 -0.457500 0.013338
v -0.278323 -0.457500 0.015562
v -0.260927 -0.457500 0.017504
v -0.243532 -0.457500 0.019229
v -0.226137 -0.457500 0.020774
v -0.208742 -0.457500 0.022164
v -0.191347 -0.457500 0.023414
v -0.173952 -0.457500 0.024535
v -0.156557 -0.457500 0.025536
v -0.139161 -0.457500 0.026421
v -0.121766 -0.457500 0.027196
v -0.104371 -0.457500 0.027862
v -0.086976 -0.457500 0.028423
v -0.069581 -0.457500 0.028880
v -0.052186 -0.457500 0.029234
v -0.034790 -0.457500 0.029486
v -0.017395 -0.457500 0.029637
v 0.000000 -0.457500 0.029688
v 0.017395 -0.457500 0.029637
v 0.034790 -0.457500 0.029486
v 0.052186 -0.457500 0.029234
v 0.069581 -0.457500 0.028880
v 0.086976 -0.457500 0.028423
v 0.104371 -0.457500 0.027862
v 0.121766 -0.457500 0.027196
v 0.139161 -0.457500 0.026421
v 0.156557 -0.457500 0.025536
v 0.173952 -0.457500 0.024535
v 0.191347 -0.457500 0.023414
v 0.208742 -0.457500 0.022164
v 0.226137 -0.457500 0.020774
v 0.243532 -0.457500 0.019229
v 0.260927 -0.457500 0.017504
v 0.278323 -0.457500 0.015562
v 0.295718 -0.457500 0.013338
v 0.313113 -0.457500 0.010702
v 0.330508 -0.457500 0.007322
v 0.347903 -0.457500 0.000000
v -0.349859 -0.441250 0.000000
v -0.332366 -0.441250 0.008727
v -0.314873 -0.441250 0.012756
v -0.297380 -0.441250 0.015898
v -0.279887 -0.441250 0.018549
v -0.262394 -0.441250 0.020864
v -0.244901 -0.441250 0.022919
v -0.227408 -0.441250 0.024761
v -0.209915 -0.441250 0.026418
v -0.192422 -0.441250 0.027908
v -0.174929 -0.441250 0.029245
v -0.157437 -0.441250 0.030437
v -0.139944 -0.441250 0.031492
v -0.122451 -0.441250 0.032415
v -0.104958 -0.441250 0.033210
v -0.087465 -0.441250 0.033878
v -0.069972 -0.441250 0.034422
v -0.052479 -0.441250 0.034845
v -0.034986 -0.441250 0.035145
v -0.017493 -0.441250 0.035326
v 0.000000 -0.441250 0.035386
v 0.017493 -0.441250 0.035326
v 0.034986 -0.441250 0.035145
v 0.052479 -0.441250 0.034845
v 0.069972 -0.441250 0.034422
v 0.087465 -0.441250 0.033878
v 0.104958 -0.441250 0.033210
v 0.122451 -0.441250 0.032415
v 0.139944 -0.441250 0.031492
v 0.157437 -0.441250 0.030437
v 0.174929 -0.441250 0.029245
v 0.192422 -0.441250 0.027908
v 0.209915 -0.441250 0.026418
v 0.227408 -0.441250 0.024761
v 0.244901 -0.441250 0.022919
v 0.262394 -0.441250 0.020864
v 0.279887 -0.441250 0.018549
v 0.297380 -0.441250 0.015898
v 0.314873 -0.441250 0.012756
v 0.332366 -0.441250 0.008727
v 0.349859 -0.441250 0.000000
v -0.350000 -0.425000 0.000000
v -0.332500 -0.425000 0.009859
v -0.315000 -0.425000 0.014410
v -0.297500 -0.425000 0.017958
v -0.280000 -0.425000 0.020953
v -0.262500 -0.425000 0.023568
v -0.245000 -0.425000 0.025891
v -0.227500 -0.425000 0.027971
v -0.210000 -0.425000 0.029843
v -0.192500 -0.425000 0.031526
v -0.175000 -0.425000 0.033036
v -0.157500 -0.425000 0.034383
v -0.140000 -0.425000 0.035575
v -0.122500 -0.425000 0.036617
v -0.105000 -0.425000 0.037515
v -0.087500 -0.425000 0.038270
v -0.070000 -0.425000 0.038885
v -0.052500 -0.425000 0.039362
v -0.035000 -0.425000 0.039702
v -0.017500 -0.425000 0.039905
v 0.000000 -0.425000 0.039973
v 0.017500 -0.425000 0.039905
v 0.035000 -0.425000 0.039702
v 0.052500 -0.425000 0.039362
v 0.070000 -0.425000 0.038885
v 0.087500 -0.425000 0.038270
v 0.105000 -0.425000 0.037515
v 0.122500 -0.425000 0.036617
v 0.140000 -0.425000 0.035575
v 0.157500 -0.425000 0.034383
v 0.175000 -0.425000 0.033036
v 0.192500 -0.425000 0.031526
v 0.210000 -0.425000 0.029843
v 0.227500 -0.425000 0.027971
v 0.245000 -0.425000 0.025891
v 0.262500 -0.425000 0.023568
v 0.280000 -0.425000 0.020953
v 0.297500 -0.425000 0.017958
v 0.315000 -0.425000 0.014410
v 0.332500 -0.425000 0.009859
v 0.350000 -0.425000 0.000000
v -0.350000 -0.408750 0.000000
v -0.332500 -0.408750 0.010811
v -0.315000 -0.408750 0.015801
v -0.297500 -0.408750 0.019692
v -0.280000 -0.408750 0.022977
v -0.262500 -0.408750 0.025844
v -0.245000 -0.408750 0.028390
v -0.227500 -0.408750 0.030672
v -0.210000 -0.408750 0.032724
v -0.192500 -0.408750 0.034570
v -0.175000 -0.408750 0.036225
v -0.157500 -0.408750 0.037703
v -0.140000 -0.408750 0.039010
v -0.122500 -0.408750 0.040153
v -0.105000 -0.408750 0.041137
v -0.087500 -0.408750 0.041965
v -0.070000 -0.408750 0.042639
v -0.052500 -0.408750 0.043162
v -0.035000 -0.408750 0.043535
v -0.017500 -0.408750 0.043758
v 0.000000 -0.408750 0.043833
v 0.017500 -0.408750 0.043758
v 0.035000 -0.408750 0.043535
v 0.052500 -0.408750 0.043162
v 0.070000 -0.408750 0.042639
v 0.087500 -0.408750 0.041965
v 0.105000 -0.408750 0.041137
v 0.122500 -0.408750 0.040153
v 0.140000 -0.408750 0.039010
v 0.157500 -0.408750 0.037703
v 0.175000 -0.408750 0.036225
v 0.192500 -0.408750 0.034570
v 0.210000 -0.408750 0.032724
v 0.227500 -0.408750 0.030672
v 0.245000 -0.408750 0.028390
v 0.262500 -0.408750 0.025844
v 0.280000 -0.408750 0.022977
v 0.297500 -0.408750 0.019692
v 0.315000 -0.408750 0.015801
v 0.332500 -0.408750 0.010811
v 0.350000 -0.408750 0.000000
v -0.350000 -0.392500 0.000000
v -0.332500 -0.392500 0.011631
v -0.315000 -0.392500 0.016999
v -0.297500 -0.392500 0.021186
v -0.280000 -0.392500 0.024720
v -0.262500 -0.392500 0.027804
v -0.245000 -0.392500 0.030544
v -0.227500 -0.392500 0.032999
v -0.210000 -0.392500 0.035206
v -0.192500 -0.392500 0.037192
v -0.175000 -0.392500 0.038973
v -0.157500 -0.392500 0.040563
v -0.140000 -0.392500 0.041969
v -0.122500 -0.392500 0.043199
v -0.105000 -0.392500 0.044257
v -0.087500 -0.392500 0.045148
v -0.070000 -0.392500 0.045874
v -0.052500 -0.392500 0.046436
v -0.035000 -0.392500 0.046837
v -0.017500 -0.392500 0.047077
v 0.000000 -0.392500 0.047158
v 0.017500 -0.392500 0.047077
v 0.035000 -0.392500 0.046837
v 0.052500 -0.392500 0.046436
v 0.070000 -0.392500 0.045874
v 0.087500 -0.392500 0.045148
v 0.105000 -0.392500 0.044257
v 0.122500 -0.392500 0.043199
v 0.140000 -0.392500 0.041969
v 0.157500 -0.392500 0.040563
v 0.175000 -0.392500 0.038973
v 0.192500 -0.392500 0.037192
v 0.210000 -0.392500 0.035206
v 0.227500 -0.392500 0.032999
v 0.245000 -0.392500 0.030544
v 0.262500 -0.392500 0.027804
v 0.280000 -0.392500 0.024720
v 0.297500 -0.392500 0.021186
v 0.315000 -0.392500 0.016999
v 0.332500 -0.392500 0.011631
v 0.350000 -0.392500 0.000000
v -0.350000 -0.376250 0.000000
v -0.332500 -0.376250 0.012347
v -0.315000 -0.376250 0.018046
v -0.297500 -0.376250 0.022491
v -0.280000 -0.376250 0.026242
v -0.262500 -0.376250 0.029516
v -0.245000 -0.376250 0.032425
v -0.227500 -0.376250 0.035030
v -0.210000 -0.376250 0.037374
v -0.192500 -0.376250 0.039482
v -0.175000 -0.376250 0.041373
v -0.157500 -0.376250 0.043060
v -0.140000 -0.376250 0.044553
v -0.122500 -0.376250 0.045859
v -0.105000 -0.376250 0.046982
v -0.087500 -0.376250 0.047928
v -0.070000 -0.376250 0.048698
v -0.052500 -0.376250 0.049295
v -0.035000 -0.376250 0.049721
v -0.017500 -0.376250 0.049976
v 0.000000 -0.376250 0.050061
v 0.017500 -0.376250 0.049976
v 0.035000 -0.376250 0.049721
v 0.052500 -0.376250 0.049295
v 0.070000 -0.376250 0.048698
v 0.087500 -0.376250 0.047928
v 0.105000 -0.376250 0.046982
v 0.122500 -0.376250 0.045859
v 0.140000 -0.376250 0.044553
v 0.157500 -0.376250 0.043060
v 0.175000 -0.376250 0.041373
v 0.192500 -0.376250 0.039482
v 0.210000 -0.376250 0.037374
v 0.227500 -0.376250 0.035030
v 0.245000 -0.376250 0.032425
v 0.262500 -0.376250 0.029516
v 0.280000 -0.376250 0.026242
v 0.297500 -0.376250 0.022491
v 0.315000 -0.376250 0.018046
v 0.332500 -0.376250 0.012347
v 0.350000 -0.376250 0.000000
v -0.350000 -0.360000 0.000000
v -0.332500 -0.360000 0.012977
v -0.315000 -0.360000 0.018967
v -0.297500 -0.360000 0.023638
v -0.280000 -0.360000 0.027581
v -0.262500 -0.360000 0.031022
v -0.245000 -0.360000 0.034079
v -0.227500 -0.360000 0.036818
v -0.210000 -0.360000 0.039281
v -0.192500 -0.360000 0.041497
v -0.175000 -0.360000 0.043484
v -0.157500 -0.360000 0.045257
v -0.140000 -0.360000 0.046826
v -0.122500 -0.360000 0.048199
v -0.105000 -0.360000 0.049380
v -0.087500 -0.360000 0.050374
v -0.070000 -0.360000 0.051183
v -0.052500 -0.360000 0.051811
v -0.035000 -0.360000 0.052258
v -0.017500 -0.360000 0.052526
v 0.000000 -0.360000 0.052616
v 0.017500 -0.360000 0.052526
v 0.035000 -0.360000 0.052258
v 0.052500 -0.360000 0.051811
v 0.070000 -0.360000 0.051183
v 0.087500 -0.360000 0.050374
v 0.105000 -0.360000 0.049380
v 0.122500 -0.360000 0.048199
v 0.140000 -0.360000 0.046826
v 0.157500 -0.360000 0.045257
v 0.175000 -0.360000 0.043484
v 0.192500 -0.360000 0.041497
v 0.210000 -0.360000 0.039281
v 0.227500 -0.360000 0.036818
v 0.245000 -0.360000 0.034079
v 0.262500 -0.360000 0.031022
v 0.280000 -0.360000 0.027581
v 0.297500 -0.360000 0.023638
v 0.315000 -0.360000 0.018967
v 0.332500 -0.360000 0.012977
v 0.350000 -0.360000 0.000000
v -0.350000 -0.343750 0.000000
v -0.332500 -0.343750 0.013533
v -0.315000 -0.343750 0.019780
v -0.297500 -0.343750 0.024652
v -0.280000 -0.343750 0.028763
v -0.262500 -0.343750 0.032352
v -0.245000 -0.343750 0.035540
v -0.227500 -0.343750 0.038396
v -0.210000 -0.343750 0.040965
v -0.192500 -0.343750 0.043276
v -0.175000 -0.343750 0.045348
v -0.157500 -0.343750 0.047197
v -0.140000 -0.343750 0.048834
v -0.122500 -0.343750 0.050265
v -0.105000 -0.343750 0.051497
v -0.087500 -0.343750 0.052533
v -0.070000 -0.343750 0.053377
v -0.052500 -0.343750 0.054032
v -0.035000 -0.343750 0.054499
v -0.017500 -0.343750 0.054778
v 0.000000 -0.343750 0.054871
v 0.017500 -0.343750 0.054778
v 0.035000 -0.343750 0.054499
v 0.052500 -0.343750 0.054032
v 0.070000 -0.343750 0.053377
v 0.087500 -0.343750 0.052533
v 0.105000 -0.343750 0.051497
v 0.122500 -0.343750 0.050265
v 0.140000 -0.343750 0.048834
v 0.157500 -0.343750 0.047197
v 0.175000 -0.343750 0.045348
v 0.192500 -0.343750 0.043276
v 0.210000 -0.343750 0.040965
v 0.227500 -0.343750 0.038396
v 0.245000 -0.343750 0.035540
v 0.262500 -0.343750 0.032352
v 0.280000 -0.343750 0.028763
v 0.297500 -0.343750 0.024652
v 0.315000 -0.343750 0.019780
v 0.332500 -0.343750 0.013533
v 0.350000 -0.343750 0.000000
v -0.350000 -0.327500 0.000000
v -0.332500 -0.327500 0.014024
v -0.315000 -0.327500 0.020498
v -0.297500 -0.327500 0.025547
v -0.280000 -0.327500 0.029807
v -0.262500 -0.327500 0.033527
v -0.245000 -0.327500 0.036831
v -0.227500 -0.327500 0.039791
v -0.210000 -0.327500 0.042452
v -0.192500 -0.327500 0.044847
v -0.175000 -0.327500 0.046995
v -0.157500 -0.327500 0.048911
v -0.140000 -0.327500 0.050607
v -0.122500 -0.327500 0.052090
v -0.105000 -0.327500 0.053366
v -0.087500 -0.327500 0.054440
v -0.070000 -0.327500 0.055315
v -0.052500 -0.327500 0.055994
v -0.035000 -0.327500 0.056477
v -0.017500 -0.327500 0.056767
v 0.000000 -0.327500 0.056863
v 0.017500 -0.327500 0.056767
v 0.035000 -0.327500 0.056477
v 0.052500 -0.327500 0.055994
v 0.070000 -0.327500 0.055315
v 0.087500 -0.327500 0.054440
v 0.105000 -0.327500 0.053366
v 0.122500 -0.327500 0.052090
v 0.140000 -0.327500 0.050607
v 0.157500 -0.327500 0.048911
v 0.175000 -0.327500 0.046995
v 0.192500 -0.327500 0.044847
v 0.210000 -0.327500 0.042452
v 0.227500 -0.327500 0.039791
v 0.245000 -0.327500 0.036831
v 0.262500 -0.327500 0.033527
v 0.280000 -0.327500 0.029807
v 0.297500 -0.327500 0.025547
v 0.315000 -0.327500 0.020498
v 0.332500 -0.327500 0.014024
v 0.350000 -0.327500 0.000000
v -0.350000 -0.311250 0.000000
v -0.332500 -0.311250 0.014458
v -0.315000 -0.311250 0.021131
v -0.297500 -0.311250 0.026335
v -0.280000 -0.311250 0.030728
v -0.262500 -0.311250 0.034562
v -0.245000 -0.311250 0.037968
v -0.227500 -0.311250 0.041019
v -0.210000 -0.311250 0.043763
v -0.192500 -0.311250 0.046232
v -0.175000 -0.311250 0.048446
v -0.157500 -0.311250 0.050421
v -0.140000 -0.311250 0.052169
v -0.122500 -0.311250 0.053698
v -0.105000 -0.311250 0.055014
v -0.087500 -0.311250 0.056121
v -0.070000 -0.311250 0.057023
v -0.052500 -0.311250 0.057723
v -0.035000 -0.311250 0.058221
v -0.017500 -0.311250 0.058520
v 0.000000 -0.311250 0.058619
v 0.017500 -0.311250 0.058520
v 0.035000 -0.311250 0.058221
v 0.052500 -0.311250 0.057723
v 0.070000 -0.311250 0.057023
v 0.087500 -0.311250 0.056121
v 0.105000 -0.311250 0.055014
v 0.122500 -0.311250 0.053698
v 0.140000 -0.311250 0.052169
v 0.157500 -0.311250 0.050421
v 0.175000 -0.311250 0.048446
v 0.192500 -0.311250 0.046232
v 0.210000 -0.311250 0.043763
v 0.227500 -0.311250 0.041019
v 0.245000 -0.311250 0.037968
v 0.262500 -0.311250 0.034562
v 0.280000 -0.311250 0.030728
v 0.297500 -0.311250 0.026335
v 0.315000 -0.311250 0.021131
v 0.332500 -0.311250 0.014458
v 0.350000 -0.311250 0.000000
v -0.350000 -0.295000 0.000000
v -0.332500 -0.295000 0.014837
v -0.315000 -0.295000 0.021686
v -0.297500 -0.295000 0.027027
v -0.280000 -0.295000 0.031535
v -0.262500 -0.295000 0.035470
v -0.245000 -0.295000 0.038965
v -0.227500 -0.295000 0.042097
v -0.210000 -0.295000 0.044913
v -0.192500 -0.295000 0.047446
v -0.175000 -0.295000 0.049718
v -0.157500 -0.295000 0.051746
v -0.140000 -0.295000 0.053540
v -0.122500 -0.295000 0.055109
v -0.105000 -0.295000 0.056459
v -0.087500 -0.295000 0.057596
v -0.070000 -0.295000 0.058521
v -0.052500 -0.295000 0.059239
v -0.035000 -0.295000 0.059751
v -0.017500 -0.295000 0.060057
v 0.000000 -0.295000 0.060159
v 0.017500 -0.295000 0.060057
v 0.035000 -0.295000 0.059751
v 0.052500 -0.295000 0.059239
v 0.070000 -0.295000 0.058521
v 0.087500 -0.295000 0.057596
v 0.105000 -0.295000 0.056459
v 0.122500 -0.295000 0.055109
v 0.140000 -0.295000 0.053540
v 0.157500 -0.295000 0.051746
v 0.175000 -0.295000 0.049718
v 0.192500 -0.295000 0.047446
v 0.210000 -0.295000 0.044913
v 0.227500 -0.295000 0.042097
v 0.245000 -0.295000 0.038965
v 0.262500 -0.295000 0.035470
v 0.280000 -0.295000 0.031535
v 0.297500 -0.295000 0.027027
v 0.315000 -0.295000 0.021686
v 0.332500 -0.295000 0.014837
v 0.350000 -0.295000 0.000000
v -0.350000 -0.278750 0.000000
v -0.332500 -0.278750 0.015168
v -0.315000 -0.278750 0.022169
v -0.297500 -0.278750 0.027629
v -0.280000 -0.278750 0.032237
v -0.262500 -0.278750 0.036260
v -0.245000 -0.278750 0.039833
v -0.227500 -0.278750 0.043034
v -0.210000 -0.278750 0.045913
v -0.192500 -0.278750 0.048503
v -0.175000 -0.278750 0.050826
v -0.157500 -0.278750 0.052899
v -0.140000 -0.278750 0.054733
v -0.122500 -0.278750 0.056337
v -0.105000 -0.278750 0.057717
v -0.087500 -0.278750 0.058879
v -0.070000 -0.278750 0.059825
v -0.052500 -0.278750 0.060559
v -0.035000 -0.278750 0.061082
v -0.017500 -0.278750 0.061395
v 0.000000 -0.278750 0.061499
v 0.017500 -0.278750 0.061395
v 0.035000 -0.278750 0.061082
v 0.052500 -0.278750 0.060559
v 0.070000 -0.278750 0.059825
v 0.087500 -0.278750 0.058879
v 0.105000 -0.278750 0.057717
v 0.122500 -0.278750 0.056337
v 0.140000 -0.278750 0.054733
v 0.157500 -0.278750 0.052899
v 0.175000 -0.278750 0.050826
v 0.192500 -0.278750 0.048503
v 0.210000 -0.278750 0.045913
v 0.227500 -0.278750 0.043034
v 0.245000 -0.278750 0.039833
v 0.262500 -0.278750 0.036260
v 0.280000 -0.278750 0.032237
v 0.297500 -0.278750 0.027629
v 0.315000 -0.278750 0.022169
v 0.332500 -0.278750 0.015168
v 0.350000 -0.278750 0.000000
v -0.350000 -0.262500 0.000000
v -0.332500 -0.262500 0.015452
v -0.315000 -0.262500 0.022585
v -0.297500 -0.262500 0.028148
v -0.280000 -0.262500 0.032842
v -0.262500 -0.262500 0.036940
v -0.245000 -0.262500 0.040580
v -0.227500 -0.262500 0.043842
v -0.210000 -0.262500 0.046775
v -0.192500 -0.262500 0.049413
v -0.175000 -0.262500 0.051779
v -0.157500 -0.262500 0.053891
v -0.140000 -0.262500 0.055759
v -0.122500 -0.262500 0.057393
v -0.105000 -0.262500 0.058800
v -0.087500 -0.262500 0.059983
v -0.070000 -0.262500 0.060947
v -0.052500 -0.262500 0.061695
v -0.035000 -0.262500 0.062227
v -0.017500 -0.262500 0.062546
v 0.000000 -0.262500 0.062653
v 0.017500 -0.262500 0.062546
v 0.035000 -0.262500 0.062227
v 0.052500 -0.262500 0.061695
v 0.070000 -0.262500 0.060947
v 0.087500 -0.262500 0.059983
v 0.105000 -0.262500 0.058800
v 0.122500 -0.262500 0.057393
v 0.140000 -0.262500 0.055759
v 0.157500 -0.262500 0.053891
v 0.175000 -0.262500 0.051779
v 0.192500 -0.262500 0.049413
v 0.210000 -0.262500 0.046775
v 0.227500 -0.262500 0.043842
v 0.245000 -0.262500 0.040580
v 0.262500 -0.262500 0.036940
v 0.280000 -0.262500 0.032842
v 0.297500 -0.262500 0.028148
v 0.315000 -0.262500 0.022585
v 0.332500 -0.262500 0.015452
v 0.350000 -0.262500 0.000000
v -0.350000 -0.246250 0.000000
v -0.332500 -0.246250 0.015693
v -0.315000 -0.246250 0.022938
v -0.297500 -0.246250 0.028587
v -0.280000 -0.246250 0.033355
v -0.262500 -0.246250 0.037517
v -0.245000 -0.246250 0.041214
v -0.227500 -0.246250 0.044526
v -0.210000 -0.246250 0.047504
v -0.192500 -0.246250 0.050184
v -0.175000 -0.246250 0.052587
v -0.157500 -0.246250 0.054732
v -0.140000 -0.246250 0.056629
v -0.122500 -0.246250 0.058289
v -0.105000 -0.246250 0.059717
v -0.087500 -0.246250 0.060919
v -0.070000 -0.246250 0.061898
v -0.052500 -0.246250 0.062657
v -0.035000 -0.246250 0.063198
v -0.017500 -0.246250 0.063522
v 0.000000 -0.246250 0.063630
v 0.017500 -0.246250 0.063522
v 0.035000 -0.246250 0.063198
v 0.052500 -0.246250 0.062657
v 0.070000 -0.246250 0.061898
v 0.087500 -0.246250 0.060919
v 0.105000 -0.246250 0.059717
v 0.122500 -0.246250 0.058289
v 0.140000 -0.246250 0.056629
v 0.157500 -0.246250 0.054732
v 0.175000 -0.246250 0.052587
v 0.192500 -0.246250 0.050184
v 0.210000 -0.246250 0.047504
v 0.227500 -0.246250 0.044526
v 0.245000 -0.246250 0.041214
v 0.262500 -0.246250 0.037517
v 0.280000 -0.246250 0.033355
v 0.297500 -0.246250 0.028587
v 0.315000 -0.246250 0.022938
v 0.332500 -0.246250 0.015693
v 0.350000 -0.246250 0.000000
v -0.350000 -0.230000 0.000000
v -0.332500 -0.230000 0.015893
v -0.315000 -0.230000 0.023230
v -0.297500 -0.230000 0.028951
v -0.280000 -0.230000 0.033779
v -0.262500 -0.230000 0.037995
v -0.245000 -0.230000 0.041739
v -0.227500 -0.230000 0.045093
v -0.210000 -0.230000 0.048110
v -0.192500 -0.230000 0.050823
v -0.175000 -0.230000 0.053257
v -0.157500 -0.230000 0.055429
v -0.140000 -0.230000 0.057351
v -0.122500 -0.230000 0.059031
v -0.105000 -0.230000 0.060478
v -0.087500 -0.230000 0.061695
v -0.070000 -0.230000 0.062687
v -0.052500 -0.230000 0.063455
v -0.035000 -0.230000 0.064003
v -0.017500 -0.230000 0.064332
v 0.000000 -0.230000 0.064441
v 0.017500 -0.230000 0.064332
v 0.035000 -0.230000 0.064003
v 0.052500 -0.230000 0.063455
v 0.070000 -0.230000 0.062687
v 0.087500 -0.230000 0.061695
v 0.105000 -0.230000 0.060478
v 0.122500 -0.230000 0.059031
v 0.140000 -0.230000 0.057351
v 0.157500 -0.230000 0.055429
v 0.175000 -0.230000 0.053257
v 0.192500 -0.230000 0.050823
v 0.210000 -0.230000 0.048110
v 0.227500 -0.230000 0.045093
v 0.245000 -0.230000 0.041739
v 0.262500 -0.230000 0.037995
v 0.280000 -0.230000 0.033779
v 0.297500 -0.230000 0.028951
v 0.315000 -0.230000 0.023230
v 0.332500 -0.230000 0.015893
v 0.350000 -0.230000 0.000000
v -0.350000 -0.213750 0.000000
v -0.332500 -0.213750 0.016054
v -0.315000 -0.213750 0.023464
v -0.297500 -0.213750 0.029243
v -0.280000 -0.213750 0.034121
v -0.262500 -0.213750 0.038379
v -0.245000 -0.213750 0.042160
v -0.227500 -0.213750 0.045548
v -0.210000 -0.213750 0.048596
v -0.192500 -0.213750 0.051337
v -0.175000 -0.213750 0.053795
v -0.157500 -0.213750 0.055989
v -0.140000 -0.213750 0.057930
v -0.122500 -0.213750 0.059628
v -0.105000 -0.213750 0.061089
v -0.087500 -0.213750 0.062318
v -0.070000 -0.213750 0.063320
v -0.052500 -0.213750 0.064096
v -0.035000 -0.213750 0.064650
v -0.017500 -0.213750 0.064981
v 0.000000 -0.213750 0.065092
v 0.017500 -0.213750 0.064981
v 0.035000 -0.213750 0.064650
v 0.052500 -0.213750 0.064096
v 0.070000 -0.213750 0.063320
v 0.087500 -0.213750 0.062318
v 0.105000 -0.213750 0.061089
v 0.122500 -0.213750 0.059628
v 0.140000 -0.213750 0.057930
v 0.157500 -0.213750 0.055989
v 0.175000 -0.213750 0.053795
v 0.192500 -0.213750 0.051337
v 0.210000 -0.213750 0.048596
v 0.227500 -0.213750 0.045548
v 0.245000 -0.213750 0.042160
v 0.262500 -0.213750 0.038379
v 0.280000 -0.213750 0.034121
v 0.297500 -0.213750 0.029243
v 0.315000 -0.213750 0.023464
v 0.332500 -0.213750 0.016054
v 0.350000 -0.213750 0.000000
v -0.350000 -0.197500 0.000000
v -0.332500 -0.197500 0.016177
v -0.315000 -0.197500 0.023644
v -0.297500 -0.197500 0.029467
v -0.280000 -0.197500 0.034382
v -0.262500 -0.197500 0.038672
v -0.245000 -0.197500 0.042483
v -0.227500 -0.197500 0.045897
v -0.210000 -0.197500 0.048967
v -0.192500 -0.197500 0.051729
v -0.175000 -0.197500 0.054207
v -0.157500 -0.197500 0.056417
v -0.140000 -0.197500 0.058373
v -0.122500 -0.197500 0.060084
v -0.105000 -0.197500 0.061556
v -0.087500 -0.197500 0.062795
v -0.070000 -0.197500 0.063804
v -0.052500 -0.197500 0.064587
v -0.035000 -0.197500 0.065144
v -0.017500 -0.197500 0.065478
v 0.000000 -0.197500 0.065590
v 0.017500 -0.197500 0.065478
v 0.035000 -0.197500 0.065144
v 0.052500 -0.197500 0.064587
v 0.070000 -0.197500 0.063804
v 0.087500 -0.197500 0.062795
v 0.105000 -0.197500 0.061556
v 0.122500 -0.197500 0.060084
v 0.140000 -0.197500 0.058373
v 0.157500 -0.197500 0.056417
v 0.175000 -0.197500 0.054207
v 0.192500 -0.197500 0.051729
v 0.210000 -0.197500 0.048967
v 0.227500 -0.197500 0.045897
v 0.245000 -0.197500 0.042483
v 0.262500 -0.197500 0.038672
v 0.280000 -0.197500 0.034382
v 0.297500 -0.197500 0.029467
v 0.315000 -0.197500 0.023644
v 0.332500 -0.197500 0.016177
v 0.350000 -0.197500 0.000000
v -0.350000 -0.181250 0.000000
v -0.332500 -0.181250 0.016263
v -0.315000 -0.181250 0.023770
v -0.297500 -0.181250 0.029625
v -0.280000 -0.181250 0.034565
v -0.262500 -0.181250 0.038879
v -0.245000 -0.181250 0.042710
v -0.227500 -0.181250 0.046142
v -0.210000 -0.181250 0.049229
v -0.192500 -0.181250 0.052005
v -0.175000 -0.181250 0.054496
v -0.157500 -0.181250 0.056718
v -0.140000 -0.181250 0.058685
v -0.122500 -0.181250 0.060405
v -0.105000 -0.181250 0.061885
v -0.087500 -0.181250 0.063130
v -0.070000 -0.181250 0.064145
v -0.052500 -0.181250 0.064932
v -0.035000 -0.181250 0.065492
v -0.017500 -0.181250 0.065828
v 0.000000 -0.181250 0.065940
v 0.017500 -0.181250 0.065828
v 0.035000 -0.181250 0.065492
v 0.052500 -0.181250 0.064932
v 0.070000 -0.181250 0.064145
v 0.087500 -0.181250 0.063130
v 0.105000 -0.181250 0.061885
v 0.122500 -0.181250 0.060405
v 0.140000 -0.181250 0.058685
v 0.157500 -0.181250 0.056718
v 0.175000 -0.181250 0.054496
v 0.192500 -0.181250 0.052005
v 0.210000 -0.181250 0.049229
v 0.227500 -0.181250 0.046142
v 0.245000 -0.181250 0.042710
v 0.262500 -0.181250 0.038879
v 0.280000 -0.181250 0.034565
v 0.297500 -0.181250 0.029625
v 0.315000 -0.181250 0.023770
v 0.332500 -0.181250 0.016263
v 0.350000 -0.181250 0.000000
v -0.350000 -0.165000 0.000000
v -0.332500 -0.165000 0.016314
v -0.315000 -0.165000 0.023845
v -0.297500 -0.165000 0.029718
v -0.280000 -0.165000 0.034674
v -0.262500 -0.165000 0.039001
v -0.245000 -0.165000 0.042844
v -0.227500 -0.165000 0.046287
v -0.210000 -0.165000 0.049384
v -0.192500 -0.165000 0.052169
v -0.175000 -0.165000 0.054668
v -0.157500 -0.165000 0.056897
v -0.140000 -0.165000 0.058869
v -0.122500 -0.165000 0.060595
v -0.105000 -0.165000 0.062079
v -0.087500 -0.165000 0.063329
v -0.070000 -0.165000 0.064347
v -0.052500 -0.165000 0.065136
v -0.035000 -0.165000 0.065698
v -0.017500 -0.165000 0.066035
v 0.000000 -0.165000 0.066147
v 0.017500 -0.165000 0.066035
v 0.035000 -0.165000 0.065698
v 0.052500 -0.165000 0.065136
v 0.070000 -0.165000 0.064347
v 0.087500 -0.165000 0.063329
v 0.105000 -0.165000 0.062079
v 0.122500 -0.165000 0.060595
v 0.140000 -0.165000 0.058869
v 0.157500 -0.165000 0.056897
v 0.175000 -0.165000 0.054668
v 0.192500 -0.165000 0.052169
v 0.210000 -0.165000 0.049384
v 0.227500 -0.165000 0.046287
v 0.245000 -0.165000 0.042844
v 0.262500 -0.165000 0.039001
v 0.280000 -0.165000 0.034674
v 0.297500 -0.165000 0.029718
v 0.315000 -0.165000 0.023845
v 0.332500 -0.165000 0.016314
v 0.350000 -0.165000 0.000000
v -0.350000 -0.148750 0.000000
v -0.332500 -0.148750 0.016331
v -0.315000 -0.148750 0.023870
v -0.297500 -0.148750 0.029749
v -0.280000 -0.148750 0.034710
v -0.262500 -0.148750 0.039041
v -0.245000 -0.148750 0.042888
v -0.227500 -0.148750 0.046335
v -0.210000 -0.148750 0.049435
v -0.192500 -0.148750 0.052223
v -0.175000 -0.148750 0.054724
v -0.157500 -0.148750 0.056956
v -0.140000 -0.148750 0.058931
v -0.122500 -0.148750 0.060658
v -0.105000 -0.148750 0.062144
v -0.087500 -0.148750 0.063395
v -0.070000 -0.148750 0.064414
v -0.052500 -0.148750 0.065204
v -0.035000 -0.148750 0.065767
v -0.017500 -0.148750 0.066104
v 0.000000 -0.148750 0.066216
v 0.017500 -0.148750 0.066104
v 0.035000 -0.148750 0.065767
v 0.052500 -0.148750 0.065204
v 0.070000 -0.148750 0.064414
v 0.087500 -0.148750 0.063395
v 0.105000 -0.148750 0.062144
v 0.122500 -0.148750 0.060658
v 0.140000 -0.148750 0.058931
v 0.157500 -0.148750 0.056956
v 0.175000 -0.148750 0.054724
v 0.192500 -0.148750 0.052223
v 0.210000 -0.148750 0.049435
v 0.227500 -0.148750 0.046335
v 0.245000 -0.148750 0.042888
v 0.262500 -0.148750 0.039041
v 0.280000 -0.148750 0.034710
v 0.297500 -0.148750 0.029749
v 0.315000 -0.148750 0.023870
v 0.332500 -0.148750 0.016331
v 0.350000 -0.148750 0.000000
v -0.350000 -0.132500 0.000000
v -0.332500 -0.132500 0.016315
v -0.315000 -0.132500 0.023846
v -0.297500 -0.132500 0.029719
v -0.280000 -0.132500 0.034675
v -0.262500 -0.132500 0.039002
v -0.245000 -0.132500 0.042846
v -0.227500 -0.132500 0.046289
v -0.210000 -0.132500 0.049386
v -0.192500 -0.132500 0.052171
v -0.175000 -0.132500 0.054670
v -0.157500 -0.132500 0.056899
v -0.140000 -0.132500 0.058872
v -0.122500 -0.132500 0.060597
v -0.105000 -0.132500 0.062082
v -0.087500 -0.132500 0.063331
v -0.070000 -0.132500 0.064349
v -0.052500 -0.132500 0.065138
v -0.035000 -0.132500 0.065701
v -0.017500 -0.132500 0.066038
v 0.000000 -0.132500 0.066150
v 0.017500 -0.132500 0.066038
v 0.035000 -0.132500 0.065701
v 0.052500 -0.132500 0.065138
v 0.070000 -0.132500 0.064349
v 0.087500 -0.132500 0.063331
v 0.105000 -0.132500 0.062082
v 0.122500 -0.132500 0.060597
v 0.140000 -0.132500 0.058872
v 0.157500 -0.132500 0.056899
v 0.175000 -0.132500 0.054670
v 0.192500 -0.132500 0.052171
v 0.210000 -0.132500 0.049386
v 0.227500 -0.132500 0.046289
v 0.245000 -0.132500 0.042846
v 0.262500 -0.132500 0.039002
v 0.280000 -0.132500 0.034675
v 0.297500 -0.132500 0.029719
v 0.315000 -0.132500 0.023846
v 0.332500 -0.132500 0.016315
v 0.350000 -0.132500 0.000000
v -0.350000 -0.116250 0.000000
v -0.332500 -0.116250 0.016266
v -0.315000 -0.116250 0.023774
v -0.297500 -0.116250 0.029630
v -0.280000 -0.116250 0.034571
v -0.262500 -0.116250 0.038886
v -0.245000 -0.116250 0.042717
v -0.227500 -0.116250 0.046150
v -0.210000 -0.116250 0.049238
v -0.192500 -0.116250 0.052015
v -0.175000 -0.116250 0.054506
v -0.157500 -0.116250 0.056729
v -0.140000 -0.116250 0.058695
v -0.122500 -0.116250 0.060416
v -0.105000 -0.116250 0.061896
v -0.087500 -0.116250 0.063142
v -0.070000 -0.116250 0.064157
v -0.052500 -0.116250 0.064943
v -0.035000 -0.116250 0.065504
v -0.017500 -0.116250 0.065840
v 0.000000 -0.116250 0.065952
v 0.017500 -0.116250 0.065840
v 0.035000 -0.116250 0.065504
v 0.052500 -0.116250 0.064943
v 0.070000 -0.116250 0.064157
v 0.087500 -0.116250 0.063142
v 0.105000 -0.116250 0.061896
v 0.122500 -0.116250 0.060416
v 0.140000 -0.116250 0.058695
v 0.157500 -0.116250 0.056729
v 0.175000 -0.116250 0.054506
v 0.192500 -0.116250 0.052015
v 0.210000 -0.116250 0.049238
v 0.227500 -0.116250 0.046150
v 0.245000 -0.116250 0.042717
v 0.262500 -0.116250 0.038886
v 0.280000 -0.116250 0.034571
v 0.297500 -0.116250 0.029630
v 0.315000 -0.116250 0.023774
v 0.332500 -0.116250 0.016266
v 0.350000 -0.116250 0.000000
v -0.350000 -0.100000 0.000000
v -0.332500 -0.100000 0.016185
v -0.315000 -0.100000 0.023657
v -0.297500 -0.100000 0.029483
v -0.280000 -0.100000 0.034400
v -0.262500 -0.100000 0.038693
v -0.245000 -0.100000 0.042505
v -0.227500 -0.100000 0.045922
v -0.210000 -0.100000 0.048994
v -0.192500 -0.100000 0.051757
v -0.175000 -0.100000 0.054236
v -0.157500 -0.100000 0.056447
v -0.140000 -0.100000 0.058404
v -0.122500 -0.100000 0.060116
v -0.105000 -0.100000 0.061589
v -0.087500 -0.100000 0.062829
v -0.070000 -0.100000 0.063839
v -0.052500 -0.100000 0.064621
v -0.035000 -0.100000 0.065179
v -0.017500 -0.100000 0.065514
v 0.000000 -0.100000 0.065625
v 0.017500 -0.100000 0.065514
v 0.035000 -0.100000 0.065179
v 0.052500 -0.100000 0.064621
v 0.070000 -0.100000 0.063839
v 0.087500 -0.100000 0.062829
v 0.105000 -0.100000 0.061589
v 0.122500 -0.100000 0.060116
v 0.140000 -0.100000 0.058404
v 0.157500 -0.100000 0.056447
v 0.175000 -0.100000 0.054236
v 0.192500 -0.100000 0.051757
v 0.210000 -0.100000 0.048994
v 0.227500 -0.100000 0.045922
v 0.245000 -0.100000 0.042505
v 0.262500 -0.100000 0.038693
v 0.280000 -0.100000 0.034400
v 0.297500 -0.100000 0.029483
v 0.315000 -0.100000 0.023657
v 0.332500 -0.100000 0.016185
v 0.350000 -0.100000 0.000000
v -0.350000 -0.083750 0.000000
v -0.332500 -0.083750 0.016074
v -0.315000 -0.083750 0.023493
v -0.297500 -0.083750 0.029279
v -0.280000 -0.083750 0.034162
v -0.262500 -0.083750 0.038425
v -0.245000 -0.083750 0.042212
v -0.227500 -0.083750 0.045604
v -0.210000 -0.083750 0.048655
v -0.192500 -0.083750 0.051399
v -0.175000 -0.083750 0.053861
v -0.157500 -0.083750 0.056057
v -0.140000 -0.083750 0.058001
v -0.122500 -0.083750 0.059701
v -0.105000 -0.083750 0.061163
v -0.087500 -0.083750 0.062394
v -0.070000 -0.083750 0.063397
v -0.052500 -0.083750 0.064175
v -0.035000 -0.083750 0.064729
v -0.017500 -0.083750 0.065061
v 0.000000 -0.083750 0.065171
v 0.017500 -0.083750 0.065061
v 0.035000 -0.083750 0.064729
v 0.052500 -0.083750 0.064175
v 0.070000 -0.083750 0.063397
v 0.087500 -0.083750 0.062394
v 0.105000 -0.083750 0.061163
v 0.122500 -0.083750 0.059701
v 0.140000 -0.083750 0.058001
v 0.157500 -0.083750 0.056057
v 0.175000 -0.083750 0.053861
v 0.192500 -0.083750 0.051399
v 0.210000 -0.083750 0.048655
v 0.227500 -0.083750 0.045604
v 0.245000 -0.083750 0.042212
v 0.262500 -0.083750 0.038425
v 0.280000 -0.083750 0.034162
v 0.297500 -0.083750 0.029279
v 0.315000 -0.083750 0.023493
v 0.332500 -0.083750 0.016074
v 0.350000 -0.083750 0.000000
v -0.350000 -0.067500 0.000000
v -0.332500 -0.067500 0.015931
v -0.315000 -0.067500 0.023285
v -0.297500 -0.067500 0.029020
v -0.280000 -0.067500 0.033859
v -0.262500 -0.067500 0.038085
v -0.245000 -0.067500 0.041837
v -0.227500 -0.067500 0.045200
v -0.210000 -0.067500 0.048224
v -0.192500 -0.067500 0.050943
v -0.175000 -0.067500 0.053383
v -0.157500 -0.067500 0.055560
v -0.140000 -0.067500 0.057486
v -0.122500 -0.067500 0.059171
v -0.105000 -0.067500 0.060621
v -0.087500 -0.067500 0.061841
v -0.070000 -0.067500 0.062835
v -0.052500 -0.067500 0.063606
v -0.035000 -0.067500 0.064155
v -0.017500 -0.067500 0.064484
v 0.000000 -0.067500 0.064594
v 0.017500 -0.067500 0.064484
v 0.035000 -0.067500 0.064155
v 0.052500 -0.067500 0.063606
v 0.070000 -0.067500 0.062835
v 0.087500 -0.067500 0.061841
v 0.105000 -0.067500 0.060621
v 0.122500 -0.067500 0.059171
v 0.140000 -0.067500 0.057486
v 0.157500 -0.067500 0.055560
v 0.175000 -0.067500 0.053383
v 0.192500 -0.067500 0.050943
v 0.210000 -0.067500 0.048224
v 0.227500 -0.067500 0.045200
v 0.245000 -0.067500 0.041837
v 0.262500 -0.067500 0.038085
v 0.280000 -0.067500 0.033859
v 0.297500 -0.067500 0.029020
v 0.315000 -0.067500 0.023285
v 0.332500 -0.067500 0.015931
v 0.350000 -0.067500 0.000000
v -0.350000 -0.051250 0.000000
v -0.332500 -0.051250 0.015758
v -0.315000 -0.051250 0.023032
v -0.297500 -0.051250 0.028705
v -0.280000 -0.051250 0.033492
v -0.262500 -0.051250 0.037672
v -0.245000 -0.051250 0.041384
v -0.227500 -0.051250 0.044709
v -0.210000 -0.051250 0.047700
v -0.192500 -0.051250 0.050391
v -0.175000 -0.051250 0.052804
v -0.157500 -0.051250 0.054958
v -0.140000 -0.051250 0.056863
v -0.122500 -0.051250 0.058529
v -0.105000 -0.051250 0.059963
v -0.087500 -0.051250 0.061170
v -0.070000 -0.051250 0.062154
v -0.052500 -0.051250 0.062916
v -0.035000 -0.051250 0.063459
v -0.017500 -0.051250 0.063784
v 0.000000 -0.051250 0.063893
v 0.017500 -0.051250 0.063784
v 0.035000 -0.051250 0.063459
v 0.052500 -0.051250 0.062916
v 0.070000 -0.051250 0.062154
v 0.087500 -0.051250 0.061170
v 0.105000 -0.051250 0.059963
v 0.122500 -0.051250 0.058529
v 0.140000 -0.051250 0.056863
v 0.157500 -0.051250 0.054958
v 0.175000 -0.051250 0.052804
v 0.192500 -0.051250 0.050391
v 0.210000 -0.051250 0.047700
v 0.227500 -0.051250 0.044709
v 0.245000 -0.051250 0.041384
v 0.262500 -0.051250 0.037672
v 0.280000 -0.051250 0.033492
v 0.297500 -0.051250 0.028705
v 0.315000 -0.051250 0.023032
v 0.332500 -0.051250 0.015758
v 0.350000 -0.051250 0.000000
v -0.350000 -0.035000 0.000000
v -0.332500 -0.035000 0.015555
v -0.315000 -0.035000 0.022736
v -0.297500 -0.035000 0.028335
v -0.280000 -0.035000 0.033061
v -0.262500 -0.035000 0.037187
v -0.245000 -0.035000 0.040851
v -0.227500 -0.035000 0.044134
v -0.210000 -0.035000 0.047087
v -0.192500 -0.035000 0.049743
v -0.175000 -0.035000 0.052125
v -0.157500 -0.035000 0.054250
v -0.140000 -0.035000 0.056131
v -0.122500 -0.035000 0.057776
v -0.105000 -0.035000 0.059192
v -0.087500 -0.035000 0.060383
v -0.070000 -0.035000 0.061354
v -0.052500 -0.035000 0.062106
v -0.035000 -0.035000 0.062643
v -0.017500 -0.035000 0.062964
v 0.000000 -0.035000 0.063071
v 0.017500 -0.035000 0.062964
v 0.035000 -0.035000 0.062643
v 0.052500 -0.035000 0.062106
v 0.070000 -0.035000 0.061354
v 0.087500 -0.035000 0.060383
v 0.105000 -0.035000 0.059192
v 0.122500 -0.035000 0.057776
v 0.140000 -0.035000 0.056131
v 0.157500 -0.035000 0.054250
v 0.175000 -0.035000 0.052125
v 0.192500 -0.035000 0.049743
v 0.210000 -0.035000 0.047087
v 0.227500 -0.035000 0.044134
v 0.245000 -0.035000 0.040851
v 0.262500 -0.035000 0.037187
v 0.280000 -0.035000 0.033061
v 0.297500 -0.035000 0.028335
v 0.315000 -0.035000 0.022736
v 0.332500 -0.035000 0.015555
v 0.350000 -0.035000 0.000000
v -0.350000 -0.018750 0.000000
v -0.332500 -0.018750 0.015323
v -0.315000 -0.018750 0.022396
v -0.297500 -0.018750 0.027912
v -0.280000 -0.018750 0.032567
v -0.262500 -0.018750 0.036631
v -0.245000 -0.018750 0.040241
v -0.227500 -0.018750 0.043475
v -0.210000 -0.018750 0.046383
v -0.192500 -0.018750 0.048999
v -0.175000 -0.018750 0.051346
v -0.157500 -0.018750 0.053440
v -0.140000 -0.018750 0.055293
v -0.122500 -0.018750 0.056913
v -0.105000 -0.018750 0.058308
v -0.087500 -0.018750 0.059481
v -0.070000 -0.018750 0.060437
v -0.052500 -0.018750 0.061178
v -0.035000 -0.018750 0.061707
v -0.017500 -0.018750 0.062023
v 0.000000 -0.018750 0.062128
v 0.017500 -0.018750 0.062023
v 0.035000 -0.018750 0.061707
v 0.052500 -0.018750 0.061178
v 0.070000 -0.018750 0.060437
v 0.087500 -0.018750 0.059481
v 0.105000 -0.018750 0.058308
v 0.122500 -0.018750 0.056913
v 0.140000 -0.018750 0.055293
v 0.157500 -0.018750 0.053440
v 0.175000 -0.018750 0.051346
v 0.192500 -0.018750 0.048999
v 0.210000 -0.018750 0.046383
v 0.227500 -0.018750 0.043475
v 0.245000 -0.018750 0.040241
v 0.262500 -0.018750 0.036631
v 0.280000 -0.018750 0.032567
v 0.297500 -0.018750 0.027912
v 0.315000 -0.018750 0.022396
v 0.332500 -0.018750 0.015323
v 0.350000 -0.018750 0.000000
v -0.350000 -0.002500 0.000000
v -0.332500 -0.002500 0.015061
v -0.315000 -0.002500 0.022013
v -0.297500 -0.002500 0.027435
v -0.280000 -0.002500 0.032010
v -0.262500 -0.002500 0.036005
v -0.245000 -0.002500 0.039553
v -0.227500 -0.002500 0.042732
v -0.210000 -0.002500 0.045590
v -0.192500 -0.002500 0.048162
v -0.175000 -0.002500 0.050468
v -0.157500 -0.002500 0.052526
v -0.140000 -0.002500 0.054347
v -0.122500 -0.002500 0.055940
v -0.105000 -0.002500 0.057311
v -0.087500 -0.002500 0.058464
v -0.070000 -0.002500 0.059404
v -0.052500 -0.002500 0.060133
v -0.035000 -0.002500 0.060652
v -0.017500 -0.002500 0.060963
v 0.000000 -0.002500 0.061066
v 0.017500 -0.002500 0.060963
v 0.035000 -0.002500 0.060652
v 0.052500 -0.002500 0.060133
v 0.070000 -0.002500 0.059404
v 0.087500 -0.002500 0.058464
v 0.105000 -0.002500 0.057311
v 0.122500 -0.002500 0.055940
v 0.140000 -0.002500 0.054347
v 0.157500 -0.002500 0.052526
v 0.175000 -0.002500 0.050468
v 0.192500 -0.002500 0.048162
v 0.210000 -0.002500 0.045590
v 0.227500 -0.002500 0.042732
v 0.245000 -0.002500 0.039553
v 0.262500 -0.002500 0.036005
v 0.280000 -0.002500 0.032010
v 0.297500 -0.002500 0.027435
v 0.315000 -0.002500 0.022013
v 0.332500 -0.002500 0.015061
v 0.350000 -0.002500 0.000000
v -0.350000 0.013750 0.000000
v -0.332500 0.013750 0.014770
v -0.315000 0.013750 0.021587
v -0.297500 0.013750 0.026904
v -0.280000 0.013750 0.031391
v -0.262500 0.013750 0.035308
v -0.245000 0.013750 0.038787
v -0.227500 0.013750 0.041905
v -0.210000 0.013750 0.044708
v -0.192500 0.013750 0.047230
v -0.175000 0.013750 0.049492
v -0.157500 0.013750 0.051510
v -0.140000 0.013750 0.053296
v -0.122500 0.013750 0.054857
v -0.105000 0.013750 0.056202
v -0.087500 0.013750 0.057333
v -0.070000 0.013750 0.058254
v -0.052500 0.013750 0.058969
v -0.035000 0.013750 0.059478
v -0.017500 0.013750 0.059783
v 0.000000 0.013750 0.059885
v 0.017500 0.013750 0.059783
v 0.035000 0.013750 0.059478
v 0.052500 0.013750 0.058969
v 0.070000 0.013750 0.058254
v 0.087500 0.013750 0.057333
v 0.105000 0.013750 0.056202
v 0.122500 0.013750 0.054857
v 0.140000 0.013750 0.053296
v 0.157500 0.013750 0.051510
v 0.175000 0.013750 0.049492
v 0.192500 0.013750 0.047230
v 0.210000 0.013750 0.044708
v 0.227500 0.013750 0.041905
v 0.245000 0.013750 0.038787
v 0.262500 0.013750 0.035308
v 0.280000 0.013750 0.031391
v 0.297500 0.013750 0.026904
v 0.315000 0.013750 0.021587
v 0.332500 0.013750 0.014770
v 0.350000 0.013750 0.000000
v -0.350000 0.030000 0.000000
v -0.332500 0.030000 0.014448
v -0.315000 0.030000 0.021118
v -0.297500 0.030000 0.026319
v -0.280000 0.030000 0.030709
v -0.262500 0.030000 0.034541
v -0.245000 0.030000 0.037944
v -0.227500 0.030000 0.040994
v -0.210000 0.030000 0.043736
v -0.192500 0.030000 0.046203
v -0.175000 0.030000 0.048416
v -0.157500 0.030000 0.050390
v -0.140000 0.030000 0.052137
v -0.122500 0.030000 0.053665
v -0.105000 0.030000 0.054980
v -0.087500 0.030000 0.056086
v -0.070000 0.030000 0.056988
v -0.052500 0.030000 0.057687
v -0.035000 0.030000 0.058185
v -0.017500 0.030000 0.058483
v 0.000000 0.030000 0.058583
v 0.017500 0.030000 0.058483
v 0.035000 0.030000 0.058185
v 0.052500 0.030000 0.057687
v 0.070000 0.030000 0.056988
v 0.087500 0.030000 0.056086
v 0.105000 0.030000 0.054980
v 0.122500 0.030000 0.053665
v 0.140000 0.030000 0.052137
v 0.157500 0.030000 0.050390
v 0.175000 0.030000 0.048416
v 0.192500 0.030000 0.046203
v 0.210000 0.030000 0.043736
v 0.227500 0.030000 0.040994
v 0.245000 0.030000 0.037944
v 0.262500 0.030000 0.034541
v 0.280000 0.030000 0.030709
v 0.297500 0.030000 0.026319
v 0.315000 0.030000 0.021118
v 0.332500 0.030000 0.014448
v 0.350000 0.030000 0.000000
v -0.350000 0.046250 0.000000
v -0.332500 0.046250 0.014097
v -0.315000 0.046250 0.020605
v -0.297500 0.046250 0.025680
v -0.280000 0.046250 0.029963
v -0.262500 0.046250 0.033702
v -0.245000 0.046250 0.037022
v -0.227500 0.046250 0.039998
v -0.210000 0.046250 0.042674
v -0.192500 0.046250 0.045080
v -0.175000 0.046250 0.047239
v -0.157500 0.046250 0.049166
v -0.140000 0.046250 0.050870
v -0.122500 0.046250 0.052361
v -0.105000 0.046250 0.053644
v -0.087500 0.046250 0.054724
v -0.070000 0.046250 0.055603
v -0.052500 0.046250 0.056285
v -0.035000 0.046250 0.056771
v -0.017500 0.046250 0.057062
v 0.000000 0.046250 0.057159
v 0.017500 0.046250 0.057062
v 0.035000 0.046250 0.056771
v 0.052500 0.046250 0.056285
v 0.070000 0.046250 0.055603
v 0.087500 0.046250 0.054724
v 0.105000 0.046250 0.053644
v 0.122500 0.046250 0.052361
v 0.140000 0.046250 0.050870
v 0.157500 0.046250 0.049166
v 0.175000 0.046250 0.047239
v 0.192500 0.046250 0.045080
v 0.210000 0.046250 0.042674
v 0.227500 0.046250 0.039998
v 0.245000 0.046250 0.037022
v 0.262500 0.046250 0.033702
v 0.280000 0.046250 0.029963
v 0.297500 0.046250 0.025680
v 0.315000 0.046250 0.020605
v 0.332500 0.046250 0.014097
v 0.350000 0.046250 0.000000
v -0.350000 0.062500 0.000000
v -0.332500 0.062500 0.013716
v -0.315000 0.062500 0.020047
v -0.297500 0.062500 0.024985
v -0.280000 0.062500 0.029152
v -0.262500 0.062500 0.032790
v -0.245000 0.062500 0.036021
v -0.227500 0.062500 0.038916
v -0.210000 0.062500 0.041519
v -0.192500 0.062500 0.043861
v -0.175000 0.062500 0.045961
v -0.157500 0.062500 0.047836
v -0.140000 0.062500 0.049494
v -0.122500 0.062500 0.050945
v -0.105000 0.062500 0.052193
v -0.087500 0.062500 0.053243
v -0.070000 0.062500 0.054099
v -0.052500 0.062500 0.054763
v -0.035000 0.062500 0.055235
v -0.017500 0.062500 0.055519
v 0.000000 0.062500 0.055613
v 0.017500 0.062500 0.055519
v 0.035000 0.062500 0.055235
v 0.052500 0.062500 0.054763
v 0.070000 0.062500 0.054099
v 0.087500 0.062500 0.053243
v 0.105000 0.062500 0.052193
v 0.122500 0.062500 0.050945
v 0.140000 0.062500 0.049494
v 0.157500 0.062500 0.047836
v 0.175000 0.062500 0.045961
v 0.192500 0.062500 0.043861
v 0.210000 0.062500 0.041519
v 0.227500 0.062500 0.038916
v 0.245000 0.062500 0.036021
v 0.262500 0.062500 0.032790
v 0.280000 0.062500 0.029152
v 0.297500 0.062500 0.024985
v 0.315000 0.062500 0.020047
v 0.332500 0.062500 0.013716
v 0.350000 0.062500 0.000000
v -0.350000 0.078750 0.000000
v -0.332500 0.078750 0.013304
v -0.315000 0.078750 0.019445
v -0.297500 0.078750 0.024234
v -0.280000 0.078750 0.028275
v -0.262500 0.078750 0.031804
v -0.245000 0.078750 0.034937
v -0.227500 0.078750 0.037745
v -0.210000 0.078750 0.040270
v -0.192500 0.078750 0.042542
v -0.175000 0.078750 0.044579
v -0.157500 0.078750 0.046397
v -0.140000 0.078750 0.048006
v -0.122500 0.078750 0.049413
v -0.105000 0.078750 0.050623
v -0.087500 0.078750 0.051642
v -0.070000 0.078750 0.052472
v -0.052500 0.078750 0.053116
v -0.035000 0.078750 0.053574
v -0.017500 0.078750 0.053849
v 0.000000 0.078750 0.053941
v 0.017500 0.078750 0.053849
v 0.035000 0.078750 0.053574
v 0.052500 0.078750 0.053116
v 0.070000 0.078750 0.052472
v 0.087500 0.078750 0.051642
v 0.105000 0.078750 0.050623
v 0.122500 0.078750 0.049413
v 0.140000 0.078750 0.048006
v 0.157500 0.078750 0.046397
v 0.175000 0.078750 0.044579
v 0.192500 0.078750 0.042542
v 0.210000 0.078750 0.040270
v 0.227500 0.078750 0.037745
v 0.245000 0.078750 0.034937
v 0.262500 0.078750 0.031804
v 0.280000 0.078750 0.028275
v 0.297500 0.078750 0.024234
v 0.315000 0.078750 0.019445
v 0.332500 0.078750 0.013304
v 0.350000 0.078750 0.000000
v -0.350000 0.095000 0.000000
v -0.332500 0.095000 0.012859
v -0.315000 0.095000 0.018795
v -0.297500 0.095000 0.023424
v -0.280000 0.095000 0.027330
v -0.262500 0.095000 0.030741
v -0.245000 0.095000 0.033770
v -0.227500 0.095000 0.036484
v -0.210000 0.095000 0.038925
v -0.192500 0.095000 0.041120
v -0.175000 0.095000 0.043089
v -0.157500 0.095000 0.044846
v -0.140000 0.095000 0.046401
v -0.122500 0.095000 0.047761
v -0.105000 0.095000 0.048931
v -0.087500 0.095000 0.049916
v -0.070000 0.095000 0.050718
v -0.052500 0.095000 0.051341
v -0.035000 0.095000 0.051784
v -0.017500 0.095000 0.052049
v 0.000000 0.095000 0.052138
v 0.017500 0.095000 0.052049
v 0.035000 0.095000 0.051784
v 0.052500 0.095000 0.051341
v 0.070000 0.095000 0.050718
v 0.087500 0.095000 0.049916
v 0.105000 0.095000 0.048931
v 0.122500 0.095000 0.047761
v 0.140000 0.095000 0.046401
v 0.157500 0.095000 0.044846
v 0.175000 0.095000 0.043089
v 0.192500 0.095000 0.041120
v 0.210000 0.095000 0.038925
v 0.227500 0.095000 0.036484
v 0.245000 0.095000 0.033770
v 0.262500 0.095000 0.030741
v 0.280000 0.095000 0.027330
v 0.297500 0.095000 0.023424
v 0.315000 0.095000 0.018795
v 0.332500 0.095000 0.012859
v 0.350000 0.095000 0.000000
v -0.350000 0.111250 0.000000
v -0.332500 0.111250 0.012381
v -0.315000 0.111250 0.018096
v -0.297500 0.111250 0.022552
v -0.280000 0.111250 0.026314
v -0.262500 0.111250 0.029597
v -0.245000 0.111250 0.032514
v -0.227500 0.111250 0.035127
v -0.210000 0.111250 0.037477
v -0.192500 0.111250 0.039591
v -0.175000 0.111250 0.041487
v -0.157500 0.111250 0.043179
v -0.140000 0.111250 0.044675
v -0.122500 0.111250 0.045985
v -0.105000 0.111250 0.047112
v -0.087500 0.111250 0.048060
v -0.070000 0.111250 0.048832
v -0.052500 0.111250 0.049431
v -0.035000 0.111250 0.049858
v -0.017500 0.111250 0.050114
v 0.000000 0.111250 0.050199
v 0.017500 0.111250 0.050114
v 0.035000 0.111250 0.049858
v 0.052500 0.111250 0.049431
v 0.070000 0.111250 0.048832
v 0.087500 0.111250 0.048060
v 0.105000 0.111250 0.047112
v 0.122500 0.111250 0.045985
v 0.140000 0.111250 0.044675
v 0.157500 0.111250 0.043179
v 0.175000 0.111250 0.041487
v 0.192500 0.111250 0.039591
v 0.210000 0.111250 0.037477
v 0.227500 0.111250 0.035127
v 0.245000 0.111250 0.032514
v 0.262500 0.111250 0.029597
v 0.280000 0.111250 0.026314
v 0.297500 0.111250 0.022552
v 0.315000 0.111250 0.018096
v 0.332500 0.111250 0.012381
v 0.350000 0.111250 0.000000
v -0.350000 0.127500 0.000000
v -0.332500 0.127500 0.011867
v -0.315000 0.127500 0.017345
v -0.297500 0.127500 0.021616
v -0.280000 0.127500 0.025222
v -0.262500 0.127500 0.028369
v -0.245000 0.127500 0.031164
v -0.227500 0.127500 0.033669
v -0.210000 0.127500 0.035921
v -0.192500 0.127500 0.037947
v -0.175000 0.127500 0.039765
v -0.157500 0.127500 0.041386
v -0.140000 0.127500 0.042821
v -0.122500 0.127500 0.044076
v -0.105000 0.127500 0.045156
v -0.087500 0.127500 0.046065
v -0.070000 0.127500 0.046805
v -0.052500 0.127500 0.047379
v -0.035000 0.127500 0.047788
v -0.017500 0.127500 0.048034
v 0.000000 0.127500 0.048115
v 0.017500 0.127500 0.048034
v 0.035000 0.127500 0.047788
v 0.052500 0.127500 0.047379
v 0.070000 0.127500 0.046805
v 0.087500 0.127500 0.046065
v 0.105000 0.127500 0.045156
v 0.122500 0.127500 0.044076
v 0.140000 0.127500 0.042821
v 0.157500 0.127500 0.041386
v 0.175000 0.127500 0.039765
v 0.192500 0.127500 0.037947
v 0.210000 0.127500 0.035921
v 0.227500 0.127500 0.033669
v 0.245000 0.127500 0.031164
v 0.262500 0.127500 0.028369
v 0.280000 0.127500 0.025222
v 0.297500 0.127500 0.021616
v 0.315000 0.127500 0.017345
v 0.332500 0.127500 0.011867
v 0.350000 0.127500 0.000000
v -0.350000 0.143750 0.000000
v -0.332500 0.143750 0.011315
v -0.315000 0.143750 0.016537
v -0.297500 0.143750 0.020610
v -0.280000 0.143750 0.024048
v -0.262500 0.143750 0.027049
v -0.245000 0.143750 0.029714
v -0.227500 0.143750 0.032102
v -0.210000 0.143750 0.034250
v -0.192500 0.143750 0.036181
v -0.175000 0.143750 0.037914
v -0.157500 0.143750 0.039460
v -0.140000 0.143750 0.040828
v -0.122500 0.143750 0.042025
v -0.105000 0.143750 0.043054
v -0.087500 0.143750 0.043921
v -0.070000 0.143750 0.044627
v -0.052500 0.143750 0.045174
v -0.035000 0.143750 0.045564
v -0.017500 0.143750 0.045798
v 0.000000 0.143750 0.045876
v 0.017500 0.143750 0.045798
v 0.035000 0.143750 0.045564
v 0.052500 0.143750 0.045174
v 0.070000 0.143750 0.044627
v 0.087500 0.143750 0.043921
v 0.105000 0.143750 0.043054
v 0.122500 0.143750 0.042025
v 0.140000 0.143750 0.040828
v 0.157500 0.143750 0.039460
v 0.175000 0.143750 0.037914
v 0.192500 0.143750 0.036181
v 0.210000 0.143750 0.034250
v 0.227500 0.143750 0.032102
v 0.245000 0.143750 0.029714
v 0.262500 0.143750 0.027049
v 0.280000 0.143750 0.024048
v 0.297500 0.143750 0.020610
v 0.315000 0.143750 0.016537
v 0.332500 0.143750 0.011315
v 0.350000 0.143750 0.000000
v -0.350000 0.160000 0.000000
v -0.332500 0.160000 0.010720
v -0.315000 0.160000 0.015668
v -0.297500 0.160000 0.019527
v -0.280000 0.160000 0.022784
v -0.262500 0.160000 0.025627
v -0.245000 0.160000 0.028152
v -0.227500 0.160000 0.030415
v -0.210000 0.160000 0.032450
v -0.192500 0.160000 0.034280
v -0.175000 0.160000 0.035922
v -0.157500 0.160000 0.037387
v -0.140000 0.160000 0.038683
v -0.122500 0.160000 0.039816
v -0.105000 0.160000 0.040792
v -0.087500 0.160000 0.041613
v -0.070000 0.160000 0.042282
v -0.052500 0.160000 0.042800
v -0.035000 0.160000 0.043170
v -0.017500 0.160000 0.043391
v 0.000000 0.160000 0.043465
v 0.017500 0.160000 0.043391
v 0.035000 0.160000 0.043170
v 0.052500 0.160000 0.042800
v 0.070000 0.160000 0.042282
v 0.087500 0.160000 0.041613
v 0.105000 0.160000 0.040792
v 0.122500 0.160000 0.039816
v 0.140000 0.160000 0.038683
v 0.157500 0.160000 0.037387
v 0.175000 0.160000 0.035922
v 0.192500 0.160000 0.034280
v 0.210000 0.160000 0.032450
v 0.227500 0.160000 0.030415
v 0.245000 0.160000 0.028152
v 0.262500 0.160000 0.025627
v 0.280000 0.160000 0.022784
v 0.297500 0.160000 0.019527
v 0.315000 0.160000 0.015668
v 0.332500 0.160000 0.010720
v 0.350000 0.160000 0.000000
v -0.350000 0.176250 0.000000
v -0.332500 0.176250 0.010078
v -0.315000 0.176250 0.014729
v -0.297500 0.176250 0.018357
v -0.280000 0.176250 0.021419
v -0.262500 0.176250 0.024092
v -0.245000 0.176250 0.026466
v -0.227500 0.176250 0.028592
v -0.210000 0.176250 0.030505
v -0.192500 0.176250 0.032226
v -0.175000 0.176250 0.033769
v -0.157500 0.176250 0.035146
v -0.140000 0.176250 0.036365
v -0.122500 0.176250 0.037431
v -0.105000 0.176250 0.038348
v -0.087500 0.176250 0.039119
v -0.070000 0.176250 0.039748
v -0.052500 0.176250 0.040236
v -0.035000 0.176250 0.040583
v -0.017500 0.176250 0.040791
v 0.000000 0.176250 0.040861
v 0.017500 0.176250 0.040791
v 0.035000 0.176250 0.040583
v 0.052500 0.176250 0.040236
v 0.070000 0.176250 0.039748
v 0.087500 0.176250 0.039119
v 0.105000 0.176250 0.038348
v 0.122500 0.176250 0.037431
v 0.140000 0.176250 0.036365
v 0.157500 0.176250 0.035146
v 0.175000 0.176250 0.033769
v 0.192500 0.176250 0.032226
v 0.210000 0.176250 0.030505
v 0.227500 0.176250 0.028592
v 0.245000 0.176250 0.026466
v 0.262500 0.176250 0.024092
v 0.280000 0.176250 0.021419
v 0.297500 0.176250 0.018357
v 0.315000 0.176250 0.014729
v 0.332500 0.176250 0.010078
v 0.350000 0.176250 0.000000
v -0.350000 0.192500 0.000000
v -0.332500 0.192500 0.009380
v -0.315000 0.192500 0.013709
v -0.297500 0.192500 0.017086
v -0.280000 0.192500 0.019935
v -0.262500 0.192500 0.022423
v -0.245000 0.192500 0.024632
v -0.227500 0.192500 0.026612
v -0.210000 0.192500 0.028392
v -0.192500 0.192500 0.029994
v -0.175000 0.192500 0.031430
v -0.157500 0.192500 0.032712
v -0.140000 0.192500 0.033846
v -0.122500 0.192500 0.034838
v -0.105000 0.192500 0.035691
v -0.087500 0.192500 0.036410
v -0.070000 0.192500 0.036995
v -0.052500 0.192500 0.037449
v -0.035000 0.192500 0.037772
v -0.017500 0.192500 0.037966
v 0.000000 0.192500 0.038030
v 0.017500 0.192500 0.037966
v 0.035000 0.192500 0.037772
v 0.052500 0.192500 0.037449
v 0.070000 0.192500 0.036995
v 0.087500 0.192500 0.036410
v 0.105000 0.192500 0.035691
v 0.122500 0.192500 0.034838
v 0.140000 0.192500 0.033846
v 0.157500 0.192500 0.032712
v 0.175000 0.192500 0.031430
v 0.192500 0.192500 0.029994
v 0.210000 0.192500 0.028392
v 0.227500 0.192500 0.026612
v 0.245000 0.192500 0.024632
v 0.262500 0.192500 0.022423
v 0.280000 0.192500 0.019935
v 0.297500 0.192500 0.017086
v 0.315000 0.192500 0.013709
v 0.332500 0.192500 0.009380
v 0.350000 0.192500 0.000000
v -0.350000 0.208750 0.000000
v -0.332500 0.208750 0.008614
v -0.315000 0.208750 0.012590
v -0.297500 0.208750 0.015691
v -0.280000 0.208750 0.018308
v -0.262500 0.208750 0.020592
v -0.245000 0.208750 0.022621
v -0.227500 0.208750 0.024439
v -0.210000 0.208750 0.026074
v -0.192500 0.208750 0.027545
v -0.175000 0.208750 0.028864
v -0.157500 0.208750 0.030041
v -0.140000 0.208750 0.031083
v -0.122500 0.208750 0.031994
v -0.105000 0.208750 0.032777
v -0.087500 0.208750 0.033437
v -0.070000 0.208750 0.033975
v -0.052500 0.208750 0.034391
v -0.035000 0.208750 0.034688
v -0.017500 0.208750 0.034866
v 0.000000 0.208750 0.034925
v 0.017500 0.208750 0.034866
v 0.035000 0.208750 0.034688
v 0.052500 0.208750 0.034391
v 0.070000 0.208750 0.033975
v 0.087500 0.208750 0.033437
v 0.105000 0.208750 0.032777
v 0.122500 0.208750 0.031994
v 0.140000 0.208750 0.031083
v 0.157500 0.208750 0.030041
v 0.175000 0.208750 0.028864
v 0.192500 0.208750 0.027545
v 0.210000 0.208750 0.026074
v 0.227500 0.208750 0.024439
v 0.245000 0.208750 0.022621
v 0.262500 0.208750 0.020592
v 0.280000 0.208750 0.018308
v 0.297500 0.208750 0.015691
v 0.315000 0.208750 0.012590
v 0.332500 0.208750 0.008614
v 0.350000 0.208750 0.000000
v -0.350000 0.225000 0.000000
v -0.332500 0.225000 0.007761
v -0.315000 0.225000 0.011344
v -0.297500 0.225000 0.014137
v -0.280000 0.225000 0.016495
v -0.262500 0.225000 0.018554
v -0.245000 0.225000 0.020382
v -0.227500 0.225000 0.022020
v -0.210000 0.225000 0.023493
v -0.192500 0.225000 0.024818
v -0.175000 0.225000 0.026007
v -0.157500 0.225000 0.027067
v -0.140000 0.225000 0.028006
v -0.122500 0.225000 0.028826
v -0.105000 0.225000 0.029533
v -0.087500 0.225000 0.030127
v -0.070000 0.225000 0.030611
v -0.052500 0.225000 0.030987
v -0.035000 0.225000 0.031254
v -0.017500 0.225000 0.031415
v 0.000000 0.225000 0.031468
v 0.017500 0.225000 0.031415
v 0.035000 0.225000 0.031254
v 0.052500 0.225000 0.030987
v 0.070000 0.225000 0.030611
v 0.087500 0.225000 0.030127
v 0.105000 0.225000 0.029533
v 0.122500 0.225000 0.028826
v 0.140000 0.225000 0.028006
v 0.157500 0.225000 0.027067
v 0.175000 0.225000 0.026007
v 0.192500 0.225000 0.024818
v 0.210000 0.225000 0.023493
v 0.227500 0.225000 0.022020
v 0.245000 0.225000 0.020382
v 0.262500 0.225000 0.018554
v 0.280000 0.225000 0.016495
v 0.297500 0.225000 0.014137
v 0.315000 0.225000 0.011344
v 0.332500 0.225000 0.007761
v 0.350000 0.225000 0.000000
v -0.350000 0.241250 0.000000
v -0.332500 0.241250 0.006788
v -0.315000 0.241250 0.009921
v -0.297500 0.241250 0.012365
v -0.280000 0.241250 0.014427
v -0.262500 0.241250 0.016227
v -0.245000 0.241250 0.017826
v -0.227500 0.241250 0.019259
v -0.210000 0.241250 0.020547
v -0.192500 0.241250 0.021706
v -0.175000 0.241250 0.022746
v -0.157500 0.241250 0.023673
v -0.140000 0.241250 0.024494
v -0.122500 0.241250 0.025212
v -0.105000 0.241250 0.025830
v -0.087500 0.241250 0.026349
v -0.070000 0.241250 0.026773
v -0.052500 0.241250 0.027101
v -0.035000 0.241250 0.027335
v -0.017500 0.241250 0.027476
v 0.000000 0.241250 0.027522
v 0.017500 0.241250 0.027476
v 0.035000 0.241250 0.027335
v 0.052500 0.241250 0.027101
v 0.070000 0.241250 0.026773
v 0.087500 0.241250 0.026349
v 0.105000 0.241250 0.025830
v 0.122500 0.241250 0.025212
v 0.140000 0.241250 0.024494
v 0.157500 0.241250 0.023673
v 0.175000 0.241250 0.022746
v 0.192500 0.241250 0.021706
v 0.210000 0.241250 0.020547
v 0.227500 0.241250 0.019259
v 0.245000 0.241250 0.017826
v 0.262500 0.241250 0.016227
v 0.280000 0.241250 0.014427
v 0.297500 0.241250 0.012365
v 0.315000 0.241250 0.009921
v 0.332500 0.241250 0.006788
v 0.350000 0.241250 0.000000
v -0.350000 0.257500 0.000000
v -0.332500 0.257500 0.005626
v -0.315000 0.257500 0.008224
v -0.297500 0.257500 0.010249
v -0.280000 0.257500 0.011958
v -0.262500 0.257500 0.013451
v -0.245000 0.257500 0.014776
v -0.227500 0.257500 0.015963
v -0.210000 0.257500 0.017031
v -0.192500 0.257500 0.017992
v -0.175000 0.257500 0.018854
v -0.157500 0.257500 0.019622
v -0.140000 0.257500 0.020303
v -0.122500 0.257500 0.020898
v -0.105000 0.257500 0.021410
v -0.087500 0.257500 0.021841
v -0.070000 0.257500 0.022192
v -0.052500 0.257500 0.022464
v -0.035000 0.257500 0.022658
v -0.017500 0.257500 0.022774
v 0.000000 0.257500 0.022813
v 0.017500 0.257500 0.022774
v 0.035000 0.257500 0.022658
v 0.052500 0.257500 0.022464
v 0.070000 0.257500 0.022192
v 0.087500 0.257500 0.021841
v 0.105000 0.257500 0.021410
v 0.122500 0.257500 0.020898
v 0.140000 0.257500 0.020303
v 0.157500 0.257500 0.019622
v 0.175000 0.257500 0.018854
v 0.192500 0.257500 0.017992
v 0.210000 0.257500 0.017031
v 0.227500 0.257500 0.015963
v 0.245000 0.257500 0.014776
v 0.262500 0.257500 0.013451
v 0.280000 0.257500 0.011958
v 0.297500 0.257500 0.010249
v 0.315000 0.257500 0.008224
v 0.332500 0.257500 0.005626
v 0.350000 0.257500 0.000000
v -0.350000 0.273750 0.000000
v -0.332500 0.273750 0.004095
v -0.315000 0.273750 0.005985
v -0.297500 0.273750 0.007458
v -0.280000 0.273750 0.008702
v -0.262500 0.273750 0.009788
v -0.245000 0.273750 0.010753
v -0.227500 0.273750 0.011617
v -0.210000 0.273750 0.012394
v -0.192500 0.273750 0.013093
v -0.175000 0.273750 0.013720
v -0.157500 0.273750 0.014280
v -0.140000 0.273750 0.014775
v -0.122500 0.273750 0.015208
v -0.105000 0.273750 0.015581
v -0.087500 0.273750 0.015894
v -0.070000 0.273750 0.016150
v -0.052500 0.273750 0.016348
v -0.035000 0.273750 0.016489
v -0.017500 0.273750 0.016573
v 0.000000 0.273750 0.016602
v 0.017500 0.273750 0.016573
v 0.035000 0.273750 0.016489
v 0.052500 0.273750 0.016348
v 0.070000 0.273750 0.016150
v 0.087500 0.273750 0.015894
v 0.105000 0.273750 0.015581
v 0.122500 0.273750 0.015208
v 0.140000 0.273750 0.014775
v 0.157500 0.273750 0.014280
v 0.175000 0.273750 0.013720
v 0.192500 0.273750 0.013093
v 0.210000 0.273750 0.012394
v 0.227500 0.273750 0.011617
v 0.245000 0.273750 0.010753
v 0.262500 0.273750 0.009788
v 0.280000 0.273750 0.008702
v 0.297500 0.273750 0.007458
v 0.315000 0.273750 0.005985
v 0.332500 0.273750 0.004095
v 0.350000 0.273750 0.000000
v -0.350000 0.290000 0.000000
v -0.332500 0.290000 0.000000
v -0.315000 0.290000 0.000000
v -0.297500 0.290000 0.000000
v -0.280000 0.290000 0.000000
v -0.262500 0.290000 0.000000
v -0.245000 0.290000 0.000000
v -0.227500 0.290000 0.000000
v -0.210000 0.290000 0.000000
v -0.192500 0.290000 0.000000
v -0.175000 0.290000 0.000000
v -0.157500 0.290000 0.000000
v -0.140000 0.290000 0.000000
v -0.122500 0.290000 0.000000
v -0.105000 0.290000 0.000000
v -0.087500 0.290000 0.000000
v -0.070000 0.290000 0.000000
v -0.052500 0.290000 0.000000
v -0.035000 0.290000 0.000000
v -0.017500 0.290000 0.000000
v 0.017500 0.290000 0.000000
v 0.035000 0.290000 0.000000
v 0.052500 0.290000 0.000000
v 0.070000 0.290000 0.000000
v 0.087500 0.290000 0.000000
v 0.105000 0.290000 0.000000
v 0.122500 0.290000 0.000000
v 0.140000 0.290000 0.000000
v 0.157500 0.290000 0.000000
v 0.175000 0.290000 0.000000
v 0.192500 0.290000 0.000000
v 0.210000 0.290000 0.000000
v 0.227500 0.290000 0.000000
v 0.245000 0.290000 0.000000
v 0.262500 0.290000 0.000000
v 0.280000 0.290000 0.000000
v 0.297500 0.290000 0.000000
v 0.315000 0.290000 0.000000
v 0.332500 0.290000 0.000000
v 0.350000 0.290000 0.000000
v -0.325792 -0.473750 -0.005393
v -0.308645 -0.473750 -0.007883
v -0.291498 -0.473750 -0.009825
v -0.274351 -0.473750 -0.011463
v -0.257204 -0.473750 -0.012894
v -0.240057 -0.473750 -0.014164
v -0.222910 -0.473750 -0.015302
v -0.205763 -0.473750 -0.016326
v -0.188617 -0.473750 -0.017247
v -0.171470 -0.473750 -0.018073
v -0.154323 -0.473750 -0.018810
v -0.137176 -0.473750 -0.019462
v -0.120029 -0.473750 -0.020032
v -0.102882 -0.473750 -0.020523
v -0.085735 -0.473750 -0.020936
v -0.068588 -0.473750 -0.021273
v -0.051441 -0.473750 -0.021534
v -0.034294 -0.473750 -0.021720
v -0.017147 -0.473750 -0.021831
v 0.000000 -0.473750 -0.021868
v 0.017147 -0.473750 -0.021831
v 0.034294 -0.473750 -0.021720
v 0.051441 -0.473750 -0.021534
v 0.068588 -0.473750 -0.021273
v 0.085735 -0.473750 -0.020936
v 0.102882 -0.473750 -0.020523
v 0.120029 -0.473750 -0.020032
v 0.137176 -0.473750 -0.019462
v 0.154323 -0.473750 -0.018810
v 0.171470 -0.473750 -0.018073
v 0.188617 -0.473750 -0.017247
v 0.205763 -0.473750 -0.016326
v 0.222910 -0.473750 -0.015302
v 0.240057 -0.473750 -0.014164
v 0.257204 -0.473750 -0.012894
v 0.274351 -0.473750 -0.011463
v 0.291498 -0.473750 -0.009825
v 0.308645 -0.473750 -0.007883
v 0.325792 -0.473750 -0.005393
v -0.330508 -0.457500 -0.007322
v -0.313113 -0.457500 -0.010702
v -0.295718 -0.457500 -0.013338
v -0.278323 -0.457500 -0.015562
v -0.260927 -0.457500 -0.017504
v -0.243532 -0.457500 -0.019229
v -0.226137 -0.457500 -0.020774
v -0.208742 -0.457500 -0.022164
v -0.191347 -0.457500 -0.023414
v -0.173952 -0.457500 -0.024535
v -0.156557 -0.457500 -0.025536
v -0.139161 -0.457500 -0.026421
v -0.121766 -0.457500 -0.027196
v -0.104371 -0.457500 -0.027862
v -0.086976 -0.457500 -0.028423
v -0.069581 -0.457500 -0.028880
v -0.052186 -0.457500 -0.029234
v -0.034790 -0.457500 -0.029486
v -0.017395 -0.457500 -0.029637
v 0.000000 -0.457500 -0.029688
v 0.017395 -0.457500 -0.029637
v 0.034790 -0.457500 -0.029486
v 0.052186 -0.457500 -0.029234
v 0.069581 -0.457500 -0.028880
v 0.086976 -0.457500 -0.028423
v 0.104371 -0.457500 -0.027862
v 0.121766 -0.457500 -0.027196
v 0.139161 -0.457500 -0.026421
v 0.156557 -0.457500 -0.025536
v 0.173952 -0.457500 -0.024535
v 0.191347 -0.457500 -0.023414
v 0.208742 -0.457500 -0.022164
v 0.226137 -0.457500 -0.020774
v 0.243532 -0.457500 -0.019229
v 0.260927 -0.457500 -0.017504
v 0.278323 -0.457500 -0.015562
v 0.295718 -0.457500 -0.013338
v 0.313113 -0.457500 -0.010702
v 0.330508 -0.457500 -0.007322
v -0.332366 -0.441250 -0.008727
v -0.314873 -0.441250 -0.012756
v -0.297380 -0.441250 -0.015898
v -0.279887 -0.441250 -0.018549
v -0.262394 -0.441250 -0.020864
v -0.244901 -0.441250 -0.022919
v -0.227408 -0.441250 -0.024761
v -0.209915 -0.441250 -0.026418
v -0.192422 -0.441250 -0.027908
v -0.174929 -0.441250 -0.029245
v -0.157437 -0.441250 -0.030437
v -0.139944 -0.441250 -0.031492
v -0.122451 -0.441250 -0.032415
v -0.104958 -0.441250 -0.033210
v -0.087465 -0.441250 -0.033878
v -0.069972 -0.441250 -0.034422
v -0.052479 -0.441250 -0.034845
v -0.034986 -0.441250 -0.035145
v -0.017493 -0.441250 -0.035326
v 0.000000 -0.441250 -0.035386
v 0.017493 -0.441250 -0.035326
v 0.034986 -0.441250 -0.035145
v 0.052479 -0.441250 -0.034845
v 0.069972 -0.441250 -0.034422
v 0.087465 -0.441250 -0.033878
v 0.104958 -0.441250 -0.033210
v 0.122451 -0.441250 -0.032415
v 0.139944 -0.441250 -0.031492
v 0.157437 -0.441250 -0.030437
v 0.174929 -0.441250 -0.029245
v 0.192422 -0.441250 -0.027908
v 0.209915 -0.441250 -0.026418
v 0.227408 -0.441250 -0.024761
v 0.244901 -0.441250 -0.022919
v 0.262394 -0.441250 -0.020864
v 0.279887 -0.441250 -0.018549
v 0.297380 -0.441250 -0.015898
v 0.314873 -0.441250 -0.012756
v 0.332366 -0.441250 -0.008727
v -0.332500 -0.425000 -0.009859
v -0.315000 -0.425000 -0.014410
v -0.297500 -0.425000 -0.017958
v -0.280000 -0.425000 -0.020953
v -0.262500 -0.425000 -0.023568
v -0.245000 -0.425000 -0.025891
v -0.227500 -0.425000 -0.027971
v -0.210000 -0.425000 -0.029843
v -0.192500 -0.425000 -0.031526
v -0.175000 -0.425000 -0.033036
v -0.157500 -0.425000 -0.034383
v -0.140000 -0.425000 -0.035575
v -0.122500 -0.425000 -0.036617
v -0.105000 -0.425000 -0.037515
v -0.087500 -0.425000 -0.038270
v -0.070000 -0.425000 -0.038885
v -0.052500 -0.425000 -0.039362
v -0.035000 -0.425000 -0.039702
v -0.017500 -0.425000 -0.039905
v 0.000000 -0.425000 -0.039973
v 0.017500 -0.425000 -0.039905
v 0.035000 -0.425000 -0.039702
v 0.052500 -0.425000 -0.039362
v 0.070000 -0.425000 -0.038885
v 0.087500 -0.425000 -0.038270
v 0.105000 -0.425000 -0.037515
v 0.122500 -0.425000 -0.036617
v 0.140000 -0.425000 -0.035575
v 0.157500 -0.425000 -0.034383
v 0.175000 -0.425000 -0.033036
v 0.192500 -0.425000 -0.031526
v 0.210000 -0.425000 -0.029843
v 0.227500 -0.425000 -0.027971
v 0.245000 -0.425000 -0.025891
v 0.262500 -0.425000 -0.023568
v 0.280000 -0.425000 -0.020953
v 0.297500 -0.425000 -0.017958
v 0.315000 -0.425000 -0.014410
v 0.332500 -0.425000 -0.009859
v -0.332500 -0.408750 -0.010811
v -0.315000 -0.408750 -0.015801
v -0.297500 -0.408750 -0.019692
v -0.280000 -0.408750 -0.022977
v -0.262500 -0.408750 -0.025844
v -0.245000 -0.408750 -0.028390
v -0.227500 -0.408750 -0.030672
v -0.210000 -0.408750 -0.032724
v -0.192500 -0.408750 -0.034570
v -0.175000 -0.408750 -0.036225
v -0.157500 -0.408750 -0.037703
v -0.140000 -0.408750 -0.039010
v -0.122500 -0.408750 -0.040153
v -0.105000 -0.408750 -0.041137
v -0.087500 -0.408750 -0.041965
v -0.070000 -0.408750 -0.042639
v -0.052500 -0.408750 -0.043162
v -0.035000 -0.408750 -0.043535
v -0.017500 -0.408750 -0.043758
v 0.000000 -0.408750 -0.043833
v 0.017500 -0.408750 -0.043758
v 0.035000 -0.408750 -0.043535
v 0.052500 -0.408750 -0.043162
v 0.070000 -0.408750 -0.042639
v 0.087500 -0.408750 -0.041965
v 0.105000 -0.408750 -0.041137
v 0.122500 -0.408750 -0.040153
v 0.140000 -0.408750 -0.039010
v 0.157500 -0.408750 -0.037703
v 0.175000 -0.408750 -0.036225
v 0.192500 -0.408750 -0.034570
v 0.210000 -0.408750 -0.032724
v 0.227500 -0.408750 -0.030672
v 0.245000 -0.408750 -0.028390
v 0.262500 -0.408750 -0.025844
v 0.280000 -0.408750 -0.022977
v 0.297500 -0.408750 -0.019692
v 0.315000 -0.408750 -0.015801
v 0.332500 -0.408750 -0.010811
v -0.332500 -0.392500 -0.011631
v -0.315000 -0.392500 -0.016999
v -0.297500 -0.392500 -0.021186
v -0.280000 -0.392500 -0.024720
v -0.262500 -0.392500 -0.027804
v -0.245000 -0.392500 -0.030544
v -0.227500 -0.392500 -0.032999
v -0.210000 -0.392500 -0.035206
v -0.192500 -0.392500 -0.037192
v -0.175000 -0.392500 -0.038973
v -0.157500 -0.392500 -0.040563
v -0.140000 -0.392500 -0.041969
v -0.122500 -0.392500 -0.043199
v -0.105000 -0.392500 -0.044257
v -0.087500 -0.392500 -0.045148
v -0.070000 -0.392500 -0.045874
v -0.052500 -0.392500 -0.046436
v -0.035000 -0.392500 -0.046837
v -0.017500 -0.392500 -0.047077
v 0.000000 -0.392500 -0.047158
v 0.017500 -0.392500 -0.047077
v 0.035000 -0.392500 -0.046837
v 0.052500 -0.392500 -0.046436
v 0.070000 -0.392500 -0.045874
v 0.087500 -0.392500 -0.045148
v 0.105000 -0.392500 -0.044257
v 0.122500 -0.392500 -0.043199
v 0.140000 -0.392500 -0.041969
v 0.157500 -0.392500 -0.040563
v 0.175000 -0.392500 -0.038973
v 0.192500 -0.392500 -0.037192
v 0.210000 -0.392500 -0.035206
v 0.227500 -0.392500 -0.032999
v 0.245000 -0.392500 -0.030544
v 0.262500 -0.392500 -0.027804
v 0.280000 -0.392500 -0.024720
v 0.297500 -0.392500 -0.021186
v 0.315000 -0.392500 -0.016999
v 0.332500 -0.392500 -0.011631
v -0.332500 -0.376250 -0.012347
v -0.315000 -0.376250 -0.018046
v -0.297500 -0.376250 -0.022491
v -0.280000 -0.376250 -0.026242
v -0.262500 -0.376250 -0.029516
v -0.245000 -0.376250 -0.032425
v -0.227500 -0.376250 -0.035030
v -0.210000 -0.376250 -0.037374
v -0.192500 -0.376250 -0.039482
v -0.175000 -0.376250 -0.041373
v -0.157500 -0.376250 -0.043060
v -0.140000 -0.376250 -0.044553
v -0.122500 -0.376250 -0.045859
v -0.105000 -0.376250 -0.046982
v -0.087500 -0.376250 -0.047928
v -0.070000 -0.376250 -0.048698
v -0.052500 -0.376250 -0.049295
v -0.035000 -0.376250 -0.049721
v -0.017500 -0.376250 -0.049976
v 0.000000 -0.376250 -0.050061
v 0.017500 -0.376250 -0.049976
v 0.035000 -0.376250 -0.049721
v 0.052500 -0.376250 -0.049295
v 0.070000 -0.376250 -0.048698
v 0.087500 -0.376250 -0.047928
v 0.105000 -0.376250 -0.046982
v 0.122500 -0.376250 -0.045859
v 0.140000 -0.376250 -0.044553
v 0.157500 -0.376250 -0.043060
v 0.175000 -0.376250 -0.041373
v 0.192500 -0.376250 -0.039482
v 0.210000 -0.376250 -0.037374
v 0.227500 -0.376250 -0.035030
v 0.245000 -0.376250 -0.032425
v 0.262500 -0.376250 -0.029516
v 0.280000 -0.376250 -0.026242
v 0.297500 -0.376250 -0.022491
v 0.315000 -0.376250 -0.018046
v 0.332500 -0.376250 -0.012347
v -0.332500 -0.360000 -0.012977
v -0.315000 -0.360000 -0.018967
v -0.297500 -0.360000 -0.023638
v -0.280000 -0.360000 -0.027581
v -0.262500 -0.360000 -0.031022
v -0.245000 -0.360000 -0.034079
v -0.227500 -0.360000 -0.036818
v -0.210000 -0.360000 -0.039281
v -0.192500 -0.360000 -0.041497
v -0.175000 -0.360000 -0.043484
v -0.157500 -0.360000 -0.045257
v -0.140000 -0.360000 -0.046826
v -0.122500 -0.360000 -0.048199
v -0.105000 -0.360000 -0.049380
v -0.087500 -0.360000 -0.050374
v -0.070000 -0.360000 -0.051183
v -0.052500 -0.360000 -0.051811
v -0.035000 -0.360000 -0.052258
v -0.017500 -0.360000 -0.052526
v 0.000000 -0.360000 -0.052616
v 0.017500 -0.360000 -0.052526
v 0.035000 -0.360000 -0.052258
v 0.052500 -0.360000 -0.051811
v 0.070000 -0.360000 -0.051183
v 0.087500 -0.360000 -0.050374
v 0.105000 -0.360000 -0.049380
v 0.122500 -0.360000 -0.048199
v 0.140000 -0.360000 -0.046826
v 0.157500 -0.360000 -0.045257
v 0.175000 -0.360000 -0.043484
v 0.192500 -0.360000 -0.041497
v 0.210000 -0.360000 -0.039281
v 0.227500 -0.360000 -0.036818
v 0.245000 -0.360000 -0.034079
v 0.262500 -0.360000 -0.031022
v 0.280000 -0.360000 -0.027581
v 0.297500 -0.360000 -0.023638
v 0.315000 -0.360000 -0.018967
v 0.332500 -0.360000 -0.012977
v -0.332500 -0.343750 -0.013533
v -0.315000 -0.343750 -0.019780
v -0.297500 -0.343750 -0.024652
v -0.280000 -0.343750 -0.028763
v -0.262500 -0.343750 -0.032352
v -0.245000 -0.343750 -0.035540
v -0.227500 -0.343750 -0.038396
v -0.210000 -0.343750 -0.040965
v -0.192500 -0.343750 -0.043276
v -0.175000 -0.343750 -0.045348
v -0.157500 -0.343750 -0.047197
v -0.140000 -0.343750 -0.048834
v -0.122500 -0.343750 -0.050265
v -0.105000 -0.343750 -0.051497
v -0.087500 -0.343750 -0.052533
v -0.070000 -0.343750 -0.053377
v -0.052500 -0.343750 -0.054032
v -0.035000 -0.343750 -0.054499
v -0.017500 -0.343750 -0.054778
v 0.000000 -0.343750 -0.054871
v 0.017500 -0.343750 -0.054778
v 0.035000 -0.343750 -0.054499
v 0.052500 -0.343750 -0.054032
v 0.070000 -0.343750 -0.053377
v 0.087500 -0.343750 -0.052533
v 0.105000 -0.343750 -0.051497
v 0.122500 -0.343750 -0.050265
v 0.140000 -0.343750 -0.048834
v 0.157500 -0.343750 -0.047197
v 0.175000 -0.343750 -0.045348
v 0.192500 -0.343750 -0.043276
v 0.210000 -0.343750 -0.040965
v 0.227500 -0.343750 -0.038396
v 0.245000 -0.343750 -0.035540
v 0.262500 -0.343750 -0.032352
v 0.280000 -0.343750 -0.028763
v 0.297500 -0.343750 -0.024652
v 0.315000 -0.343750 -0.019780
v 0.332500 -0.343750 -0.013533
v -0.332500 -0.327500 -0.014024
v -0.315000 -0.327500 -0.020498
v -0.297500 -0.327500 -0.025547
v -0.280000 -0.327500 -0.029807
v -0.262500 -0.327500 -0.033527
v -0.245000 -0.327500 -0.036831
v -0.227500 -0.327500 -0.039791
v -0.210000 -0.327500 -0.042452
v -0.192500 -0.327500 -0.044847
v -0.175000 -0.327500 -0.046995
v -0.157500 -0.327500 -0.048911
v -0.140000 -0.327500 -0.050607
v -0.122500 -0.327500 -0.052090
v -0.105000 -0.327500 -0.053366
v -0.087500 -0.327500 -0.054440
v -0.070000 -0.327500 -0.055315
v -0.052500 -0.327500 -0.055994
v -0.035000 -0.327500 -0.056477
v -0.017500 -0.327500 -0.056767
v 0.000000 -0.327500 -0.056863
v 0.017500 -0.327500 -0.056767
v 0.035000 -0.327500 -0.056477
v 0.052500 -0.327500 -0.055994
v 0.070000 -0.327500 -0.055315
v 0.087500 -0.327500 -0.054440
v 0.105000 -0.327500 -0.053366
v 0.122500 -0.327500 -0.052090
v 0.140000 -0.327500 -0.050607
v 0.157500 -0.327500 -0.048911
v 0.175000 -0.327500 -0.046995
v 0.192500 -0.327500 -0.044847
v 0.210000 -0.327500 -0.042452
v 0.227500 -0.327500 -0.039791
v 0.245000 -0.327500 -0.036831
v 0.262500 -0.327500 -0.033527
v 0.280000 -0.327500 -0.029807
v 0.297500 -0.327500 -0.025547
v 0.315000 -0.327500 -0.020498
v 0.332500 -0.327500 -0.014024
v -0.332500 -0.311250 -0.014458
v -0.315000 -0.311250 -0.021131
v -0.297500 -0.311250 -0.026335
v -0.280000 -0.311250 -0.030728
v -0.262500 -0.311250 -0.034562
v -0.245000 -0.311250 -0.037968
v -0.227500 -0.311250 -0.041019
v -0.210000 -0.311250 -0.043763
v -0.192500 -0.311250 -0.046232
v -0.175000 -0.311250 -0.048446
v -0.157500 -0.311250 -0.050421
v -0.140000 -0.311250 -0.052169
v -0.122500 -0.311250 -0.053698
v -0.105000 -0.311250 -0.055014
v -0.087500 -0.311250 -0.056121
v -0.070000 -0.311250 -0.057023
v -0.052500 -0.311250 -0.057723
v -0.035000 -0.311250 -0.058221
v -0.017500 -0.311250 -0.058520
v 0.000000 -0.311250 -0.058619
v 0.017500 -0.311250 -0.058520
v 0.035000 -0.311250 -0.058221
v 0.052500 -0.311250 -0.057723
v 0.070000 -0.311250 -0.057023
v 0.087500 -0.311250 -0.056121
v 0.105000 -0.311250 -0.055014
v 0.122500 -0.311250 -0.053698
v 0.140000 -0.311250 -0.052169
v 0.157500 -0.311250 -0.050421
v 0.175000 -0.311250 -0.048446
v 0.192500 -0.311250 -0.046232
v 0.210000 -0.311250 -0.043763
v 0.227500 -0.311250 -0.041019
v 0.245000 -0.311250 -0.037968
v 0.262500 -0.311250 -0.034562
v 0.280000 -0.311250 -0.030728
v 0.297500 -0.311250 -0.026335
v 0.315000 -0.311250 -0.021131
v 0.332500 -0.311250 -0.014458
v -0.332500 -0.295000 -0.014837
v -0.315000 -0.295000 -0.021686
v -0.297500 -0.295000 -0.027027
v -0.280000 -0.295000 -0.031535
v -0.262500 -0.295000 -0.035470
v -0.245000 -0.295000 -0.038965
v -0.227500 -0.295000 -0.042097
v -0.210000 -0.295000 -0.044913
v -0.192500 -0.295000 -0.047446
v -0.175000 -0.295000 -0.049718
v -0.157500 -0.295000 -0.051746
v -0.140000 -0.295000 -0.053540
v -0.122500 -0.295000 -0.055109
v -0.105000 -0.295000 -0.056459
v -0.087500 -0.295000 -0.057596
v -0.070000 -0.295000 -0.058521
v -0.052500 -0.295000 -0.059239
v -0.035000 -0.295000 -0.059751
v -0.017500 -0.295000 -0.060057
v 0.000000 -0.295000 -0.060159
v 0.017500 -0.295000 -0.060057
v 0.035000 -0.295000 -0.059751
v 0.052500 -0.295000 -0.059239
v 0.070000 -0.295000 -0.058521
v 0.087500 -0.295000 -0.057596
v 0.105000 -0.295000 -0.056459
v 0.122500 -0.295000 -0.055109
v 0.140000 -0.295000 -0.053540
v 0.157500 -0.295000 -0.051746
v 0.175000 -0.295000 -0.049718
v 0.192500 -0.295000 -0.047446
v 0.210000 -0.295000 -0.044913
v 0.227500 -0.295000 -0.042097
v 0.245000 -0.295000 -0.038965
v 0.262500 -0.295000 -0.035470
v 0.280000 -0.295000 -0.031535
v 0.297500 -0.295000 -0.027027
v 0.315000 -0.295000 -0.021686
v 0.332500 -0.295000 -0.014837
v -0.332500 -0.278750 -0.015168
v -0.315000 -0.278750 -0.022169
v -0.297500 -0.278750 -0.027629
v -0.280000 -0.278750 -0.032237
v -0.262500 -0.278750 -0.036260
v -0.245000 -0.278750 -0.039833
v -0.227500 -0.278750 -0.043034
v -0.210000 -0.278750 -0.045913
v -0.192500 -0.278750 -0.048503
v -0.175000 -0.278750 -0.050826
v -0.157500 -0.278750 -0.052899
v -0.140000 -0.278750 -0.054733
v -0.122500 -0.278750 -0.056337
v -0.105000 -0.278750 -0.057717
v -0.087500 -0.278750 -0.058879
v -0.070000 -0.278750 -0.059825
v -0.052500 -0.278750 -0.060559
v -0.035000 -0.278750 -0.061082
v -0.017500 -0.278750 -0.061395
v 0.000000 -0.278750 -0.061499
v 0.017500 -0.278750 -0.061395
v 0.035000 -0.278750 -0.061082
v 0.052500 -0.278750 -0.060559
v 0.070000 -0.278750 -0.059825
v 0.087500 -0.278750 -0.058879
v 0.105000 -0.278750 -0.057717
v 0.122500 -0.278750 -0.056337
v 0.140000 -0.278750 -0.054733
v 0.157500 -0.278750 -0.052899
v 0.175000 -0.278750 -0.050826
v 0.192500 -0.278750 -0.048503
v 0.210000 -0.278750 -0.045913
v 0.227500 -0.278750 -0.043034
v 0.245000 -0.278750 -0.039833
v 0.262500 -0.278750 -0.036260
v 0.280000 -0.278750 -0.032237
v 0.297500 -0.278750 -0.027629
v 0.315000 -0.278750 -0.022169
v 0.332500 -0.278750 -0.015168
v -0.332500 -0.262500 -0.015452
v -0.315000 -0.262500 -0.022585
v -0.297500 -0.262500 -0.028148
v -0.280000 -0.262500 -0.032842
v -0.262500 -0.262500 -0.036940
v -0.245000 -0.262500 -0.040580
v -0.227500 -0.262500 -0.043842
v -0.210000 -0.262500 -0.046775
v -0.192500 -0.262500 -0.049413
v -0.175000 -0.262500 -0.051779
v -0.157500 -0.262500 -0.053891
v -0.140000 -0.262500 -0.055759
v -0.122500 -0.262500 -0.057393
v -0.105000 -0.262500 -0.058800
v -0.087500 -0.262500 -0.059983
v -0.070000 -0.262500 -0.060947
v -0.052500 -0.262500 -0.061695
v -0.035000 -0.262500 -0.062227
v -0.017500 -0.262500 -0.062546
v 0.000000 -0.262500 -0.062653
v 0.017500 -0.262500 -0.062546
v 0.035000 -0.262500 -0.062227
v 0.052500 -0.262500 -0.061695
v 0.070000 -0.262500 -0.060947
v 0.087500 -0.262500 -0.059983
v 0.105000 -0.262500 -0.058800
v 0.122500 -0.262500 -0.057393
v 0.140000 -0.262500 -0.055759
v 0.157500 -0.262500 -0.053891
v 0.175000 -0.262500 -0.051779
v 0.192500 -0.262500 -0.049413
v 0.210000 -0.262500 -0.046775
v 0.227500 -0.262500 -0.043842
v 0.245000 -0.262500 -0.040580
v 0.262500 -0.262500 -0.036940
v 0.280000 -0.262500 -0.032842
v 0.297500 -0.262500 -0.028148
v 0.315000 -0.262500 -0.022585
v 0.332500 -0.262500 -0.015452
v -0.332500 -0.246250 -0.015693
v -0.315000 -0.246250 -0.022938
v -0.297500 -0.246250 -0.028587
v -0.280000 -0.246250 -0.033355
v -0.262500 -0.246250 -0.037517
v -0.245000 -0.246250 -0.041214
v -0.227500 -0.246250 -0.044526
v -0.210000 -0.246250 -0.047504
v -0.192500 -0.246250 -0.050184
v -0.175000 -0.246250 -0.052587
v -0.157500 -0.246250 -0.054732
v -0.140000 -0.246250 -0.056629
v -0.122500 -0.246250 -0.058289
v -0.105000 -0.246250 -0.059717
v -0.087500 -0.246250 -0.060919
v -0.070000 -0.246250 -0.061898
v -0.052500 -0.246250 -0.062657
v -0.035000 -0.246250 -0.063198
v -0.017500 -0.246250 -0.063522
v 0.000000 -0.246250 -0.063630
v 0.017500 -0.246250 -0.063522
v 0.035000 -0.246250 -0.063198
v 0.052500 -0.246250 -0.062657
v 0.070000 -0.246250 -0.061898
v 0.087500 -0.246250 -0.060919
v 0.105000 -0.246250 -0.059717
v 0.122500 -0.246250 -0.058289
v 0.140000 -0.246250 -0.056629
v 0.157500 -0.246250 -0.054732
v 0.175000 -0.246250 -0.052587
v 0.192500 -0.246250 -0.050184
v 0.210000 -0.246250 -0.047504
v 0.227500 -0.246250 -0.044526
v 0.245000 -0.246250 -0.041214
v 0.262500 -0.246250 -0.037517
v 0.280000 -0.246250 -0.033355
v 0.297500 -0.246250 -0.028587
v 0.315000 -0.246250 -0.022938
v 0.332500 -0.246250 -0.015693
v -0.332500 -0.230000 -0.015893
v -0.315000 -0.230000 -0.023230
v -0.297500 -0.230000 -0.028951
v -0.280000 -0.230000 -0.033779
v -0.262500 -0.230000 -0.037995
v -0.245000 -0.230000 -0.041739
v -0.227500 -0.230000 -0.045093
v -0.210000 -0.230000 -0.048110
v -0.192500 -0.230000 -0.050823
v -0.175000 -0.230000 -0.053257
v -0.157500 -0.230000 -0.055429
v -0.140000 -0.230000 -0.057351
v -0.122500 -0.230000 -0.059031
v -0.105000 -0.230000 -0.060478
v -0.087500 -0.230000 -0.061695
v -0.070000 -0.230000 -0.062687
v -0.052500 -0.230000 -0.063455
v -0.035000 -0.230000 -0.064003
v -0.017500 -0.230000 -0.064332
v 0.000000 -0.230000 -0.064441
v 0.017500 -0.230000 -0.064332
v 0.035000 -0.230000 -0.064003
v 0.052500 -0.230000 -0.063455
v 0.070000 -0.230000 -0.062687
v 0.087500 -0.230000 -0.061695
v 0.105000 -0.230000 -0.060478
v 0.122500 -0.230000 -0.059031
v 0.140000 -0.230000 -0.057351
v 0.157500 -0.230000 -0.055429
v 0.175000 -0.230000 -0.053257
v 0.192500 -0.230000 -0.050823
v 0.210000 -0.230000 -0.048110
v 0.227500 -0.230000 -0.045093
v 0.245000 -0.230000 -0.041739
v 0.262500 -0.230000 -0.037995
v 0.280000 -0.230000 -0.033779
v 0.297500 -0.230000 -0.028951
v 0.315000 -0.230000 -0.023230
v 0.332500 -0.230000 -0.015893
v -0.332500 -0.213750 -0.016054
v -0.315000 -0.213750 -0.023464
v -0.297500 -0.213750 -0.029243
v -0.280000 -0.213750 -0.034121
v -0.262500 -0.213750 -0.038379
v -0.245000 -0.213750 -0.042160
v -0.227500 -0.213750 -0.045548
v -0.210000 -0.213750 -0.048596
v -0.192500 -0.213750 -0.051337
v -0.175000 -0.213750 -0.053795
v -0.157500 -0.213750 -0.055989
v -0.140000 -0.213750 -0.057930
v -0.122500 -0.213750 -0.059628
v -0.105000 -0.213750 -0.061089
v -0.087500 -0.213750 -0.062318
v -0.070000 -0.213750 -0.063320
v -0.052500 -0.213750 -0.064096
v -0.035000 -0.213750 -0.064650
v -0.017500 -0.213750 -0.064981
v 0.000000 -0.213750 -0.065092
v 0.017500 -0.213750 -0.064981
v 0.035000 -0.213750 -0.064650
v 0.052500 -0.213750 -0.064096
v 0.070000 -0.213750 -0.063320
v 0.087500 -0.213750 -0.062318
v 0.105000 -0.213750 -0.061089
v 0.122500 -0.213750 -0.059628
v 0.140000 -0.213750 -0.057930
v 0.157500 -0.213750 -0.055989
v 0.175000 -0.213750 -0.053795
v 0.192500 -0.213750 -0.051337
v 0.210000 -0.213750 -0.048596
v 0.227500 -0.213750 -0.045548
v 0.245000 -0.213750 -0.042160
v 0.262500 -0.213750 -0.038379
v 0.280000 -0.213750 -0.034121
v 0.297500 -0.213750 -0.029243
v 0.315000 -0.213750 -0.023464
v 0.332500 -0.213750 -0.016054
v -0.332500 -0.197500 -0.016177
v -0.315000 -0.197500 -0.023644
v -0.297500 -0.197500 -0.029467
v -0.280000 -0.197500 -0.034382
v -0.262500 -0.197500 -0.038672
v -0.245000 -0.197500 -0.042483
v -0.227500 -0.197500 -0.045897
v -0.210000 -0.197500 -0.048967
v -0.192500 -0.197500 -0.051729
v -0.175000 -0.197500 -0.054207
v -0.157500 -0.197500 -0.056417
v -0.140000 -0.197500 -0.058373
v -0.122500 -0.197500 -0.060084
v -0.105000 -0.197500 -0.061556
v -0.087500 -0.197500 -0.062795
v -0.070000 -0.197500 -0.063804
v -0.052500 -0.197500 -0.064587
v -0.035000 -0.197500 -0.065144
v -0.017500 -0.197500 -0.065478
v 0.000000 -0.197500 -0.065590
v 0.017500 -0.197500 -0.065478
v 0.035000 -0.197500 -0.065144
v 0.052500 -0.197500 -0.064587
v 0.070000 -0.197500 -0.063804
v 0.087500 -0.197500 -0.062795
v 0.105000 -0.197500 -0.061556
v 0.122500 -0.197500 -0.060084
v 0.140000 -0.197500 -0.058373
v 0.157500 -0.197500 -0.056417
v 0.175000 -0.197500 -0.054207
v 0.192500 -0.197500 -0.051729
v 0.210000 -0.197500 -0.048967
v 0.227500 -0.197500 -0.045897
v 0.245000 -0.197500 -0.042483
v 0.262500 -0.197500 -0.038672
v 0.280000 -0.197500 -0.034382
v 0.297500 -0.197500 -0.029467
v 0.315000 -0.197500 -0.023644
v 0.332500 -0.197500 -0.016177
v -0.332500 -0.181250 -0.016263
v -0.315000 -0.181250 -0.023770
v -0.297500 -0.181250 -0.029625
v -0.280000 -0.181250 -0.034565
v -0.262500 -0.181250 -0.038879
v -0.245000 -0.181250 -0.042710
v -0.227500 -0.181250 -0.046142
v -0.210000 -0.181250 -0.049229
v -0.192500 -0.181250 -0.052005
v -0.175000 -0.181250 -0.054496
v -0.157500 -0.181250 -0.056718
v -0.140000 -0.181250 -0.058685
v -0.122500 -0.181250 -0.060405
v -0.105000 -0.181250 -0.061885
v -0.087500 -0.181250 -0.063130
v -0.070000 -0.181250 -0.064145
v -0.052500 -0.181250 -0.064932
v -0.035000 -0.181250 -0.065492
v -0.017500 -0.181250 -0.065828
v 0.000000 -0.181250 -0.065940
v 0.017500 -0.181250 -0.065828
v 0.035000 -0.181250 -0.065492
v 0.052500 -0.181250 -0.064932
v 0.070000 -0.181250 -0.064145
v 0.087500 -0.181250 -0.063130
v 0.105000 -0.181250 -0.061885
v 0.122500 -0.181250 -0.060405
v 0.140000 -0.181250 -0.058685
v 0.157500 -0.181250 -0.056718
v 0.175000 -0.181250 -0.054496
v 0.192500 -0.181250 -0.052005
v 0.210000 -0.181250 -0.049229
v 0.227500 -0.181250 -0.046142
v 0.245000 -0.181250 -0.042710
v 0.262500 -0.181250 -0.038879
v 0.280000 -0.181250 -0.034565
v 0.297500 -0.181250 -0.029625
v 0.315000 -0.181250 -0.023770
v 0.332500 -0.181250 -0.016263
v -0.332500 -0.165000 -0.016314
v -0.315000 -0.165000 -0.023845
v -0.297500 -0.165000 -0.029718
v -0.280000 -0.165000 -0.034674
v -0.262500 -0.165000 -0.039001
v -0.245000 -0.165000 -0.042844
v -0.227500 -0.165000 -0.046287
v -0.210000 -0.165000 -0.049384
v -0.192500 -0.165000 -0.052169
v -0.175000 -0.165000 -0.054668
v -0.157500 -0.165000 -0.056897
v -0.140000 -0.165000 -0.058869
v -0.122500 -0.165000 -0.060595
v -0.105000 -0.165000 -0.062079
v -0.087500 -0.165000 -0.063329
v -0.070000 -0.165000 -0.064347
v -0.052500 -0.165000 -0.065136
v -0.035000 -0.165000 -0.065698
v -0.017500 -0.165000 -0.066035
v 0.000000 -0.165000 -0.066147
v 0.017500 -0.165000 -0.066035
v 0.035000 -0.165000 -0.065698
v 0.052500 -0.165000 -0.065136
v 0.070000 -0.165000 -0.064347
v 0.087500 -0.165000 -0.063329
v 0.105000 -0.165000 -0.062079
v 0.122500 -0.165000 -0.060595
v 0.140000 -0.165000 -0.058869
v 0.157500 -0.165000 -0.056897
v 0.175000 -0.165000 -0.054668
v 0.192500 -0.165000 -0.052169
v 0.210000 -0.165000 -0.049384
v 0.227500 -0.165000 -0.046287
v 0.245000 -0.165000 -0.042844
v 0.262500 -0.165000 -0.039001
v 0.280000 -0.165000 -0.034674
v 0.297500 -0.165000 -0.029718
v 0.315000 -0.165000 -0.023845
v 0.332500 -0.165000 -0.016314
v -0.332500 -0.148750 -0.016331
v -0.315000 -0.148750 -0.023870
v -0.297500 -0.148750 -0.029749
v -0.280000 -0.148750 -0.034710
v -0.262500 -0.148750 -0.039041
v -0.245000 -0.148750 -0.042888
v -0.227500 -0.148750 -0.046335
v -0.210000 -0.148750 -0.049435
v -0.192500 -0.148750 -0.052223
v -0.175000 -0.148750 -0.054724
v -0.157500 -0.148750 -0.056956
v -0.140000 -0.148750 -0.058931
v -0.122500 -0.148750 -0.060658
v -0.105000 -0.148750 -0.062144
v -0.087500 -0.148750 -0.063395
v -0.070000 -0.148750 -0.064414
v -0.052500 -0.148750 -0.065204
v -0.035000 -0.148750 -0.065767
v -0.017500 -0.148750 -0.066104
v 0.000000 -0.148750 -0.066216
v 0.017500 -0.148750 -0.066104
v 0.035000 -0.148750 -0.065767
v 0.052500 -0.148750 -0.065204
v 0.070000 -0.148750 -0.064414
v 0.087500 -0.148750 -0.063395
v 0.105000 -0.148750 -0.062144
v 0.122500 -0.148750 -0.060658
v 0.140000 -0.148750 -0.058931
v 0.157500 -0.148750 -0.056956
v 0.175000 -0.148750 -0.054724
v 0.192500 -0.148750 -0.052223
v 0.210000 -0.148750 -0.049435
v 0.227500 -0.148750 -0.046335
v 0.245000 -0.148750 -0.042888
v 0.262500 -0.148750 -0.039041
v 0.280000 -0.148750 -0.034710
v 0.297500 -0.148750 -0.029749
v 0.315000 -0.148750 -0.023870
v 0.332500 -0.148750 -0.016331
v -0.332500 -0.132500 -0.016315
v -0.315000 -0.132500 -0.023846
v -0.297500 -0.132500 -0.029719
v -0.280000 -0.132500 -0.034675
v -0.262500 -0.132500 -0.039002
v -0.245000 -0.132500 -0.042846
v -0.227500 -0.132500 -0.046289
v -0.210000 -0.132500 -0.049386
v -0.192500 -0.132500 -0.052171
v -0.175000 -0.132500 -0.054670
v -0.157500 -0.132500 -0.056899
v -0.140000 -0.132500 -0.058872
v -0.122500 -0.132500 -0.060597
v -0.105000 -0.132500 -0.062082
v -0.087500 -0.132500 -0.063331
v -0.070000 -0.132500 -0.064349
v -0.052500 -0.132500 -0.065138
v -0.035000 -0.132500 -0.065701
v -0.017500 -0.132500 -0.066038
v 0.000000 -0.132500 -0.066150
v 0.017500 -0.132500 -0.066038
v 0.035000 -0.132500 -0.065701
v 0.052500 -0.132500 -0.065138
v 0.070000 -0.132500 -0.064349
v 0.087500 -0.132500 -0.063331
v 0.105000 -0.132500 -0.062082
v 0.122500 -0.132500 -0.060597
v 0.140000 -0.132500 -0.058872
v 0.157500 -0.132500 -0.056899
v 0.175000 -0.132500 -0.054670
v 0.192500 -0.132500 -0.052171
v 0.210000 -0.132500 -0.049386
v 0.227500 -0.132500 -0.046289
v 0.245000 -0.132500 -0.042846
v 0.262500 -0.132500 -0.039002
v 0.280000 -0.132500 -0.034675
v 0.297500 -0.132500 -0.029719
v 0.315000 -0.132500 -0.023846
v 0.332500 -0.132500 -0.016315
v -0.332500 -0.116250 -0.016266
v -0.315000 -0.116250 -0.023774
v -0.297500 -0.116250 -0.029630
v -0.280000 -0.116250 -0.034571
v -0.262500 -0.116250 -0.038886
v -0.245000 -0.116250 -0.042717
v -0.227500 -0.116250 -0.046150
v -0.210000 -0.116250 -0.049238
v -0.192500 -0.116250 -0.052015
v -0.175000 -0.116250 -0.054506
v -0.157500 -0.116250 -0.056729
v -0.140000 -0.116250 -0.058695
v -0.122500 -0.116250 -0.060416
v -0.105000 -0.116250 -0.061896
v -0.087500 -0.116250 -0.063142
v -0.070000 -0.116250 -0.064157
v -0.052500 -0.116250 -0.064943
v -0.035000 -0.116250 -0.065504
v -0.017500 -0.116250 -0.065840
v 0.000000 -0.116250 -0.065952
v 0.017500 -0.116250 -0.065840
v 0.035000 -0.116250 -0.065504
v 0.052500 -0.116250 -0.064943
v 0.070000 -0.116250 -0.064157
v 0.087500 -0.116250 -0.063142
v 0.105000 -0.116250 -0.061896
v 0.122500 -0.116250 -0.060416
v 0.140000 -0.116250 -0.058695
v 0.157500 -0.116250 -0.056729
v 0.175000 -0.116250 -0.054506
v 0.192500 -0.116250 -0.052015
v 0.210000 -0.116250 -0.049238
v 0.227500 -0.116250 -0.046150
v 0.245000 -0.116250 -0.042717
v 0.262500 -0.116250 -0.038886
v 0.280000 -0.116250 -0.034571
v 0.297500 -0.116250 -0.029630
v 0.315000 -0.116250 -0.023774
v 0.332500 -0.116250 -0.016266
v -0.332500 -0.100000 -0.016185
v -0.315000 -0.100000 -0.023657
v -0.297500 -0.100000 -0.029483
v -0.280000 -0.100000 -0.034400
v -0.262500 -0.100000 -0.038693
v -0.245000 -0.100000 -0.042505
v -0.227500 -0.100000 -0.045922
v -0.210000 -0.100000 -0.048994
v -0.192500 -0.100000 -0.051757
v -0.175000 -0.100000 -0.054236
v -0.157500 -0.100000 -0.056447
v -0.140000 -0.100000 -0.058404
v -0.122500 -0.100000 -0.060116
v -0.105000 -0.100000 -0.061589
v -0.087500 -0.100000 -0.062829
v -0.070000 -0.100000 -0.063839
v -0.052500 -0.100000 -0.064621
v -0.035000 -0.100000 -0.065179
v -0.017500 -0.100000 -0.065514
v 0.000000 -0.100000 -0.065625
v 0.017500 -0.100000 -0.065514
v 0.035000 -0.100000 -0.065179
v 0.052500 -0.100000 -0.064621
v 0.070000 -0.100000 -0.063839
v 0.087500 -0.100000 -0.062829
v 0.105000 -0.100000 -0.061589
v 0.122500 -0.100000 -0.060116
v 0.140000 -0.100000 -0.058404
v 0.157500 -0.100000 -0.056447
v 0.175000 -0.100000 -0.054236
v 0.192500 -0.100000 -0.051757
v 0.210000 -0.100000 -0.048994
v 0.227500 -0.100000 -0.045922
v 0.245000 -0.100000 -0.042505
v 0.262500 -0.100000 -0.038693
v 0.280000 -0.100000 -0.034400
v 0.297500 -0.100000 -0.029483
v 0.315000 -0.100000 -0.023657
v 0.332500 -0.100000 -0.016185
v -0.332500 -0.083750 -0.016074
v -0.315000 -0.083750 -0.023493
v -0.297500 -0.083750 -0.029279
v -0.280000 -0.083750 -0.034162
v -0.262500 -0.083750 -0.038425
v -0.245000 -0.083750 -0.042212
v -0.227500 -0.083750 -0.045604
v -0.210000 -0.083750 -0.048655
v -0.192500 -0.083750 -0.051399
v -0.175000 -0.083750 -0.053861
v -0.157500 -0.083750 -0.056057
v -0.140000 -0.083750 -0.058001
v -0.122500 -0.083750 -0.059701
v -0.105000 -0.083750 -0.061163
v -0.087500 -0.083750 -0.062394
v -0.070000 -0.083750 -0.063397
v -0.052500 -0.083750 -0.064175
v -0.035000 -0.083750 -0.064729
v -0.017500 -0.083750 -0.065061
v 0.000000 -0.083750 -0.065171
v 0.017500 -0.083750 -0.065061
v 0.035000 -0.083750 -0.064729
v 0.052500 -0.083750 -0.064175
v 0.070000 -0.083750 -0.063397
v 0.087500 -0.083750 -0.062394
v 0.105000 -0.083750 -0.061163
v 0.122500 -0.083750 -0.059701
v 0.140000 -0.083750 -0.058001
v 0.157500 -0.083750 -0.056057
v 0.175000 -0.083750 -0.053861
v 0.192500 -0.083750 -0.051399
v 0.210000 -0.083750 -0.048655
v 0.227500 -0.083750 -0.045604
v 0.245000 -0.083750 -0.042212
v 0.262500 -0.083750 -0.038425
v 0.280000 -0.083750 -0.034162
v 0.297500 -0.083750 -0.029279
v 0.315000 -0.083750 -0.023493
v 0.332500 -0.083750 -0.016074
v -0.332500 -0.067500 -0.015931
v -0.315000 -0.067500 -0.023285
v -0.297500 -0.067500 -0.029020
v -0.280000 -0.067500 -0.033859
v -0.262500 -0.067500 -0.038085
v -0.245000 -0.067500 -0.041837
v -0.227500 -0.067500 -0.045200
v -0.210000 -0.067500 -0.048224
v -0.192500 -0.067500 -0.050943
v -0.175000 -0.067500 -0.053383
v -0.157500 -0.067500 -0.055560
v -0.140000 -0.067500 -0.057486
v -0.122500 -0.067500 -0.059171
v -0.105000 -0.067500 -0.060621
v -0.087500 -0.067500 -0.061841
v -0.070000 -0.067500 -0.062835
v -0.052500 -0.067500 -0.063606
v -0.035000 -0.067500 -0.064155
v -0.017500 -0.067500 -0.064484
v 0.000000 -0.067500 -0.064594
v 0.017500 -0.067500 -0.064484
v 0.035000 -0.067500 -0.064155
v 0.052500 -0.067500 -0.063606
v 0.070000 -0.067500 -0.062835
v 0.087500 -0.067500 -0.061841
v 0.105000 -0.067500 -0.060621
v 0.122500 -0.067500 -0.059171
v 0.140000 -0.067500 -0.057486
v 0.157500 -0.067500 -0.055560
v 0.175000 -0.067500 -0.053383
v 0.192500 -0.067500 -0.050943
v 0.210000 -0.067500 -0.048224
v 0.227500 -0.067500 -0.045200
v 0.245000 -0.067500 -0.041837
v 0.262500 -0.067500 -0.038085
v 0.280000 -0.067500 -0.033859
v 0.297500 -0.067500 -0.029020
v 0.315000 -0.067500 -0.023285
v 0.332500 -0.067500 -0.015931
v -0.332500 -0.051250 -0.015758
v -0.315000 -0.051250 -0.023032
v -0.297500 -0.051250 -0.028705
v -0.280000 -0.051250 -0.033492
v -0.262500 -0.051250 -0.037672
v -0.245000 -0.051250 -0.041384
v -0.227500 -0.051250 -0.044709
v -0.210000 -0.051250 -0.047700
v -0.192500 -0.051250 -0.050391
v -0.175000 -0.051250 -0.052804
v -0.157500 -0.051250 -0.054958
v -0.140000 -0.051250 -0.056863
v -0.122500 -0.051250 -0.058529
v -0.105000 -0.051250 -0.059963
v -0.087500 -0.051250 -0.061170
v -0.070000 -0.051250 -0.062154
v -0.052500 -0.051250 -0.062916
v -0.035000 -0.051250 -0.063459
v -0.017500 -0.051250 -0.063784
v 0.000000 -0.051250 -0.063893
v 0.017500 -0.051250 -0.063784
v 0.035000 -0.051250 -0.063459
v 0.052500 -0.051250 -0.062916
v 0.070000 -0.051250 -0.062154
v 0.087500 -0.051250 -0.061170
v 0.105000 -0.051250 -0.059963
v 0.122500 -0.051250 -0.058529
v 0.140000 -0.051250 -0.056863
v 0.157500 -0.051250 -0.054958
v 0.175000 -0.051250 -0.052804
v 0.192500 -0.051250 -0.050391
v 0.210000 -0.051250 -0.047700
v 0.227500 -0.051250 -0.044709
v 0.245000 -0.051250 -0.041384
v 0.262500 -0.051250 -0.037672
v 0.280000 -0.051250 -0.033492
v 0.297500 -0.051250 -0.028705
v 0.315000 -0.051250 -0.023032
v 0.332500 -0.051250 -0.015758
v -0.332500 -0.035000 -0.015555
v -0.315000 -0.035000 -0.022736
v -0.297500 -0.035000 -0.028335
v -0.280000 -0.035000 -0.033061
v -0.262500 -0.035000 -0.037187
v -0.245000 -0.035000 -0.040851
v -0.227500 -0.035000 -0.044134
v -0.210000 -0.035000 -0.047087
v -0.192500 -0.035000 -0.049743
v -0.175000 -0.035000 -0.052125
v -0.157500 -0.035000 -0.054250
v -0.140000 -0.035000 -0.056131
v -0.122500 -0.035000 -0.057776
v -0.105000 -0.035000 -0.059192
v -0.087500 -0.035000 -0.060383
v -0.070000 -0.035000 -0.061354
v -0.052500 -0.035000 -0.062106
v -0.035000 -0.035000 -0.062643
v -0.017500 -0.035000 -0.062964
v 0.000000 -0.035000 -0.063071
v 0.017500 -0.035000 -0.062964
v 0.035000 -0.035000 -0.062643
v 0.052500 -0.035000 -0.062106
v 0.070000 -0.035000 -0.061354
v 0.087500 -0.035000 -0.060383
v 0.105000 -0.035000 -0.059192
v 0.122500 -0.035000 -0.057776
v 0.140000 -0.035000 -0.056131
v 0.157500 -0.035000 -0.054250
v 0.175000 -0.035000 -0.052125
v 0.192500 -0.035000 -0.049743
v 0.210000 -0.035000 -0.047087
v 0.227500 -0.035000 -0.044134
v 0.245000 -0.035000 -0.040851
v 0.262500 -0.035000 -0.037187
v 0.280000 -0.035000 -0.033061
v 0.297500 -0.035000 -0.028335
v 0.315000 -0.035000 -0.022736
v 0.332500 -0.035000 -0.015555
v -0.332500 -0.018750 -0.015323
v -0.315000 -0.018750 -0.022396
v -0.297500 -0.018750 -0.027912
v -0.280000 -0.018750 -0.032567
v -0.262500 -0.018750 -0.036631
v -0.245000 -0.018750 -0.040241
v -0.227500 -0.018750 -0.043475
v -0.210000 -0.018750 -0.046383
v -0.192500 -0.018750 -0.048999
v -0.175000 -0.018750 -0.051346
v -0.157500 -0.018750 -0.053440
v -0.140000 -0.018750 -0.055293
v -0.122500 -0.018750 -0.056913
v -0.105000 -0.018750 -0.058308
v -0.087500 -0.018750 -0.059481
v -0.070000 -0.018750 -0.060437
v -0.052500 -0.018750 -0.061178
v -0.035000 -0.018750 -0.061707
v -0.017500 -0.018750 -0.062023
v 0.000000 -0.018750 -0.062128
v 0.017500 -0.018750 -0.062023
v 0.035000 -0.018750 -0.061707
v 0.052500 -0.018750 -0.061178
v 0.070000 -0.018750 -0.060437
v 0.087500 -0.018750 -0.059481
v 0.105000 -0.018750 -0.058308
v 0.122500 -0.018750 -0.056913
v 0.140000 -0.018750 -0.055293
v 0.157500 -0.018750 -0.053440
v 0.175000 -0.018750 -0.051346
v 0.192500 -0.018750 -0.048999
v 0.210000 -0.018750 -0.046383
v 0.227500 -0.018750 -0.043475
v 0.245000 -0.018750 -0.040241
v 0.262500 -0.018750 -0.036631
v 0.280000 -0.018750 -0.032567
v 0.297500 -0.018750 -0.027912
v 0.315000 -0.018750 -0.022396
v 0.332500 -0.018750 -0.015323
v -0.332500 -0.002500 -0.015061
v -0.315000 -0.002500 -0.022013
v -0.297500 -0.002500 -0.027435
v -0.280000 -0.002500 -0.032010
v -0.262500 -0.002500 -0.036005
v -0.245000 -0.002500 -0.039553
v -0.227500 -0.002500 -0.042732
v -0.210000 -0.002500 -0.045590
v -0.192500 -0.002500 -0.048162
v -0.175000 -0.002500 -0.050468
v -0.157500 -0.002500 -0.052526
v -0.140000 -0.002500 -0.054347
v -0.122500 -0.002500 -0.055940
v -0.105000 -0.002500 -0.057311
v -0.087500 -0.002500 -0.058464
v -0.070000 -0.002500 -0.059404
v -0.052500 -0.002500 -0.060133
v -0.035000 -0.002500 -0.060652
v -0.017500 -0.002500 -0.060963
v 0.000000 -0.002500 -0.061066
v 0.017500 -0.002500 -0.060963
v 0.035000 -0.002500 -0.060652
v 0.052500 -0.002500 -0.060133
v 0.070000 -0.002500 -0.059404
v 0.087500 -0.002500 -0.058464
v 0.105000 -0.002500 -0.057311
v 0.122500 -0.002500 -0.055940
v 0.140000 -0.002500 -0.054347
v 0.157500 -0.002500 -0.052526
v 0.175000 -0.002500 -0.050468
v 0.192500 -0.002500 -0.048162
v 0.210000 -0.002500 -0.045590
v 0.227500 -0.002500 -0.042732
v 0.245000 -0.002500 -0.039553
v 0.262500 -0.002500 -0.036005
v 0.280000 -0.002500 -0.032010
v 0.297500 -0.002500 -0.027435
v 0.315000 -0.002500 -0.022013
v 0.332500 -0.002500 -0.015061
v -0.332500 0.013750 -0.014770
v -0.315000 0.013750 -0.021587
v -0.297500 0.013750 -0.026904
v -0.280000 0.013750 -0.031391
v -0.262500 0.013750 -0.035308
v -0.245000 0.013750 -0.038787
v -0.227500 0.013750 -0.041905
v -0.210000 0.013750 -0.044708
v -0.192500 0.013750 -0.047230
v -0.175000 0.013750 -0.049492
v -0.157500 0.013750 -0.051510
v -0.140000 0.013750 -0.053296
v -0.122500 0.013750 -0.054857
v -0.105000 0.013750 -0.056202
v -0.087500 0.013750 -0.057333
v -0.070000 0.013750 -0.058254
v -0.052500 0.013750 -0.058969
v -0.035000 0.013750 -0.059478
v -0.017500 0.013750 -0.059783
v 0.000000 0.013750 -0.059885
v 0.017500 0.013750 -0.059783
v 0.035000 0.013750 -0.059478
v 0.052500 0.013750 -0.058969
v 0.070000 0.013750 -0.058254
v 0.087500 0.013750 -0.057333
v 0.105000 0.013750 -0.056202
v 0.122500 0.013750 -0.054857
v 0.140000 0.013750 -0.053296
v 0.157500 0.013750 -0.051510
v 0.175000 0.013750 -0.049492
v 0.192500 0.013750 -0.047230
v 0.210000 0.013750 -0.044708
v 0.227500 0.013750 -0.041905
v 0.245000 0.013750 -0.038787
v 0.262500 0.013750 -0.035308
v 0.280000 0.013750 -0.031391
v 0.297500 0.013750 -0.026904
v 0.315000 0.013750 -0.021587
v 0.332500 0.013750 -0.014770
v -0.332500 0.030000 -0.014448
v -0.315000 0.030000 -0.021118
v -0.297500 0.030000 -0.026319
v -0.280000 0.030000 -0.030709
v -0.262500 0.030000 -0.034541
v -0.245000 0.030000 -0.037944
v -0.227500 0.030000 -0.040994
v -0.210000 0.030000 -0.043736
v -0.192500 0.030000 -0.046203
v -0.175000 0.030000 -0.048416
v -0.157500 0.030000 -0.050390
v -0.140000 0.030000 -0.052137
v -0.122500 0.030000 -0.053665
v -0.105000 0.030000 -0.054980
v -0.087500 0.030000 -0.056086
v -0.070000 0.030000 -0.056988
v -0.052500 0.030000 -0.057687
v -0.035000 0.030000 -0.058185
v -0.017500 0.030000 -0.058483
v 0.000000 0.030000 -0.058583
v 0.017500 0.030000 -0.058483
v 0.035000 0.030000 -0.058185
v 0.052500 0.030000 -0.057687
v 0.070000 0.030000 -0.056988
v 0.087500 0.030000 -0.056086
v 0.105000 0.030000 -0.054980
v 0.122500 0.030000 -0.053665
v 0.140000 0.030000 -0.052137
v 0.157500 0.030000 -0.050390
v 0.175000 0.030000 -0.048416
v 0.192500 0.030000 -0.046203
v 0.210000 0.030000 -0.043736
v 0.227500 0.030000 -0.040994
v 0.245000 0.030000 -0.037944
v 0.262500 0.030000 -0.034541
v 0.280000 0.030000 -0.030709
v 0.297500 0.030000 -0.026319
v 0.315000 0.030000 -0.021118
v 0.332500 0.030000 -0.014448
v -0.332500 0.046250 -0.014097
v -0.315000 0.046250 -0.020605
v -0.297500 0.046250 -0.025680
v -0.280000 0.046250 -0.029963
v -0.262500 0.046250 -0.033702
v -0.245000 0.046250 -0.037022
v -0.227500 0.046250 -0.039998
v -0.210000 0.046250 -0.042674
v -0.192500 0.046250 -0.045080
v -0.175000 0.046250 -0.047239
v -0.157500 0.046250 -0.049166
v -0.140000 0.046250 -0.050870
v -0.122500 0.046250 -0.052361
v -0.105000 0.046250 -0.053644
v -0.087500 0.046250 -0.054724
v -0.070000 0.046250 -0.055603
v -0.052500 0.046250 -0.056285
v -0.035000 0.046250 -0.056771
v -0.017500 0.046250 -0.057062
v 0.000000 0.046250 -0.057159
v 0.017500 0.046250 -0.057062
v 0.035000 0.046250 -0.056771
v 0.052500 0.046250 -0.056285
v 0.070000 0.046250 -0.055603
v 0.087500 0.046250 -0.054724
v 0.105000 0.046250 -0.053644
v 0.122500 0.046250 -0.052361
v 0.140000 0.046250 -0.050870
v 0.157500 0.046250 -0.049166
v 0.175000 0.046250 -0.047239
v 0.192500 0.046250 -0.045080
v 0.210000 0.046250 -0.042674
v 0.227500 0.046250 -0.039998
v 0.245000 0.046250 -0.037022
v 0.262500 0.046250 -0.033702
v 0.280000 0.046250 -0.029963
v 0.297500 0.046250 -0.025680
v 0.315000 0.046250 -0.020605
v 0.332500 0.046250 -0.014097
v -0.332500 0.062500 -0.013716
v -0.315000 0.062500 -0.020047
v -0.297500 0.062500 -0.024985
v -0.280000 0.062500 -0.029152
v -0.262500 0.062500 -0.032790
v -0.245000 0.062500 -0.036021
v -0.227500 0.062500 -0.038916
v -0.210000 0.062500 -0.041519
v -0.192500 0.062500 -0.043861
v -0.175000 0.062500 -0.045961
v -0.157500 0.062500 -0.047836
v -0.140000 0.062500 -0.049494
v -0.122500 0.062500 -0.050945
v -0.105000 0.062500 -0.052193
v -0.087500 0.062500 -0.053243
v -0.070000 0.062500 -0.054099
v -0.052500 0.062500 -0.054763
v -0.035000 0.062500 -0.055235
v -0.017500 0.062500 -0.055519
v 0.000000 0.062500 -0.055613
v 0.017500 0.062500 -0.055519
v 0.035000 0.062500 -0.055235
v 0.052500 0.062500 -0.054763
v 0.070000 0.062500 -0.054099
v 0.087500 0.062500 -0.053243
v 0.105000 0.062500 -0.052193
v 0.122500 0.062500 -0.050945
v 0.140000 0.062500 -0.049494
v 0.157500 0.062500 -0.047836
v 0.175000 0.062500 -0.045961
v 0.192500 0.062500 -0.043861
v 0.210000 0.062500 -0.041519
v 0.227500 0.062500 -0.038916
v 0.245000 0.062500 -0.036021
v 0.262500 0.062500 -0.032790
v 0.280000 0.062500 -0.029152
v 0.297500 0.062500 -0.024985
v 0.315000 0.062500 -0.020047
v 0.332500 0.062500 -0.013716
v -0.332500 0.078750 -0.013304
v -0.315000 0.078750 -0.019445
v -0.297500 0.078750 -0.024234
v -0.280000 0.078750 -0.028275
v -0.262500 0.078750 -0.031804
v -0.245000 0.078750 -0.034937
v -0.227500 0.078750 -0.037745
v -0.210000 0.078750 -0.040270
v -0.192500 0.078750 -0.042542
v -0.175000 0.078750 -0.044579
v -0.157500 0.078750 -0.046397
v -0.140000 0.078750 -0.048006
v -0.122500 0.078750 -0.049413
v -0.105000 0.078750 -0.050623
v -0.087500 0.078750 -0.051642
v -0.070000 0.078750 -0.052472
v -0.052500 0.078750 -0.053116
v -0.035000 0.078750 -0.053574
v -0.017500 0.078750 -0.053849
v 0.000000 0.078750 -0.053941
v 0.017500 0.078750 -0.053849
v 0.035000 0.078750 -0.053574
v 0.052500 0.078750 -0.053116
v 0.070000 0.078750 -0.052472
v 0.087500 0.078750 -0.051642
v 0.105000 0.078750 -0.050623
v 0.122500 0.078750 -0.049413
v 0.140000 0.078750 -0.048006
v 0.157500 0.078750 -0.046397
v 0.175000 0.078750 -0.044579
v 0.192500 0.078750 -0.042542
v 0.210000 0.078750 -0.040270
v 0.227500 0.078750 -0.037745
v 0.245000 0.078750 -0.034937
v 0.262500 0.078750 -0.031804
v 0.280000 0.078750 -0.028275
v 0.297500 0.078750 -0.024234
v 0.315000 0.078750 -0.019445
v 0.332500 0.078750 -0.013304
v -0.332500 0.095000 -0.012859
v -0.315000 0.095000 -0.018795
v -0.297500 0.095000 -0.023424
v -0.280000 0.095000 -0.027330
v -0.262500 0.095000 -0.030741
v -0.245000 0.095000 -0.033770
v -0.227500 0.095000 -0.036484
v -0.210000 0.095000 -0.038925
v -0.192500 0.095000 -0.041120
v -0.175000 0.095000 -0.043089
v -0.157500 0.095000 -0.044846
v -0.140000 0.095000 -0.046401
v -0.122500 0.095000 -0.047761
v -0.105000 0.095000 -0.048931
v -0.087500 0.095000 -0.049916
v -0.070000 0.095000 -0.050718
v -0.052500 0.095000 -0.051341
v -0.035000 0.095000 -0.051784
v -0.017500 0.095000 -0.052049
v 0.000000 0.095000 -0.052138
v 0.017500 0.095000 -0.052049
v 0.035000 0.095000 -0.051784
v 0.052500 0.095000 -0.051341
v 0.070000 0.095000 -0.050718
v 0.087500 0.095000 -0.049916
v 0.105000 0.095000 -0.048931
v 0.122500 0.095000 -0.047761
v 0.140000 0.095000 -0.046401
v 0.157500 0.095000 -0.044846
v 0.175000 0.095000 -0.043089
v 0.192500 0.095000 -0.041120
v 0.210000 0.095000 -0.038925
v 0.227500 0.095000 -0.036484
v 0.245000 0.095000 -0.033770
v 0.262500 0.095000 -0.030741
v 0.280000 0.095000 -0.027330
v 0.297500 0.095000 -0.023424
v 0.315000 0.095000 -0.018795
v 0.332500 0.095000 -0.012859
v -0.332500 0.111250 -0.012381
v -0.315000 0.111250 -0.018096
v -0.297500 0.111250 -0.022552
v -0.280000 0.111250 -0.026314
v -0.262500 0.111250 -0.029597
v -0.245000 0.111250 -0.032514
v -0.227500 0.111250 -0.035127
v -0.210000 0.111250 -0.037477
v -0.192500 0.111250 -0.039591
v -0.175000 0.111250 -0.041487
v -0.157500 0.111250 -0.043179
v -0.140000 0.111250 -0.044675
v -0.122500 0.111250 -0.045985
v -0.105000 0.111250 -0.047112
v -0.087500 0.111250 -0.048060
v -0.070000 0.111250 -0.048832
v -0.052500 0.111250 -0.049431
v -0.035000 0.111250 -0.049858
v -0.017500 0.111250 -0.050114
v 0.000000 0.111250 -0.050199
v 0.017500 0.111250 -0.050114
v 0.035000 0.111250 -0.049858
v 0.052500 0.111250 -0.049431
v 0.070000 0.111250 -0.048832
v 0.087500 0.111250 -0.048060
v 0.105000 0.111250 -0.047112
v 0.122500 0.111250 -0.045985
v 0.140000 0.111250 -0.044675
v 0.157500 0.111250 -0.043179
v 0.175000 0.111250 -0.041487
v 0.192500 0.111250 -0.039591
v 0.210000 0.111250 -0.037477
v 0.227500 0.111250 -0.035127
v 0.245000 0.111250 -0.032514
v 0.262500 0.111250 -0.029597
v 0.280000 0.111250 -0.026314
v 0.297500 0.111250 -0.022552
v 0.315000 0.111250 -0.018096
v 0.332500 0.111250 -0.012381
v -0.332500 0.127500 -0.011867
v -0.315000 0.127500 -0.017345
v -0.297500 0.127500 -0.021616
v -0.280000 0.127500 -0.025222
v -0.262500 0.127500 -0.028369
v -0.245000 0.127500 -0.031164
v -0.227500 0.127500 -0.033669
v -0.210000 0.127500 -0.035921
v -0.192500 0.127500 -0.037947
v -0.175000 0.127500 -0.039765
v -0.157500 0.127500 -0.041386
v -0.140000 0.127500 -0.042821
v -0.122500 0.127500 -0.044076
v -0.105000 0.127500 -0.045156
v -0.087500 0.127500 -0.046065
v -0.070000 0.127500 -0.046805
v -0.052500 0.127500 -0.047379
v -0.035000 0.127500 -0.047788
v -0.017500 0.127500 -0.048034
v 0.000000 0.127500 -0.048115
v 0.017500 0.127500 -0.048034
v 0.035000 0.127500 -0.047788
v 0.052500 0.127500 -0.047379
v 0.070000 0.127500 -0.046805
v 0.087500 0.127500 -0.046065
v 0.105000 0.127500 -0.045156
v 0.122500 0.127500 -0.044076
v 0.140000 0.127500 -0.042821
v 0.157500 0.127500 -0.041386
v 0.175000 0.127500 -0.039765
v 0.192500 0.127500 -0.037947
v 0.210000 0.127500 -0.035921
v 0.227500 0.127500 -0.033669
v 0.245000 0.127500 -0.031164
v 0.262500 0.127500 -0.028369
v 0.280000 0.127500 -0.025222
v 0.297500 0.127500 -0.021616
v 0.315000 0.127500 -0.017345
v 0.332500 0.127500 -0.011867
v -0.332500 0.143750 -0.011315
v -0.315000 0.143750 -0.016537
v -0.297500 0.143750 -0.020610
v -0.280000 0.143750 -0.024048
v -0.262500 0.143750 -0.027049
v -0.245000 0.143750 -0.029714
v -0.227500 0.143750 -0.032102
v -0.210000 0.143750 -0.034250
v -0.192500 0.143750 -0.036181
v -0.175000 0.143750 -0.037914
v -0.157500 0.143750 -0.039460
v -0.140000 0.143750 -0.040828
v -0.122500 0.143750 -0.042025
v -0.105000 0.143750 -0.043054
v -0.087500 0.143750 -0.043921
v -0.070000 0.143750 -0.044627
v -0.052500 0.143750 -0.045174
v -0.035000 0.143750 -0.045564
v -0.017500 0.143750 -0.045798
v 0.000000 0.143750 -0.045876
v 0.017500 0.143750 -0.045798
v 0.035000 0.143750 -0.045564
v 0.052500 0.143750 -0.045174
v 0.070000 0.143750 -0.044627
v 0.087500 0.143750 -0.043921
v 0.105000 0.143750 -0.043054
v 0.122500 0.143750 -0.042025
v 0.140000 0.143750 -0.040828
v 0.157500 0.143750 -0.039460
v 0.175000 0.143750 -0.037914
v 0.192500 0.143750 -0.036181
v 0.210000 0.143750 -0.034250
v 0.227500 0.143750 -0.032102
v 0.245000 0.143750 -0.029714
v 0.262500 0.143750 -0.027049
v 0.280000 0.143750 -0.024048
v 0.297500 0.143750 -0.020610
v 0.315000 0.143750 -0.016537
v 0.332500 0.143750 -0.011315
v -0.332500 0.160000 -0.010720
v -0.315000 0.160000 -0.015668
v -0.297500 0.160000 -0.019527
v -0.280000 0.160000 -0.022784
v -0.262500 0.160000 -0.025627
v -0.245000 0.160000 -0.028152
v -0.227500 0.160000 -0.030415
v -0.210000 0.160000 -0.032450
v -0.192500 0.160000 -0.034280
v -0.175000 0.160000 -0.035922
v -0.157500 0.160000 -0.037387
v -0.140000 0.160000 -0.038683
v -0.122500 0.160000 -0.039816
v -0.105000 0.160000 -0.040792
v -0.087500 0.160000 -0.041613
v -0.070000 0.160000 -0.042282
v -0.052500 0.160000 -0.042800
v -0.035000 0.160000 -0.043170
v -0.017500 0.160000 -0.043391
v 0.000000 0.160000 -0.043465
v 0.017500 0.160000 -0.043391
v 0.035000 0.160000 -0.043170
v 0.052500 0.160000 -0.042800
v 0.070000 0.160000 -0.042282
v 0.087500 0.160000 -0.041613
v 0.105000 0.160000 -0.040792
v 0.122500 0.160000 -0.039816
v 0.140000 0.160000 -0.038683
v 0.157500 0.160000 -0.037387
v 0.175000 0.160000 -0.035922
v 0.192500 0.160000 -0.034280
v 0.210000 0.160000 -0.032450
v 0.227500 0.160000 -0.030415
v 0.245000 0.160000 -0.028152
v 0.262500 0.160000 -0.025627
v 0.280000 0.160000 -0.022784
v 0.297500 0.160000 -0.019527
v 0.315000 0.160000 -0.015668
v 0.332500 0.160000 -0.010720
v -0.332500 0.176250 -0.010078
v -0.315000 0.176250 -0.014729
v -0.297500 0.176250 -0.018357
v -0.280000 0.176250 -0.021419
v -0.262500 0.176250 -0.024092
v -0.245000 0.176250 -0.026466
v -0.227500 0.176250 -0.028592
v -0.210000 0.176250 -0.030505
v -0.192500 0.176250 -0.032226
v -0.175000 0.176250 -0.033769
v -0.157500 0.176250 -0.035146
v -0.140000 0.176250 -0.036365
v -0.122500 0.176250 -0.037431
v -0.105000 0.176250 -0.038348
v -0.087500 0.176250 -0.039119
v -0.070000 0.176250 -0.039748
v -0.052500 0.176250 -0.040236
v -0.035000 0.176250 -0.040583
v -0.017500 0.176250 -0.040791
v 0.000000 0.176250 -0.040861
v 0.017500 0.176250 -0.040791
v 0.035000 0.176250 -0.040583
v 0.052500 0.176250 -0.040236
v 0.070000 0.176250 -0.039748
v 0.087500 0.176250 -0.039119
v 0.105000 0.176250 -0.038348
v 0.122500 0.176250 -0.037431
v 0.140000 0.176250 -0.036365
v 0.157500 0.176250 -0.035146
v 0.175000 0.176250 -0.033769
v 0.192500 0.176250 -0.032226
v 0.210000 0.176250 -0.030505
v 0.227500 0.176250 -0.028592
v 0.245000 0.176250 -0.026466
v 0.262500 0.176250 -0.024092
v 0.280000 0.176250 -0.021419
v 0.297500 0.176250 -0.018357
v 0.315000 0.176250 -0.014729
v 0.332500 0.176250 -0.010078
v -0.332500 0.192500 -0.009380
v -0.315000 0.192500 -0.013709
v -0.297500 0.192500 -0.017086
v -0.280000 0.192500 -0.019935
v -0.262500 0.192500 -0.022423
v -0.245000 0.192500 -0.024632
v -0.227500 0.192500 -0.026612
v -0.210000 0.192500 -0.028392
v -0.192500 0.192500 -0.029994
v -0.175000 0.192500 -0.031430
v -0.157500 0.192500 -0.032712
v -0.140000 0.192500 -0.033846
v -0.122500 0.192500 -0.034838
v -0.105000 0.192500 -0.035691
v -0.087500 0.192500 -0.036410
v -0.070000 0.192500 -0.036995
v -0.052500 0.192500 -0.037449
v -0.035000 0.192500 -0.037772
v -0.017500 0.192500 -0.037966
v 0.000000 0.192500 -0.038030
v 0.017500 0.192500 -0.037966
v 0.035000 0.192500 -0.037772
v 0.052500 0.192500 -0.037449
v 0.070000 0.192500 -0.036995
v 0.087500 0.192500 -0.036410
v 0.105000 0.192500 -0.035691
v 0.122500 0.192500 -0.034838
v 0.140000 0.192500 -0.033846
v 0.157500 0.192500 -0.032712
v 0.175000 0.192500 -0.031430
v 0.192500 0.192500 -0.029994
v 0.210000 0.192500 -0.028392
v 0.227500 0.192500 -0.026612
v 0.245000 0.192500 -0.024632
v 0.262500 0.192500 -0.022423
v 0.280000 0.192500 -0.019935
v 0.297500 0.192500 -0.017086
v 0.315000 0.192500 -0.013709
v 0.332500 0.192500 -0.009380
v -0.332500 0.208750 -0.008614
v -0.315000 0.208750 -0.012590
v -0.297500 0.208750 -0.015691
v -0.280000 0.208750 -0.018308
v -0.262500 0.208750 -0.020592
v -0.245000 0.208750 -0.022621
v -0.227500 0.208750 -0.024439
v -0.210000 0.208750 -0.026074
v -0.192500 0.208750 -0.027545
v -0.175000 0.208750 -0.028864
v -0.157500 0.208750 -0.030041
v -0.140000 0.208750 -0.031083
v -0.122500 0.208750 -0.031994
v -0.105000 0.208750 -0.032777
v -0.087500 0.208750 -0.033437
v -0.070000 0.208750 -0.033975
v -0.052500 0.208750 -0.034391
v -0.035000 0.208750 -0.034688
v -0.017500 0.208750 -0.034866
v 0.000000 0.208750 -0.034925
v 0.017500 0.208750 -0.034866
v 0.035000 0.208750 -0.034688
v 0.052500 0.208750 -0.034391
v 0.070000 0.208750 -0.033975
v 0.087500 0.208750 -0.033437
v 0.105000 0.208750 -0.032777
v 0.122500 0.208750 -0.031994
v 0.140000 0.208750 -0.031083
v 0.157500 0.208750 -0.030041
v 0.175000 0.208750 -0.028864
v 0.192500 0.208750 -0.027545
v 0.210000 0.208750 -0.026074
v 0.227500 0.208750 -0.024439
v 0.245000 0.208750 -0.022621
v 0.262500 0.208750 -0.020592
v 0.280000 0.208750 -0.018308
v 0.297500 0.208750 -0.015691
v 0.315000 0.208750 -0.012590
v 0.332500 0.208750 -0.008614
v -0.332500 0.225000 -0.007761
v -0.315000 0.225000 -0.011344
v -0.297500 0.225000 -0.014137
v -0.280000 0.225000 -0.016495
v -0.262500 0.225000 -0.018554
v -0.245000 0.225000 -0.020382
v -0.227500 0.225000 -0.022020
v -0.210000 0.225000 -0.023493
v -0.192500 0.225000 -0.024818
v -0.175000 0.225000 -0.026007
v -0.157500 0.225000 -0.027067
v -0.140000 0.225000 -0.028006
v -0.122500 0.225000 -0.028826
v -0.105000 0.225000 -0.029533
v -0.087500 0.225000 -0.030127
v -0.070000 0.225000 -0.030611
v -0.052500 0.225000 -0.030987
v -0.035000 0.225000 -0.031254
v -0.017500 0.225000 -0.031415
v 0.000000 0.225000 -0.031468
v 0.017500 0.225000 -0.031415
v 0.035000 0.225000 -0.031254
v 0.052500 0.225000 -0.030987
v 0.070000 0.225000 -0.030611
v 0.087500 0.225000 -0.030127
v 0.105000 0.225000 -0.029533
v 0.122500 0.225000 -0.028826
v 0.140000 0.225000 -0.028006
v 0.157500 0.225000 -0.027067
v 0.175000 0.225000 -0.026007
v 0.192500 0.225000 -0.024818
v 0.210000 0.225000 -0.023493
v 0.227500 0.225000 -0.022020
v 0.245000 0.225000 -0.020382
v 0.262500 0.225000 -0.018554
v 0.280000 0.225000 -0.016495
v 0.297500 0.225000 -0.014137
v 0.315000 0.225000 -0.011344
v 0.332500 0.225000 -0.007761
v -0.332500 0.241250 -0.006788
v -0.315000 0.241250 -0.009921
v -0.297500 0.241250 -0.012365
v -0.280000 0.241250 -0.014427
v -0.262500 0.241250 -0.016227
v -0.245000 0.241250 -0.017826
v -0.227500 0.241250 -0.019259
v -0.210000 0.241250 -0.020547
v -0.192500 0.241250 -0.021706
v -0.175000 0.241250 -0.022746
v -0.157500 0.241250 -0.023673
v -0.140000 0.241250 -0.024494
v -0.122500 0.241250 -0.025212
v -0.105000 0.241250 -0.025830
v -0.087500 0.241250 -0.026349
v -0.070000 0.241250 -0.026773
v -0.052500 0.241250 -0.027101
v -0.035000 0.241250 -0.027335
v -0.017500 0.241250 -0.027476
v 0.000000 0.241250 -0.027522
v 0.017500 0.241250 -0.027476
v 0.035000 0.241250 -0.027335
v 0.052500 0.241250 -0.027101
v 0.070000 0.241250 -0.026773
v 0.087500 0.241250 -0.026349
v 0.105000 0.241250 -0.025830
v 0.122500 0.241250 -0.025212
v 0.140000 0.241250 -0.024494
v 0.157500 0.241250 -0.023673
v 0.175000 0.241250 -0.022746
v 0.192500 0.241250 -0.021706
v 0.210000 0.241250 -0.020547
v 0.227500 0.241250 -0.019259
v 0.245000 0.241250 -0.017826
v 0.262500 0.241250 -0.016227
v 0.280000 0.241250 -0.014427
v 0.297500 0.241250 -0.012365
v 0.315000 0.241250 -0.009921
v 0.332500 0.241250 -0.006788
v -0.332500 0.257500 -0.005626
v -0.315000 0.257500 -0.008224
v -0.297500 0.257500 -0.010249
v -0.280000 0.257500 -0.011958
v -0.262500 0.257500 -0.013451
v -0.245000 0.257500 -0.014776
v -0.227500 0.257500 -0.015963
v -0.210000 0.257500 -0.017031
v -0.192500 0.257500 -0.017992
v -0.175000 0.257500 -0.018854
v -0.157500 0.257500 -0.019622
v -0.140000 0.257500 -0.020303
v -0.122500 0.257500 -0.020898
v -0.105000 0.257500 -0.021410
v -0.087500 0.257500 -0.021841
v -0.070000 0.257500 -0.022192
v -0.052500 0.257500 -0.022464
v -0.035000 0.257500 -0.022658
v -0.017500 0.257500 -0.022774
v 0.000000 0.257500 -0.022813
v 0.017500 0.257500 -0.022774
v 0.035000 0.257500 -0.022658
v 0.052500 0.257500 -0.022464
v 0.070000 0.257500 -0.022192
v 0.087500 0.257500 -0.021841
v 0.105000 0.257500 -0.021410
v 0.122500 0.257500 -0.020898
v 0.140000 0.257500 -0.020303
v 0.157500 0.257500 -0.019622
v 0.175000 0.257500 -0.018854
v 0.192500 0.257500 -0.017992
v 0.210000 0.257500 -0.017031
v 0.227500 0.257500 -0.015963
v 0.245000 0.257500 -0.014776
v 0.262500 0.257500 -0.013451
v 0.280000 0.257500 -0.011958
v 0.297500 0.257500 -0.010249
v 0.315000 0.257500 -0.008224
v 0.332500 0.257500 -0.005626
v -0.332500 0.273750 -0.004095
v -0.315000 0.273750 -0.005985
v -0.297500 0.273750 -0.007458
v -0.280000 0.273750 -0.008702
v -0.262500 0.273750 -0.009788
v -0.245000 0.273750 -0.010753
v -0.227500 0.273750 -0.011617
v -0.210000 0.273750 -0.012394
v -0.192500 0.273750 -0.013093
v -0.175000 0.273750 -0.013720
v -0.157500 0.273750 -0.014280
v -0.140000 0.273750 -0.014775
v -0.122500 0.273750 -0.015208
v -0.105000 0.273750 -0.015581
v -0.087500 0.273750 -0.015894
v -0.070000 0.273750 -0.016150
v -0.052500 0.273750 -0.016348
v -0.035000 0.273750 -0.016489
v -0.017500 0.273750 -0.016573
v 0.000000 0.273750 -0.016602
v 0.017500 0.273750 -0.016573
v 0.035000 0.273750 -0.016489
v 0.052500 0.273750 -0.016348
v 0.070000 0.273750 -0.016150
v 0.087500 0.273750 -0.015894
v 0.105000 0.273750 -0.015581
v 0.122500 0.273750 -0.015208
v 0.140000 0.273750 -0.014775
v 0.157500 0.273750 -0.014280
v 0.175000 0.273750 -0.013720
v 0.192500 0.273750 -0.013093
v 0.210000 0.273750 -0.012394
v 0.227500 0.273750 -0.011617
v 0.245000 0.273750 -0.010753
v 0.262500 0.273750 -0.009788
v 0.280000 0.273750 -0.008702
v 0.297500 0.273750 -0.007458
v 0.315000 0.273750 -0.005985
v 0.332500 0.273750 -0.004095
v 0.000000 0.290000 -0.000000
v 0.350000 0.302000 0.008000
v 0.349852 0.300123 0.008000
v 0.349413 0.298292 0.008000
v 0.348692 0.296552 0.008000
v 0.347708 0.294947 0.008000
v 0.346485 0.293515 0.008000
v 0.345053 0.292292 0.008000
v 0.343448 0.291308 0.008000
v 0.341708 0.290587 0.008000
v 0.339877 0.290148 0.008000
v 0.338000 0.290000 0.008000
v -0.338000 0.290000 0.008000
v -0.339877 0.290148 0.008000
v -0.341708 0.290587 0.008000
v -0.343448 0.291308 0.008000
v -0.345053 0.292292 0.008000
v -0.346485 0.293515 0.008000
v -0.347708 0.294947 0.008000
v -0.348692 0.296552 0.008000
v -0.349413 0.298292 0.008000
v -0.349852 0.300123 0.008000
v -0.350000 0.302000 0.008000
v -0.350000 0.478000 0.008000
v -0.349852 0.479877 0.008000
v -0.349413 0.481708 0.008000
v -0.348692 0.483448 0.008000
v -0.347708 0.485053 0.008000
v -0.346485 0.486485 0.008000
v -0.345053 0.487708 0.008000
v -0.343448 0.488692 0.008000
v -0.341708 0.489413 0.008000
v -0.339877 0.489852 0.008000
v -0.338000 0.490000 0.008000
v 0.338000 0.490000 0.008000
v 0.339877 0.489852 0.008000
v 0.341708 0.489413 0.008000
v 0.343448 0.488692 0.008000
v 0.345053 0.487708 0.008000
v 0.346485 0.486485 0.008000
v 0.347708 0.485053 0.008000
v 0.348692 0.483448 0.008000
v 0.349413 0.481708 0.008000
v 0.349852 0.479877 0.008000
v 0.350000 0.478000 0.008000
v 0.350000 0.302000 -0.008000
v 0.349852 0.300123 -0.008000
v 0.349413 0.298292 -0.008000
v 0.348692 0.296552 -0.008000
v 0.347708 0.294947 -0.008000
v 0.346485 0.293515 -0.008000
v 0.345053 0.292292 -0.008000
v 0.343448 0.291308 -0.008000
v 0.341708 0.290587 -0.008000
v 0.339877 0.290148 -0.008000
v 0.338000 0.290000 -0.008000
v -0.338000 0.290000 -0.008000
v -0.339877 0.290148 -0.008000
v -0.341708 0.290587 -0.008000
v -0.343448 0.291308 -0.008000
v -0.345053 0.292292 -0.008000
v -0.346485 0.293515 -0.008000
v -0.347708 0.294947 -0.008000
v -0.348692 0.296552 -0.008000
v -0.349413 0.298292 -0.008000
v -0.349852 0.300123 -0.008000
v -0.350000 0.302000 -0.008000
v -0.350000 0.478000 -0.008000
v -0.349852 0.479877 -0.008000
v -0.349413 0.481708 -0.008000
v -0.348692 0.483448 -0.008000
v -0.347708 0.485053 -0.008000
v -0.346485 0.486485 -0.008000
v -0.345053 0.487708 -0.008000
v -0.343448 0.488692 -0.008000
v -0.341708 0.489413 -0.008000
v -0.339877 0.489852 -0.008000
v -0.338000 0.490000 -0.008000
v 0.338000 0.490000 -0.008000
v 0.339877 0.489852 -0.008000
v 0.341708 0.489413 -0.008000
v 0.343448 0.488692 -0.008000
v 0.345053 0.487708 -0.008000
v 0.346485 0.486485 -0.008000
v 0.347708 0.485053 -0.008000
v 0.348692 0.483448 -0.008000
v 0.349413 0.481708 -0.008000
v 0.349852 0.479877 -0.008000
v 0.350000 0.478000 -0.008000
v 0.350000 0.302000 -0.008000
v 0.350000 0.302000 0.008000
v 0.349852 0.300123 -0.008000
v 0.349852 0.300123 0.008000
v 0.349413 0.298292 -0.008000
v 0.349413 0.298292 0.008000
v 0.348692 0.296552 -0.008000
v 0.348692 0.296552 0.008000
v 0.347708 0.294947 -0.008000
v 0.347708 0.294947 0.008000
v 0.346485 0.293515 -0.008000
v 0.346485 0.293515 0.008000
v 0.345053 0.292292 -0.008000
v 0.345053 0.292292 0.008000
v 0.343448 0.291308 -0.008000
v 0.343448 0.291308 0.008000
v 0.341708 0.290587 -0.008000
v 0.341708 0.290587 0.008000
v 0.339877 0.290148 -0.008000
v 0.339877 0.290148 0.008000
v 0.338000 0.290000 -0.008000
v 0.338000 0.290000 0.008000
v -0.338000 0.290000 -0.008000
v -0.338000 0.290000 0.008000
v -0.339877 0.290148 -0.008000
v -0.339877 0.290148 0.008000
v -0.341708 0.290587 -0.008000
v -0.341708 0.290587 0.008000
v -0.343448 0.291308 -0.008000
v -0.343448 0.291308 0.008000
v -0.345053 0.292292 -0.008000
v -0.345053 0.292292 0.008000
v -0.346485 0.293515 -0.008000
v -0.346485 0.293515 0.008000
v -0.347708 0.294947 -0.008000
v -0.347708 0.294947 0.008000
v -0.348692 0.296552 -0.008000
v -0.348692 0.296552 0.008000
v -0.349413 0.298292 -0.008000
v -0.349413 0.298292 0.008000
v -0.349852 0.300123 -0.008000
v -0.349852 0.300123 0.008000
v -0.350000 0.302000 -0.008000
v -0.350000 0.302000 0.008000
v -0.350000 0.478000 -0.008000
v -0.350000 0.478000 0.008000
v -0.349852 0.479877 -0.008000
v -0.349852 0.479877 0.008000
v -0.349413 0.481708 -0.008000
v -0.349413 0.481708 0.008000
v -0.348692 0.483448 -0.008000
v -0.348692 0.483448 0.008000
v -0.347708 0.485053 -0.008000
v -0.347708 0.485053 0.008000
v -0.346485 0.486485 -0.008000
v -0.346485 0.486485 0.008000
v -0.345053 0.487708 -0.008000
v -0.345053 0.487708 0.008000
v -0.343448 0.488692 -0.008000
v -0.343448 0.488692 0.008000
v -0.341708 0.489413 -0.008000
v -0.341708 0.489413 0.008000
v -0.339877 0.489852 -0.008000
v -0.339877 0.489852 0.008000
v -0.338000 0.490000 -0.008000
v -0.338000 0.490000 0.008000
v 0.338000 0.490000 -0.008000
v 0.338000 0.490000 0.008000
v 0.339877 0.489852 -0.008000
v 0.339877 0.489852 0.008000
v 0.341708 0.489413 -0.008000
v 0.341708 0.489413 0.008000
v 0.343448 0.488692 -0.008000
v 0.343448 0.488692 0.008000
v 0.345053 0.487708 -0.008000
v 0.345053 0.487708 0.008000
v 0.346485 0.486485 -0.008000
v 0.346485 0.486485 0.008000
v 0.347708 0.485053 -0.008000
v 0.347708 0.485053 0.008000
v 0.348692 0.483448 -0.008000
v 0.348692 0.483448 0.008000
v 0.349413 0.481708 -0.008000
v 0.349413 0.481708 0.008000
v 0.349852 0.479877 -0.008000
v 0.349852 0.479877 0.008000
v 0.350000 0.478000 -0.008000
v 0.350000 0.478000 0.008000
v -0.348000 0.325000 0.001000
v 0.348000 0.325000 0.001000
v -0.348000 0.320050 0.003050
v 0.348000 0.320050 0.003050
v -0.348000 0.318000 0.008000
v 0.348000 0.318000 0.008000
v -0.348000 0.320050 0.012950
v 0.348000 0.320050 0.012950
v -0.348000 0.325000 0.015000
v 0.348000 0.325000 0.015000
v -0.348000 0.329950 0.012950
v 0.348000 0.329950 0.012950
v -0.348000 0.332000 0.008000
v 0.348000 0.332000 0.008000
v -0.348000 0.329950 0.003050
v 0.348000 0.329950 0.003050
v -0.348000 0.325000 -0.015000
v 0.348000 0.325000 -0.015000
v -0.348000 0.320050 -0.012950
v 0.348000 0.320050 -0.012950
v -0.348000 0.318000 -0.008000
v 0.348000 0.318000 -0.008000
v -0.348000 0.320050 -0.003050
v 0.348000 0.320050 -0.003050
v -0.348000 0.325000 -0.001000
v 0.348000 0.325000 -0.001000
v -0.348000 0.329950 -0.003050
v 0.348000 0.329950 -0.003050
v -0.348000 0.332000 -0.008000
v 0.348000 0.332000 -0.008000
v -0.348000 0.329950 -0.012950
v 0.348000 0.329950 -0.012950
v -0.348000 0.355000 0.001000
v 0.348000 0.355000 0.001000
v -0.348000 0.350050 0.003050
v 0.348000 0.350050 0.003050
v -0.348000 0.348000 0.008000
v 0.348000 0.348000 0.008000
v -0.348000 0.350050 0.012950
v 0.348000 0.350050 0.012950
v -0.348000 0.355000 0.015000
v 0.348000 0.355000 0.015000
v -0.348000 0.359950 0.012950
v 0.348000 0.359950 0.012950
v -0.348000 0.362000 0.008000
v 0.348000 0.362000 0.008000
v -0.348000 0.359950 0.003050
v 0.348000 0.359950 0.003050
v -0.348000 0.355000 -0.015000
v 0.348000 0.355000 -0.015000
v -0.348000 0.350050 -0.012950
v 0.348000 0.350050 -0.012950
v -0.348000 0.348000 -0.008000
v 0.348000 0.348000 -0.008000
v -0.348000 0.350050 -0.003050
v 0.348000 0.350050 -0.003050
v -0.348000 0.355000 -0.001000
v 0.348000 0.355000 -0.001000
v -0.348000 0.359950 -0.003050
v 0.348000 0.359950 -0.003050
v -0.348000 0.362000 -0.008000
v 0.348000 0.362000 -0.008000
v -0.348000 0.359950 -0.012950
v 0.348000 0.359950 -0.012950
vn -0.1006 -0.3150 0.9437
vn -0.1984 -0.2684 0.9427
vn -0.3269 -0.2010 0.9234
vn -0.0335 -0.4049 0.9137
vn -0.1125 -0.3377 0.9345
vn -0.0246 -0.4940 0.8691
vn -0.0895 -0.3919 0.9156
vn -0.0195 -0.5577 0.8298
vn -0.0756 -0.4346 0.8974
vn -0.0160 -0.6060 0.7953
vn -0.0656 -0.4694 0.8806
vn -0.0134 -0.6438 0.7651
vn -0.0577 -0.4982 0.8652
vn -0.0114 -0.6742 0.7385
vn -0.0511 -0.5223 0.8512
vn -0.0097 -0.6989 0.7151
vn -0.0454 -0.5429 0.8386
vn -0.0083 -0.7193 0.6947
vn -0.0404 -0.5604 0.8273
vn -0.0071 -0.7362 0.6767
vn -0.0358 -0.5753 0.8171
vn -0.0061 -0.7503 0.6611
vn -0.0315 -0.5881 0.8082
vn -0.0052 -0.7620 0.6475
vn -0.0275 -0.5990 0.8003
vn -0.0043 -0.7718 0.6358
vn -0.0237 -0.6082 0.7934
vn -0.0036 -0.7799 0.6259
vn -0.0200 -0.6160 0.7875
vn -0.0029 -0.7866 0.6175
vn -0.0165 -0.6223 0.7826
vn -0.0023 -0.7919 0.6107
vn -0.0131 -0.6274 0.7786
vn -0.0018 -0.7961 0.6052
vn -0.0097 -0.6313 0.7755
vn -0.0012 -0.7991 0.6011
vn -0.0064 -0.6340 0.7733
vn -0.0007 -0.8012 0.5984
vn -0.0031 -0.6357 0.7719
vn -0.0002 -0.8023 0.5969
vn -0.0000 -0.6363 0.7715
vn 0.0002 -0.8023 0.5969
vn -0.0000 -0.8027 0.5964
vn 0.0007 -0.8012 0.5984
vn 0.0031 -0.6357 0.7719
vn 0.0012 -0.7991 0.6011
vn 0.0064 -0.6340 0.7733
vn 0.0018 -0.7961 0.6052
vn 0.0097 -0.6313 0.7755
vn 0.0023 -0.7919 0.6107
vn 0.0131 -0.6274 0.7786
vn 0.0029 -0.7866 0.6175
vn 0.0165 -0.6223 0.7826
vn 0.0036 -0.7799 0.6259
vn 0.0200 -0.6160 0.7875
vn 0.0043 -0.7718 0.6358
vn 0.0237 -0.6082 0.7934
vn 0.0052 -0.7620 0.6475
vn 0.0275 -0.5990 0.8003
vn 0.0061 -0.7503 0.6611
vn 0.0315 -0.5881 0.8082
vn 0.0071 -0.7362 0.6767
vn 0.0358 -0.5753 0.8171
vn 0.0083 -0.7193 0.6947
vn 0.0404 -0.5604 0.8273
vn 0.0097 -0.6989 0.7151
vn 0.0454 -0.5429 0.8386
vn 0.0114 -0.6742 0.7385
vn 0.0511 -0.5223 0.8512
vn 0.0134 -0.6438 0.7651
vn 0.0577 -0.4982 0.8652
vn 0.0160 -0.6060 0.7953
vn 0.0656 -0.4694 0.8806
vn 0.0195 -0.5577 0.8298
vn 0.0756 -0.4346 0.8974
vn 0.0246 -0.4940 0.8691
vn 0.0895 -0.3919 0.9156
vn 0.0335 -0.4049 0.9137
vn 0.1125 -0.3377 0.9345
vn 0.1006 -0.3150 0.9437
vn 0.1984 -0.2684 0.9427
vn -0.2841 -0.1443 0.9479
vn -0.4046 -0.0990 0.9091
vn -0.1657 -0.1730 0.9709
vn -0.1339 -0.2023 0.9701
vn -0.1145 -0.2276 0.9670
vn -0.1004 -0.2498 0.9631
vn -0.0892 -0.2694 0.9589
vn -0.0797 -0.2868 0.9547
vn -0.0714 -0.3023 0.9505
vn -0.0639 -0.3161 0.9466
vn -0.0569 -0.3283 0.9429
vn -0.0504 -0.3391 0.9394
vn -0.0442 -0.3485 0.9363
vn -0.0383 -0.3567 0.9334
vn -0.0325 -0.3637 0.9309
vn -0.0269 -0.3696 0.9288
vn -0.0213 -0.3743 0.9271
vn -0.0159 -0.3780 0.9257
vn -0.0105 -0.3806 0.9247
vn -0.0052 -0.3821 0.9241
vn -0.0000 -0.3827 0.9239
vn 0.0052 -0.3821 0.9241
vn 0.0105 -0.3806 0.9247
vn 0.0159 -0.3780 0.9257
vn 0.0213 -0.3743 0.9271
vn 0.0269 -0.3696 0.9288
vn 0.0325 -0.3637 0.9309
vn 0.0383 -0.3567 0.9334
vn 0.0442 -0.3485 0.9363
vn 0.0504 -0.3391 0.9394
vn 0.0569 -0.3283 0.9429
vn 0.0639 -0.3161 0.9466
vn 0.0714 -0.3023 0.9505
vn 0.0797 -0.2868 0.9547
vn 0.0892 -0.2694 0.9589
vn 0.1004 -0.2498 0.9631
vn 0.1145 -0.2276 0.9670
vn 0.1339 -0.2023 0.9701
vn 0.1657 -0.1730 0.9709
vn 0.3269 -0.2010 0.9234
vn 0.2841 -0.1443 0.9479
vn -0.3384 -0.0773 0.9378
vn -0.4463 -0.0278 0.8945
vn -0.1991 -0.1138 0.9733
vn -0.1614 -0.1408 0.9768
vn -0.1383 -0.1633 0.9768
vn -0.1216 -0.1827 0.9756
vn -0.1082 -0.1999 0.9738
vn -0.0969 -0.2151 0.9718
vn -0.0870 -0.2287 0.9696
vn -0.0780 -0.2408 0.9674
vn -0.0696 -0.2516 0.9653
vn -0.0617 -0.2612 0.9633
vn -0.0542 -0.2697 0.9614
vn -0.0470 -0.2770 0.9597
vn -0.0400 -0.2834 0.9582
vn -0.0331 -0.2887 0.9568
vn -0.0263 -0.2931 0.9557
vn -0.0197 -0.2965 0.9548
vn -0.0131 -0.2990 0.9542
vn -0.0065 -0.3006 0.9537
vn -0.0000 -0.3012 0.9536
vn 0.0065 -0.3006 0.9537
vn 0.0131 -0.2990 0.9542
vn 0.0197 -0.2965 0.9548
vn 0.0263 -0.2931 0.9557
vn 0.0331 -0.2887 0.9568
vn 0.0400 -0.2834 0.9582
vn 0.0470 -0.2770 0.9597
vn 0.0542 -0.2697 0.9614
vn 0.0617 -0.2612 0.9633
vn 0.0696 -0.2516 0.9653
vn 0.0780 -0.2408 0.9674
vn 0.0870 -0.2287 0.9696
vn 0.0969 -0.2151 0.9718
vn 0.1082 -0.1999 0.9738
vn 0.1216 -0.1827 0.9756
vn 0.1383 -0.1633 0.9768
vn 0.1614 -0.1408 0.9768
vn 0.1991 -0.1138 0.9733
vn 0.4046 -0.0990 0.9091
vn 0.3384 -0.0773 0.9378
vn -0.4785 -0.0153 0.8779
vn -0.3760 -0.0589 0.9248
vn -0.2246 -0.0916 0.9701
vn -0.1826 -0.1147 0.9765
vn -0.1568 -0.1339 0.9785
vn -0.1380 -0.1505 0.9789
vn -0.1230 -0.1651 0.9786
vn -0.1103 -0.1782 0.9778
vn -0.0991 -0.1898 0.9768
vn -0.0890 -0.2002 0.9757
vn -0.0795 -0.2095 0.9746
vn -0.0706 -0.2177 0.9735
vn -0.0621 -0.2249 0.9724
vn -0.0538 -0.2313 0.9714
vn -0.0458 -0.2367 0.9705
vn -0.0380 -0.2412 0.9697
vn -0.0303 -0.2449 0.9691
vn -0.0227 -0.2477 0.9686
vn -0.0151 -0.2497 0.9682
vn -0.0076 -0.2509 0.9680
vn 0.0076 -0.2509 0.9680
vn -0.0000 -0.2513 0.9679
vn 0.0151 -0.2497 0.9682
vn 0.0227 -0.2477 0.9686
vn 0.0303 -0.2449 0.9691
vn 0.0380 -0.2412 0.9697
vn 0.0458 -0.2367 0.9705
vn 0.0538 -0.2313 0.9714
vn 0.0621 -0.2249 0.9724
vn 0.0706 -0.2177 0.9735
vn 0.0795 -0.2095 0.9746
vn 0.0890 -0.2002 0.9757
vn 0.0991 -0.1898 0.9768
vn 0.1103 -0.1782 0.9778
vn 0.1230 -0.1651 0.9786
vn 0.1380 -0.1505 0.9789
vn 0.1568 -0.1339 0.9785
vn 0.1826 -0.1147 0.9765
vn 0.2246 -0.0916 0.9701
vn 0.3760 -0.0589 0.9248
vn 0.4785 -0.0153 0.8779
vn -0.5158 -0.0108 0.8567
vn -0.4048 -0.0483 0.9131
vn -0.2452 -0.0768 0.9664
vn -0.1999 -0.0968 0.9750
vn -0.1719 -0.1134 0.9786
vn -0.1515 -0.1278 0.9802
vn -0.1352 -0.1405 0.9808
vn -0.1214 -0.1518 0.9809
vn -0.1092 -0.1619 0.9808
vn -0.0980 -0.1709 0.9804
vn -0.0877 -0.1790 0.9799
vn -0.0779 -0.1862 0.9794
vn -0.0685 -0.1925 0.9789
vn -0.0595 -0.1981 0.9784
vn -0.0506 -0.2028 0.9779
vn -0.0420 -0.2068 0.9775
vn -0.0335 -0.2100 0.9771
vn -0.0250 -0.2125 0.9768
vn -0.0167 -0.2143 0.9766
vn -0.0084 -0.2154 0.9765
vn 0.0084 -0.2154 0.9765
vn -0.0000 -0.2157 0.9765
vn 0.0167 -0.2143 0.9766
vn 0.0250 -0.2125 0.9768
vn 0.0335 -0.2100 0.9771
vn 0.0420 -0.2068 0.9775
vn 0.0506 -0.2028 0.9779
vn 0.0595 -0.1981 0.9784
vn 0.0685 -0.1925 0.9789
vn 0.0779 -0.1862 0.9794
vn 0.0877 -0.1790 0.9799
vn 0.0980 -0.1709 0.9804
vn 0.1092 -0.1619 0.9808
vn 0.1214 -0.1518 0.9809
vn 0.1352 -0.1405 0.9808
vn 0.1515 -0.1278 0.9802
vn 0.1719 -0.1134 0.9786
vn 0.1999 -0.0968 0.9750
vn 0.2452 -0.0768 0.9664
vn 0.4048 -0.0483 0.9131
vn 0.5158 -0.0108 0.8567
vn -0.5455 -0.0089 0.8380
vn -0.4288 -0.0414 0.9025
vn -0.2627 -0.0663 0.9626
vn -0.2146 -0.0837 0.9731
vn -0.1849 -0.0982 0.9778
vn -0.1631 -0.1108 0.9804
vn -0.1457 -0.1219 0.9818
vn -0.1309 -0.1318 0.9826
vn -0.1177 -0.1407 0.9830
vn -0.1058 -0.1486 0.9832
vn -0.0947 -0.1557 0.9833
vn -0.0841 -0.1621 0.9832
vn -0.0740 -0.1676 0.9831
vn -0.0643 -0.1725 0.9829
vn -0.0547 -0.1767 0.9827
vn -0.0454 -0.1802 0.9826
vn -0.0362 -0.1831 0.9824
vn -0.0271 -0.1853 0.9823
vn -0.0180 -0.1869 0.9822
vn -0.0091 -0.1878 0.9822
vn 0.0091 -0.1878 0.9822
vn -0.0000 -0.1881 0.9821
vn 0.0180 -0.1869 0.9822
vn 0.0271 -0.1853 0.9823
vn 0.0362 -0.1831 0.9824
vn 0.0454 -0.1802 0.9826
vn 0.0547 -0.1767 0.9827
vn 0.0643 -0.1725 0.9829
vn 0.0740 -0.1676 0.9831
vn 0.0841 -0.1621 0.9832
vn 0.0947 -0.1557 0.9833
vn 0.1058 -0.1486 0.9832
vn 0.1177 -0.1407 0.9830
vn 0.1309 -0.1318 0.9826
vn 0.1457 -0.1219 0.9818
vn 0.1631 -0.1108 0.9804
vn 0.1849 -0.0982 0.9778
vn 0.2146 -0.0837 0.9731
vn 0.2627 -0.0663 0.9626
vn 0.4288 -0.0414 0.9025
vn 0.5455 -0.0089 0.8380
vn -0.5698 -0.0075 0.8217
vn -0.4488 -0.0360 0.8929
vn -0.2778 -0.0579 0.9589
vn -0.2273 -0.0732 0.9711
vn -0.1960 -0.0860 0.9768
vn -0.1731 -0.0971 0.9801
vn -0.1547 -0.1069 0.9822
vn -0.1390 -0.1156 0.9835
vn -0.1252 -0.1234 0.9844
vn -0.1125 -0.1305 0.9850
vn -0.1007 -0.1368 0.9855
vn -0.0896 -0.1424 0.9858
vn -0.0788 -0.1473 0.9859
vn -0.0685 -0.1517 0.9861
vn -0.0583 -0.1554 0.9861
vn -0.0484 -0.1585 0.9862
vn -0.0386 -0.1611 0.9862
vn -0.0289 -0.1630 0.9862
vn -0.0192 -0.1644 0.9862
vn -0.0096 -0.1653 0.9862
vn 0.0096 -0.1653 0.9862
vn -0.0000 -0.1655 0.9862
vn 0.0192 -0.1644 0.9862
vn 0.0289 -0.1630 0.9862
vn 0.0386 -0.1611 0.9862
vn 0.0484 -0.1585 0.9862
vn 0.0583 -0.1554 0.9861
vn 0.0685 -0.1517 0.9861
vn 0.0788 -0.1473 0.9859
vn 0.0896 -0.1424 0.9858
vn 0.1007 -0.1368 0.9855
vn 0.1125 -0.1305 0.9850
vn 0.1252 -0.1234 0.9844
vn 0.1390 -0.1156 0.9835
vn 0.1547 -0.1069 0.9822
vn 0.1731 -0.0971 0.9801
vn 0.1960 -0.0860 0.9768
vn 0.2273 -0.0732 0.9711
vn 0.2778 -0.0579 0.9589
vn 0.4488 -0.0360 0.8929
vn 0.5698 -0.0075 0.8217
vn -0.5900 -0.0064 0.8073
vn -0.4659 -0.0314 0.8843
vn -0.2908 -0.0508 0.9554
vn -0.2384 -0.0644 0.9690
vn -0.2058 -0.0757 0.9757
vn -0.1818 -0.0855 0.9796
vn -0.1626 -0.0942 0.9822
vn -0.1462 -0.1019 0.9840
vn -0.1317 -0.1089 0.9853
vn -0.1184 -0.1151 0.9863
vn -0.1060 -0.1207 0.9870
vn -0.0943 -0.1257 0.9876
vn -0.0830 -0.1301 0.9880
vn -0.0721 -0.1340 0.9884
vn -0.0614 -0.1373 0.9886
vn -0.0510 -0.1401 0.9888
vn -0.0406 -0.1423 0.9890
vn -0.0304 -0.1441 0.9891
vn -0.0203 -0.1453 0.9892
vn -0.0102 -0.1461 0.9892
vn 0.0102 -0.1461 0.9892
vn -0.0000 -0.1463 0.9892
vn 0.0203 -0.1453 0.9892
vn 0.0304 -0.1441 0.9891
vn 0.0406 -0.1423 0.9890
vn 0.0510 -0.1401 0.9888
vn 0.0614 -0.1373 0.9886
vn 0.0721 -0.1340 0.9884
vn 0.0830 -0.1301 0.9880
vn 0.0943 -0.1257 0.9876
vn 0.1060 -0.1207 0.9870
vn 0.1184 -0.1151 0.9863
vn 0.1317 -0.1089 0.9853
vn 0.1462 -0.1019 0.9840
vn 0.1626 -0.0942 0.9822
vn 0.1818 -0.0855 0.9796
vn 0.2058 -0.0757 0.9757
vn 0.2384 -0.0644 0.9690
vn 0.2908 -0.0508 0.9554
vn 0.4659 -0.0314 0.8843
vn 0.5900 -0.0064 0.8073
vn -0.6070 -0.0055 0.7947
vn -0.4804 -0.0276 0.8766
vn -0.3022 -0.0447 0.9522
vn -0.2481 -0.0568 0.9671
vn -0.2144 -0.0668 0.9745
vn -0.1895 -0.0755 0.9790
vn -0.1695 -0.0831 0.9820
vn -0.1525 -0.0900 0.9842
vn -0.1374 -0.0962 0.9858
vn -0.1236 -0.1018 0.9871
vn -0.1107 -0.1067 0.9881
vn -0.0985 -0.1112 0.9889
vn -0.0867 -0.1151 0.9896
vn -0.0753 -0.1185 0.9901
vn -0.0642 -0.1215 0.9905
vn -0.0533 -0.1240 0.9909
vn -0.0425 -0.1260 0.9911
vn -0.0318 -0.1275 0.9913
vn -0.0212 -0.1287 0.9915
vn -0.0106 -0.1293 0.9915
vn 0.0106 -0.1293 0.9915
vn -0.0000 -0.1295 0.9916
vn 0.0212 -0.1287 0.9915
vn 0.0318 -0.1275 0.9913
vn 0.0425 -0.1260 0.9911
vn 0.0533 -0.1240 0.9909
vn 0.0642 -0.1215 0.9905
vn 0.0753 -0.1185 0.9901
vn 0.0867 -0.1151 0.9896
vn 0.0985 -0.1112 0.9889
vn 0.1107 -0.1067 0.9881
vn 0.1236 -0.1018 0.9871
vn 0.1374 -0.0962 0.9858
vn 0.1525 -0.0900 0.9842
vn 0.1695 -0.0831 0.9820
vn 0.1895 -0.0755 0.9790
vn 0.2144 -0.0668 0.9745
vn 0.2481 -0.0568 0.9671
vn 0.3022 -0.0447 0.9522
vn 0.4804 -0.0276 0.8766
vn 0.6070 -0.0055 0.7947
vn -0.6213 -0.0048 0.7835
vn -0.4929 -0.0242 0.8697
vn -0.3121 -0.0394 0.9492
vn -0.2566 -0.0500 0.9652
vn -0.2219 -0.0588 0.9733
vn -0.1963 -0.0665 0.9783
vn -0.1756 -0.0733 0.9817
vn -0.1581 -0.0794 0.9842
vn -0.1424 -0.0849 0.9862
vn -0.1282 -0.0898 0.9877
vn -0.1148 -0.0943 0.9889
vn -0.1022 -0.0982 0.9899
vn -0.0900 -0.1017 0.9907
vn -0.0782 -0.1047 0.9914
vn -0.0666 -0.1073 0.9920
vn -0.0553 -0.1096 0.9924
vn -0.0441 -0.1113 0.9928
vn -0.0330 -0.1127 0.9931
vn -0.0220 -0.1137 0.9933
vn -0.0110 -0.1143 0.9934
vn 0.0110 -0.1143 0.9934
vn -0.0000 -0.1145 0.9934
vn 0.0220 -0.1137 0.9933
vn 0.0330 -0.1127 0.9931
vn 0.0441 -0.1113 0.9928
vn 0.0553 -0.1096 0.9924
vn 0.0666 -0.1073 0.9920
vn 0.0782 -0.1047 0.9914
vn 0.0900 -0.1017 0.9907
vn 0.1022 -0.0982 0.9899
vn 0.1148 -0.0943 0.9889
vn 0.1282 -0.0898 0.9877
vn 0.1424 -0.0849 0.9862
vn 0.1581 -0.0794 0.9842
vn 0.1756 -0.0733 0.9817
vn 0.1963 -0.0665 0.9783
vn 0.2219 -0.0588 0.9733
vn 0.2566 -0.0500 0.9652
vn 0.3121 -0.0394 0.9492
vn 0.4929 -0.0242 0.8697
vn 0.6213 -0.0048 0.7835
vn -0.6334 -0.0041 0.7738
vn -0.5036 -0.0211 0.8637
vn -0.3208 -0.0345 0.9465
vn -0.2641 -0.0439 0.9635
vn -0.2284 -0.0517 0.9722
vn -0.2022 -0.0585 0.9776
vn -0.1810 -0.0645 0.9814
vn -0.1629 -0.0699 0.9842
vn -0.1469 -0.0747 0.9863
vn -0.1322 -0.0790 0.9881
vn -0.1184 -0.0829 0.9895
vn -0.1054 -0.0864 0.9907
vn -0.0928 -0.0895 0.9917
vn -0.0807 -0.0922 0.9925
vn -0.0688 -0.0945 0.9931
vn -0.0571 -0.0965 0.9937
vn -0.0455 -0.0980 0.9941
vn -0.0341 -0.0993 0.9945
vn -0.0227 -0.1001 0.9947
vn -0.0113 -0.1007 0.9949
vn 0.0113 -0.1007 0.9949
vn -0.0000 -0.1008 0.9949
vn 0.0227 -0.1001 0.9947
vn 0.0341 -0.0993 0.9945
vn 0.0455 -0.0980 0.9941
vn 0.0571 -0.0965 0.9937
vn 0.0688 -0.0945 0.9931
vn 0.0807 -0.0922 0.9925
vn 0.0928 -0.0895 0.9917
vn 0.1054 -0.0864 0.9907
vn 0.1184 -0.0829 0.9895
vn 0.1322 -0.0790 0.9881
vn 0.1469 -0.0747 0.9863
vn 0.1629 -0.0699 0.9842
vn 0.1810 -0.0645 0.9814
vn 0.2022 -0.0585 0.9776
vn 0.2284 -0.0517 0.9722
vn 0.2641 -0.0439 0.9635
vn 0.3208 -0.0345 0.9465
vn 0.5036 -0.0211 0.8637
vn 0.6334 -0.0041 0.7738
vn -0.6437 -0.0035 0.7652
vn -0.5128 -0.0184 0.8583
vn -0.3283 -0.0301 0.9441
vn -0.2705 -0.0383 0.9619
vn -0.2342 -0.0451 0.9711
vn -0.2073 -0.0511 0.9769
vn -0.1857 -0.0563 0.9810
vn -0.1672 -0.0610 0.9840
vn -0.1507 -0.0653 0.9864
vn -0.1357 -0.0691 0.9883
vn -0.1216 -0.0725 0.9899
vn -0.1082 -0.0756 0.9913
vn -0.0953 -0.0783 0.9924
vn -0.0828 -0.0806 0.9933
vn -0.0706 -0.0827 0.9941
vn -0.0586 -0.0844 0.9947
vn -0.0467 -0.0858 0.9952
vn -0.0350 -0.0869 0.9956
vn -0.0233 -0.0876 0.9959
vn -0.0117 -0.0881 0.9960
vn 0.0117 -0.0881 0.9960
vn -0.0000 -0.0882 0.9961
vn 0.0233 -0.0876 0.9959
vn 0.0350 -0.0869 0.9956
vn 0.0467 -0.0858 0.9952
vn 0.0586 -0.0844 0.9947
vn 0.0706 -0.0827 0.9941
vn 0.0828 -0.0806 0.9933
vn 0.0953 -0.0783 0.9924
vn 0.1082 -0.0756 0.9913
vn 0.1216 -0.0725 0.9899
vn 0.1357 -0.0691 0.9883
vn 0.1507 -0.0653 0.9864
vn 0.1672 -0.0610 0.9840
vn 0.1857 -0.0563 0.9810
vn 0.2073 -0.0511 0.9769
vn 0.2342 -0.0451 0.9711
vn 0.2705 -0.0383 0.9619
vn 0.3283 -0.0301 0.9441
vn 0.5128 -0.0184 0.8583
vn 0.6437 -0.0035 0.7652
vn -0.6525 -0.0030 0.7578
vn -0.5206 -0.0159 0.8536
vn -0.3348 -0.0260 0.9419
vn -0.2761 -0.0331 0.9605
vn -0.2392 -0.0390 0.9702
vn -0.2118 -0.0442 0.9763
vn -0.1897 -0.0488 0.9806
vn -0.1709 -0.0528 0.9839
vn -0.1541 -0.0565 0.9864
vn -0.1387 -0.0598 0.9885
vn -0.1243 -0.0628 0.9902
vn -0.1107 -0.0655 0.9917
vn -0.0975 -0.0678 0.9929
vn -0.0847 -0.0699 0.9940
vn -0.0723 -0.0716 0.9948
vn -0.0600 -0.0731 0.9955
vn -0.0478 -0.0743 0.9961
vn -0.0358 -0.0753 0.9965
vn -0.0238 -0.0759 0.9968
vn -0.0119 -0.0763 0.9970
vn 0.0119 -0.0763 0.9970
vn -0.0000 -0.0765 0.9971
vn 0.0238 -0.0759 0.9968
vn 0.0358 -0.0753 0.9965
vn 0.0478 -0.0743 0.9961
vn 0.0600 -0.0731 0.9955
vn 0.0723 -0.0716 0.9948
vn 0.0847 -0.0699 0.9940
vn 0.0975 -0.0678 0.9929
vn 0.1107 -0.0655 0.9917
vn 0.1243 -0.0628 0.9902
vn 0.1387 -0.0598 0.9885
vn 0.1541 -0.0565 0.9864
vn 0.1709 -0.0528 0.9839
vn 0.1897 -0.0488 0.9806
vn 0.2118 -0.0442 0.9763
vn 0.2392 -0.0390 0.9702
vn 0.2761 -0.0331 0.9605
vn 0.3348 -0.0260 0.9419
vn 0.5206 -0.0159 0.8536
vn 0.6525 -0.0030 0.7578
vn -0.6598 -0.0026 0.7515
vn -0.5273 -0.0135 0.8496
vn -0.3404 -0.0222 0.9400
vn -0.2810 -0.0283 0.9593
vn -0.2434 -0.0333 0.9693
vn -0.2157 -0.0378 0.9757
vn -0.1932 -0.0417 0.9803
vn -0.1741 -0.0452 0.9837
vn -0.1570 -0.0483 0.9864
vn -0.1413 -0.0511 0.9886
vn -0.1267 -0.0537 0.9905
vn -0.1128 -0.0560 0.9920
vn -0.0994 -0.0580 0.9934
vn -0.0864 -0.0597 0.9945
vn -0.0736 -0.0613 0.9954
vn -0.0611 -0.0625 0.9962
vn -0.0488 -0.0636 0.9968
vn -0.0365 -0.0644 0.9973
vn -0.0243 -0.0650 0.9976
vn -0.0122 -0.0653 0.9978
vn 0.0122 -0.0653 0.9978
vn -0.0000 -0.0654 0.9979
vn 0.0243 -0.0650 0.9976
vn 0.0365 -0.0644 0.9973
vn 0.0488 -0.0636 0.9968
vn 0.0611 -0.0625 0.9962
vn 0.0736 -0.0613 0.9954
vn 0.0864 -0.0597 0.9945
vn 0.0994 -0.0580 0.9934
vn 0.1128 -0.0560 0.9920
vn 0.1267 -0.0537 0.9905
vn 0.1413 -0.0511 0.9886
vn 0.1570 -0.0483 0.9864
vn 0.1741 -0.0452 0.9837
vn 0.1932 -0.0417 0.9803
vn 0.2157 -0.0378 0.9757
vn 0.2434 -0.0333 0.9693
vn 0.2810 -0.0283 0.9593
vn 0.3404 -0.0222 0.9400
vn 0.5273 -0.0135 0.8496
vn 0.6598 -0.0026 0.7515
vn -0.6659 -0.0021 0.7461
vn -0.5328 -0.0113 0.8462
vn -0.3451 -0.0186 0.9384
vn -0.2850 -0.0237 0.9582
vn -0.2470 -0.0280 0.9686
vn -0.2189 -0.0317 0.9752
vn -0.1962 -0.0350 0.9799
vn -0.1767 -0.0379 0.9835
vn -0.1594 -0.0405 0.9864
vn -0.1436 -0.0429 0.9887
vn -0.1287 -0.0451 0.9907
vn -0.1146 -0.0470 0.9923
vn -0.1010 -0.0487 0.9937
vn -0.0878 -0.0501 0.9949
vn -0.0748 -0.0514 0.9959
vn -0.0621 -0.0525 0.9967
vn -0.0495 -0.0534 0.9973
vn -0.0371 -0.0540 0.9978
vn -0.0247 -0.0545 0.9982
vn -0.0123 -0.0548 0.9984
vn 0.0123 -0.0548 0.9984
vn -0.0000 -0.0549 0.9985
vn 0.0247 -0.0545 0.9982
vn 0.0371 -0.0540 0.9978
vn 0.0495 -0.0534 0.9973
vn 0.0621 -0.0525 0.9967
vn 0.0748 -0.0514 0.9959
vn 0.0878 -0.0501 0.9949
vn 0.1010 -0.0487 0.9937
vn 0.1146 -0.0470 0.9923
vn 0.1287 -0.0451 0.9907
vn 0.1436 -0.0429 0.9887
vn 0.1594 -0.0405 0.9864
vn 0.1767 -0.0379 0.9835
vn 0.1962 -0.0350 0.9799
vn 0.2189 -0.0317 0.9752
vn 0.2470 -0.0280 0.9686
vn 0.2850 -0.0237 0.9582
vn 0.3451 -0.0186 0.9384
vn 0.5328 -0.0113 0.8462
vn 0.6659 -0.0021 0.7461
vn -0.6709 -0.0018 0.7416
vn -0.5373 -0.0092 0.8434
vn -0.3489 -0.0152 0.9370
vn -0.2883 -0.0194 0.9573
vn -0.2500 -0.0229 0.9680
vn -0.2216 -0.0259 0.9748
vn -0.1986 -0.0286 0.9797
vn -0.1790 -0.0310 0.9834
vn -0.1614 -0.0331 0.9863
vn -0.1454 -0.0351 0.9888
vn -0.1304 -0.0368 0.9908
vn -0.1161 -0.0384 0.9925
vn -0.1023 -0.0398 0.9940
vn -0.0889 -0.0410 0.9952
vn -0.0758 -0.0421 0.9962
vn -0.0629 -0.0429 0.9971
vn -0.0502 -0.0436 0.9978
vn -0.0376 -0.0442 0.9983
vn -0.0250 -0.0446 0.9987
vn -0.0125 -0.0448 0.9989
vn 0.0125 -0.0448 0.9989
vn -0.0000 -0.0449 0.9990
vn 0.0250 -0.0446 0.9987
vn 0.0376 -0.0442 0.9983
vn 0.0502 -0.0436 0.9978
vn 0.0629 -0.0429 0.9971
vn 0.0758 -0.0421 0.9962
vn 0.0889 -0.0410 0.9952
vn 0.1023 -0.0398 0.9940
vn 0.1161 -0.0384 0.9925
vn 0.1304 -0.0368 0.9908
vn 0.1454 -0.0351 0.9888
vn 0.1614 -0.0331 0.9863
vn 0.1790 -0.0310 0.9834
vn 0.1986 -0.0286 0.9797
vn 0.2216 -0.0259 0.9748
vn 0.2500 -0.0229 0.9680
vn 0.2883 -0.0194 0.9573
vn 0.3489 -0.0152 0.9370
vn 0.5373 -0.0092 0.8434
vn 0.6709 -0.0018 0.7416
vn -0.6749 -0.0014 0.7379
vn -0.5409 -0.0073 0.8411
vn -0.3520 -0.0120 0.9359
vn -0.2910 -0.0152 0.9566
vn -0.2524 -0.0180 0.9675
vn -0.2237 -0.0203 0.9744
vn -0.2006 -0.0225 0.9794
vn -0.1807 -0.0244 0.9832
vn -0.1631 -0.0261 0.9863
vn -0.1469 -0.0276 0.9888
vn -0.1317 -0.0290 0.9909
vn -0.1172 -0.0302 0.9926
vn -0.1033 -0.0313 0.9942
vn -0.0898 -0.0322 0.9954
vn -0.0766 -0.0331 0.9965
vn -0.0636 -0.0338 0.9974
vn -0.0507 -0.0343 0.9981
vn -0.0379 -0.0348 0.9987
vn -0.0253 -0.0351 0.9991
vn -0.0126 -0.0353 0.9993
vn 0.0126 -0.0353 0.9993
vn -0.0000 -0.0353 0.9994
vn 0.0253 -0.0351 0.9991
vn 0.0379 -0.0348 0.9987
vn 0.0507 -0.0343 0.9981
vn 0.0636 -0.0338 0.9974
vn 0.0766 -0.0331 0.9965
vn 0.0898 -0.0322 0.9954
vn 0.1033 -0.0313 0.9942
vn 0.1172 -0.0302 0.9926
vn 0.1317 -0.0290 0.9909
vn 0.1469 -0.0276 0.9888
vn 0.1631 -0.0261 0.9863
vn 0.1807 -0.0244 0.9832
vn 0.2006 -0.0225 0.9794
vn 0.2237 -0.0203 0.9744
vn 0.2524 -0.0180 0.9675
vn 0.2910 -0.0152 0.9566
vn 0.3520 -0.0120 0.9359
vn 0.5409 -0.0073 0.8411
vn 0.6749 -0.0014 0.7379
vn -0.6779 -0.0011 0.7351
vn -0.5436 -0.0054 0.8394
vn -0.3543 -0.0088 0.9351
vn -0.2931 -0.0113 0.9560
vn -0.2542 -0.0133 0.9671
vn -0.2254 -0.0150 0.9742
vn -0.2021 -0.0166 0.9792
vn -0.1821 -0.0180 0.9831
vn -0.1643 -0.0192 0.9862
vn -0.1480 -0.0204 0.9888
vn -0.1327 -0.0214 0.9909
vn -0.1181 -0.0223 0.9927
vn -0.1041 -0.0231 0.9943
vn -0.0905 -0.0238 0.9956
vn -0.0772 -0.0244 0.9967
vn -0.0641 -0.0249 0.9976
vn -0.0511 -0.0253 0.9984
vn -0.0382 -0.0257 0.9989
vn -0.0255 -0.0259 0.9993
vn -0.0127 -0.0260 0.9996
vn 0.0127 -0.0260 0.9996
vn -0.0000 -0.0261 0.9997
vn 0.0255 -0.0259 0.9993
vn 0.0382 -0.0257 0.9989
vn 0.0511 -0.0253 0.9984
vn 0.0641 -0.0249 0.9976
vn 0.0772 -0.0244 0.9967
vn 0.0905 -0.0238 0.9956
vn 0.1041 -0.0231 0.9943
vn 0.1181 -0.0223 0.9927
vn 0.1327 -0.0214 0.9909
vn 0.1480 -0.0204 0.9888
vn 0.1643 -0.0192 0.9862
vn 0.1821 -0.0180 0.9831
vn 0.2021 -0.0166 0.9792
vn 0.2254 -0.0150 0.9742
vn 0.2542 -0.0133 0.9671
vn 0.2931 -0.0113 0.9560
vn 0.3543 -0.0088 0.9351
vn 0.5436 -0.0054 0.8394
vn 0.6779 -0.0011 0.7351
vn -0.6801 -0.0007 0.7331
vn -0.5454 -0.0036 0.8381
vn -0.3560 -0.0058 0.9345
vn -0.2945 -0.0074 0.9556
vn -0.2555 -0.0087 0.9668
vn -0.2265 -0.0099 0.9740
vn -0.2031 -0.0109 0.9791
vn -0.1830 -0.0118 0.9830
vn -0.1652 -0.0127 0.9862
vn -0.1488 -0.0134 0.9888
vn -0.1334 -0.0141 0.9910
vn -0.1188 -0.0147 0.9928
vn -0.1047 -0.0152 0.9944
vn -0.0910 -0.0157 0.9957
vn -0.0776 -0.0161 0.9969
vn -0.0644 -0.0164 0.9978
vn -0.0514 -0.0167 0.9985
vn -0.0385 -0.0169 0.9991
vn -0.0256 -0.0170 0.9995
vn -0.0128 -0.0171 0.9998
vn 0.0128 -0.0171 0.9998
vn -0.0000 -0.0172 0.9999
vn 0.0256 -0.0170 0.9995
vn 0.0385 -0.0169 0.9991
vn 0.0514 -0.0167 0.9985
vn 0.0644 -0.0164 0.9978
vn 0.0776 -0.0161 0.9969
vn 0.0910 -0.0157 0.9957
vn 0.1047 -0.0152 0.9944
vn 0.1188 -0.0147 0.9928
vn 0.1334 -0.0141 0.9910
vn 0.1488 -0.0134 0.9888
vn 0.1652 -0.0127 0.9862
vn 0.1830 -0.0118 0.9830
vn 0.2031 -0.0109 0.9791
vn 0.2265 -0.0099 0.9740
vn 0.2555 -0.0087 0.9668
vn 0.2945 -0.0074 0.9556
vn 0.3560 -0.0058 0.9345
vn 0.5454 -0.0036 0.8381
vn 0.6801 -0.0007 0.7331
vn -0.6815 -0.0004 0.7318
vn -0.5465 -0.0018 0.8374
vn -0.3569 -0.0029 0.9341
vn -0.2953 -0.0037 0.9554
vn -0.2562 -0.0044 0.9666
vn -0.2272 -0.0049 0.9738
vn -0.2037 -0.0054 0.9790
vn -0.1836 -0.0059 0.9830
vn -0.1657 -0.0063 0.9862
vn -0.1492 -0.0067 0.9888
vn -0.1338 -0.0070 0.9910
vn -0.1192 -0.0073 0.9928
vn -0.1050 -0.0075 0.9944
vn -0.0913 -0.0078 0.9958
vn -0.0779 -0.0080 0.9969
vn -0.0646 -0.0081 0.9979
vn -0.0515 -0.0083 0.9986
vn -0.0386 -0.0084 0.9992
vn -0.0257 -0.0084 0.9996
vn -0.0128 -0.0085 0.9999
vn 0.0128 -0.0085 0.9999
vn -0.0000 -0.0085 1.0000
vn 0.0257 -0.0084 0.9996
vn 0.0386 -0.0084 0.9992
vn 0.0515 -0.0083 0.9986
vn 0.0646 -0.0081 0.9979
vn 0.0779 -0.0080 0.9969
vn 0.0913 -0.0078 0.9958
vn 0.1050 -0.0075 0.9944
vn 0.1192 -0.0073 0.9928
vn 0.1338 -0.0070 0.9910
vn 0.1492 -0.0067 0.9888
vn 0.1657 -0.0063 0.9862
vn 0.1836 -0.0059 0.9830
vn 0.2037 -0.0054 0.9790
vn 0.2272 -0.0049 0.9738
vn 0.2562 -0.0044 0.9666
vn 0.2953 -0.0037 0.9554
vn 0.3569 -0.0029 0.9341
vn 0.5465 -0.0018 0.8374
vn 0.6815 -0.0004 0.7318
vn -0.6820 -0.0000 0.7313
vn -0.5469 -0.0000 0.8372
vn -0.3572 -0.0000 0.9340
vn -0.2956 -0.0000 0.9553
vn -0.2565 -0.0000 0.9665
vn -0.2274 -0.0000 0.9738
vn -0.2039 -0.0001 0.9790
vn -0.1838 -0.0001 0.9830
vn -0.1658 -0.0001 0.9862
vn -0.1494 -0.0001 0.9888
vn -0.1340 -0.0001 0.9910
vn -0.1193 -0.0001 0.9929
vn -0.1051 -0.0001 0.9945
vn -0.0914 -0.0001 0.9958
vn -0.0779 -0.0001 0.9970
vn -0.0647 -0.0001 0.9979
vn -0.0516 -0.0001 0.9987
vn -0.0386 -0.0001 0.9993
vn -0.0257 -0.0001 0.9997
vn -0.0128 -0.0001 0.9999
vn 0.0128 -0.0001 0.9999
vn -0.0000 -0.0001 1.0000
vn 0.0257 -0.0001 0.9997
vn 0.0386 -0.0001 0.9993
vn 0.0516 -0.0001 0.9987
vn 0.0647 -0.0001 0.9979
vn 0.0779 -0.0001 0.9970
vn 0.0914 -0.0001 0.9958
vn 0.1051 -0.0001 0.9945
vn 0.1193 -0.0001 0.9929
vn 0.1340 -0.0001 0.9910
vn 0.1494 -0.0001 0.9888
vn 0.1658 -0.0001 0.9862
vn 0.1838 -0.0001 0.9830
vn 0.2039 -0.0001 0.9790
vn 0.2274 -0.0000 0.9738
vn 0.2565 -0.0000 0.9665
vn 0.2956 -0.0000 0.9553
vn 0.3572 -0.0000 0.9340
vn 0.5469 -0.0000 0.8372
vn 0.6820 -0.0000 0.7313
vn -0.5466 0.0018 0.8374
vn -0.6816 0.0004 0.7318
vn -0.3569 0.0028 0.9341
vn -0.2953 0.0036 0.9554
vn -0.2562 0.0042 0.9666
vn -0.2272 0.0047 0.9738
vn -0.2037 0.0052 0.9790
vn -0.1836 0.0056 0.9830
vn -0.1657 0.0060 0.9862
vn -0.1492 0.0064 0.9888
vn -0.1338 0.0067 0.9910
vn -0.1192 0.0070 0.9929
vn -0.1050 0.0072 0.9944
vn -0.0913 0.0074 0.9958
vn -0.0779 0.0076 0.9969
vn -0.0646 0.0078 0.9979
vn -0.0515 0.0079 0.9986
vn -0.0386 0.0080 0.9992
vn -0.0257 0.0081 0.9996
vn -0.0128 0.0081 0.9999
vn -0.0000 0.0081 1.0000
vn 0.0128 0.0081 0.9999
vn 0.0257 0.0081 0.9996
vn 0.0386 0.0080 0.9992
vn 0.0515 0.0079 0.9986
vn 0.0646 0.0078 0.9979
vn 0.0779 0.0076 0.9969
vn 0.0913 0.0074 0.9958
vn 0.1050 0.0072 0.9944
vn 0.1192 0.0070 0.9929
vn 0.1338 0.0067 0.9910
vn 0.1492 0.0064 0.9888
vn 0.1657 0.0060 0.9862
vn 0.1836 0.0056 0.9830
vn 0.2037 0.0052 0.9790
vn 0.2272 0.0047 0.9738
vn 0.2562 0.0042 0.9666
vn 0.2953 0.0036 0.9554
vn 0.3569 0.0028 0.9341
vn 0.5466 0.0018 0.8374
vn -0.5455 0.0034 0.8381
vn -0.6802 0.0007 0.7330
vn -0.3560 0.0055 0.9345
vn -0.2945 0.0070 0.9556
vn -0.2555 0.0082 0.9668
vn -0.2266 0.0093 0.9739
vn -0.2032 0.0103 0.9791
vn -0.1831 0.0111 0.9830
vn -0.1652 0.0119 0.9862
vn -0.1488 0.0126 0.9888
vn -0.1334 0.0133 0.9910
vn -0.1188 0.0138 0.9928
vn -0.1047 0.0143 0.9944
vn -0.0910 0.0148 0.9957
vn -0.0776 0.0151 0.9969
vn -0.0644 0.0154 0.9978
vn -0.0514 0.0157 0.9986
vn -0.0385 0.0159 0.9991
vn -0.0256 0.0160 0.9995
vn -0.0128 0.0161 0.9998
vn -0.0000 0.0161 0.9999
vn 0.0128 0.0161 0.9998
vn 0.0256 0.0160 0.9995
vn 0.0385 0.0159 0.9991
vn 0.0514 0.0157 0.9986
vn 0.0644 0.0154 0.9978
vn 0.0776 0.0151 0.9969
vn 0.0910 0.0148 0.9957
vn 0.1047 0.0143 0.9944
vn 0.1188 0.0138 0.9928
vn 0.1334 0.0133 0.9910
vn 0.1488 0.0126 0.9888
vn 0.1652 0.0119 0.9862
vn 0.1831 0.0111 0.9830
vn 0.2032 0.0103 0.9791
vn 0.2266 0.0093 0.9739
vn 0.2555 0.0082 0.9668
vn 0.2945 0.0070 0.9556
vn 0.3560 0.0055 0.9345
vn 0.6816 0.0004 0.7318
vn 0.5455 0.0034 0.8381
vn -0.5438 0.0050 0.8392
vn -0.6782 0.0010 0.7349
vn -0.3545 0.0081 0.9350
vn -0.2932 0.0104 0.9560
vn -0.2543 0.0122 0.9670
vn -0.2255 0.0138 0.9741
vn -0.2022 0.0153 0.9792
vn -0.1822 0.0166 0.9831
vn -0.1644 0.0177 0.9862
vn -0.1481 0.0188 0.9888
vn -0.1328 0.0197 0.9910
vn -0.1182 0.0205 0.9928
vn -0.1042 0.0213 0.9943
vn -0.0906 0.0219 0.9956
vn -0.0772 0.0225 0.9968
vn -0.0641 0.0229 0.9977
vn -0.0511 0.0233 0.9984
vn -0.0383 0.0236 0.9990
vn -0.0255 0.0238 0.9994
vn -0.0127 0.0240 0.9996
vn -0.0000 0.0240 0.9997
vn 0.0127 0.0240 0.9996
vn 0.0255 0.0238 0.9994
vn 0.0383 0.0236 0.9990
vn 0.0511 0.0233 0.9984
vn 0.0641 0.0229 0.9977
vn 0.0772 0.0225 0.9968
vn 0.0906 0.0219 0.9956
vn 0.1042 0.0213 0.9943
vn 0.1182 0.0205 0.9928
vn 0.1328 0.0197 0.9910
vn 0.1481 0.0188 0.9888
vn 0.1644 0.0177 0.9862
vn 0.1822 0.0166 0.9831
vn 0.2022 0.0153 0.9792
vn 0.2255 0.0138 0.9741
vn 0.2543 0.0122 0.9670
vn 0.2932 0.0104 0.9560
vn 0.3545 0.0081 0.9350
vn 0.6802 0.0007 0.7330
vn 0.5438 0.0050 0.8392
vn -0.5413 0.0065 0.8408
vn -0.6754 0.0012 0.7374
vn -0.3524 0.0107 0.9358
vn -0.2914 0.0137 0.9565
vn -0.2527 0.0161 0.9674
vn -0.2240 0.0183 0.9744
vn -0.2008 0.0202 0.9794
vn -0.1810 0.0219 0.9832
vn -0.1633 0.0234 0.9863
vn -0.1470 0.0248 0.9888
vn -0.1319 0.0260 0.9909
vn -0.1174 0.0271 0.9927
vn -0.1035 0.0281 0.9942
vn -0.0899 0.0290 0.9955
vn -0.0767 0.0297 0.9966
vn -0.0637 0.0303 0.9975
vn -0.0508 0.0308 0.9982
vn -0.0380 0.0312 0.9988
vn -0.0253 0.0315 0.9992
vn -0.0126 0.0317 0.9994
vn -0.0000 0.0317 0.9995
vn 0.0126 0.0317 0.9994
vn 0.0253 0.0315 0.9992
vn 0.0380 0.0312 0.9988
vn 0.0508 0.0308 0.9982
vn 0.0637 0.0303 0.9975
vn 0.0767 0.0297 0.9966
vn 0.0899 0.0290 0.9955
vn 0.1035 0.0281 0.9942
vn 0.1174 0.0271 0.9927
vn 0.1319 0.0260 0.9909
vn 0.1470 0.0248 0.9888
vn 0.1633 0.0234 0.9863
vn 0.1810 0.0219 0.9832
vn 0.2008 0.0202 0.9794
vn 0.2240 0.0183 0.9744
vn 0.2527 0.0161 0.9674
vn 0.2914 0.0137 0.9565
vn 0.3524 0.0107 0.9358
vn 0.6782 0.0010 0.7349
vn 0.5413 0.0065 0.8408
vn -0.5381 0.0081 0.8428
vn -0.6719 0.0015 0.7406
vn -0.3497 0.0133 0.9368
vn -0.2890 0.0169 0.9572
vn -0.2506 0.0200 0.9679
vn -0.2221 0.0226 0.9748
vn -0.1991 0.0250 0.9797
vn -0.1794 0.0271 0.9834
vn -0.1618 0.0290 0.9864
vn -0.1458 0.0307 0.9888
vn -0.1307 0.0322 0.9909
vn -0.1164 0.0336 0.9926
vn -0.1025 0.0348 0.9941
vn -0.0891 0.0359 0.9954
vn -0.0760 0.0368 0.9964
vn -0.0631 0.0376 0.9973
vn -0.0503 0.0382 0.9980
vn -0.0377 0.0387 0.9985
vn -0.0251 0.0390 0.9989
vn -0.0125 0.0392 0.9992
vn -0.0000 0.0393 0.9992
vn 0.0125 0.0392 0.9992
vn 0.0251 0.0390 0.9989
vn 0.0377 0.0387 0.9985
vn 0.0503 0.0382 0.9980
vn 0.0631 0.0376 0.9973
vn 0.0760 0.0368 0.9964
vn 0.0891 0.0359 0.9954
vn 0.1025 0.0348 0.9941
vn 0.1164 0.0336 0.9926
vn 0.1307 0.0322 0.9909
vn 0.1458 0.0307 0.9888
vn 0.1618 0.0290 0.9864
vn 0.1794 0.0271 0.9834
vn 0.1991 0.0250 0.9797
vn 0.2221 0.0226 0.9748
vn 0.2506 0.0200 0.9679
vn 0.2890 0.0169 0.9572
vn 0.3497 0.0133 0.9368
vn 0.6754 0.0012 0.7374
vn 0.5381 0.0081 0.8428
vn -0.5343 0.0096 0.8453
vn -0.6677 0.0018 0.7444
vn -0.3463 0.0158 0.9380
vn -0.2861 0.0202 0.9580
vn -0.2480 0.0238 0.9685
vn -0.2198 0.0270 0.9752
vn -0.1970 0.0298 0.9800
vn -0.1775 0.0323 0.9836
vn -0.1601 0.0345 0.9865
vn -0.1442 0.0366 0.9889
vn -0.1293 0.0384 0.9909
vn -0.1151 0.0400 0.9925
vn -0.1014 0.0414 0.9940
vn -0.0882 0.0427 0.9952
vn -0.0752 0.0438 0.9962
vn -0.0624 0.0447 0.9970
vn -0.0498 0.0455 0.9977
vn -0.0372 0.0460 0.9982
vn -0.0248 0.0465 0.9986
vn -0.0124 0.0467 0.9988
vn -0.0000 0.0468 0.9989
vn 0.0124 0.0467 0.9988
vn 0.0248 0.0465 0.9986
vn 0.0372 0.0460 0.9982
vn 0.0498 0.0455 0.9977
vn 0.0624 0.0447 0.9970
vn 0.0752 0.0438 0.9962
vn 0.0882 0.0427 0.9952
vn 0.1014 0.0414 0.9940
vn 0.1151 0.0400 0.9925
vn 0.1293 0.0384 0.9909
vn 0.1442 0.0366 0.9889
vn 0.1601 0.0345 0.9865
vn 0.1775 0.0323 0.9836
vn 0.1970 0.0298 0.9800
vn 0.2198 0.0270 0.9752
vn 0.2480 0.0238 0.9685
vn 0.2861 0.0202 0.9580
vn 0.3463 0.0158 0.9380
vn 0.6719 0.0015 0.7406
vn 0.5343 0.0096 0.8453
vn -0.5296 0.0111 0.8481
vn -0.6627 0.0021 0.7489
vn -0.3424 0.0183 0.9394
vn -0.2827 0.0234 0.9589
vn -0.2450 0.0276 0.9691
vn -0.2171 0.0312 0.9756
vn -0.1945 0.0345 0.9803
vn -0.1752 0.0374 0.9838
vn -0.1581 0.0400 0.9866
vn -0.1423 0.0423 0.9889
vn -0.1276 0.0445 0.9908
vn -0.1136 0.0463 0.9924
vn -0.1001 0.0480 0.9938
vn -0.0870 0.0495 0.9950
vn -0.0742 0.0507 0.9960
vn -0.0616 0.0518 0.9968
vn -0.0491 0.0527 0.9974
vn -0.0368 0.0533 0.9979
vn -0.0245 0.0538 0.9983
vn -0.0122 0.0541 0.9985
vn -0.0000 0.0542 0.9985
vn 0.0122 0.0541 0.9985
vn 0.0245 0.0538 0.9983
vn 0.0368 0.0533 0.9979
vn 0.0491 0.0527 0.9974
vn 0.0616 0.0518 0.9968
vn 0.0742 0.0507 0.9960
vn 0.0870 0.0495 0.9950
vn 0.1001 0.0480 0.9938
vn 0.1136 0.0463 0.9924
vn 0.1276 0.0445 0.9908
vn 0.1423 0.0423 0.9889
vn 0.1581 0.0400 0.9866
vn 0.1752 0.0374 0.9838
vn 0.1945 0.0345 0.9803
vn 0.2171 0.0312 0.9756
vn 0.2450 0.0276 0.9691
vn 0.2827 0.0234 0.9589
vn 0.3424 0.0183 0.9394
vn 0.6677 0.0018 0.7444
vn 0.5297 0.0111 0.8481
vn -0.5243 0.0127 0.8514
vn -0.6568 0.0024 0.7541
vn -0.3379 0.0209 0.9409
vn -0.2788 0.0266 0.9600
vn -0.2416 0.0314 0.9699
vn -0.2140 0.0355 0.9762
vn -0.1917 0.0392 0.9807
vn -0.1727 0.0425 0.9841
vn -0.1557 0.0454 0.9868
vn -0.1402 0.0481 0.9890
vn -0.1257 0.0505 0.9908
vn -0.1119 0.0526 0.9923
vn -0.0986 0.0545 0.9936
vn -0.0857 0.0562 0.9947
vn -0.0731 0.0576 0.9957
vn -0.0606 0.0588 0.9964
vn -0.0484 0.0598 0.9970
vn -0.0362 0.0606 0.9975
vn -0.0241 0.0611 0.9978
vn -0.0121 0.0614 0.9980
vn -0.0000 0.0615 0.9981
vn 0.0121 0.0614 0.9980
vn 0.0241 0.0611 0.9978
vn 0.0362 0.0606 0.9975
vn 0.0484 0.0598 0.9970
vn 0.0606 0.0588 0.9964
vn 0.0731 0.0576 0.9957
vn 0.0857 0.0562 0.9947
vn 0.0986 0.0545 0.9936
vn 0.1119 0.0526 0.9923
vn 0.1257 0.0505 0.9908
vn 0.1402 0.0481 0.9890
vn 0.1557 0.0454 0.9868
vn 0.1727 0.0425 0.9841
vn 0.1917 0.0392 0.9807
vn 0.2140 0.0355 0.9762
vn 0.2416 0.0314 0.9699
vn 0.2788 0.0266 0.9600
vn 0.3379 0.0209 0.9409
vn 0.6627 0.0021 0.7489
vn 0.5243 0.0127 0.8514
vn -0.5182 0.0142 0.8552
vn -0.6501 0.0027 0.7599
vn -0.3328 0.0234 0.9427
vn -0.2744 0.0298 0.9612
vn -0.2376 0.0351 0.9707
vn -0.2105 0.0398 0.9768
vn -0.1885 0.0439 0.9811
vn -0.1698 0.0476 0.9843
vn -0.1531 0.0509 0.9869
vn -0.1378 0.0539 0.9890
vn -0.1235 0.0565 0.9907
vn -0.1100 0.0589 0.9922
vn -0.0969 0.0610 0.9934
vn -0.0842 0.0629 0.9945
vn -0.0718 0.0645 0.9953
vn -0.0596 0.0658 0.9961
vn -0.0475 0.0669 0.9966
vn -0.0356 0.0678 0.9971
vn -0.0237 0.0684 0.9974
vn -0.0118 0.0687 0.9976
vn -0.0000 0.0689 0.9976
vn 0.0118 0.0687 0.9976
vn 0.0237 0.0684 0.9974
vn 0.0356 0.0678 0.9971
vn 0.0475 0.0669 0.9966
vn 0.0596 0.0658 0.9961
vn 0.0718 0.0645 0.9953
vn 0.0842 0.0629 0.9945
vn 0.0969 0.0610 0.9934
vn 0.1100 0.0589 0.9922
vn 0.1235 0.0565 0.9907
vn 0.1378 0.0539 0.9890
vn 0.1531 0.0509 0.9869
vn 0.1698 0.0476 0.9843
vn 0.1885 0.0439 0.9811
vn 0.2105 0.0398 0.9768
vn 0.2376 0.0351 0.9707
vn 0.2744 0.0298 0.9612
vn 0.3328 0.0234 0.9427
vn 0.6568 0.0024 0.7541
vn 0.5182 0.0142 0.8552
vn -0.5112 0.0158 0.8593
vn -0.6425 0.0030 0.7663
vn -0.3271 0.0259 0.9446
vn -0.2695 0.0330 0.9624
vn -0.2333 0.0389 0.9716
vn -0.2065 0.0440 0.9774
vn -0.1850 0.0486 0.9815
vn -0.1665 0.0527 0.9846
vn -0.1502 0.0563 0.9871
vn -0.1352 0.0596 0.9890
vn -0.1211 0.0626 0.9907
vn -0.1078 0.0652 0.9920
vn -0.0950 0.0675 0.9932
vn -0.0826 0.0696 0.9942
vn -0.0704 0.0713 0.9950
vn -0.0584 0.0728 0.9956
vn -0.0466 0.0740 0.9962
vn -0.0349 0.0750 0.9966
vn -0.0232 0.0756 0.9969
vn -0.0116 0.0760 0.9970
vn -0.0000 0.0762 0.9971
vn 0.0116 0.0760 0.9970
vn 0.0232 0.0756 0.9969
vn 0.0349 0.0750 0.9966
vn 0.0466 0.0740 0.9962
vn 0.0584 0.0728 0.9956
vn 0.0704 0.0713 0.9950
vn 0.0826 0.0696 0.9942
vn 0.0950 0.0675 0.9932
vn 0.1078 0.0652 0.9920
vn 0.1211 0.0626 0.9907
vn 0.1352 0.0596 0.9890
vn 0.1502 0.0563 0.9871
vn 0.1665 0.0527 0.9846
vn 0.1850 0.0486 0.9815
vn 0.2065 0.0440 0.9774
vn 0.2333 0.0389 0.9716
vn 0.2695 0.0330 0.9624
vn 0.3271 0.0259 0.9446
vn 0.6501 0.0027 0.7599
vn 0.5112 0.0158 0.8593
vn -0.5034 0.0174 0.8639
vn -0.6339 0.0033 0.7734
vn -0.3207 0.0285 0.9467
vn -0.2640 0.0363 0.9638
vn -0.2284 0.0427 0.9726
vn -0.2022 0.0483 0.9782
vn -0.1810 0.0533 0.9820
vn -0.1630 0.0578 0.9849
vn -0.1469 0.0618 0.9872
vn -0.1322 0.0654 0.9891
vn -0.1185 0.0686 0.9906
vn -0.1055 0.0715 0.9918
vn -0.0929 0.0741 0.9929
vn -0.0807 0.0763 0.9938
vn -0.0688 0.0782 0.9946
vn -0.0571 0.0799 0.9952
vn -0.0455 0.0812 0.9957
vn -0.0341 0.0822 0.9960
vn -0.0227 0.0829 0.9963
vn -0.0114 0.0834 0.9965
vn -0.0000 0.0835 0.9965
vn 0.0114 0.0834 0.9965
vn 0.0227 0.0829 0.9963
vn 0.0341 0.0822 0.9960
vn 0.0455 0.0812 0.9957
vn 0.0571 0.0799 0.9952
vn 0.0688 0.0782 0.9946
vn 0.0807 0.0763 0.9938
vn 0.0929 0.0741 0.9929
vn 0.1055 0.0715 0.9918
vn 0.1185 0.0686 0.9906
vn 0.1322 0.0654 0.9891
vn 0.1469 0.0618 0.9872
vn 0.1630 0.0578 0.9849
vn 0.1810 0.0533 0.9820
vn 0.2022 0.0483 0.9782
vn 0.2284 0.0427 0.9726
vn 0.2640 0.0363 0.9638
vn 0.3207 0.0285 0.9467
vn 0.6425 0.0030 0.7663
vn 0.5034 0.0174 0.8639
vn -0.4948 0.0191 0.8688
vn -0.6242 0.0037 0.7812
vn -0.3137 0.0311 0.9490
vn -0.2580 0.0396 0.9653
vn -0.2231 0.0466 0.9737
vn -0.1974 0.0527 0.9789
vn -0.1767 0.0581 0.9825
vn -0.1591 0.0630 0.9853
vn -0.1434 0.0673 0.9874
vn -0.1290 0.0713 0.9891
vn -0.1156 0.0748 0.9905
vn -0.1029 0.0779 0.9916
vn -0.0906 0.0807 0.9926
vn -0.0787 0.0831 0.9934
vn -0.0671 0.0852 0.9941
vn -0.0557 0.0870 0.9947
vn -0.0444 0.0884 0.9951
vn -0.0332 0.0895 0.9954
vn -0.0221 0.0903 0.9957
vn -0.0111 0.0908 0.9958
vn -0.0000 0.0910 0.9959
vn 0.0111 0.0908 0.9958
vn 0.0221 0.0903 0.9957
vn 0.0332 0.0895 0.9954
vn 0.0444 0.0884 0.9951
vn 0.0557 0.0870 0.9947
vn 0.0671 0.0852 0.9941
vn 0.0787 0.0831 0.9934
vn 0.0906 0.0807 0.9926
vn 0.1029 0.0779 0.9916
vn 0.1156 0.0748 0.9905
vn 0.1290 0.0713 0.9891
vn 0.1434 0.0673 0.9874
vn 0.1591 0.0630 0.9853
vn 0.1767 0.0581 0.9825
vn 0.1974 0.0527 0.9789
vn 0.2231 0.0466 0.9737
vn 0.2580 0.0396 0.9653
vn 0.3137 0.0311 0.9490
vn 0.6339 0.0033 0.7734
vn 0.4948 0.0191 0.8688
vn -0.4851 0.0208 0.8742
vn -0.6134 0.0040 0.7898
vn -0.3060 0.0338 0.9514
vn -0.2515 0.0430 0.9669
vn -0.2174 0.0506 0.9748
vn -0.1923 0.0572 0.9797
vn -0.1721 0.0630 0.9831
vn -0.1548 0.0683 0.9856
vn -0.1395 0.0730 0.9875
vn -0.1255 0.0772 0.9891
vn -0.1125 0.0810 0.9903
vn -0.1001 0.0844 0.9914
vn -0.0882 0.0874 0.9923
vn -0.0766 0.0901 0.9930
vn -0.0653 0.0923 0.9936
vn -0.0542 0.0942 0.9941
vn -0.0432 0.0958 0.9945
vn -0.0323 0.0970 0.9948
vn -0.0215 0.0978 0.9950
vn -0.0108 0.0983 0.9951
vn -0.0000 0.0985 0.9951
vn 0.0108 0.0983 0.9951
vn 0.0215 0.0978 0.9950
vn 0.0323 0.0970 0.9948
vn 0.0432 0.0958 0.9945
vn 0.0542 0.0942 0.9941
vn 0.0653 0.0923 0.9936
vn 0.0766 0.0901 0.9930
vn 0.0882 0.0874 0.9923
vn 0.1001 0.0844 0.9914
vn 0.1125 0.0810 0.9903
vn 0.1255 0.0772 0.9891
vn 0.1395 0.0730 0.9875
vn 0.1548 0.0683 0.9856
vn 0.1721 0.0630 0.9831
vn 0.1923 0.0572 0.9797
vn 0.2174 0.0506 0.9748
vn 0.2515 0.0430 0.9669
vn 0.3060 0.0338 0.9514
vn 0.6242 0.0037 0.7812
vn 0.4851 0.0208 0.8742
vn -0.4745 0.0225 0.8800
vn -0.6013 0.0045 0.7990
vn -0.2977 0.0366 0.9540
vn -0.2444 0.0465 0.9686
vn -0.2111 0.0547 0.9759
vn -0.1866 0.0618 0.9805
vn -0.1670 0.0681 0.9836
vn -0.1502 0.0738 0.9859
vn -0.1354 0.0788 0.9877
vn -0.1218 0.0834 0.9890
vn -0.1091 0.0875 0.9902
vn -0.0970 0.0911 0.9911
vn -0.0855 0.0944 0.9919
vn -0.0742 0.0972 0.9925
vn -0.0633 0.0996 0.9930
vn -0.0525 0.1017 0.9934
vn -0.0419 0.1033 0.9938
vn -0.0313 0.1046 0.9940
vn -0.0209 0.1055 0.9942
vn -0.0104 0.1061 0.9943
vn -0.0000 0.1063 0.9943
vn 0.0104 0.1061 0.9943
vn 0.0209 0.1055 0.9942
vn 0.0313 0.1046 0.9940
vn 0.0419 0.1033 0.9938
vn 0.0525 0.1017 0.9934
vn 0.0633 0.0996 0.9930
vn 0.0742 0.0972 0.9925
vn 0.0855 0.0944 0.9919
vn 0.0970 0.0911 0.9911
vn 0.1091 0.0875 0.9902
vn 0.1218 0.0834 0.9890
vn 0.1354 0.0788 0.9877
vn 0.1502 0.0738 0.9859
vn 0.1670 0.0681 0.9836
vn 0.1866 0.0618 0.9805
vn 0.2111 0.0547 0.9759
vn 0.2444 0.0465 0.9686
vn 0.2977 0.0366 0.9540
vn 0.6134 0.0040 0.7898
vn 0.4745 0.0225 0.8800
vn -0.4627 0.0244 0.8862
vn -0.5879 0.0049 0.8089
vn -0.2886 0.0395 0.9566
vn -0.2366 0.0501 0.9703
vn -0.2043 0.0589 0.9771
vn -0.1806 0.0666 0.9813
vn -0.1615 0.0734 0.9841
vn -0.1453 0.0794 0.9862
vn -0.1309 0.0849 0.9878
vn -0.1177 0.0898 0.9890
vn -0.1054 0.0942 0.9900
vn -0.0938 0.0981 0.9907
vn -0.0826 0.1016 0.9914
vn -0.0717 0.1046 0.9919
vn -0.0611 0.1072 0.9924
vn -0.0507 0.1094 0.9927
vn -0.0404 0.1112 0.9930
vn -0.0303 0.1126 0.9932
vn -0.0202 0.1135 0.9933
vn -0.0101 0.1141 0.9934
vn -0.0000 0.1143 0.9934
vn 0.0101 0.1141 0.9934
vn 0.0202 0.1135 0.9933
vn 0.0303 0.1126 0.9932
vn 0.0404 0.1112 0.9930
vn 0.0507 0.1094 0.9927
vn 0.0611 0.1072 0.9924
vn 0.0717 0.1046 0.9919
vn 0.0826 0.1016 0.9914
vn 0.0938 0.0981 0.9907
vn 0.1054 0.0942 0.9900
vn 0.1177 0.0898 0.9890
vn 0.1309 0.0849 0.9878
vn 0.1453 0.0794 0.9862
vn 0.1615 0.0734 0.9841
vn 0.1806 0.0666 0.9813
vn 0.2043 0.0589 0.9771
vn 0.2366 0.0501 0.9703
vn 0.2886 0.0395 0.9566
vn 0.6013 0.0045 0.7990
vn 0.4627 0.0244 0.8862
vn -0.4498 0.0264 0.8928
vn -0.5728 0.0054 0.8197
vn -0.2787 0.0426 0.9594
vn -0.2283 0.0540 0.9721
vn -0.1970 0.0634 0.9784
vn -0.1740 0.0716 0.9821
vn -0.1556 0.0789 0.9847
vn -0.1399 0.0854 0.9865
vn -0.1260 0.0913 0.9878
vn -0.1133 0.0965 0.9889
vn -0.1015 0.1012 0.9897
vn -0.0902 0.1054 0.9903
vn -0.0795 0.1091 0.9908
vn -0.0690 0.1124 0.9913
vn -0.0588 0.1152 0.9916
vn -0.0488 0.1175 0.9919
vn -0.0389 0.1194 0.9921
vn -0.0291 0.1209 0.9922
vn -0.0194 0.1219 0.9923
vn -0.0097 0.1226 0.9924
vn -0.0000 0.1228 0.9924
vn 0.0097 0.1226 0.9924
vn 0.0194 0.1219 0.9923
vn 0.0291 0.1209 0.9922
vn 0.0389 0.1194 0.9921
vn 0.0488 0.1175 0.9919
vn 0.0588 0.1152 0.9916
vn 0.0690 0.1124 0.9913
vn 0.0795 0.1091 0.9908
vn 0.0902 0.1054 0.9903
vn 0.1015 0.1012 0.9897
vn 0.1133 0.0965 0.9889
vn 0.1260 0.0913 0.9878
vn 0.1399 0.0854 0.9865
vn 0.1556 0.0789 0.9847
vn 0.1740 0.0716 0.9821
vn 0.1970 0.0634 0.9784
vn 0.2283 0.0540 0.9721
vn 0.2787 0.0426 0.9594
vn 0.5879 0.0049 0.8089
vn 0.4498 0.0264 0.8928
vn -0.4355 0.0285 0.8998
vn -0.5560 0.0059 0.8312
vn -0.2680 0.0459 0.9623
vn -0.2192 0.0581 0.9739
vn -0.1890 0.0682 0.9796
vn -0.1669 0.0770 0.9830
vn -0.1492 0.0848 0.9852
vn -0.1341 0.0918 0.9867
vn -0.1208 0.0981 0.9878
vn -0.1086 0.1037 0.9887
vn -0.0972 0.1087 0.9893
vn -0.0865 0.1132 0.9898
vn -0.0761 0.1172 0.9902
vn -0.0661 0.1207 0.9905
vn -0.0563 0.1236 0.9907
vn -0.0467 0.1261 0.9909
vn -0.0373 0.1282 0.9910
vn -0.0279 0.1298 0.9912
vn -0.0186 0.1309 0.9912
vn -0.0093 0.1316 0.9913
vn -0.0000 0.1318 0.9913
vn 0.0093 0.1316 0.9913
vn 0.0186 0.1309 0.9912
vn 0.0279 0.1298 0.9912
vn 0.0373 0.1282 0.9910
vn 0.0467 0.1261 0.9909
vn 0.0563 0.1236 0.9907
vn 0.0661 0.1207 0.9905
vn 0.0761 0.1172 0.9902
vn 0.0865 0.1132 0.9898
vn 0.0972 0.1087 0.9893
vn 0.1086 0.1037 0.9887
vn 0.1208 0.0981 0.9878
vn 0.1341 0.0918 0.9867
vn 0.1492 0.0848 0.9852
vn 0.1669 0.0770 0.9830
vn 0.1890 0.0682 0.9796
vn 0.2192 0.0581 0.9739
vn 0.2680 0.0459 0.9623
vn 0.5728 0.0054 0.8197
vn 0.4355 0.0285 0.8998
vn -0.4196 0.0309 0.9072
vn -0.5371 0.0066 0.8435
vn -0.2564 0.0496 0.9653
vn -0.2094 0.0626 0.9758
vn -0.1805 0.0735 0.9808
vn -0.1593 0.0829 0.9837
vn -0.1423 0.0913 0.9856
vn -0.1279 0.0988 0.9869
vn -0.1151 0.1055 0.9877
vn -0.1035 0.1115 0.9884
vn -0.0927 0.1169 0.9888
vn -0.0824 0.1217 0.9891
vn -0.0725 0.1260 0.9894
vn -0.0630 0.1297 0.9896
vn -0.0537 0.1329 0.9897
vn -0.0445 0.1355 0.9898
vn -0.0355 0.1377 0.9898
vn -0.0266 0.1394 0.9899
vn -0.0177 0.1406 0.9899
vn -0.0089 0.1413 0.9899
vn -0.0000 0.1416 0.9899
vn 0.0089 0.1413 0.9899
vn 0.0177 0.1406 0.9899
vn 0.0266 0.1394 0.9899
vn 0.0355 0.1377 0.9898
vn 0.0445 0.1355 0.9898
vn 0.0537 0.1329 0.9897
vn 0.0630 0.1297 0.9896
vn 0.0725 0.1260 0.9894
vn 0.0824 0.1217 0.9891
vn 0.0927 0.1169 0.9888
vn 0.1035 0.1115 0.9884
vn 0.1151 0.1055 0.9877
vn 0.1279 0.0988 0.9869
vn 0.1423 0.0913 0.9856
vn 0.1593 0.0829 0.9837
vn 0.1805 0.0735 0.9808
vn 0.2094 0.0626 0.9758
vn 0.2564 0.0496 0.9653
vn 0.5560 0.0059 0.8312
vn 0.4196 0.0309 0.9072
vn -0.4021 0.0335 0.9150
vn -0.5158 0.0073 0.8567
vn -0.2437 0.0536 0.9684
vn -0.1988 0.0677 0.9777
vn -0.1712 0.0794 0.9820
vn -0.1510 0.0895 0.9845
vn -0.1349 0.0985 0.9860
vn -0.1212 0.1065 0.9869
vn -0.1091 0.1137 0.9875
vn -0.0980 0.1202 0.9879
vn -0.0877 0.1260 0.9881
vn -0.0780 0.1311 0.9883
vn -0.0686 0.1357 0.9884
vn -0.0596 0.1397 0.9884
vn -0.0508 0.1431 0.9884
vn -0.0421 0.1460 0.9884
vn -0.0336 0.1483 0.9884
vn -0.0251 0.1501 0.9883
vn -0.0167 0.1514 0.9883
vn -0.0084 0.1522 0.9883
vn -0.0000 0.1524 0.9883
vn 0.0084 0.1522 0.9883
vn 0.0167 0.1514 0.9883
vn 0.0251 0.1501 0.9883
vn 0.0336 0.1483 0.9884
vn 0.0421 0.1460 0.9884
vn 0.0508 0.1431 0.9884
vn 0.0596 0.1397 0.9884
vn 0.0686 0.1357 0.9884
vn 0.0780 0.1311 0.9883
vn 0.0877 0.1260 0.9881
vn 0.0980 0.1202 0.9879
vn 0.1091 0.1137 0.9875
vn 0.1212 0.1065 0.9869
vn 0.1349 0.0985 0.9860
vn 0.1510 0.0895 0.9845
vn 0.1712 0.0794 0.9820
vn 0.1988 0.0677 0.9777
vn 0.2437 0.0536 0.9684
vn 0.5371 0.0066 0.8435
vn 0.4021 0.0335 0.9150
vn -0.3825 0.0366 0.9232
vn -0.4916 0.0081 0.8708
vn -0.2299 0.0583 0.9715
vn -0.1873 0.0735 0.9796
vn -0.1611 0.0861 0.9832
vn -0.1421 0.0971 0.9851
vn -0.1268 0.1068 0.9862
vn -0.1139 0.1154 0.9868
vn -0.1025 0.1232 0.9871
vn -0.0921 0.1302 0.9872
vn -0.0824 0.1364 0.9872
vn -0.0732 0.1420 0.9872
vn -0.0644 0.1469 0.9871
vn -0.0559 0.1511 0.9869
vn -0.0477 0.1548 0.9868
vn -0.0395 0.1579 0.9867
vn -0.0315 0.1604 0.9865
vn -0.0236 0.1624 0.9864
vn -0.0157 0.1638 0.9864
vn -0.0079 0.1646 0.9863
vn -0.0000 0.1649 0.9863
vn 0.0079 0.1646 0.9863
vn 0.0157 0.1638 0.9864
vn 0.0236 0.1624 0.9864
vn 0.0315 0.1604 0.9865
vn 0.0395 0.1579 0.9867
vn 0.0477 0.1548 0.9868
vn 0.0559 0.1511 0.9869
vn 0.0644 0.1469 0.9871
vn 0.0732 0.1420 0.9872
vn 0.0824 0.1364 0.9872
vn 0.0921 0.1302 0.9872
vn 0.1025 0.1232 0.9871
vn 0.1139 0.1154 0.9868
vn 0.1268 0.1068 0.9862
vn 0.1421 0.0971 0.9851
vn 0.1611 0.0861 0.9832
vn 0.1873 0.0735 0.9796
vn 0.2299 0.0583 0.9715
vn 0.5158 0.0073 0.8567
vn 0.3825 0.0366 0.9232
vn -0.3605 0.0403 0.9319
vn -0.4639 0.0092 0.8859
vn -0.2147 0.0639 0.9746
vn -0.1747 0.0804 0.9813
vn -0.1501 0.0942 0.9842
vn -0.1323 0.1061 0.9855
vn -0.1180 0.1166 0.9861
vn -0.1060 0.1260 0.9864
vn -0.0953 0.1345 0.9863
vn -0.0856 0.1420 0.9862
vn -0.0766 0.1488 0.9859
vn -0.0681 0.1548 0.9856
vn -0.0599 0.1601 0.9853
vn -0.0520 0.1647 0.9850
vn -0.0443 0.1687 0.9847
vn -0.0367 0.1721 0.9844
vn -0.0293 0.1748 0.9842
vn -0.0219 0.1769 0.9840
vn -0.0146 0.1784 0.9839
vn -0.0073 0.1793 0.9838
vn -0.0000 0.1796 0.9837
vn 0.0073 0.1793 0.9838
vn 0.0146 0.1784 0.9839
vn 0.0219 0.1769 0.9840
vn 0.0293 0.1748 0.9842
vn 0.0367 0.1721 0.9844
vn 0.0443 0.1687 0.9847
vn 0.0520 0.1647 0.9850
vn 0.0599 0.1601 0.9853
vn 0.0681 0.1548 0.9856
vn 0.0766 0.1488 0.9859
vn 0.0856 0.1420 0.9862
vn 0.0953 0.1345 0.9863
vn 0.1060 0.1260 0.9864
vn 0.1180 0.1166 0.9861
vn 0.1323 0.1061 0.9855
vn 0.1501 0.0942 0.9842
vn 0.1747 0.0804 0.9813
vn 0.2147 0.0639 0.9746
vn 0.4916 0.0081 0.8708
vn 0.3605 0.0403 0.9319
vn -0.3355 0.0450 0.9410
vn -0.4317 0.0106 0.9020
vn -0.1979 0.0709 0.9777
vn -0.1607 0.0891 0.9830
vn -0.1380 0.1042 0.9849
vn -0.1215 0.1173 0.9856
vn -0.1083 0.1289 0.9857
vn -0.0972 0.1392 0.9855
vn -0.0874 0.1485 0.9850
vn -0.0785 0.1568 0.9845
vn -0.0702 0.1642 0.9839
vn -0.0623 0.1708 0.9833
vn -0.0548 0.1766 0.9828
vn -0.0476 0.1816 0.9822
vn -0.0405 0.1860 0.9817
vn -0.0336 0.1896 0.9813
vn -0.0268 0.1926 0.9809
vn -0.0201 0.1949 0.9806
vn -0.0134 0.1965 0.9804
vn -0.0067 0.1975 0.9803
vn -0.0000 0.1978 0.9802
vn 0.0067 0.1975 0.9803
vn 0.0134 0.1965 0.9804
vn 0.0201 0.1949 0.9806
vn 0.0268 0.1926 0.9809
vn 0.0336 0.1896 0.9813
vn 0.0405 0.1860 0.9817
vn 0.0476 0.1816 0.9822
vn 0.0548 0.1766 0.9828
vn 0.0623 0.1708 0.9833
vn 0.0702 0.1642 0.9839
vn 0.0785 0.1568 0.9845
vn 0.0874 0.1485 0.9850
vn 0.0972 0.1392 0.9855
vn 0.1083 0.1289 0.9857
vn 0.1215 0.1173 0.9856
vn 0.1380 0.1042 0.9849
vn 0.1607 0.0891 0.9830
vn 0.1979 0.0709 0.9777
vn 0.4639 0.0092 0.8859
vn 0.3355 0.0450 0.9410
vn -0.3066 0.0512 0.9505
vn -0.3935 0.0124 0.9192
vn -0.1789 0.0802 0.9806
vn -0.1449 0.1007 0.9843
vn -0.1243 0.1176 0.9852
vn -0.1094 0.1323 0.9852
vn -0.0975 0.1453 0.9846
vn -0.0874 0.1568 0.9838
vn -0.0785 0.1671 0.9828
vn -0.0705 0.1764 0.9818
vn -0.0630 0.1846 0.9808
vn -0.0560 0.1919 0.9798
vn -0.0492 0.1984 0.9789
vn -0.0427 0.2040 0.9780
vn -0.0363 0.2088 0.9773
vn -0.0301 0.2129 0.9766
vn -0.0240 0.2162 0.9761
vn -0.0180 0.2187 0.9756
vn -0.0120 0.2205 0.9753
vn -0.0060 0.2216 0.9751
vn -0.0000 0.2220 0.9751
vn 0.0060 0.2216 0.9751
vn 0.0120 0.2205 0.9753
vn 0.0180 0.2187 0.9756
vn 0.0240 0.2162 0.9761
vn 0.0301 0.2129 0.9766
vn 0.0363 0.2088 0.9773
vn 0.0427 0.2040 0.9780
vn 0.0492 0.1984 0.9789
vn 0.0560 0.1919 0.9798
vn 0.0630 0.1846 0.9808
vn 0.0705 0.1764 0.9818
vn 0.0785 0.1671 0.9828
vn 0.0874 0.1568 0.9838
vn 0.0975 0.1453 0.9846
vn 0.1094 0.1323 0.9852
vn 0.1243 0.1176 0.9852
vn 0.1449 0.1007 0.9843
vn 0.1789 0.0802 0.9806
vn 0.4317 0.0106 0.9020
vn 0.3066 0.0512 0.9505
vn -0.2723 0.0606 0.9603
vn -0.3467 0.0154 0.9378
vn -0.1568 0.0942 0.9831
vn -0.1268 0.1179 0.9849
vn -0.1086 0.1375 0.9845
vn -0.0954 0.1545 0.9834
vn -0.0849 0.1694 0.9819
vn -0.0761 0.1827 0.9802
vn -0.0683 0.1946 0.9785
vn -0.0613 0.2052 0.9768
vn -0.0548 0.2146 0.9752
vn -0.0486 0.2230 0.9736
vn -0.0427 0.2303 0.9722
vn -0.0370 0.2368 0.9709
vn -0.0315 0.2422 0.9697
vn -0.0261 0.2468 0.9687
vn -0.0208 0.2506 0.9679
vn -0.0156 0.2535 0.9672
vn -0.0104 0.2555 0.9668
vn -0.0052 0.2567 0.9665
vn -0.0000 0.2571 0.9664
vn 0.0052 0.2567 0.9665
vn 0.0104 0.2555 0.9668
vn 0.0156 0.2535 0.9672
vn 0.0208 0.2506 0.9679
vn 0.0261 0.2468 0.9687
vn 0.0315 0.2422 0.9697
vn 0.0370 0.2368 0.9709
vn 0.0427 0.2303 0.9722
vn 0.0486 0.2230 0.9736
vn 0.0548 0.2146 0.9752
vn 0.0613 0.2052 0.9768
vn 0.0683 0.1946 0.9785
vn 0.0761 0.1827 0.9802
vn 0.0849 0.1694 0.9819
vn 0.0954 0.1545 0.9834
vn 0.1086 0.1375 0.9845
vn 0.1268 0.1179 0.9849
vn 0.1568 0.0942 0.9831
vn 0.3935 0.0124 0.9192
vn 0.2723 0.0606 0.9603
vn -0.2293 0.0777 0.9702
vn -0.2854 0.0210 0.9582
vn -0.1299 0.1193 0.9843
vn -0.1046 0.1487 0.9833
vn -0.0894 0.1730 0.9809
vn -0.0784 0.1940 0.9779
vn -0.0697 0.2123 0.9747
vn -0.0623 0.2285 0.9715
vn -0.0559 0.2429 0.9684
vn -0.0501 0.2558 0.9654
vn -0.0447 0.2671 0.9626
vn -0.0396 0.2772 0.9600
vn -0.0348 0.2860 0.9576
vn -0.0301 0.2937 0.9554
vn -0.0256 0.3002 0.9535
vn -0.0212 0.3057 0.9519
vn -0.0169 0.3101 0.9505
vn -0.0127 0.3135 0.9495
vn -0.0085 0.3159 0.9487
vn -0.0043 0.3174 0.9483
vn -0.0000 0.3178 0.9481
vn 0.0043 0.3174 0.9483
vn 0.0085 0.3159 0.9487
vn 0.0127 0.3135 0.9495
vn 0.0169 0.3101 0.9505
vn 0.0212 0.3057 0.9519
vn 0.0256 0.3002 0.9535
vn 0.0301 0.2937 0.9554
vn 0.0348 0.2860 0.9576
vn 0.0396 0.2772 0.9600
vn 0.0447 0.2671 0.9626
vn 0.0501 0.2558 0.9654
vn 0.0559 0.2429 0.9684
vn 0.0623 0.2285 0.9715
vn 0.0697 0.2123 0.9747
vn 0.0784 0.1940 0.9779
vn 0.0894 0.1730 0.9809
vn 0.1046 0.1487 0.9833
vn 0.1299 0.1193 0.9843
vn 0.3467 0.0154 0.9378
vn 0.2293 0.0777 0.9702
vn -0.1630 0.1698 0.9719
vn -0.2271 0.0793 0.9706
vn -0.0880 0.2462 0.9652
vn -0.0700 0.2988 0.9517
vn -0.0592 0.3405 0.9384
vn -0.0515 0.3748 0.9257
vn -0.0455 0.4037 0.9138
vn -0.0405 0.4283 0.9027
vn -0.0361 0.4494 0.8926
vn -0.0322 0.4676 0.8833
vn -0.0286 0.4834 0.8750
vn -0.0253 0.4969 0.8674
vn -0.0221 0.5085 0.8608
vn -0.0191 0.5184 0.8549
vn -0.0162 0.5267 0.8499
vn -0.0134 0.5335 0.8457
vn -0.0107 0.5390 0.8422
vn -0.0080 0.5432 0.8396
vn -0.0054 0.5461 0.8377
vn -0.0028 0.5478 0.8366
vn -0.0000 0.5483 0.8363
vn 0.0028 0.5478 0.8366
vn 0.0054 0.5461 0.8377
vn 0.0080 0.5432 0.8396
vn 0.0107 0.5390 0.8422
vn 0.0134 0.5335 0.8457
vn 0.0162 0.5267 0.8499
vn 0.0191 0.5184 0.8549
vn 0.0221 0.5085 0.8608
vn 0.0253 0.4969 0.8674
vn 0.0286 0.4834 0.8750
vn 0.0322 0.4676 0.8833
vn 0.0361 0.4494 0.8926
vn 0.0405 0.4283 0.9027
vn 0.0455 0.4037 0.9138
vn 0.0515 0.3748 0.9257
vn 0.0592 0.3405 0.9384
vn 0.0700 0.2988 0.9517
vn 0.0880 0.2462 0.9652
vn 0.2854 0.0210 0.9582
vn 0.1630 0.1698 0.9719
vn -0.0000 -0.0000 1.0000
vn -0.0261 0.3212 0.9467
vn -0.0781 0.2436 0.9667
vn -0.0193 0.3995 0.9165
vn -0.0155 0.4583 0.8887
vn -0.0129 0.5047 0.8632
vn -0.0109 0.5425 0.8400
vn -0.0094 0.5737 0.8190
vn -0.0081 0.5997 0.8001
vn -0.0070 0.6217 0.7832
vn -0.0061 0.6402 0.7682
vn -0.0053 0.6559 0.7548
vn -0.0045 0.6692 0.7431
vn -0.0039 0.6803 0.7329
vn -0.0033 0.6896 0.7242
vn -0.0027 0.6972 0.7169
vn -0.0022 0.7033 0.7109
vn -0.0017 0.7080 0.7062
vn -0.0012 0.7114 0.7028
vn -0.0007 0.7135 0.7006
vn -0.0000 0.7143 0.6999
vn 0.0007 0.7135 0.7006
vn 0.0012 0.7114 0.7028
vn 0.0017 0.7080 0.7062
vn 0.0022 0.7033 0.7109
vn 0.0027 0.6972 0.7169
vn 0.0033 0.6896 0.7242
vn 0.0039 0.6803 0.7329
vn 0.0045 0.6692 0.7431
vn 0.0053 0.6559 0.7548
vn 0.0061 0.6402 0.7682
vn 0.0070 0.6217 0.7832
vn 0.0081 0.5997 0.8001
vn 0.0094 0.5737 0.8190
vn 0.0109 0.5425 0.8400
vn 0.0129 0.5047 0.8632
vn 0.0155 0.4583 0.8887
vn 0.0193 0.3995 0.9165
vn 0.0261 0.3212 0.9467
vn 0.2271 0.0793 0.9706
vn 0.0781 0.2436 0.9667
vn -0.1984 -0.2684 -0.9427
vn -0.1006 -0.3150 -0.9437
vn -0.3269 -0.2010 -0.9234
vn -0.1125 -0.3377 -0.9345
vn -0.0335 -0.4049 -0.9137
vn -0.0895 -0.3919 -0.9156
vn -0.0246 -0.4940 -0.8691
vn -0.0756 -0.4346 -0.8974
vn -0.0195 -0.5577 -0.8298
vn -0.0656 -0.4694 -0.8806
vn -0.0160 -0.6060 -0.7953
vn -0.0577 -0.4982 -0.8652
vn -0.0134 -0.6438 -0.7651
vn -0.0511 -0.5223 -0.8512
vn -0.0114 -0.6742 -0.7385
vn -0.0454 -0.5429 -0.8386
vn -0.0097 -0.6989 -0.7151
vn -0.0404 -0.5604 -0.8273
vn -0.0083 -0.7193 -0.6947
vn -0.0358 -0.5753 -0.8171
vn -0.0071 -0.7362 -0.6767
vn -0.0315 -0.5881 -0.8082
vn -0.0061 -0.7503 -0.6611
vn -0.0275 -0.5990 -0.8003
vn -0.0052 -0.7620 -0.6475
vn -0.0237 -0.6082 -0.7934
vn -0.0043 -0.7718 -0.6358
vn -0.0200 -0.6160 -0.7875
vn -0.0036 -0.7799 -0.6259
vn -0.0165 -0.6223 -0.7826
vn -0.0029 -0.7866 -0.6175
vn -0.0131 -0.6274 -0.7786
vn -0.0023 -0.7919 -0.6107
vn -0.0097 -0.6313 -0.7755
vn -0.0018 -0.7961 -0.6052
vn -0.0064 -0.6340 -0.7733
vn -0.0012 -0.7991 -0.6011
vn -0.0031 -0.6357 -0.7719
vn -0.0007 -0.8012 -0.5984
vn -0.0000 -0.6363 -0.7715
vn -0.0002 -0.8023 -0.5969
vn 0.0002 -0.8023 -0.5969
vn -0.0000 -0.8027 -0.5964
vn 0.0031 -0.6357 -0.7719
vn 0.0007 -0.8012 -0.5984
vn 0.0064 -0.6340 -0.7733
vn 0.0012 -0.7991 -0.6011
vn 0.0097 -0.6313 -0.7755
vn 0.0018 -0.7961 -0.6052
vn 0.0131 -0.6274 -0.7786
vn 0.0023 -0.7919 -0.6107
vn 0.0165 -0.6223 -0.7826
vn 0.0029 -0.7866 -0.6175
vn 0.0200 -0.6160 -0.7875
vn 0.0036 -0.7799 -0.6259
vn 0.0237 -0.6082 -0.7934
vn 0.0043 -0.7718 -0.6358
vn 0.0275 -0.5990 -0.8003
vn 0.0052 -0.7620 -0.6475
vn 0.0315 -0.5881 -0.8082
vn 0.0061 -0.7503 -0.6611
vn 0.0358 -0.5753 -0.8171
vn 0.0071 -0.7362 -0.6767
vn 0.0404 -0.5604 -0.8273
vn 0.0083 -0.7193 -0.6947
vn 0.0454 -0.5429 -0.8386
vn 0.0097 -0.6989 -0.7151
vn 0.0511 -0.5223 -0.8512
vn 0.0114 -0.6742 -0.7385
vn 0.0577 -0.4982 -0.8652
vn 0.0134 -0.6438 -0.7651
vn 0.0656 -0.4694 -0.8806
vn 0.0160 -0.6060 -0.7953
vn 0.0756 -0.4346 -0.8974
vn 0.0195 -0.5577 -0.8298
vn 0.0895 -0.3919 -0.9156
vn 0.0246 -0.4940 -0.8691
vn 0.1125 -0.3377 -0.9345
vn 0.0335 -0.4049 -0.9137
vn 0.1984 -0.2684 -0.9427
vn 0.1006 -0.3150 -0.9437
vn -0.2841 -0.1443 -0.9479
vn -0.4046 -0.0990 -0.9091
vn -0.1657 -0.1730 -0.9709
vn -0.1339 -0.2023 -0.9701
vn -0.1145 -0.2276 -0.9670
vn -0.1004 -0.2498 -0.9631
vn -0.0892 -0.2694 -0.9589
vn -0.0797 -0.2868 -0.9547
vn -0.0714 -0.3023 -0.9505
vn -0.0639 -0.3161 -0.9466
vn -0.0569 -0.3283 -0.9429
vn -0.0504 -0.3391 -0.9394
vn -0.0442 -0.3485 -0.9363
vn -0.0383 -0.3567 -0.9334
vn -0.0325 -0.3637 -0.9309
vn -0.0269 -0.3696 -0.9288
vn -0.0213 -0.3743 -0.9271
vn -0.0159 -0.3780 -0.9257
vn -0.0105 -0.3806 -0.9247
vn -0.0052 -0.3821 -0.9241
vn -0.0000 -0.3827 -0.9239
vn 0.0052 -0.3821 -0.9241
vn 0.0105 -0.3806 -0.9247
vn 0.0159 -0.3780 -0.9257
vn 0.0213 -0.3743 -0.9271
vn 0.0269 -0.3696 -0.9288
vn 0.0325 -0.3637 -0.9309
vn 0.0383 -0.3567 -0.9334
vn 0.0442 -0.3485 -0.9363
vn 0.0504 -0.3391 -0.9394
vn 0.0569 -0.3283 -0.9429
vn 0.0639 -0.3161 -0.9466
vn 0.0714 -0.3023 -0.9505
vn 0.0797 -0.2868 -0.9547
vn 0.0892 -0.2694 -0.9589
vn 0.1004 -0.2498 -0.9631
vn 0.1145 -0.2276 -0.9670
vn 0.1339 -0.2023 -0.9701
vn 0.1657 -0.1730 -0.9709
vn 0.2841 -0.1443 -0.9479
vn 0.3269 -0.2010 -0.9234
vn -0.3384 -0.0773 -0.9378
vn -0.4463 -0.0278 -0.8945
vn -0.1991 -0.1138 -0.9733
vn -0.1614 -0.1408 -0.9768
vn -0.1383 -0.1633 -0.9768
vn -0.1216 -0.1827 -0.9756
vn -0.1082 -0.1999 -0.9738
vn -0.0969 -0.2151 -0.9718
vn -0.0870 -0.2287 -0.9696
vn -0.0780 -0.2408 -0.9674
vn -0.0696 -0.2516 -0.9653
vn -0.0617 -0.2612 -0.9633
vn -0.0542 -0.2697 -0.9614
vn -0.0470 -0.2770 -0.9597
vn -0.0400 -0.2834 -0.9582
vn -0.0331 -0.2887 -0.9568
vn -0.0263 -0.2931 -0.9557
vn -0.0197 -0.2965 -0.9548
vn -0.0131 -0.2990 -0.9542
vn -0.0065 -0.3006 -0.9537
vn -0.0000 -0.3012 -0.9536
vn 0.0065 -0.3006 -0.9537
vn 0.0131 -0.2990 -0.9542
vn 0.0197 -0.2965 -0.9548
vn 0.0263 -0.2931 -0.9557
vn 0.0331 -0.2887 -0.9568
vn 0.0400 -0.2834 -0.9582
vn 0.0470 -0.2770 -0.9597
vn 0.0542 -0.2697 -0.9614
vn 0.0617 -0.2612 -0.9633
vn 0.0696 -0.2516 -0.9653
vn 0.0780 -0.2408 -0.9674
vn 0.0870 -0.2287 -0.9696
vn 0.0969 -0.2151 -0.9718
vn 0.1082 -0.1999 -0.9738
vn 0.1216 -0.1827 -0.9756
vn 0.1383 -0.1633 -0.9768
vn 0.1614 -0.1408 -0.9768
vn 0.1991 -0.1138 -0.9733
vn 0.3384 -0.0773 -0.9378
vn 0.4046 -0.0990 -0.9091
vn -0.4785 -0.0153 -0.8779
vn -0.3759 -0.0589 -0.9248
vn -0.2246 -0.0916 -0.9701
vn -0.1826 -0.1147 -0.9765
vn -0.1568 -0.1339 -0.9785
vn -0.1380 -0.1505 -0.9789
vn -0.1230 -0.1651 -0.9786
vn -0.1103 -0.1782 -0.9778
vn -0.0991 -0.1898 -0.9768
vn -0.0890 -0.2002 -0.9757
vn -0.0795 -0.2095 -0.9746
vn -0.0706 -0.2177 -0.9735
vn -0.0621 -0.2249 -0.9724
vn -0.0538 -0.2313 -0.9714
vn -0.0458 -0.2367 -0.9705
vn -0.0380 -0.2412 -0.9697
vn -0.0303 -0.2449 -0.9691
vn -0.0227 -0.2477 -0.9686
vn -0.0151 -0.2497 -0.9682
vn -0.0076 -0.2509 -0.9680
vn 0.0076 -0.2509 -0.9680
vn -0.0000 -0.2513 -0.9679
vn 0.0151 -0.2497 -0.9682
vn 0.0227 -0.2477 -0.9686
vn 0.0303 -0.2449 -0.9691
vn 0.0380 -0.2412 -0.9697
vn 0.0458 -0.2367 -0.9705
vn 0.0538 -0.2313 -0.9714
vn 0.0621 -0.2249 -0.9724
vn 0.0706 -0.2177 -0.9735
vn 0.0795 -0.2095 -0.9746
vn 0.0890 -0.2002 -0.9757
vn 0.0991 -0.1898 -0.9768
vn 0.1103 -0.1782 -0.9778
vn 0.1230 -0.1651 -0.9786
vn 0.1380 -0.1505 -0.9789
vn 0.1568 -0.1339 -0.9785
vn 0.1826 -0.1147 -0.9765
vn 0.2246 -0.0916 -0.9701
vn 0.3759 -0.0589 -0.9248
vn 0.4785 -0.0153 -0.8779
vn -0.5158 -0.0108 -0.8567
vn -0.4048 -0.0483 -0.9131
vn -0.2452 -0.0768 -0.9664
vn -0.1999 -0.0968 -0.9750
vn -0.1719 -0.1134 -0.9786
vn -0.1515 -0.1278 -0.9802
vn -0.1352 -0.1405 -0.9808
vn -0.1214 -0.1518 -0.9809
vn -0.1092 -0.1619 -0.9808
vn -0.0980 -0.1709 -0.9804
vn -0.0877 -0.1790 -0.9799
vn -0.0779 -0.1862 -0.9794
vn -0.0685 -0.1925 -0.9789
vn -0.0595 -0.1981 -0.9784
vn -0.0506 -0.2028 -0.9779
vn -0.0420 -0.2068 -0.9775
vn -0.0335 -0.2100 -0.9771
vn -0.0250 -0.2125 -0.9768
vn -0.0167 -0.2143 -0.9766
vn -0.0084 -0.2154 -0.9765
vn 0.0084 -0.2154 -0.9765
vn -0.0000 -0.2157 -0.9765
vn 0.0167 -0.2143 -0.9766
vn 0.0250 -0.2125 -0.9768
vn 0.0335 -0.2100 -0.9771
vn 0.0420 -0.2068 -0.9775
vn 0.0506 -0.2028 -0.9779
vn 0.0595 -0.1981 -0.9784
vn 0.0685 -0.1925 -0.9789
vn 0.0779 -0.1862 -0.9794
vn 0.0877 -0.1790 -0.9799
vn 0.0980 -0.1709 -0.9804
vn 0.1092 -0.1619 -0.9808
vn 0.1214 -0.1518 -0.9809
vn 0.1352 -0.1405 -0.9808
vn 0.1515 -0.1278 -0.9802
vn 0.1719 -0.1134 -0.9786
vn 0.1999 -0.0968 -0.9750
vn 0.2452 -0.0768 -0.9664
vn 0.4048 -0.0483 -0.9131
vn 0.5158 -0.0108 -0.8567
vn -0.5455 -0.0089 -0.8380
vn -0.4288 -0.0414 -0.9025
vn -0.2627 -0.0663 -0.9626
vn -0.2146 -0.0837 -0.9731
vn -0.1849 -0.0982 -0.9778
vn -0.1631 -0.1108 -0.9804
vn -0.1457 -0.1219 -0.9818
vn -0.1309 -0.1318 -0.9826
vn -0.1177 -0.1407 -0.9830
vn -0.1058 -0.1486 -0.9832
vn -0.0947 -0.1557 -0.9833
vn -0.0841 -0.1621 -0.9832
vn -0.0740 -0.1676 -0.9831
vn -0.0643 -0.1725 -0.9829
vn -0.0547 -0.1767 -0.9827
vn -0.0454 -0.1802 -0.9826
vn -0.0362 -0.1831 -0.9824
vn -0.0271 -0.1853 -0.9823
vn -0.0180 -0.1869 -0.9822
vn -0.0091 -0.1878 -0.9822
vn 0.0091 -0.1878 -0.9822
vn -0.0000 -0.1881 -0.9821
vn 0.0180 -0.1869 -0.9822
vn 0.0271 -0.1853 -0.9823
vn 0.0362 -0.1831 -0.9824
vn 0.0454 -0.1802 -0.9826
vn 0.0547 -0.1767 -0.9827
vn 0.0643 -0.1725 -0.9829
vn 0.0740 -0.1676 -0.9831
vn 0.0841 -0.1621 -0.9832
vn 0.0947 -0.1557 -0.9833
vn 0.1058 -0.1486 -0.9832
vn 0.1177 -0.1407 -0.9830
vn 0.1309 -0.1318 -0.9826
vn 0.1457 -0.1219 -0.9818
vn 0.1631 -0.1108 -0.9804
vn 0.1849 -0.0982 -0.9778
vn 0.2146 -0.0837 -0.9731
vn 0.2627 -0.0663 -0.9626
vn 0.4288 -0.0414 -0.9025
vn 0.5455 -0.0089 -0.8380
vn -0.5698 -0.0075 -0.8217
vn -0.4488 -0.0360 -0.8929
vn -0.2778 -0.0579 -0.9589
vn -0.2273 -0.0732 -0.9711
vn -0.1960 -0.0860 -0.9768
vn -0.1731 -0.0971 -0.9801
vn -0.1547 -0.1069 -0.9822
vn -0.1390 -0.1156 -0.9835
vn -0.1252 -0.1234 -0.9844
vn -0.1125 -0.1305 -0.9850
vn -0.1007 -0.1368 -0.9855
vn -0.0896 -0.1424 -0.9858
vn -0.0788 -0.1473 -0.9859
vn -0.0685 -0.1517 -0.9861
vn -0.0583 -0.1554 -0.9861
vn -0.0484 -0.1585 -0.9862
vn -0.0386 -0.1611 -0.9862
vn -0.0289 -0.1630 -0.9862
vn -0.0192 -0.1644 -0.9862
vn -0.0096 -0.1653 -0.9862
vn 0.0096 -0.1653 -0.9862
vn -0.0000 -0.1655 -0.9862
vn 0.0192 -0.1644 -0.9862
vn 0.0289 -0.1630 -0.9862
vn 0.0386 -0.1611 -0.9862
vn 0.0484 -0.1585 -0.9862
vn 0.0583 -0.1554 -0.9861
vn 0.0685 -0.1517 -0.9861
vn 0.0788 -0.1473 -0.9859
vn 0.0896 -0.1424 -0.9858
vn 0.1007 -0.1368 -0.9855
vn 0.1125 -0.1305 -0.9850
vn 0.1252 -0.1234 -0.9844
vn 0.1390 -0.1156 -0.9835
vn 0.1547 -0.1069 -0.9822
vn 0.1731 -0.0971 -0.9801
vn 0.1960 -0.0860 -0.9768
vn 0.2273 -0.0732 -0.9711
vn 0.2778 -0.0579 -0.9589
vn 0.4488 -0.0360 -0.8929
vn 0.5698 -0.0075 -0.8217
vn -0.5900 -0.0064 -0.8073
vn -0.4659 -0.0314 -0.8843
vn -0.2908 -0.0508 -0.9554
vn -0.2384 -0.0644 -0.9690
vn -0.2058 -0.0757 -0.9757
vn -0.1818 -0.0855 -0.9796
vn -0.1626 -0.0942 -0.9822
vn -0.1462 -0.1019 -0.9840
vn -0.1317 -0.1089 -0.9853
vn -0.1184 -0.1151 -0.9863
vn -0.1060 -0.1207 -0.9870
vn -0.0943 -0.1257 -0.9876
vn -0.0830 -0.1301 -0.9880
vn -0.0721 -0.1340 -0.9884
vn -0.0614 -0.1373 -0.9886
vn -0.0510 -0.1401 -0.9888
vn -0.0406 -0.1423 -0.9890
vn -0.0304 -0.1441 -0.9891
vn -0.0203 -0.1453 -0.9892
vn -0.0102 -0.1461 -0.9892
vn 0.0102 -0.1461 -0.9892
vn -0.0000 -0.1463 -0.9892
vn 0.0203 -0.1453 -0.9892
vn 0.0304 -0.1441 -0.9891
vn 0.0406 -0.1423 -0.9890
vn 0.0510 -0.1401 -0.9888
vn 0.0614 -0.1373 -0.9886
vn 0.0721 -0.1340 -0.9884
vn 0.0830 -0.1301 -0.9880
vn 0.0943 -0.1257 -0.9876
vn 0.1060 -0.1207 -0.9870
vn 0.1184 -0.1151 -0.9863
vn 0.1317 -0.1089 -0.9853
vn 0.1462 -0.1019 -0.9840
vn 0.1626 -0.0942 -0.9822
vn 0.1818 -0.0855 -0.9796
vn 0.2058 -0.0757 -0.9757
vn 0.2384 -0.0644 -0.9690
vn 0.2908 -0.0508 -0.9554
vn 0.4659 -0.0314 -0.8843
vn 0.5900 -0.0064 -0.8073
vn -0.6070 -0.0055 -0.7947
vn -0.4804 -0.0276 -0.8766
vn -0.3022 -0.0447 -0.9522
vn -0.2481 -0.0568 -0.9671
vn -0.2144 -0.0668 -0.9745
vn -0.1895 -0.0755 -0.9790
vn -0.1695 -0.0831 -0.9820
vn -0.1525 -0.0900 -0.9842
vn -0.1374 -0.0962 -0.9858
vn -0.1236 -0.1018 -0.9871
vn -0.1107 -0.1067 -0.9881
vn -0.0985 -0.1112 -0.9889
vn -0.0867 -0.1151 -0.9896
vn -0.0753 -0.1185 -0.9901
vn -0.0642 -0.1215 -0.9905
vn -0.0533 -0.1240 -0.9909
vn -0.0425 -0.1260 -0.9911
vn -0.0318 -0.1275 -0.9913
vn -0.0212 -0.1287 -0.9915
vn -0.0106 -0.1293 -0.9915
vn 0.0106 -0.1293 -0.9915
vn -0.0000 -0.1295 -0.9916
vn 0.0212 -0.1287 -0.9915
vn 0.0318 -0.1275 -0.9913
vn 0.0425 -0.1260 -0.9911
vn 0.0533 -0.1240 -0.9909
vn 0.0642 -0.1215 -0.9905
vn 0.0753 -0.1185 -0.9901
vn 0.0867 -0.1151 -0.9896
vn 0.0985 -0.1112 -0.9889
vn 0.1107 -0.1067 -0.9881
vn 0.1236 -0.1018 -0.9871
vn 0.1374 -0.0962 -0.9858
vn 0.1525 -0.0900 -0.9842
vn 0.1695 -0.0831 -0.9820
vn 0.1895 -0.0755 -0.9790
vn 0.2144 -0.0668 -0.9745
vn 0.2481 -0.0568 -0.9671
vn 0.3022 -0.0447 -0.9522
vn 0.4804 -0.0276 -0.8766
vn 0.6070 -0.0055 -0.7947
vn -0.6213 -0.0048 -0.7835
vn -0.4929 -0.0242 -0.8697
vn -0.3121 -0.0394 -0.9492
vn -0.2566 -0.0500 -0.9652
vn -0.2219 -0.0588 -0.9733
vn -0.1963 -0.0665 -0.9783
vn -0.1756 -0.0733 -0.9817
vn -0.1581 -0.0794 -0.9842
vn -0.1424 -0.0849 -0.9862
vn -0.1282 -0.0898 -0.9877
vn -0.1148 -0.0943 -0.9889
vn -0.1022 -0.0982 -0.9899
vn -0.0900 -0.1017 -0.9907
vn -0.0782 -0.1047 -0.9914
vn -0.0666 -0.1073 -0.9920
vn -0.0553 -0.1096 -0.9924
vn -0.0441 -0.1113 -0.9928
vn -0.0330 -0.1127 -0.9931
vn -0.0220 -0.1137 -0.9933
vn -0.0110 -0.1143 -0.9934
vn 0.0110 -0.1143 -0.9934
vn -0.0000 -0.1145 -0.9934
vn 0.0220 -0.1137 -0.9933
vn 0.0330 -0.1127 -0.9931
vn 0.0441 -0.1113 -0.9928
vn 0.0553 -0.1096 -0.9924
vn 0.0666 -0.1073 -0.9920
vn 0.0782 -0.1047 -0.9914
vn 0.0900 -0.1017 -0.9907
vn 0.1022 -0.0982 -0.9899
vn 0.1148 -0.0943 -0.9889
vn 0.1282 -0.0898 -0.9877
vn 0.1424 -0.0849 -0.9862
vn 0.1581 -0.0794 -0.9842
vn 0.1756 -0.0733 -0.9817
vn 0.1963 -0.0665 -0.9783
vn 0.2219 -0.0588 -0.9733
vn 0.2566 -0.0500 -0.9652
vn 0.3121 -0.0394 -0.9492
vn 0.4929 -0.0242 -0.8697
vn 0.6213 -0.0048 -0.7835
vn -0.6334 -0.0041 -0.7738
vn -0.5036 -0.0211 -0.8637
vn -0.3208 -0.0345 -0.9465
vn -0.2641 -0.0439 -0.9635
vn -0.2284 -0.0517 -0.9722
vn -0.2022 -0.0585 -0.9776
vn -0.1810 -0.0645 -0.9814
vn -0.1629 -0.0699 -0.9842
vn -0.1469 -0.0747 -0.9863
vn -0.1322 -0.0790 -0.9881
vn -0.1184 -0.0829 -0.9895
vn -0.1054 -0.0864 -0.9907
vn -0.0928 -0.0895 -0.9917
vn -0.0807 -0.0922 -0.9925
vn -0.0688 -0.0945 -0.9931
vn -0.0571 -0.0965 -0.9937
vn -0.0455 -0.0980 -0.9941
vn -0.0341 -0.0993 -0.9945
vn -0.0227 -0.1001 -0.9947
vn -0.0113 -0.1007 -0.9949
vn 0.0113 -0.1007 -0.9949
vn -0.0000 -0.1008 -0.9949
vn 0.0227 -0.1001 -0.9947
vn 0.0341 -0.0993 -0.9945
vn 0.0455 -0.0980 -0.9941
vn 0.0571 -0.0965 -0.9937
vn 0.0688 -0.0945 -0.9931
vn 0.0807 -0.0922 -0.9925
vn 0.0928 -0.0895 -0.9917
vn 0.1054 -0.0864 -0.9907
vn 0.1184 -0.0829 -0.9895
vn 0.1322 -0.0790 -0.9881
vn 0.1469 -0.0747 -0.9863
vn 0.1629 -0.0699 -0.9842
vn 0.1810 -0.0645 -0.9814
vn 0.2022 -0.0585 -0.9776
vn 0.2284 -0.0517 -0.9722
vn 0.2641 -0.0439 -0.9635
vn 0.3208 -0.0345 -0.9465
vn 0.5036 -0.0211 -0.8637
vn 0.6334 -0.0041 -0.7738
vn -0.6437 -0.0035 -0.7652
vn -0.5128 -0.0184 -0.8583
vn -0.3283 -0.0301 -0.9441
vn -0.2705 -0.0383 -0.9619
vn -0.2342 -0.0451 -0.9711
vn -0.2073 -0.0511 -0.9769
vn -0.1857 -0.0563 -0.9810
vn -0.1672 -0.0610 -0.9840
vn -0.1507 -0.0653 -0.9864
vn -0.1357 -0.0691 -0.9883
vn -0.1216 -0.0725 -0.9899
vn -0.1082 -0.0756 -0.9913
vn -0.0953 -0.0783 -0.9924
vn -0.0828 -0.0806 -0.9933
vn -0.0706 -0.0827 -0.9941
vn -0.0586 -0.0844 -0.9947
vn -0.0467 -0.0858 -0.9952
vn -0.0350 -0.0869 -0.9956
vn -0.0233 -0.0876 -0.9959
vn -0.0117 -0.0881 -0.9960
vn 0.0117 -0.0881 -0.9960
vn -0.0000 -0.0882 -0.9961
vn 0.0233 -0.0876 -0.9959
vn 0.0350 -0.0869 -0.9956
vn 0.0467 -0.0858 -0.9952
vn 0.0586 -0.0844 -0.9947
vn 0.0706 -0.0827 -0.9941
vn 0.0828 -0.0806 -0.9933
vn 0.0953 -0.0783 -0.9924
vn 0.1082 -0.0756 -0.9913
vn 0.1216 -0.0725 -0.9899
vn 0.1357 -0.0691 -0.9883
vn 0.1507 -0.0653 -0.9864
vn 0.1672 -0.0610 -0.9840
vn 0.1857 -0.0563 -0.9810
vn 0.2073 -0.0511 -0.9769
vn 0.2342 -0.0451 -0.9711
vn 0.2705 -0.0383 -0.9619
vn 0.3283 -0.0301 -0.9441
vn 0.5128 -0.0184 -0.8583
vn 0.6437 -0.0035 -0.7652
vn -0.6525 -0.0030 -0.7578
vn -0.5206 -0.0159 -0.8536
vn -0.3348 -0.0260 -0.9419
vn -0.2761 -0.0331 -0.9605
vn -0.2392 -0.0390 -0.9702
vn -0.2118 -0.0442 -0.9763
vn -0.1897 -0.0488 -0.9806
vn -0.1709 -0.0528 -0.9839
vn -0.1541 -0.0565 -0.9864
vn -0.1387 -0.0598 -0.9885
vn -0.1243 -0.0628 -0.9902
vn -0.1107 -0.0655 -0.9917
vn -0.0975 -0.0678 -0.9929
vn -0.0847 -0.0699 -0.9940
vn -0.0723 -0.0716 -0.9948
vn -0.0600 -0.0731 -0.9955
vn -0.0478 -0.0743 -0.9961
vn -0.0358 -0.0753 -0.9965
vn -0.0238 -0.0759 -0.9968
vn -0.0119 -0.0763 -0.9970
vn 0.0119 -0.0763 -0.9970
vn -0.0000 -0.0765 -0.9971
vn 0.0238 -0.0759 -0.9968
vn 0.0358 -0.0753 -0.9965
vn 0.0478 -0.0743 -0.9961
vn 0.0600 -0.0731 -0.9955
vn 0.0723 -0.0716 -0.9948
vn 0.0847 -0.0699 -0.9940
vn 0.0975 -0.0678 -0.9929
vn 0.1107 -0.0655 -0.9917
vn 0.1243 -0.0628 -0.9902
vn 0.1387 -0.0598 -0.9885
vn 0.1541 -0.0565 -0.9864
vn 0.1709 -0.0528 -0.9839
vn 0.1897 -0.0488 -0.9806
vn 0.2118 -0.0442 -0.9763
vn 0.2392 -0.0390 -0.9702
vn 0.2761 -0.0331 -0.9605
vn 0.3348 -0.0260 -0.9419
vn 0.5206 -0.0159 -0.8536
vn 0.6525 -0.0030 -0.7578
vn -0.6598 -0.0026 -0.7515
vn -0.5273 -0.0135 -0.8496
vn -0.3404 -0.0222 -0.9400
vn -0.2810 -0.0283 -0.9593
vn -0.2434 -0.0333 -0.9693
vn -0.2157 -0.0378 -0.9757
vn -0.1932 -0.0417 -0.9803
vn -0.1741 -0.0452 -0.9837
vn -0.1570 -0.0483 -0.9864
vn -0.1413 -0.0511 -0.9886
vn -0.1267 -0.0537 -0.9905
vn -0.1128 -0.0560 -0.9920
vn -0.0994 -0.0580 -0.9934
vn -0.0864 -0.0597 -0.9945
vn -0.0736 -0.0613 -0.9954
vn -0.0611 -0.0625 -0.9962
vn -0.0488 -0.0636 -0.9968
vn -0.0365 -0.0644 -0.9973
vn -0.0243 -0.0650 -0.9976
vn -0.0122 -0.0653 -0.9978
vn 0.0122 -0.0653 -0.9978
vn -0.0000 -0.0654 -0.9979
vn 0.0243 -0.0650 -0.9976
vn 0.0365 -0.0644 -0.9973
vn 0.0488 -0.0636 -0.9968
vn 0.0611 -0.0625 -0.9962
vn 0.0736 -0.0613 -0.9954
vn 0.0864 -0.0597 -0.9945
vn 0.0994 -0.0580 -0.9934
vn 0.1128 -0.0560 -0.9920
vn 0.1267 -0.0537 -0.9905
vn 0.1413 -0.0511 -0.9886
vn 0.1570 -0.0483 -0.9864
vn 0.1741 -0.0452 -0.9837
vn 0.1932 -0.0417 -0.9803
vn 0.2157 -0.0378 -0.9757
vn 0.2434 -0.0333 -0.9693
vn 0.2810 -0.0283 -0.9593
vn 0.3404 -0.0222 -0.9400
vn 0.5273 -0.0135 -0.8496
vn 0.6598 -0.0026 -0.7515
vn -0.6659 -0.0021 -0.7461
vn -0.5328 -0.0113 -0.8462
vn -0.3451 -0.0186 -0.9384
vn -0.2850 -0.0237 -0.9582
vn -0.2470 -0.0280 -0.9686
vn -0.2189 -0.0317 -0.9752
vn -0.1962 -0.0350 -0.9799
vn -0.1767 -0.0379 -0.9835
vn -0.1594 -0.0405 -0.9864
vn -0.1436 -0.0429 -0.9887
vn -0.1287 -0.0451 -0.9907
vn -0.1146 -0.0470 -0.9923
vn -0.1010 -0.0487 -0.9937
vn -0.0878 -0.0501 -0.9949
vn -0.0748 -0.0514 -0.9959
vn -0.0621 -0.0525 -0.9967
vn -0.0495 -0.0534 -0.9973
vn -0.0371 -0.0540 -0.9978
vn -0.0247 -0.0545 -0.9982
vn -0.0123 -0.0548 -0.9984
vn 0.0123 -0.0548 -0.9984
vn -0.0000 -0.0549 -0.9985
vn 0.0247 -0.0545 -0.9982
vn 0.0371 -0.0540 -0.9978
vn 0.0495 -0.0534 -0.9973
vn 0.0621 -0.0525 -0.9967
vn 0.0748 -0.0514 -0.9959
vn 0.0878 -0.0501 -0.9949
vn 0.1010 -0.0487 -0.9937
vn 0.1146 -0.0470 -0.9923
vn 0.1287 -0.0451 -0.9907
vn 0.1436 -0.0429 -0.9887
vn 0.1594 -0.0405 -0.9864
vn 0.1767 -0.0379 -0.9835
vn 0.1962 -0.0350 -0.9799
vn 0.2189 -0.0317 -0.9752
vn 0.2470 -0.0280 -0.9686
vn 0.2850 -0.0237 -0.9582
vn 0.3451 -0.0186 -0.9384
vn 0.5328 -0.0113 -0.8462
vn 0.6659 -0.0021 -0.7461
vn -0.6709 -0.0018 -0.7416
vn -0.5373 -0.0092 -0.8434
vn -0.3489 -0.0152 -0.9370
vn -0.2883 -0.0194 -0.9573
vn -0.2500 -0.0229 -0.9680
vn -0.2216 -0.0259 -0.9748
vn -0.1986 -0.0286 -0.9797
vn -0.1790 -0.0310 -0.9834
vn -0.1614 -0.0331 -0.9863
vn -0.1454 -0.0351 -0.9888
vn -0.1304 -0.0368 -0.9908
vn -0.1161 -0.0384 -0.9925
vn -0.1023 -0.0398 -0.9940
vn -0.0889 -0.0410 -0.9952
vn -0.0758 -0.0421 -0.9962
vn -0.0629 -0.0429 -0.9971
vn -0.0502 -0.0436 -0.9978
vn -0.0376 -0.0442 -0.9983
vn -0.0250 -0.0446 -0.9987
vn -0.0125 -0.0448 -0.9989
vn 0.0125 -0.0448 -0.9989
vn -0.0000 -0.0449 -0.9990
vn 0.0250 -0.0446 -0.9987
vn 0.0376 -0.0442 -0.9983
vn 0.0502 -0.0436 -0.9978
vn 0.0629 -0.0429 -0.9971
vn 0.0758 -0.0421 -0.9962
vn 0.0889 -0.0410 -0.9952
vn 0.1023 -0.0398 -0.9940
vn 0.1161 -0.0384 -0.9925
vn 0.1304 -0.0368 -0.9908
vn 0.1454 -0.0351 -0.9888
vn 0.1614 -0.0331 -0.9863
vn 0.1790 -0.0310 -0.9834
vn 0.1986 -0.0286 -0.9797
vn 0.2216 -0.0259 -0.9748
vn 0.2500 -0.0229 -0.9680
vn 0.2883 -0.0194 -0.9573
vn 0.3489 -0.0152 -0.9370
vn 0.5373 -0.0092 -0.8434
vn 0.6709 -0.0018 -0.7416
vn -0.6749 -0.0014 -0.7379
vn -0.5409 -0.0073 -0.8411
vn -0.3520 -0.0120 -0.9359
vn -0.2910 -0.0152 -0.9566
vn -0.2524 -0.0180 -0.9675
vn -0.2237 -0.0203 -0.9744
vn -0.2006 -0.0225 -0.9794
vn -0.1807 -0.0244 -0.9832
vn -0.1631 -0.0261 -0.9863
vn -0.1469 -0.0276 -0.9888
vn -0.1317 -0.0290 -0.9909
vn -0.1172 -0.0302 -0.9926
vn -0.1033 -0.0313 -0.9942
vn -0.0898 -0.0322 -0.9954
vn -0.0766 -0.0331 -0.9965
vn -0.0636 -0.0338 -0.9974
vn -0.0507 -0.0343 -0.9981
vn -0.0379 -0.0348 -0.9987
vn -0.0253 -0.0351 -0.9991
vn -0.0126 -0.0353 -0.9993
vn 0.0126 -0.0353 -0.9993
vn -0.0000 -0.0353 -0.9994
vn 0.0253 -0.0351 -0.9991
vn 0.0379 -0.0348 -0.9987
vn 0.0507 -0.0343 -0.9981
vn 0.0636 -0.0338 -0.9974
vn 0.0766 -0.0331 -0.9965
vn 0.0898 -0.0322 -0.9954
vn 0.1033 -0.0313 -0.9942
vn 0.1172 -0.0302 -0.9926
vn 0.1317 -0.0290 -0.9909
vn 0.1469 -0.0276 -0.9888
vn 0.1631 -0.0261 -0.9863
vn 0.1807 -0.0244 -0.9832
vn 0.2006 -0.0225 -0.9794
vn 0.2237 -0.0203 -0.9744
vn 0.2524 -0.0180 -0.9675
vn 0.2910 -0.0152 -0.9566
vn 0.3520 -0.0120 -0.9359
vn 0.5409 -0.0073 -0.8411
vn 0.6749 -0.0014 -0.7379
vn -0.6779 -0.0011 -0.7351
vn -0.5436 -0.0054 -0.8394
vn -0.3543 -0.0088 -0.9351
vn -0.2931 -0.0113 -0.9560
vn -0.2542 -0.0133 -0.9671
vn -0.2254 -0.0150 -0.9742
vn -0.2021 -0.0166 -0.9792
vn -0.1821 -0.0180 -0.9831
vn -0.1643 -0.0192 -0.9862
vn -0.1480 -0.0204 -0.9888
vn -0.1327 -0.0214 -0.9909
vn -0.1181 -0.0223 -0.9927
vn -0.1041 -0.0231 -0.9943
vn -0.0905 -0.0238 -0.9956
vn -0.0772 -0.0244 -0.9967
vn -0.0641 -0.0249 -0.9976
vn -0.0511 -0.0253 -0.9984
vn -0.0382 -0.0257 -0.9989
vn -0.0255 -0.0259 -0.9993
vn -0.0127 -0.0260 -0.9996
vn 0.0127 -0.0260 -0.9996
vn -0.0000 -0.0261 -0.9997
vn 0.0255 -0.0259 -0.9993
vn 0.0382 -0.0257 -0.9989
vn 0.0511 -0.0253 -0.9984
vn 0.0641 -0.0249 -0.9976
vn 0.0772 -0.0244 -0.9967
vn 0.0905 -0.0238 -0.9956
vn 0.1041 -0.0231 -0.9943
vn 0.1181 -0.0223 -0.9927
vn 0.1327 -0.0214 -0.9909
vn 0.1480 -0.0204 -0.9888
vn 0.1643 -0.0192 -0.9862
vn 0.1821 -0.0180 -0.9831
vn 0.2021 -0.0166 -0.9792
vn 0.2254 -0.0150 -0.9742
vn 0.2542 -0.0133 -0.9671
vn 0.2931 -0.0113 -0.9560
vn 0.3543 -0.0088 -0.9351
vn 0.5436 -0.0054 -0.8394
vn 0.6779 -0.0011 -0.7351
vn -0.6801 -0.0007 -0.7331
vn -0.5454 -0.0036 -0.8381
vn -0.3560 -0.0058 -0.9345
vn -0.2945 -0.0074 -0.9556
vn -0.2555 -0.0087 -0.9668
vn -0.2265 -0.0099 -0.9740
vn -0.2031 -0.0109 -0.9791
vn -0.1830 -0.0118 -0.9830
vn -0.1652 -0.0127 -0.9862
vn -0.1488 -0.0134 -0.9888
vn -0.1334 -0.0141 -0.9910
vn -0.1188 -0.0147 -0.9928
vn -0.1047 -0.0152 -0.9944
vn -0.0910 -0.0157 -0.9957
vn -0.0776 -0.0161 -0.9969
vn -0.0644 -0.0164 -0.9978
vn -0.0514 -0.0167 -0.9985
vn -0.0385 -0.0169 -0.9991
vn -0.0256 -0.0170 -0.9995
vn -0.0128 -0.0171 -0.9998
vn 0.0128 -0.0171 -0.9998
vn -0.0000 -0.0172 -0.9999
vn 0.0256 -0.0170 -0.9995
vn 0.0385 -0.0169 -0.9991
vn 0.0514 -0.0167 -0.9985
vn 0.0644 -0.0164 -0.9978
vn 0.0776 -0.0161 -0.9969
vn 0.0910 -0.0157 -0.9957
vn 0.1047 -0.0152 -0.9944
vn 0.1188 -0.0147 -0.9928
vn 0.1334 -0.0141 -0.9910
vn 0.1488 -0.0134 -0.9888
vn 0.1652 -0.0127 -0.9862
vn 0.1830 -0.0118 -0.9830
vn 0.2031 -0.0109 -0.9791
vn 0.2265 -0.0099 -0.9740
vn 0.2555 -0.0087 -0.9668
vn 0.2945 -0.0074 -0.9556
vn 0.3560 -0.0058 -0.9345
vn 0.5454 -0.0036 -0.8381
vn 0.6801 -0.0007 -0.7331
vn -0.6815 -0.0004 -0.7318
vn -0.5465 -0.0018 -0.8374
vn -0.3569 -0.0029 -0.9341
vn -0.2953 -0.0037 -0.9554
vn -0.2562 -0.0044 -0.9666
vn -0.2272 -0.0049 -0.9738
vn -0.2037 -0.0054 -0.9790
vn -0.1836 -0.0059 -0.9830
vn -0.1657 -0.0063 -0.9862
vn -0.1492 -0.0067 -0.9888
vn -0.1338 -0.0070 -0.9910
vn -0.1192 -0.0073 -0.9928
vn -0.1050 -0.0075 -0.9944
vn -0.0913 -0.0078 -0.9958
vn -0.0779 -0.0080 -0.9969
vn -0.0646 -0.0081 -0.9979
vn -0.0515 -0.0083 -0.9986
vn -0.0386 -0.0084 -0.9992
vn -0.0257 -0.0084 -0.9996
vn -0.0128 -0.0085 -0.9999
vn 0.0128 -0.0085 -0.9999
vn -0.0000 -0.0085 -1.0000
vn 0.0257 -0.0084 -0.9996
vn 0.0386 -0.0084 -0.9992
vn 0.0515 -0.0083 -0.9986
vn 0.0646 -0.0081 -0.9979
vn 0.0779 -0.0080 -0.9969
vn 0.0913 -0.0078 -0.9958
vn 0.1050 -0.0075 -0.9944
vn 0.1192 -0.0073 -0.9928
vn 0.1338 -0.0070 -0.9910
vn 0.1492 -0.0067 -0.9888
vn 0.1657 -0.0063 -0.9862
vn 0.1836 -0.0059 -0.9830
vn 0.2037 -0.0054 -0.9790
vn 0.2272 -0.0049 -0.9738
vn 0.2562 -0.0044 -0.9666
vn 0.2953 -0.0037 -0.9554
vn 0.3569 -0.0029 -0.9341
vn 0.5465 -0.0018 -0.8374
vn 0.6815 -0.0004 -0.7318
vn -0.6820 -0.0000 -0.7313
vn -0.5469 -0.0000 -0.8372
vn -0.3572 -0.0000 -0.9340
vn -0.2956 -0.0000 -0.9553
vn -0.2565 -0.0000 -0.9665
vn -0.2274 -0.0000 -0.9738
vn -0.2039 -0.0001 -0.9790
vn -0.1838 -0.0001 -0.9830
vn -0.1658 -0.0001 -0.9862
vn -0.1494 -0.0001 -0.9888
vn -0.1340 -0.0001 -0.9910
vn -0.1193 -0.0001 -0.9929
vn -0.1051 -0.0001 -0.9945
vn -0.0914 -0.0001 -0.9958
vn -0.0779 -0.0001 -0.9970
vn -0.0647 -0.0001 -0.9979
vn -0.0516 -0.0001 -0.9987
vn -0.0386 -0.0001 -0.9993
vn -0.0257 -0.0001 -0.9997
vn -0.0128 -0.0001 -0.9999
vn 0.0128 -0.0001 -0.9999
vn -0.0000 -0.0001 -1.0000
vn 0.0257 -0.0001 -0.9997
vn 0.0386 -0.0001 -0.9993
vn 0.0516 -0.0001 -0.9987
vn 0.0647 -0.0001 -0.9979
vn 0.0779 -0.0001 -0.9970
vn 0.0914 -0.0001 -0.9958
vn 0.1051 -0.0001 -0.9945
vn 0.1193 -0.0001 -0.9929
vn 0.1340 -0.0001 -0.9910
vn 0.1494 -0.0001 -0.9888
vn 0.1658 -0.0001 -0.9862
vn 0.1838 -0.0001 -0.9830
vn 0.2039 -0.0001 -0.9790
vn 0.2274 -0.0000 -0.9738
vn 0.2565 -0.0000 -0.9665
vn 0.2956 -0.0000 -0.9553
vn 0.3572 -0.0000 -0.9340
vn 0.5469 -0.0000 -0.8372
vn 0.6820 -0.0000 -0.7313
vn -0.5466 0.0018 -0.8374
vn -0.6816 0.0004 -0.7318
vn -0.3569 0.0028 -0.9341
vn -0.2953 0.0036 -0.9554
vn -0.2562 0.0042 -0.9666
vn -0.2272 0.0047 -0.9738
vn -0.2037 0.0052 -0.9790
vn -0.1836 0.0056 -0.9830
vn -0.1657 0.0060 -0.9862
vn -0.1492 0.0064 -0.9888
vn -0.1338 0.0067 -0.9910
vn -0.1192 0.0070 -0.9929
vn -0.1050 0.0072 -0.9944
vn -0.0913 0.0074 -0.9958
vn -0.0779 0.0076 -0.9969
vn -0.0646 0.0078 -0.9979
vn -0.0515 0.0079 -0.9986
vn -0.0386 0.0080 -0.9992
vn -0.0257 0.0081 -0.9996
vn -0.0128 0.0081 -0.9999
vn -0.0000 0.0081 -1.0000
vn 0.0128 0.0081 -0.9999
vn 0.0257 0.0081 -0.9996
vn 0.0386 0.0080 -0.9992
vn 0.0515 0.0079 -0.9986
vn 0.0646 0.0078 -0.9979
vn 0.0779 0.0076 -0.9969
vn 0.0913 0.0074 -0.9958
vn 0.1050 0.0072 -0.9944
vn 0.1192 0.0070 -0.9929
vn 0.1338 0.0067 -0.9910
vn 0.1492 0.0064 -0.9888
vn 0.1657 0.0060 -0.9862
vn 0.1836 0.0056 -0.9830
vn 0.2037 0.0052 -0.9790
vn 0.2272 0.0047 -0.9738
vn 0.2562 0.0042 -0.9666
vn 0.2953 0.0036 -0.9554
vn 0.3569 0.0028 -0.9341
vn 0.5466 0.0018 -0.8374
vn -0.5455 0.0034 -0.8381
vn -0.6802 0.0007 -0.7330
vn -0.3560 0.0055 -0.9345
vn -0.2945 0.0070 -0.9556
vn -0.2555 0.0082 -0.9668
vn -0.2266 0.0093 -0.9739
vn -0.2032 0.0103 -0.9791
vn -0.1831 0.0111 -0.9830
vn -0.1652 0.0119 -0.9862
vn -0.1488 0.0126 -0.9888
vn -0.1334 0.0133 -0.9910
vn -0.1188 0.0138 -0.9928
vn -0.1047 0.0143 -0.9944
vn -0.0910 0.0148 -0.9957
vn -0.0776 0.0151 -0.9969
vn -0.0644 0.0154 -0.9978
vn -0.0514 0.0157 -0.9986
vn -0.0385 0.0159 -0.9991
vn -0.0256 0.0160 -0.9995
vn -0.0128 0.0161 -0.9998
vn -0.0000 0.0161 -0.9999
vn 0.0128 0.0161 -0.9998
vn 0.0256 0.0160 -0.9995
vn 0.0385 0.0159 -0.9991
vn 0.0514 0.0157 -0.9986
vn 0.0644 0.0154 -0.9978
vn 0.0776 0.0151 -0.9969
vn 0.0910 0.0148 -0.9957
vn 0.1047 0.0143 -0.9944
vn 0.1188 0.0138 -0.9928
vn 0.1334 0.0133 -0.9910
vn 0.1488 0.0126 -0.9888
vn 0.1652 0.0119 -0.9862
vn 0.1831 0.0111 -0.9830
vn 0.2032 0.0103 -0.9791
vn 0.2266 0.0093 -0.9739
vn 0.2555 0.0082 -0.9668
vn 0.2945 0.0070 -0.9556
vn 0.3560 0.0055 -0.9345
vn 0.5455 0.0034 -0.8381
vn 0.6816 0.0004 -0.7318
vn -0.5438 0.0050 -0.8392
vn -0.6782 0.0010 -0.7349
vn -0.3545 0.0081 -0.9350
vn -0.2932 0.0104 -0.9560
vn -0.2543 0.0122 -0.9670
vn -0.2255 0.0138 -0.9741
vn -0.2022 0.0153 -0.9792
vn -0.1822 0.0166 -0.9831
vn -0.1644 0.0177 -0.9862
vn -0.1481 0.0188 -0.9888
vn -0.1328 0.0197 -0.9910
vn -0.1182 0.0205 -0.9928
vn -0.1042 0.0213 -0.9943
vn -0.0906 0.0219 -0.9956
vn -0.0772 0.0225 -0.9968
vn -0.0641 0.0229 -0.9977
vn -0.0511 0.0233 -0.9984
vn -0.0383 0.0236 -0.9990
vn -0.0255 0.0238 -0.9994
vn -0.0127 0.0240 -0.9996
vn -0.0000 0.0240 -0.9997
vn 0.0127 0.0240 -0.9996
vn 0.0255 0.0238 -0.9994
vn 0.0383 0.0236 -0.9990
vn 0.0511 0.0233 -0.9984
vn 0.0641 0.0229 -0.9977
vn 0.0772 0.0225 -0.9968
vn 0.0906 0.0219 -0.9956
vn 0.1042 0.0213 -0.9943
vn 0.1182 0.0205 -0.9928
vn 0.1328 0.0197 -0.9910
vn 0.1481 0.0188 -0.9888
vn 0.1644 0.0177 -0.9862
vn 0.1822 0.0166 -0.9831
vn 0.2022 0.0153 -0.9792
vn 0.2255 0.0138 -0.9741
vn 0.2543 0.0122 -0.9670
vn 0.2932 0.0104 -0.9560
vn 0.3545 0.0081 -0.9350
vn 0.5438 0.0050 -0.8392
vn 0.6802 0.0007 -0.7330
vn -0.5413 0.0065 -0.8408
vn -0.6754 0.0012 -0.7374
vn -0.3524 0.0107 -0.9358
vn -0.2914 0.0137 -0.9565
vn -0.2527 0.0161 -0.9674
vn -0.2240 0.0183 -0.9744
vn -0.2008 0.0202 -0.9794
vn -0.1810 0.0219 -0.9832
vn -0.1633 0.0234 -0.9863
vn -0.1470 0.0248 -0.9888
vn -0.1319 0.0260 -0.9909
vn -0.1174 0.0271 -0.9927
vn -0.1035 0.0281 -0.9942
vn -0.0899 0.0290 -0.9955
vn -0.0767 0.0297 -0.9966
vn -0.0637 0.0303 -0.9975
vn -0.0508 0.0308 -0.9982
vn -0.0380 0.0312 -0.9988
vn -0.0253 0.0315 -0.9992
vn -0.0126 0.0317 -0.9994
vn -0.0000 0.0317 -0.9995
vn 0.0126 0.0317 -0.9994
vn 0.0253 0.0315 -0.9992
vn 0.0380 0.0312 -0.9988
vn 0.0508 0.0308 -0.9982
vn 0.0637 0.0303 -0.9975
vn 0.0767 0.0297 -0.9966
vn 0.0899 0.0290 -0.9955
vn 0.1035 0.0281 -0.9942
vn 0.1174 0.0271 -0.9927
vn 0.1319 0.0260 -0.9909
vn 0.1470 0.0248 -0.9888
vn 0.1633 0.0234 -0.9863
vn 0.1810 0.0219 -0.9832
vn 0.2008 0.0202 -0.9794
vn 0.2240 0.0183 -0.9744
vn 0.2527 0.0161 -0.9674
vn 0.2914 0.0137 -0.9565
vn 0.3524 0.0107 -0.9358
vn 0.5413 0.0065 -0.8408
vn 0.6782 0.0010 -0.7349
vn -0.5381 0.0081 -0.8428
vn -0.6719 0.0015 -0.7406
vn -0.3497 0.0133 -0.9368
vn -0.2890 0.0169 -0.9572
vn -0.2506 0.0200 -0.9679
vn -0.2221 0.0226 -0.9748
vn -0.1991 0.0250 -0.9797
vn -0.1794 0.0271 -0.9834
vn -0.1618 0.0290 -0.9864
vn -0.1458 0.0307 -0.9888
vn -0.1307 0.0322 -0.9909
vn -0.1164 0.0336 -0.9926
vn -0.1025 0.0348 -0.9941
vn -0.0891 0.0359 -0.9954
vn -0.0760 0.0368 -0.9964
vn -0.0631 0.0376 -0.9973
vn -0.0503 0.0382 -0.9980
vn -0.0377 0.0387 -0.9985
vn -0.0251 0.0390 -0.9989
vn -0.0125 0.0392 -0.9992
vn -0.0000 0.0393 -0.9992
vn 0.0125 0.0392 -0.9992
vn 0.0251 0.0390 -0.9989
vn 0.0377 0.0387 -0.9985
vn 0.0503 0.0382 -0.9980
vn 0.0631 0.0376 -0.9973
vn 0.0760 0.0368 -0.9964
vn 0.0891 0.0359 -0.9954
vn 0.1025 0.0348 -0.9941
vn 0.1164 0.0336 -0.9926
vn 0.1307 0.0322 -0.9909
vn 0.1458 0.0307 -0.9888
vn 0.1618 0.0290 -0.9864
vn 0.1794 0.0271 -0.9834
vn 0.1991 0.0250 -0.9797
vn 0.2221 0.0226 -0.9748
vn 0.2506 0.0200 -0.9679
vn 0.2890 0.0169 -0.9572
vn 0.3497 0.0133 -0.9368
vn 0.5381 0.0081 -0.8428
vn 0.6754 0.0012 -0.7374
vn -0.5343 0.0096 -0.8453
vn -0.6677 0.0018 -0.7444
vn -0.3463 0.0158 -0.9380
vn -0.2861 0.0202 -0.9580
vn -0.2480 0.0238 -0.9685
vn -0.2198 0.0270 -0.9752
vn -0.1970 0.0298 -0.9800
vn -0.1775 0.0323 -0.9836
vn -0.1601 0.0345 -0.9865
vn -0.1442 0.0366 -0.9889
vn -0.1293 0.0384 -0.9909
vn -0.1151 0.0400 -0.9926
vn -0.1014 0.0414 -0.9940
vn -0.0882 0.0427 -0.9952
vn -0.0752 0.0438 -0.9962
vn -0.0624 0.0447 -0.9970
vn -0.0498 0.0455 -0.9977
vn -0.0372 0.0460 -0.9982
vn -0.0248 0.0465 -0.9986
vn -0.0124 0.0467 -0.9988
vn -0.0000 0.0468 -0.9989
vn 0.0124 0.0467 -0.9988
vn 0.0248 0.0465 -0.9986
vn 0.0372 0.0460 -0.9982
vn 0.0498 0.0455 -0.9977
vn 0.0624 0.0447 -0.9970
vn 0.0752 0.0438 -0.9962
vn 0.0882 0.0427 -0.9952
vn 0.1014 0.0414 -0.9940
vn 0.1151 0.0400 -0.9926
vn 0.1293 0.0384 -0.9909
vn 0.1442 0.0366 -0.9889
vn 0.1601 0.0345 -0.9865
vn 0.1775 0.0323 -0.9836
vn 0.1970 0.0298 -0.9800
vn 0.2198 0.0270 -0.9752
vn 0.2480 0.0238 -0.9685
vn 0.2861 0.0202 -0.9580
vn 0.3463 0.0158 -0.9380
vn 0.5343 0.0096 -0.8453
vn 0.6719 0.0015 -0.7406
vn -0.5296 0.0111 -0.8481
vn -0.6627 0.0021 -0.7489
vn -0.3424 0.0183 -0.9394
vn -0.2827 0.0234 -0.9589
vn -0.2450 0.0276 -0.9691
vn -0.2171 0.0312 -0.9756
vn -0.1945 0.0345 -0.9803
vn -0.1752 0.0374 -0.9838
vn -0.1581 0.0400 -0.9866
vn -0.1423 0.0423 -0.9889
vn -0.1276 0.0445 -0.9908
vn -0.1136 0.0463 -0.9924
vn -0.1001 0.0480 -0.9938
vn -0.0870 0.0495 -0.9950
vn -0.0742 0.0507 -0.9960
vn -0.0616 0.0518 -0.9968
vn -0.0491 0.0527 -0.9974
vn -0.0368 0.0533 -0.9979
vn -0.0245 0.0538 -0.9983
vn -0.0122 0.0541 -0.9985
vn -0.0000 0.0542 -0.9985
vn 0.0122 0.0541 -0.9985
vn 0.0245 0.0538 -0.9983
vn 0.0368 0.0533 -0.9979
vn 0.0491 0.0527 -0.9974
vn 0.0616 0.0518 -0.9968
vn 0.0742 0.0507 -0.9960
vn 0.0870 0.0495 -0.9950
vn 0.1001 0.0480 -0.9938
vn 0.1136 0.0463 -0.9924
vn 0.1276 0.0445 -0.9908
vn 0.1423 0.0423 -0.9889
vn 0.1581 0.0400 -0.9866
vn 0.1752 0.0374 -0.9838
vn 0.1945 0.0345 -0.9803
vn 0.2171 0.0312 -0.9756
vn 0.2450 0.0276 -0.9691
vn 0.2827 0.0234 -0.9589
vn 0.3424 0.0183 -0.9394
vn 0.5296 0.0111 -0.8481
vn 0.6677 0.0018 -0.7444
vn -0.5243 0.0127 -0.8514
vn -0.6568 0.0024 -0.7541
vn -0.3379 0.0209 -0.9409
vn -0.2788 0.0266 -0.9600
vn -0.2416 0.0314 -0.9699
vn -0.2140 0.0355 -0.9762
vn -0.1917 0.0392 -0.9807
vn -0.1727 0.0425 -0.9841
vn -0.1557 0.0454 -0.9868
vn -0.1402 0.0481 -0.9890
vn -0.1257 0.0505 -0.9908
vn -0.1119 0.0526 -0.9923
vn -0.0986 0.0545 -0.9936
vn -0.0857 0.0562 -0.9947
vn -0.0731 0.0576 -0.9957
vn -0.0606 0.0588 -0.9964
vn -0.0484 0.0598 -0.9970
vn -0.0362 0.0606 -0.9975
vn -0.0241 0.0611 -0.9978
vn -0.0121 0.0614 -0.9980
vn -0.0000 0.0615 -0.9981
vn 0.0121 0.0614 -0.9980
vn 0.0241 0.0611 -0.9978
vn 0.0362 0.0606 -0.9975
vn 0.0484 0.0598 -0.9970
vn 0.0606 0.0588 -0.9964
vn 0.0731 0.0576 -0.9957
vn 0.0857 0.0562 -0.9947
vn 0.0986 0.0545 -0.9936
vn 0.1119 0.0526 -0.9923
vn 0.1257 0.0505 -0.9908
vn 0.1402 0.0481 -0.9890
vn 0.1557 0.0454 -0.9868
vn 0.1727 0.0425 -0.9841
vn 0.1917 0.0392 -0.9807
vn 0.2140 0.0355 -0.9762
vn 0.2416 0.0314 -0.9699
vn 0.2788 0.0266 -0.9600
vn 0.3379 0.0209 -0.9409
vn 0.5243 0.0127 -0.8514
vn 0.6627 0.0021 -0.7489
vn -0.5182 0.0142 -0.8552
vn -0.6501 0.0027 -0.7599
vn -0.3328 0.0234 -0.9427
vn -0.2744 0.0298 -0.9612
vn -0.2376 0.0351 -0.9707
vn -0.2105 0.0398 -0.9768
vn -0.1885 0.0439 -0.9811
vn -0.1698 0.0476 -0.9843
vn -0.1531 0.0509 -0.9869
vn -0.1378 0.0539 -0.9890
vn -0.1235 0.0565 -0.9907
vn -0.1100 0.0589 -0.9922
vn -0.0969 0.0610 -0.9934
vn -0.0842 0.0629 -0.9945
vn -0.0718 0.0645 -0.9953
vn -0.0596 0.0658 -0.9961
vn -0.0475 0.0669 -0.9966
vn -0.0356 0.0678 -0.9971
vn -0.0237 0.0684 -0.9974
vn -0.0118 0.0687 -0.9976
vn -0.0000 0.0689 -0.9976
vn 0.0118 0.0687 -0.9976
vn 0.0237 0.0684 -0.9974
vn 0.0356 0.0678 -0.9971
vn 0.0475 0.0669 -0.9966
vn 0.0596 0.0658 -0.9961
vn 0.0718 0.0645 -0.9953
vn 0.0842 0.0629 -0.9945
vn 0.0969 0.0610 -0.9934
vn 0.1100 0.0589 -0.9922
vn 0.1235 0.0565 -0.9907
vn 0.1378 0.0539 -0.9890
vn 0.1531 0.0509 -0.9869
vn 0.1698 0.0476 -0.9843
vn 0.1885 0.0439 -0.9811
vn 0.2105 0.0398 -0.9768
vn 0.2376 0.0351 -0.9707
vn 0.2744 0.0298 -0.9612
vn 0.3328 0.0234 -0.9427
vn 0.5182 0.0142 -0.8552
vn 0.6568 0.0024 -0.7541
vn -0.5112 0.0158 -0.8593
vn -0.6425 0.0030 -0.7663
vn -0.3271 0.0259 -0.9446
vn -0.2695 0.0330 -0.9624
vn -0.2333 0.0389 -0.9716
vn -0.2065 0.0440 -0.9774
vn -0.1850 0.0486 -0.9815
vn -0.1665 0.0527 -0.9846
vn -0.1502 0.0563 -0.9871
vn -0.1352 0.0596 -0.9890
vn -0.1211 0.0626 -0.9907
vn -0.1078 0.0652 -0.9920
vn -0.0950 0.0675 -0.9932
vn -0.0826 0.0696 -0.9942
vn -0.0704 0.0713 -0.9950
vn -0.0584 0.0728 -0.9956
vn -0.0466 0.0740 -0.9962
vn -0.0349 0.0750 -0.9966
vn -0.0232 0.0756 -0.9969
vn -0.0116 0.0760 -0.9970
vn -0.0000 0.0762 -0.9971
vn 0.0116 0.0760 -0.9970
vn 0.0232 0.0756 -0.9969
vn 0.0349 0.0750 -0.9966
vn 0.0466 0.0740 -0.9962
vn 0.0584 0.0728 -0.9956
vn 0.0704 0.0713 -0.9950
vn 0.0826 0.0696 -0.9942
vn 0.0950 0.0675 -0.9932
vn 0.1078 0.0652 -0.9920
vn 0.1211 0.0626 -0.9907
vn 0.1352 0.0596 -0.9890
vn 0.1502 0.0563 -0.9871
vn 0.1665 0.0527 -0.9846
vn 0.1850 0.0486 -0.9815
vn 0.2065 0.0440 -0.9774
vn 0.2333 0.0389 -0.9716
vn 0.2695 0.0330 -0.9624
vn 0.3271 0.0259 -0.9446
vn 0.5112 0.0158 -0.8593
vn 0.6501 0.0027 -0.7599
vn -0.5034 0.0174 -0.8639
vn -0.6339 0.0033 -0.7734
vn -0.3207 0.0285 -0.9467
vn -0.2640 0.0363 -0.9638
vn -0.2284 0.0427 -0.9726
vn -0.2022 0.0483 -0.9782
vn -0.1810 0.0533 -0.9820
vn -0.1630 0.0578 -0.9849
vn -0.1469 0.0618 -0.9872
vn -0.1322 0.0654 -0.9891
vn -0.1185 0.0686 -0.9906
vn -0.1055 0.0715 -0.9918
vn -0.0929 0.0741 -0.9929
vn -0.0807 0.0763 -0.9938
vn -0.0688 0.0782 -0.9946
vn -0.0571 0.0799 -0.9952
vn -0.0455 0.0812 -0.9957
vn -0.0341 0.0822 -0.9960
vn -0.0227 0.0829 -0.9963
vn -0.0114 0.0834 -0.9965
vn -0.0000 0.0835 -0.9965
vn 0.0114 0.0834 -0.9965
vn 0.0227 0.0829 -0.9963
vn 0.0341 0.0822 -0.9960
vn 0.0455 0.0812 -0.9957
vn 0.0571 0.0799 -0.9952
vn 0.0688 0.0782 -0.9946
vn 0.0807 0.0763 -0.9938
vn 0.0929 0.0741 -0.9929
vn 0.1055 0.0715 -0.9918
vn 0.1185 0.0686 -0.9906
vn 0.1322 0.0654 -0.9891
vn 0.1469 0.0618 -0.9872
vn 0.1630 0.0578 -0.9849
vn 0.1810 0.0533 -0.9820
vn 0.2022 0.0483 -0.9782
vn 0.2284 0.0427 -0.9726
vn 0.2640 0.0363 -0.9638
vn 0.3207 0.0285 -0.9467
vn 0.5034 0.0174 -0.8639
vn 0.6425 0.0030 -0.7663
vn -0.4948 0.0191 -0.8688
vn -0.6242 0.0037 -0.7812
vn -0.3137 0.0311 -0.9490
vn -0.2580 0.0396 -0.9653
vn -0.2231 0.0466 -0.9737
vn -0.1974 0.0527 -0.9789
vn -0.1767 0.0581 -0.9825
vn -0.1591 0.0630 -0.9853
vn -0.1434 0.0673 -0.9874
vn -0.1290 0.0713 -0.9891
vn -0.1156 0.0748 -0.9905
vn -0.1029 0.0779 -0.9916
vn -0.0906 0.0807 -0.9926
vn -0.0787 0.0831 -0.9934
vn -0.0671 0.0852 -0.9941
vn -0.0557 0.0870 -0.9947
vn -0.0444 0.0884 -0.9951
vn -0.0332 0.0895 -0.9954
vn -0.0221 0.0903 -0.9957
vn -0.0111 0.0908 -0.9958
vn -0.0000 0.0910 -0.9959
vn 0.0111 0.0908 -0.9958
vn 0.0221 0.0903 -0.9957
vn 0.0332 0.0895 -0.9954
vn 0.0444 0.0884 -0.9951
vn 0.0557 0.0870 -0.9947
vn 0.0671 0.0852 -0.9941
vn 0.0787 0.0831 -0.9934
vn 0.0906 0.0807 -0.9926
vn 0.1029 0.0779 -0.9916
vn 0.1156 0.0748 -0.9905
vn 0.1290 0.0713 -0.9891
vn 0.1434 0.0673 -0.9874
vn 0.1591 0.0630 -0.9853
vn 0.1767 0.0581 -0.9825
vn 0.1974 0.0527 -0.9789
vn 0.2231 0.0466 -0.9737
vn 0.2580 0.0396 -0.9653
vn 0.3137 0.0311 -0.9490
vn 0.4948 0.0191 -0.8688
vn 0.6339 0.0033 -0.7734
vn -0.4851 0.0208 -0.8742
vn -0.6134 0.0040 -0.7898
vn -0.3060 0.0338 -0.9514
vn -0.2515 0.0430 -0.9669
vn -0.2174 0.0506 -0.9748
vn -0.1923 0.0572 -0.9797
vn -0.1721 0.0630 -0.9831
vn -0.1548 0.0683 -0.9856
vn -0.1395 0.0730 -0.9875
vn -0.1255 0.0772 -0.9891
vn -0.1125 0.0810 -0.9903
vn -0.1001 0.0844 -0.9914
vn -0.0882 0.0874 -0.9923
vn -0.0766 0.0901 -0.9930
vn -0.0653 0.0923 -0.9936
vn -0.0542 0.0942 -0.9941
vn -0.0432 0.0958 -0.9945
vn -0.0323 0.0970 -0.9948
vn -0.0215 0.0978 -0.9950
vn -0.0108 0.0983 -0.9951
vn -0.0000 0.0985 -0.9951
vn 0.0108 0.0983 -0.9951
vn 0.0215 0.0978 -0.9950
vn 0.0323 0.0970 -0.9948
vn 0.0432 0.0958 -0.9945
vn 0.0542 0.0942 -0.9941
vn 0.0653 0.0923 -0.9936
vn 0.0766 0.0901 -0.9930
vn 0.0882 0.0874 -0.9923
vn 0.1001 0.0844 -0.9914
vn 0.1125 0.0810 -0.9903
vn 0.1255 0.0772 -0.9891
vn 0.1395 0.0730 -0.9875
vn 0.1548 0.0683 -0.9856
vn 0.1721 0.0630 -0.9831
vn 0.1923 0.0572 -0.9797
vn 0.2174 0.0506 -0.9748
vn 0.2515 0.0430 -0.9669
vn 0.3060 0.0338 -0.9514
vn 0.4851 0.0208 -0.8742
vn 0.6242 0.0037 -0.7812
vn -0.4745 0.0225 -0.8800
vn -0.6013 0.0045 -0.7990
vn -0.2977 0.0366 -0.9540
vn -0.2444 0.0465 -0.9686
vn -0.2111 0.0547 -0.9759
vn -0.1866 0.0618 -0.9805
vn -0.1670 0.0681 -0.9836
vn -0.1502 0.0738 -0.9859
vn -0.1354 0.0788 -0.9877
vn -0.1218 0.0834 -0.9890
vn -0.1091 0.0875 -0.9902
vn -0.0970 0.0911 -0.9911
vn -0.0855 0.0944 -0.9919
vn -0.0742 0.0972 -0.9925
vn -0.0633 0.0996 -0.9930
vn -0.0525 0.1017 -0.9934
vn -0.0419 0.1033 -0.9938
vn -0.0313 0.1046 -0.9940
vn -0.0209 0.1055 -0.9942
vn -0.0104 0.1061 -0.9943
vn -0.0000 0.1063 -0.9943
vn 0.0104 0.1061 -0.9943
vn 0.0209 0.1055 -0.9942
vn 0.0313 0.1046 -0.9940
vn 0.0419 0.1033 -0.9938
vn 0.0525 0.1017 -0.9934
vn 0.0633 0.0996 -0.9930
vn 0.0742 0.0972 -0.9925
vn 0.0855 0.0944 -0.9919
vn 0.0970 0.0911 -0.9911
vn 0.1091 0.0875 -0.9902
vn 0.1218 0.0834 -0.9890
vn 0.1354 0.0788 -0.9877
vn 0.1502 0.0738 -0.9859
vn 0.1670 0.0681 -0.9836
vn 0.1866 0.0618 -0.9805
vn 0.2111 0.0547 -0.9759
vn 0.2444 0.0465 -0.9686
vn 0.2977 0.0366 -0.9540
vn 0.4745 0.0225 -0.8800
vn 0.6134 0.0040 -0.7898
vn -0.4627 0.0244 -0.8862
vn -0.5879 0.0049 -0.8089
vn -0.2886 0.0395 -0.9566
vn -0.2366 0.0501 -0.9703
vn -0.2043 0.0589 -0.9771
vn -0.1806 0.0666 -0.9813
vn -0.1615 0.0734 -0.9841
vn -0.1453 0.0794 -0.9862
vn -0.1309 0.0849 -0.9878
vn -0.1177 0.0898 -0.9890
vn -0.1054 0.0942 -0.9900
vn -0.0938 0.0981 -0.9907
vn -0.0826 0.1016 -0.9914
vn -0.0717 0.1046 -0.9919
vn -0.0611 0.1072 -0.9924
vn -0.0507 0.1094 -0.9927
vn -0.0404 0.1112 -0.9930
vn -0.0303 0.1126 -0.9932
vn -0.0202 0.1135 -0.9933
vn -0.0101 0.1141 -0.9934
vn -0.0000 0.1143 -0.9934
vn 0.0101 0.1141 -0.9934
vn 0.0202 0.1135 -0.9933
vn 0.0303 0.1126 -0.9932
vn 0.0404 0.1112 -0.9930
vn 0.0507 0.1094 -0.9927
vn 0.0611 0.1072 -0.9924
vn 0.0717 0.1046 -0.9919
vn 0.0826 0.1016 -0.9914
vn 0.0938 0.0981 -0.9907
vn 0.1054 0.0942 -0.9900
vn 0.1177 0.0898 -0.9890
vn 0.1309 0.0849 -0.9878
vn 0.1453 0.0794 -0.9862
vn 0.1615 0.0734 -0.9841
vn 0.1806 0.0666 -0.9813
vn 0.2043 0.0589 -0.9771
vn 0.2366 0.0501 -0.9703
vn 0.2886 0.0395 -0.9566
vn 0.4627 0.0244 -0.8862
vn 0.6013 0.0045 -0.7990
vn -0.4498 0.0264 -0.8928
vn -0.5728 0.0054 -0.8197
vn -0.2787 0.0426 -0.9594
vn -0.2283 0.0540 -0.9721
vn -0.1970 0.0634 -0.9784
vn -0.1740 0.0716 -0.9821
vn -0.1556 0.0789 -0.9847
vn -0.1399 0.0854 -0.9865
vn -0.1260 0.0913 -0.9878
vn -0.1133 0.0965 -0.9889
vn -0.1015 0.1012 -0.9897
vn -0.0902 0.1054 -0.9903
vn -0.0795 0.1091 -0.9908
vn -0.0690 0.1124 -0.9913
vn -0.0588 0.1152 -0.9916
vn -0.0488 0.1175 -0.9919
vn -0.0389 0.1194 -0.9921
vn -0.0291 0.1209 -0.9922
vn -0.0194 0.1219 -0.9923
vn -0.0097 0.1226 -0.9924
vn -0.0000 0.1228 -0.9924
vn 0.0097 0.1226 -0.9924
vn 0.0194 0.1219 -0.9923
vn 0.0291 0.1209 -0.9922
vn 0.0389 0.1194 -0.9921
vn 0.0488 0.1175 -0.9919
vn 0.0588 0.1152 -0.9916
vn 0.0690 0.1124 -0.9913
vn 0.0795 0.1091 -0.9908
vn 0.0902 0.1054 -0.9903
vn 0.1015 0.1012 -0.9897
vn 0.1133 0.0965 -0.9889
vn 0.1260 0.0913 -0.9878
vn 0.1399 0.0854 -0.9865
vn 0.1556 0.0789 -0.9847
vn 0.1740 0.0716 -0.9821
vn 0.1970 0.0634 -0.9784
vn 0.2283 0.0540 -0.9721
vn 0.2787 0.0426 -0.9594
vn 0.4498 0.0264 -0.8928
vn 0.5879 0.0049 -0.8089
vn -0.4355 0.0285 -0.8998
vn -0.5560 0.0059 -0.8312
vn -0.2680 0.0459 -0.9623
vn -0.2192 0.0581 -0.9739
vn -0.1890 0.0682 -0.9796
vn -0.1669 0.0770 -0.9830
vn -0.1492 0.0848 -0.9852
vn -0.1341 0.0918 -0.9867
vn -0.1208 0.0981 -0.9878
vn -0.1086 0.1037 -0.9887
vn -0.0972 0.1087 -0.9893
vn -0.0865 0.1132 -0.9898
vn -0.0761 0.1172 -0.9902
vn -0.0661 0.1207 -0.9905
vn -0.0563 0.1236 -0.9907
vn -0.0467 0.1261 -0.9909
vn -0.0373 0.1282 -0.9910
vn -0.0279 0.1298 -0.9912
vn -0.0186 0.1309 -0.9912
vn -0.0093 0.1316 -0.9913
vn -0.0000 0.1318 -0.9913
vn 0.0093 0.1316 -0.9913
vn 0.0186 0.1309 -0.9912
vn 0.0279 0.1298 -0.9912
vn 0.0373 0.1282 -0.9910
vn 0.0467 0.1261 -0.9909
vn 0.0563 0.1236 -0.9907
vn 0.0661 0.1207 -0.9905
vn 0.0761 0.1172 -0.9902
vn 0.0865 0.1132 -0.9898
vn 0.0972 0.1087 -0.9893
vn 0.1086 0.1037 -0.9887
vn 0.1208 0.0981 -0.9878
vn 0.1341 0.0918 -0.9867
vn 0.1492 0.0848 -0.9852
vn 0.1669 0.0770 -0.9830
vn 0.1890 0.0682 -0.9796
vn 0.2192 0.0581 -0.9739
vn 0.2680 0.0459 -0.9623
vn 0.4355 0.0285 -0.8998
vn 0.5728 0.0054 -0.8197
vn -0.4196 0.0309 -0.9072
vn -0.5371 0.0066 -0.8435
vn -0.2564 0.0496 -0.9653
vn -0.2094 0.0626 -0.9758
vn -0.1805 0.0735 -0.9808
vn -0.1593 0.0829 -0.9837
vn -0.1423 0.0913 -0.9856
vn -0.1279 0.0988 -0.9869
vn -0.1151 0.1055 -0.9877
vn -0.1035 0.1115 -0.9884
vn -0.0927 0.1169 -0.9888
vn -0.0824 0.1217 -0.9891
vn -0.0725 0.1260 -0.9894
vn -0.0630 0.1297 -0.9896
vn -0.0537 0.1329 -0.9897
vn -0.0445 0.1355 -0.9898
vn -0.0355 0.1377 -0.9898
vn -0.0266 0.1394 -0.9899
vn -0.0177 0.1406 -0.9899
vn -0.0089 0.1413 -0.9899
vn -0.0000 0.1416 -0.9899
vn 0.0089 0.1413 -0.9899
vn 0.0177 0.1406 -0.9899
vn 0.0266 0.1394 -0.9899
vn 0.0355 0.1377 -0.9898
vn 0.0445 0.1355 -0.9898
vn 0.0537 0.1329 -0.9897
vn 0.0630 0.1297 -0.9896
vn 0.0725 0.1260 -0.9894
vn 0.0824 0.1217 -0.9891
vn 0.0927 0.1169 -0.9888
vn 0.1035 0.1115 -0.9884
vn 0.1151 0.1055 -0.9877
vn 0.1279 0.0988 -0.9869
vn 0.1423 0.0913 -0.9856
vn 0.1593 0.0829 -0.9837
vn 0.1805 0.0735 -0.9808
vn 0.2094 0.0626 -0.9758
vn 0.2564 0.0496 -0.9653
vn 0.4196 0.0309 -0.9072
vn 0.5560 0.0059 -0.8312
vn -0.4021 0.0335 -0.9150
vn -0.5158 0.0073 -0.8567
vn -0.2437 0.0536 -0.9684
vn -0.1988 0.0677 -0.9777
vn -0.1712 0.0794 -0.9820
vn -0.1510 0.0895 -0.9845
vn -0.1349 0.0985 -0.9860
vn -0.1212 0.1065 -0.9869
vn -0.1091 0.1137 -0.9875
vn -0.0980 0.1202 -0.9879
vn -0.0877 0.1260 -0.9881
vn -0.0780 0.1311 -0.9883
vn -0.0686 0.1357 -0.9884
vn -0.0596 0.1397 -0.9884
vn -0.0508 0.1431 -0.9884
vn -0.0421 0.1460 -0.9884
vn -0.0336 0.1483 -0.9884
vn -0.0251 0.1501 -0.9883
vn -0.0167 0.1514 -0.9883
vn -0.0084 0.1522 -0.9883
vn -0.0000 0.1524 -0.9883
vn 0.0084 0.1522 -0.9883
vn 0.0167 0.1514 -0.9883
vn 0.0251 0.1501 -0.9883
vn 0.0336 0.1483 -0.9884
vn 0.0421 0.1460 -0.9884
vn 0.0508 0.1431 -0.9884
vn 0.0596 0.1397 -0.9884
vn 0.0686 0.1357 -0.9884
vn 0.0780 0.1311 -0.9883
vn 0.0877 0.1260 -0.9881
vn 0.0980 0.1202 -0.9879
vn 0.1091 0.1137 -0.9875
vn 0.1212 0.1065 -0.9869
vn 0.1349 0.0985 -0.9860
vn 0.1510 0.0895 -0.9845
vn 0.1712 0.0794 -0.9820
vn 0.1988 0.0677 -0.9777
vn 0.2437 0.0536 -0.9684
vn 0.4021 0.0335 -0.9150
vn 0.5371 0.0066 -0.8435
vn -0.3825 0.0366 -0.9232
vn -0.4916 0.0081 -0.8708
vn -0.2299 0.0583 -0.9715
vn -0.1873 0.0735 -0.9796
vn -0.1611 0.0861 -0.9832
vn -0.1421 0.0971 -0.9851
vn -0.1268 0.1068 -0.9862
vn -0.1139 0.1154 -0.9868
vn -0.1025 0.1232 -0.9871
vn -0.0921 0.1302 -0.9872
vn -0.0824 0.1364 -0.9872
vn -0.0732 0.1420 -0.9872
vn -0.0644 0.1469 -0.9871
vn -0.0559 0.1511 -0.9869
vn -0.0477 0.1548 -0.9868
vn -0.0395 0.1579 -0.9867
vn -0.0315 0.1604 -0.9865
vn -0.0236 0.1624 -0.9864
vn -0.0157 0.1638 -0.9864
vn -0.0079 0.1646 -0.9863
vn -0.0000 0.1649 -0.9863
vn 0.0079 0.1646 -0.9863
vn 0.0157 0.1638 -0.9864
vn 0.0236 0.1624 -0.9864
vn 0.0315 0.1604 -0.9865
vn 0.0395 0.1579 -0.9867
vn 0.0477 0.1548 -0.9868
vn 0.0559 0.1511 -0.9869
vn 0.0644 0.1469 -0.9871
vn 0.0732 0.1420 -0.9872
vn 0.0824 0.1364 -0.9872
vn 0.0921 0.1302 -0.9872
vn 0.1025 0.1232 -0.9871
vn 0.1139 0.1154 -0.9868
vn 0.1268 0.1068 -0.9862
vn 0.1421 0.0971 -0.9851
vn 0.1611 0.0861 -0.9832
vn 0.1873 0.0735 -0.9796
vn 0.2299 0.0583 -0.9715
vn 0.3825 0.0366 -0.9232
vn 0.5158 0.0073 -0.8567
vn -0.3605 0.0403 -0.9319
vn -0.4639 0.0092 -0.8859
vn -0.2147 0.0639 -0.9746
vn -0.1747 0.0804 -0.9813
vn -0.1501 0.0942 -0.9842
vn -0.1323 0.1061 -0.9855
vn -0.1180 0.1166 -0.9861
vn -0.1060 0.1260 -0.9864
vn -0.0953 0.1345 -0.9863
vn -0.0856 0.1420 -0.9862
vn -0.0766 0.1488 -0.9859
vn -0.0681 0.1548 -0.9856
vn -0.0599 0.1601 -0.9853
vn -0.0520 0.1647 -0.9850
vn -0.0443 0.1687 -0.9847
vn -0.0367 0.1721 -0.9844
vn -0.0293 0.1748 -0.9842
vn -0.0219 0.1769 -0.9840
vn -0.0146 0.1784 -0.9839
vn -0.0073 0.1793 -0.9838
vn -0.0000 0.1796 -0.9837
vn 0.0073 0.1793 -0.9838
vn 0.0146 0.1784 -0.9839
vn 0.0219 0.1769 -0.9840
vn 0.0293 0.1748 -0.9842
vn 0.0367 0.1721 -0.9844
vn 0.0443 0.1687 -0.9847
vn 0.0520 0.1647 -0.9850
vn 0.0599 0.1601 -0.9853
vn 0.0681 0.1548 -0.9856
vn 0.0766 0.1488 -0.9859
vn 0.0856 0.1420 -0.9862
vn 0.0953 0.1345 -0.9863
vn 0.1060 0.1260 -0.9864
vn 0.1180 0.1166 -0.9861
vn 0.1323 0.1061 -0.9855
vn 0.1501 0.0942 -0.9842
vn 0.1747 0.0804 -0.9813
vn 0.2147 0.0639 -0.9746
vn 0.3605 0.0403 -0.9319
vn 0.4916 0.0081 -0.8708
vn -0.3355 0.0450 -0.9410
vn -0.4317 0.0106 -0.9020
vn -0.1979 0.0709 -0.9777
vn -0.1607 0.0891 -0.9830
vn -0.1380 0.1042 -0.9849
vn -0.1215 0.1173 -0.9856
vn -0.1083 0.1289 -0.9857
vn -0.0972 0.1392 -0.9855
vn -0.0874 0.1485 -0.9850
vn -0.0785 0.1568 -0.9845
vn -0.0702 0.1642 -0.9839
vn -0.0623 0.1708 -0.9833
vn -0.0548 0.1766 -0.9828
vn -0.0476 0.1816 -0.9822
vn -0.0405 0.1860 -0.9817
vn -0.0336 0.1896 -0.9813
vn -0.0268 0.1926 -0.9809
vn -0.0201 0.1949 -0.9806
vn -0.0134 0.1965 -0.9804
vn -0.0067 0.1975 -0.9803
vn -0.0000 0.1978 -0.9802
vn 0.0067 0.1975 -0.9803
vn 0.0134 0.1965 -0.9804
vn 0.0201 0.1949 -0.9806
vn 0.0268 0.1926 -0.9809
vn 0.0336 0.1896 -0.9813
vn 0.0405 0.1860 -0.9817
vn 0.0476 0.1816 -0.9822
vn 0.0548 0.1766 -0.9828
vn 0.0623 0.1708 -0.9833
vn 0.0702 0.1642 -0.9839
vn 0.0785 0.1568 -0.9845
vn 0.0874 0.1485 -0.9850
vn 0.0972 0.1392 -0.9855
vn 0.1083 0.1289 -0.9857
vn 0.1215 0.1173 -0.9856
vn 0.1380 0.1042 -0.9849
vn 0.1607 0.0891 -0.9830
vn 0.1979 0.0709 -0.9777
vn 0.3355 0.0450 -0.9410
vn 0.4639 0.0092 -0.8859
vn -0.3066 0.0512 -0.9505
vn -0.3935 0.0124 -0.9192
vn -0.1789 0.0802 -0.9806
vn -0.1449 0.1007 -0.9843
vn -0.1243 0.1176 -0.9852
vn -0.1094 0.1323 -0.9852
vn -0.0975 0.1453 -0.9846
vn -0.0874 0.1568 -0.9838
vn -0.0785 0.1671 -0.9828
vn -0.0705 0.1764 -0.9818
vn -0.0630 0.1846 -0.9808
vn -0.0560 0.1919 -0.9798
vn -0.0492 0.1984 -0.9789
vn -0.0427 0.2040 -0.9780
vn -0.0363 0.2088 -0.9773
vn -0.0301 0.2129 -0.9766
vn -0.0240 0.2162 -0.9761
vn -0.0180 0.2187 -0.9756
vn -0.0120 0.2205 -0.9753
vn -0.0060 0.2216 -0.9751
vn -0.0000 0.2220 -0.9751
vn 0.0060 0.2216 -0.9751
vn 0.0120 0.2205 -0.9753
vn 0.0180 0.2187 -0.9756
vn 0.0240 0.2162 -0.9761
vn 0.0301 0.2129 -0.9766
vn 0.0363 0.2088 -0.9773
vn 0.0427 0.2040 -0.9780
vn 0.0492 0.1984 -0.9789
vn 0.0560 0.1919 -0.9798
vn 0.0630 0.1846 -0.9808
vn 0.0705 0.1764 -0.9818
vn 0.0785 0.1671 -0.9828
vn 0.0874 0.1568 -0.9838
vn 0.0975 0.1453 -0.9846
vn 0.1094 0.1323 -0.9852
vn 0.1243 0.1176 -0.9852
vn 0.1449 0.1007 -0.9843
vn 0.1789 0.0802 -0.9806
vn 0.3066 0.0512 -0.9505
vn 0.4317 0.0106 -0.9020
vn -0.2723 0.0606 -0.9603
vn -0.3467 0.0154 -0.9378
vn -0.1568 0.0942 -0.9831
vn -0.1268 0.1179 -0.9849
vn -0.1086 0.1375 -0.9845
vn -0.0954 0.1545 -0.9834
vn -0.0849 0.1694 -0.9819
vn -0.0761 0.1827 -0.9802
vn -0.0683 0.1946 -0.9785
vn -0.0613 0.2052 -0.9768
vn -0.0548 0.2146 -0.9752
vn -0.0486 0.2230 -0.9736
vn -0.0427 0.2303 -0.9722
vn -0.0370 0.2368 -0.9709
vn -0.0315 0.2422 -0.9697
vn -0.0261 0.2468 -0.9687
vn -0.0208 0.2506 -0.9679
vn -0.0156 0.2535 -0.9672
vn -0.0104 0.2555 -0.9668
vn -0.0052 0.2567 -0.9665
vn -0.0000 0.2571 -0.9664
vn 0.0052 0.2567 -0.9665
vn 0.0104 0.2555 -0.9668
vn 0.0156 0.2535 -0.9672
vn 0.0208 0.2506 -0.9679
vn 0.0261 0.2468 -0.9687
vn 0.0315 0.2422 -0.9697
vn 0.0370 0.2368 -0.9709
vn 0.0427 0.2303 -0.9722
vn 0.0486 0.2230 -0.9736
vn 0.0548 0.2146 -0.9752
vn 0.0613 0.2052 -0.9768
vn 0.0683 0.1946 -0.9785
vn 0.0761 0.1827 -0.9802
vn 0.0849 0.1694 -0.9819
vn 0.0954 0.1545 -0.9834
vn 0.1086 0.1375 -0.9845
vn 0.1268 0.1179 -0.9849
vn 0.1568 0.0942 -0.9831
vn 0.2723 0.0606 -0.9603
vn 0.3935 0.0124 -0.9192
vn -0.2293 0.0777 -0.9702
vn -0.2854 0.0210 -0.9582
vn -0.1299 0.1193 -0.9843
vn -0.1046 0.1487 -0.9833
vn -0.0894 0.1730 -0.9809
vn -0.0784 0.1940 -0.9779
vn -0.0697 0.2123 -0.9747
vn -0.0623 0.2285 -0.9715
vn -0.0559 0.2429 -0.9684
vn -0.0501 0.2558 -0.9654
vn -0.0447 0.2671 -0.9626
vn -0.0396 0.2772 -0.9600
vn -0.0348 0.2860 -0.9576
vn -0.0301 0.2937 -0.9554
vn -0.0256 0.3002 -0.9535
vn -0.0212 0.3057 -0.9519
vn -0.0169 0.3101 -0.9505
vn -0.0127 0.3135 -0.9495
vn -0.0085 0.3159 -0.9487
vn -0.0043 0.3174 -0.9483
vn -0.0000 0.3178 -0.9481
vn 0.0043 0.3174 -0.9483
vn 0.0085 0.3159 -0.9487
vn 0.0127 0.3135 -0.9495
vn 0.0169 0.3101 -0.9505
vn 0.0212 0.3057 -0.9519
vn 0.0256 0.3002 -0.9535
vn 0.0301 0.2937 -0.9554
vn 0.0348 0.2860 -0.9576
vn 0.0396 0.2772 -0.9600
vn 0.0447 0.2671 -0.9626
vn 0.0501 0.2558 -0.9654
vn 0.0559 0.2429 -0.9684
vn 0.0623 0.2285 -0.9715
vn 0.0697 0.2123 -0.9747
vn 0.0784 0.1940 -0.9779
vn 0.0894 0.1730 -0.9809
vn 0.1046 0.1487 -0.9833
vn 0.1299 0.1193 -0.9843
vn 0.2293 0.0777 -0.9702
vn 0.3467 0.0154 -0.9378
vn -0.1630 0.1698 -0.9719
vn -0.2271 0.0793 -0.9706
vn -0.0880 0.2462 -0.9652
vn -0.0700 0.2988 -0.9517
vn -0.0592 0.3405 -0.9384
vn -0.0515 0.3748 -0.9257
vn -0.0455 0.4037 -0.9138
vn -0.0405 0.4283 -0.9027
vn -0.0361 0.4494 -0.8926
vn -0.0322 0.4676 -0.8833
vn -0.0286 0.4834 -0.8750
vn -0.0253 0.4969 -0.8674
vn -0.0221 0.5085 -0.8608
vn -0.0191 0.5184 -0.8549
vn -0.0162 0.5267 -0.8499
vn -0.0134 0.5335 -0.8457
vn -0.0107 0.5390 -0.8422
vn -0.0080 0.5432 -0.8396
vn -0.0054 0.5461 -0.8377
vn -0.0028 0.5478 -0.8366
vn -0.0000 0.5483 -0.8363
vn 0.0028 0.5478 -0.8366
vn 0.0054 0.5461 -0.8377
vn 0.0080 0.5432 -0.8396
vn 0.0107 0.5390 -0.8422
vn 0.0134 0.5335 -0.8457
vn 0.0162 0.5267 -0.8499
vn 0.0191 0.5184 -0.8549
vn 0.0221 0.5085 -0.8608
vn 0.0253 0.4969 -0.8674
vn 0.0286 0.4834 -0.8750
vn 0.0322 0.4676 -0.8833
vn 0.0361 0.4494 -0.8926
vn 0.0405 0.4283 -0.9027
vn 0.0455 0.4037 -0.9138
vn 0.0515 0.3748 -0.9257
vn 0.0592 0.3405 -0.9384
vn 0.0700 0.2988 -0.9517
vn 0.0880 0.2462 -0.9652
vn 0.1630 0.1698 -0.9719
vn 0.2854 0.0210 -0.9582
vn -0.0261 0.3212 -0.9467
vn -0.0781 0.2436 -0.9667
vn -0.0193 0.3995 -0.9165
vn -0.0155 0.4583 -0.8887
vn -0.0129 0.5047 -0.8632
vn -0.0109 0.5425 -0.8400
vn -0.0094 0.5737 -0.8190
vn -0.0081 0.5997 -0.8001
vn -0.0070 0.6217 -0.7832
vn -0.0061 0.6402 -0.7682
vn -0.0053 0.6559 -0.7548
vn -0.0045 0.6692 -0.7431
vn -0.0039 0.6803 -0.7329
vn -0.0033 0.6896 -0.7242
vn -0.0027 0.6972 -0.7169
vn -0.0022 0.7033 -0.7109
vn -0.0017 0.7080 -0.7062
vn -0.0012 0.7114 -0.7028
vn -0.0007 0.7135 -0.7006
vn -0.0000 0.7143 -0.6999
vn 0.0007 0.7135 -0.7006
vn 0.0012 0.7114 -0.7028
vn 0.0017 0.7080 -0.7062
vn 0.0022 0.7033 -0.7109
vn 0.0027 0.6972 -0.7169
vn 0.0033 0.6896 -0.7242
vn 0.0039 0.6803 -0.7329
vn 0.0045 0.6692 -0.7431
vn 0.0053 0.6559 -0.7548
vn 0.0061 0.6402 -0.7682
vn 0.0070 0.6217 -0.7832
vn 0.0081 0.5997 -0.8001
vn 0.0094 0.5737 -0.8190
vn 0.0109 0.5425 -0.8400
vn 0.0129 0.5047 -0.8632
vn 0.0155 0.4583 -0.8887
vn 0.0193 0.3995 -0.9165
vn 0.0261 0.3212 -0.9467
vn 0.0781 0.2436 -0.9667
vn 0.2271 0.0793 -0.9706
vn -0.0000 -0.0000 -1.0000
vn 0.9877 -0.1564 -0.0000
vn 0.9992 -0.0393 -0.0000
vn 0.9511 -0.3090 -0.0000
vn 0.8910 -0.4540 -0.0000
vn 0.8090 -0.5878 -0.0000
vn 0.7071 -0.7071 -0.0000
vn 0.5878 -0.8090 -0.0000
vn 0.4540 -0.8910 -0.0000
vn 0.3090 -0.9511 -0.0000
vn 0.1564 -0.9877 -0.0000
vn 0.0393 -0.9992 -0.0000
vn -0.0393 -0.9992 -0.0000
vn -0.1564 -0.9877 -0.0000
vn -0.3090 -0.9511 -0.0000
vn -0.4540 -0.8910 -0.0000
vn -0.5878 -0.8090 -0.0000
vn -0.7071 -0.7071 -0.0000
vn -0.8090 -0.5878 -0.0000
vn -0.8910 -0.4540 -0.0000
vn -0.9511 -0.3090 -0.0000
vn -0.9877 -0.1564 -0.0000
vn -0.9992 -0.0393 -0.0000
vn -0.9992 0.0393 -0.0000
vn -0.9877 0.1564 -0.0000
vn -0.9511 0.3090 -0.0000
vn -0.8910 0.4540 -0.0000
vn -0.8090 0.5878 -0.0000
vn -0.7071 0.7071 -0.0000
vn -0.5878 0.8090 -0.0000
vn -0.4540 0.8910 -0.0000
vn -0.3090 0.9511 -0.0000
vn -0.1564 0.9877 -0.0000
vn -0.0393 0.9992 -0.0000
vn 0.0393 0.9992 -0.0000
vn 0.1564 0.9877 -0.0000
vn 0.3090 0.9511 -0.0000
vn 0.4540 0.8910 -0.0000
vn 0.5878 0.8090 -0.0000
vn 0.7071 0.7071 -0.0000
vn 0.8090 0.5878 -0.0000
vn 0.8910 0.4540 -0.0000
vn 0.9511 0.3090 -0.0000
vn 0.9877 0.1564 -0.0000
vn 0.9992 0.0393 -0.0000
vn -0.0000 -0.9239 -0.3827
vn -0.0000 -0.9239 0.3827
vn -0.0000 0.3827 0.9239
vn -0.0000 0.9239 0.3827
vn 1.0000 -0.0000 -0.0000
vn -0.0000 0.9239 -0.3827
vn -0.0000 0.3827 -0.9239
vn -1.0000 -0.0000 -0.0000
vn 0.4463 -0.0278 0.8945
vn 0.4463 -0.0278 -0.8945
vt 0.035000 0.000000
vt 0.034583 0.016582
vt 0.010087 0.016582
vt 0.058250 0.000000
vt 0.059078 0.016582
vt 0.081500 0.000000
vt 0.083574 0.016582
vt 0.104750 0.000000
vt 0.108070 0.016582
vt 0.128000 0.000000
vt 0.132565 0.016582
vt 0.151250 0.000000
vt 0.157061 0.016582
vt 0.174500 0.000000
vt 0.181557 0.016582
vt 0.197750 0.000000
vt 0.206052 0.016582
vt 0.221000 0.000000
vt 0.230548 0.016582
vt 0.244250 0.000000
vt 0.255043 0.016582
vt 0.267500 0.000000
vt 0.279539 0.016582
vt 0.290750 0.000000
vt 0.304035 0.016582
vt 0.314000 0.000000
vt 0.328530 0.016582
vt 0.337250 0.000000
vt 0.353026 0.016582
vt 0.360500 0.000000
vt 0.377522 0.016582
vt 0.383750 0.000000
vt 0.402017 0.016582
vt 0.407000 0.000000
vt 0.426513 0.016582
vt 0.430250 0.000000
vt 0.451009 0.016582
vt 0.453500 0.000000
vt 0.475504 0.016582
vt 0.476750 0.000000
vt 0.500000 0.016582
vt 0.523250 0.000000
vt 0.500000 0.000000
vt 0.546500 0.000000
vt 0.524496 0.016582
vt 0.569750 0.000000
vt 0.548991 0.016582
vt 0.593000 0.000000
vt 0.573487 0.016582
vt 0.616250 0.000000
vt 0.597983 0.016582
vt 0.639500 0.000000
vt 0.622478 0.016582
vt 0.662750 0.000000
vt 0.646974 0.016582
vt 0.686000 0.000000
vt 0.671470 0.016582
vt 0.709250 0.000000
vt 0.695965 0.016582
vt 0.732500 0.000000
vt 0.720461 0.016582
vt 0.755750 0.000000
vt 0.744957 0.016582
vt 0.779000 0.000000
vt 0.769452 0.016582
vt 0.802250 0.000000
vt 0.793948 0.016582
vt 0.825500 0.000000
vt 0.818443 0.016582
vt 0.848750 0.000000
vt 0.842939 0.016582
vt 0.872000 0.000000
vt 0.867435 0.016582
vt 0.895250 0.000000
vt 0.891930 0.016582
vt 0.918500 0.000000
vt 0.916426 0.016582
vt 0.941750 0.000000
vt 0.940922 0.016582
vt 0.965000 0.000000
vt 0.965417 0.016582
vt 0.027845 0.033163
vt 0.002995 0.033163
vt 0.052696 0.033163
vt 0.077546 0.033163
vt 0.102396 0.033163
vt 0.127246 0.033163
vt 0.152097 0.033163
vt 0.176947 0.033163
vt 0.201797 0.033163
vt 0.226647 0.033163
vt 0.251498 0.033163
vt 0.276348 0.033163
vt 0.301198 0.033163
vt 0.326048 0.033163
vt 0.350899 0.033163
vt 0.375749 0.033163
vt 0.400599 0.033163
vt 0.425449 0.033163
vt 0.450300 0.033163
vt 0.475150 0.033163
vt 0.500000 0.033163
vt 0.524850 0.033163
vt 0.549700 0.033163
vt 0.574551 0.033163
vt 0.599401 0.033163
vt 0.624251 0.033163
vt 0.649101 0.033163
vt 0.673952 0.033163
vt 0.698802 0.033163
vt 0.723652 0.033163
vt 0.748502 0.033163
vt 0.773353 0.033163
vt 0.798203 0.033163
vt 0.823053 0.033163
vt 0.847903 0.033163
vt 0.872754 0.033163
vt 0.897604 0.033163
vt 0.922454 0.033163
vt 0.947304 0.033163
vt 0.989913 0.016582
vt 0.972155 0.033163
vt 0.025191 0.049745
vt 0.000201 0.049745
vt 0.050181 0.049745
vt 0.075171 0.049745
vt 0.100161 0.049745
vt 0.125151 0.049745
vt 0.150141 0.049745
vt 0.175131 0.049745
vt 0.200121 0.049745
vt 0.225111 0.049745
vt 0.250101 0.049745
vt 0.275091 0.049745
vt 0.300081 0.049745
vt 0.325071 0.049745
vt 0.350060 0.049745
vt 0.375050 0.049745
vt 0.400040 0.049745
vt 0.425030 0.049745
vt 0.450020 0.049745
vt 0.475010 0.049745
vt 0.500000 0.049745
vt 0.524990 0.049745
vt 0.549980 0.049745
vt 0.574970 0.049745
vt 0.599960 0.049745
vt 0.624950 0.049745
vt 0.649940 0.049745
vt 0.674929 0.049745
vt 0.699919 0.049745
vt 0.724909 0.049745
vt 0.749899 0.049745
vt 0.774889 0.049745
vt 0.799879 0.049745
vt 0.824869 0.049745
vt 0.849859 0.049745
vt 0.874849 0.049745
vt 0.899839 0.049745
vt 0.924829 0.049745
vt 0.949819 0.049745
vt 0.997005 0.033163
vt 0.974809 0.049745
vt 0.000000 0.066327
vt 0.025000 0.066327
vt 0.050000 0.066327
vt 0.075000 0.066327
vt 0.100000 0.066327
vt 0.125000 0.066327
vt 0.150000 0.066327
vt 0.175000 0.066327
vt 0.200000 0.066327
vt 0.225000 0.066327
vt 0.250000 0.066327
vt 0.275000 0.066327
vt 0.300000 0.066327
vt 0.325000 0.066327
vt 0.350000 0.066327
vt 0.375000 0.066327
vt 0.400000 0.066327
vt 0.425000 0.066327
vt 0.450000 0.066327
vt 0.475000 0.066327
vt 0.525000 0.066327
vt 0.500000 0.066327
vt 0.550000 0.066327
vt 0.575000 0.066327
vt 0.600000 0.066327
vt 0.625000 0.066327
vt 0.650000 0.066327
vt 0.675000 0.066327
vt 0.700000 0.066327
vt 0.725000 0.066327
vt 0.750000 0.066327
vt 0.775000 0.066327
vt 0.800000 0.066327
vt 0.825000 0.066327
vt 0.850000 0.066327
vt 0.875000 0.066327
vt 0.900000 0.066327
vt 0.925000 0.066327
vt 0.950000 0.066327
vt 0.975000 0.066327
vt 1.000000 0.066327
vt 0.000000 0.082908
vt 0.025000 0.082908
vt 0.050000 0.082908
vt 0.075000 0.082908
vt 0.100000 0.082908
vt 0.125000 0.082908
vt 0.150000 0.082908
vt 0.175000 0.082908
vt 0.200000 0.082908
vt 0.225000 0.082908
vt 0.250000 0.082908
vt 0.275000 0.082908
vt 0.300000 0.082908
vt 0.325000 0.082908
vt 0.350000 0.082908
vt 0.375000 0.082908
vt 0.400000 0.082908
vt 0.425000 0.082908
vt 0.450000 0.082908
vt 0.475000 0.082908
vt 0.525000 0.082908
vt 0.500000 0.082908
vt 0.550000 0.082908
vt 0.575000 0.082908
vt 0.600000 0.082908
vt 0.625000 0.082908
vt 0.650000 0.082908
vt 0.675000 0.082908
vt 0.700000 0.082908
vt 0.725000 0.082908
vt 0.750000 0.082908
vt 0.775000 0.082908
vt 0.800000 0.082908
vt 0.825000 0.082908
vt 0.850000 0.082908
vt 0.875000 0.082908
vt 0.900000 0.082908
vt 0.925000 0.082908
vt 0.950000 0.082908
vt 0.975000 0.082908
vt 1.000000 0.082908
vt 0.000000 0.099490
vt 0.025000 0.099490
vt 0.050000 0.099490
vt 0.075000 0.099490
vt 0.100000 0.099490
vt 0.125000 0.099490
vt 0.150000 0.099490
vt 0.175000 0.099490
vt 0.200000 0.099490
vt 0.225000 0.099490
vt 0.250000 0.099490
vt 0.275000 0.099490
vt 0.300000 0.099490
vt 0.325000 0.099490
vt 0.350000 0.099490
vt 0.375000 0.099490
vt 0.400000 0.099490
vt 0.425000 0.099490
vt 0.450000 0.099490
vt 0.475000 0.099490
vt 0.525000 0.099490
vt 0.500000 0.099490
vt 0.550000 0.099490
vt 0.575000 0.099490
vt 0.600000 0.099490
vt 0.625000 0.099490
vt 0.650000 0.099490
vt 0.675000 0.099490
vt 0.700000 0.099490
vt 0.725000 0.099490
vt 0.750000 0.099490
vt 0.775000 0.099490
vt 0.800000 0.099490
vt 0.825000 0.099490
vt 0.850000 0.099490
vt 0.875000 0.099490
vt 0.900000 0.099490
vt 0.925000 0.099490
vt 0.950000 0.099490
vt 0.975000 0.099490
vt 1.000000 0.099490
vt 0.000000 0.116071
vt 0.025000 0.116071
vt 0.050000 0.116071
vt 0.075000 0.116071
vt 0.100000 0.116071
vt 0.125000 0.116071
vt 0.150000 0.116071
vt 0.175000 0.116071
vt 0.200000 0.116071
vt 0.225000 0.116071
vt 0.250000 0.116071
vt 0.275000 0.116071
vt 0.300000 0.116071
vt 0.325000 0.116071
vt 0.350000 0.116071
vt 0.375000 0.116071
vt 0.400000 0.116071
vt 0.425000 0.116071
vt 0.450000 0.116071
vt 0.475000 0.116071
vt 0.525000 0.116071
vt 0.500000 0.116071
vt 0.550000 0.116071
vt 0.575000 0.116071
vt 0.600000 0.116071
vt 0.625000 0.116071
vt 0.650000 0.116071
vt 0.675000 0.116071
vt 0.700000 0.116071
vt 0.725000 0.116071
vt 0.750000 0.116071
vt 0.775000 0.116071
vt 0.800000 0.116071
vt 0.825000 0.116071
vt 0.850000 0.116071
vt 0.875000 0.116071
vt 0.900000 0.116071
vt 0.925000 0.116071
vt 0.950000 0.116071
vt 0.975000 0.116071
vt 1.000000 0.116071
vt 0.000000 0.132653
vt 0.025000 0.132653
vt 0.050000 0.132653
vt 0.075000 0.132653
vt 0.100000 0.132653
vt 0.125000 0.132653
vt 0.150000 0.132653
vt 0.175000 0.132653
vt 0.200000 0.132653
vt 0.225000 0.132653
vt 0.250000 0.132653
vt 0.275000 0.132653
vt 0.300000 0.132653
vt 0.325000 0.132653
vt 0.350000 0.132653
vt 0.375000 0.132653
vt 0.400000 0.132653
vt 0.425000 0.132653
vt 0.450000 0.132653
vt 0.475000 0.132653
vt 0.525000 0.132653
vt 0.500000 0.132653
vt 0.550000 0.132653
vt 0.575000 0.132653
vt 0.600000 0.132653
vt 0.625000 0.132653
vt 0.650000 0.132653
vt 0.675000 0.132653
vt 0.700000 0.132653
vt 0.725000 0.132653
vt 0.750000 0.132653
vt 0.775000 0.132653
vt 0.800000 0.132653
vt 0.825000 0.132653
vt 0.850000 0.132653
vt 0.875000 0.132653
vt 0.900000 0.132653
vt 0.925000 0.132653
vt 0.950000 0.132653
vt 0.975000 0.132653
vt 1.000000 0.132653
vt 0.000000 0.149235
vt 0.025000 0.149235
vt 0.050000 0.149235
vt 0.075000 0.149235
vt 0.100000 0.149235
vt 0.125000 0.149235
vt 0.150000 0.149235
vt 0.175000 0.149235
vt 0.200000 0.149235
vt 0.225000 0.149235
vt 0.250000 0.149235
vt 0.275000 0.149235
vt 0.300000 0.149235
vt 0.325000 0.149235
vt 0.350000 0.149235
vt 0.375000 0.149235
vt 0.400000 0.149235
vt 0.425000 0.149235
vt 0.450000 0.149235
vt 0.475000 0.149235
vt 0.525000 0.149235
vt 0.500000 0.149235
vt 0.550000 0.149235
vt 0.575000 0.149235
vt 0.600000 0.149235
vt 0.625000 0.149235
vt 0.650000 0.149235
vt 0.675000 0.149235
vt 0.700000 0.149235
vt 0.725000 0.149235
vt 0.750000 0.149235
vt 0.775000 0.149235
vt 0.800000 0.149235
vt 0.825000 0.149235
vt 0.850000 0.149235
vt 0.875000 0.149235
vt 0.900000 0.149235
vt 0.925000 0.149235
vt 0.950000 0.149235
vt 0.975000 0.149235
vt 1.000000 0.149235
vt 0.000000 0.165816
vt 0.025000 0.165816
vt 0.050000 0.165816
vt 0.075000 0.165816
vt 0.100000 0.165816
vt 0.125000 0.165816
vt 0.150000 0.165816
vt 0.175000 0.165816
vt 0.200000 0.165816
vt 0.225000 0.165816
vt 0.250000 0.165816
vt 0.275000 0.165816
vt 0.300000 0.165816
vt 0.325000 0.165816
vt 0.350000 0.165816
vt 0.375000 0.165816
vt 0.400000 0.165816
vt 0.425000 0.165816
vt 0.450000 0.165816
vt 0.475000 0.165816
vt 0.525000 0.165816
vt 0.500000 0.165816
vt 0.550000 0.165816
vt 0.575000 0.165816
vt 0.600000 0.165816
vt 0.625000 0.165816
vt 0.650000 0.165816
vt 0.675000 0.165816
vt 0.700000 0.165816
vt 0.725000 0.165816
vt 0.750000 0.165816
vt 0.775000 0.165816
vt 0.800000 0.165816
vt 0.825000 0.165816
vt 0.850000 0.165816
vt 0.875000 0.165816
vt 0.900000 0.165816
vt 0.925000 0.165816
vt 0.950000 0.165816
vt 0.975000 0.165816
vt 1.000000 0.165816
vt 0.000000 0.182398
vt 0.025000 0.182398
vt 0.050000 0.182398
vt 0.075000 0.182398
vt 0.100000 0.182398
vt 0.125000 0.182398
vt 0.150000 0.182398
vt 0.175000 0.182398
vt 0.200000 0.182398
vt 0.225000 0.182398
vt 0.250000 0.182398
vt 0.275000 0.182398
vt 0.300000 0.182398
vt 0.325000 0.182398
vt 0.350000 0.182398
vt 0.375000 0.182398
vt 0.400000 0.182398
vt 0.425000 0.182398
vt 0.450000 0.182398
vt 0.475000 0.182398
vt 0.525000 0.182398
vt 0.500000 0.182398
vt 0.550000 0.182398
vt 0.575000 0.182398
vt 0.600000 0.182398
vt 0.625000 0.182398
vt 0.650000 0.182398
vt 0.675000 0.182398
vt 0.700000 0.182398
vt 0.725000 0.182398
vt 0.750000 0.182398
vt 0.775000 0.182398
vt 0.800000 0.182398
vt 0.825000 0.182398
vt 0.850000 0.182398
vt 0.875000 0.182398
vt 0.900000 0.182398
vt 0.925000 0.182398
vt 0.950000 0.182398
vt 0.975000 0.182398
vt 1.000000 0.182398
vt 0.000000 0.198980
vt 0.025000 0.198980
vt 0.050000 0.198980
vt 0.075000 0.198980
vt 0.100000 0.198980
vt 0.125000 0.198980
vt 0.150000 0.198980
vt 0.175000 0.198980
vt 0.200000 0.198980
vt 0.225000 0.198980
vt 0.250000 0.198980
vt 0.275000 0.198980
vt 0.300000 0.198980
vt 0.325000 0.198980
vt 0.350000 0.198980
vt 0.375000 0.198980
vt 0.400000 0.198980
vt 0.425000 0.198980
vt 0.450000 0.198980
vt 0.475000 0.198980
vt 0.525000 0.198980
vt 0.500000 0.198980
vt 0.550000 0.198980
vt 0.575000 0.198980
vt 0.600000 0.198980
vt 0.625000 0.198980
vt 0.650000 0.198980
vt 0.675000 0.198980
vt 0.700000 0.198980
vt 0.725000 0.198980
vt 0.750000 0.198980
vt 0.775000 0.198980
vt 0.800000 0.198980
vt 0.825000 0.198980
vt 0.850000 0.198980
vt 0.875000 0.198980
vt 0.900000 0.198980
vt 0.925000 0.198980
vt 0.950000 0.198980
vt 0.975000 0.198980
vt 1.000000 0.198980
vt 0.000000 0.215561
vt 0.025000 0.215561
vt 0.050000 0.215561
vt 0.075000 0.215561
vt 0.100000 0.215561
vt 0.125000 0.215561
vt 0.150000 0.215561
vt 0.175000 0.215561
vt 0.200000 0.215561
vt 0.225000 0.215561
vt 0.250000 0.215561
vt 0.275000 0.215561
vt 0.300000 0.215561
vt 0.325000 0.215561
vt 0.350000 0.215561
vt 0.375000 0.215561
vt 0.400000 0.215561
vt 0.425000 0.215561
vt 0.450000 0.215561
vt 0.475000 0.215561
vt 0.525000 0.215561
vt 0.500000 0.215561
vt 0.550000 0.215561
vt 0.575000 0.215561
vt 0.600000 0.215561
vt 0.625000 0.215561
vt 0.650000 0.215561
vt 0.675000 0.215561
vt 0.700000 0.215561
vt 0.725000 0.215561
vt 0.750000 0.215561
vt 0.775000 0.215561
vt 0.800000 0.215561
vt 0.825000 0.215561
vt 0.850000 0.215561
vt 0.875000 0.215561
vt 0.900000 0.215561
vt 0.925000 0.215561
vt 0.950000 0.215561
vt 0.975000 0.215561
vt 1.000000 0.215561
vt 0.000000 0.232143
vt 0.025000 0.232143
vt 0.050000 0.232143
vt 0.075000 0.232143
vt 0.100000 0.232143
vt 0.125000 0.232143
vt 0.150000 0.232143
vt 0.175000 0.232143
vt 0.200000 0.232143
vt 0.225000 0.232143
vt 0.250000 0.232143
vt 0.275000 0.232143
vt 0.300000 0.232143
vt 0.325000 0.232143
vt 0.350000 0.232143
vt 0.375000 0.232143
vt 0.400000 0.232143
vt 0.425000 0.232143
vt 0.450000 0.232143
vt 0.475000 0.232143
vt 0.525000 0.232143
vt 0.500000 0.232143
vt 0.550000 0.232143
vt 0.575000 0.232143
vt 0.600000 0.232143
vt 0.625000 0.232143
vt 0.650000 0.232143
vt 0.675000 0.232143
vt 0.700000 0.232143
vt 0.725000 0.232143
vt 0.750000 0.232143
vt 0.775000 0.232143
vt 0.800000 0.232143
vt 0.825000 0.232143
vt 0.850000 0.232143
vt 0.875000 0.232143
vt 0.900000 0.232143
vt 0.925000 0.232143
vt 0.950000 0.232143
vt 0.975000 0.232143
vt 1.000000 0.232143
vt 0.000000 0.248724
vt 0.025000 0.248724
vt 0.050000 0.248724
vt 0.075000 0.248724
vt 0.100000 0.248724
vt 0.125000 0.248724
vt 0.150000 0.248724
vt 0.175000 0.248724
vt 0.200000 0.248724
vt 0.225000 0.248724
vt 0.250000 0.248724
vt 0.275000 0.248724
vt 0.300000 0.248724
vt 0.325000 0.248724
vt 0.350000 0.248724
vt 0.375000 0.248724
vt 0.400000 0.248724
vt 0.425000 0.248724
vt 0.450000 0.248724
vt 0.475000 0.248724
vt 0.525000 0.248724
vt 0.500000 0.248724
vt 0.550000 0.248724
vt 0.575000 0.248724
vt 0.600000 0.248724
vt 0.625000 0.248724
vt 0.650000 0.248724
vt 0.675000 0.248724
vt 0.700000 0.248724
vt 0.725000 0.248724
vt 0.750000 0.248724
vt 0.775000 0.248724
vt 0.800000 0.248724
vt 0.825000 0.248724
vt 0.850000 0.248724
vt 0.875000 0.248724
vt 0.900000 0.248724
vt 0.925000 0.248724
vt 0.950000 0.248724
vt 0.975000 0.248724
vt 1.000000 0.248724
vt 0.000000 0.265306
vt 0.025000 0.265306
vt 0.050000 0.265306
vt 0.075000 0.265306
vt 0.100000 0.265306
vt 0.125000 0.265306
vt 0.150000 0.265306
vt 0.175000 0.265306
vt 0.200000 0.265306
vt 0.225000 0.265306
vt 0.250000 0.265306
vt 0.275000 0.265306
vt 0.300000 0.265306
vt 0.325000 0.265306
vt 0.350000 0.265306
vt 0.375000 0.265306
vt 0.400000 0.265306
vt 0.425000 0.265306
vt 0.450000 0.265306
vt 0.475000 0.265306
vt 0.525000 0.265306
vt 0.500000 0.265306
vt 0.550000 0.265306
vt 0.575000 0.265306
vt 0.600000 0.265306
vt 0.625000 0.265306
vt 0.650000 0.265306
vt 0.675000 0.265306
vt 0.700000 0.265306
vt 0.725000 0.265306
vt 0.750000 0.265306
vt 0.775000 0.265306
vt 0.800000 0.265306
vt 0.825000 0.265306
vt 0.850000 0.265306
vt 0.875000 0.265306
vt 0.900000 0.265306
vt 0.925000 0.265306
vt 0.950000 0.265306
vt 0.975000 0.265306
vt 1.000000 0.265306
vt 0.000000 0.281888
vt 0.025000 0.281888
vt 0.050000 0.281888
vt 0.075000 0.281888
vt 0.100000 0.281888
vt 0.125000 0.281888
vt 0.150000 0.281888
vt 0.175000 0.281888
vt 0.200000 0.281888
vt 0.225000 0.281888
vt 0.250000 0.281888
vt 0.275000 0.281888
vt 0.300000 0.281888
vt 0.325000 0.281888
vt 0.350000 0.281888
vt 0.375000 0.281888
vt 0.400000 0.281888
vt 0.425000 0.281888
vt 0.450000 0.281888
vt 0.475000 0.281888
vt 0.525000 0.281888
vt 0.500000 0.281888
vt 0.550000 0.281888
vt 0.575000 0.281888
vt 0.600000 0.281888
vt 0.625000 0.281888
vt 0.650000 0.281888
vt 0.675000 0.281888
vt 0.700000 0.281888
vt 0.725000 0.281888
vt 0.750000 0.281888
vt 0.775000 0.281888
vt 0.800000 0.281888
vt 0.825000 0.281888
vt 0.850000 0.281888
vt 0.875000 0.281888
vt 0.900000 0.281888
vt 0.925000 0.281888
vt 0.950000 0.281888
vt 0.975000 0.281888
vt 1.000000 0.281888
vt 0.000000 0.298469
vt 0.025000 0.298469
vt 0.050000 0.298469
vt 0.075000 0.298469
vt 0.100000 0.298469
vt 0.125000 0.298469
vt 0.150000 0.298469
vt 0.175000 0.298469
vt 0.200000 0.298469
vt 0.225000 0.298469
vt 0.250000 0.298469
vt 0.275000 0.298469
vt 0.300000 0.298469
vt 0.325000 0.298469
vt 0.350000 0.298469
vt 0.375000 0.298469
vt 0.400000 0.298469
vt 0.425000 0.298469
vt 0.450000 0.298469
vt 0.475000 0.298469
vt 0.525000 0.298469
vt 0.500000 0.298469
vt 0.550000 0.298469
vt 0.575000 0.298469
vt 0.600000 0.298469
vt 0.625000 0.298469
vt 0.650000 0.298469
vt 0.675000 0.298469
vt 0.700000 0.298469
vt 0.725000 0.298469
vt 0.750000 0.298469
vt 0.775000 0.298469
vt 0.800000 0.298469
vt 0.825000 0.298469
vt 0.850000 0.298469
vt 0.875000 0.298469
vt 0.900000 0.298469
vt 0.925000 0.298469
vt 0.950000 0.298469
vt 0.975000 0.298469
vt 1.000000 0.298469
vt 0.000000 0.315051
vt 0.025000 0.315051
vt 0.050000 0.315051
vt 0.075000 0.315051
vt 0.100000 0.315051
vt 0.125000 0.315051
vt 0.150000 0.315051
vt 0.175000 0.315051
vt 0.200000 0.315051
vt 0.225000 0.315051
vt 0.250000 0.315051
vt 0.275000 0.315051
vt 0.300000 0.315051
vt 0.325000 0.315051
vt 0.350000 0.315051
vt 0.375000 0.315051
vt 0.400000 0.315051
vt 0.425000 0.315051
vt 0.450000 0.315051
vt 0.475000 0.315051
vt 0.525000 0.315051
vt 0.500000 0.315051
vt 0.550000 0.315051
vt 0.575000 0.315051
vt 0.600000 0.315051
vt 0.625000 0.315051
vt 0.650000 0.315051
vt 0.675000 0.315051
vt 0.700000 0.315051
vt 0.725000 0.315051
vt 0.750000 0.315051
vt 0.775000 0.315051
vt 0.800000 0.315051
vt 0.825000 0.315051
vt 0.850000 0.315051
vt 0.875000 0.315051
vt 0.900000 0.315051
vt 0.925000 0.315051
vt 0.950000 0.315051
vt 0.975000 0.315051
vt 1.000000 0.315051
vt 0.000000 0.331633
vt 0.025000 0.331633
vt 0.050000 0.331633
vt 0.075000 0.331633
vt 0.100000 0.331633
vt 0.125000 0.331633
vt 0.150000 0.331633
vt 0.175000 0.331633
vt 0.200000 0.331633
vt 0.225000 0.331633
vt 0.250000 0.331633
vt 0.275000 0.331633
vt 0.300000 0.331633
vt 0.325000 0.331633
vt 0.350000 0.331633
vt 0.375000 0.331633
vt 0.400000 0.331633
vt 0.425000 0.331633
vt 0.450000 0.331633
vt 0.475000 0.331633
vt 0.525000 0.331633
vt 0.500000 0.331633
vt 0.550000 0.331633
vt 0.575000 0.331633
vt 0.600000 0.331633
vt 0.625000 0.331633
vt 0.650000 0.331633
vt 0.675000 0.331633
vt 0.700000 0.331633
vt 0.725000 0.331633
vt 0.750000 0.331633
vt 0.775000 0.331633
vt 0.800000 0.331633
vt 0.825000 0.331633
vt 0.850000 0.331633
vt 0.875000 0.331633
vt 0.900000 0.331633
vt 0.925000 0.331633
vt 0.950000 0.331633
vt 0.975000 0.331633
vt 1.000000 0.331633
vt 0.000000 0.348214
vt 0.025000 0.348214
vt 0.050000 0.348214
vt 0.075000 0.348214
vt 0.100000 0.348214
vt 0.125000 0.348214
vt 0.150000 0.348214
vt 0.175000 0.348214
vt 0.200000 0.348214
vt 0.225000 0.348214
vt 0.250000 0.348214
vt 0.275000 0.348214
vt 0.300000 0.348214
vt 0.325000 0.348214
vt 0.350000 0.348214
vt 0.375000 0.348214
vt 0.400000 0.348214
vt 0.425000 0.348214
vt 0.450000 0.348214
vt 0.475000 0.348214
vt 0.525000 0.348214
vt 0.500000 0.348214
vt 0.550000 0.348214
vt 0.575000 0.348214
vt 0.600000 0.348214
vt 0.625000 0.348214
vt 0.650000 0.348214
vt 0.675000 0.348214
vt 0.700000 0.348214
vt 0.725000 0.348214
vt 0.750000 0.348214
vt 0.775000 0.348214
vt 0.800000 0.348214
vt 0.825000 0.348214
vt 0.850000 0.348214
vt 0.875000 0.348214
vt 0.900000 0.348214
vt 0.925000 0.348214
vt 0.950000 0.348214
vt 0.975000 0.348214
vt 1.000000 0.348214
vt 0.025000 0.364796
vt 0.000000 0.364796
vt 0.050000 0.364796
vt 0.075000 0.364796
vt 0.100000 0.364796
vt 0.125000 0.364796
vt 0.150000 0.364796
vt 0.175000 0.364796
vt 0.200000 0.364796
vt 0.225000 0.364796
vt 0.250000 0.364796
vt 0.275000 0.364796
vt 0.300000 0.364796
vt 0.325000 0.364796
vt 0.350000 0.364796
vt 0.375000 0.364796
vt 0.400000 0.364796
vt 0.425000 0.364796
vt 0.450000 0.364796
vt 0.475000 0.364796
vt 0.500000 0.364796
vt 0.525000 0.364796
vt 0.550000 0.364796
vt 0.575000 0.364796
vt 0.600000 0.364796
vt 0.625000 0.364796
vt 0.650000 0.364796
vt 0.675000 0.364796
vt 0.700000 0.364796
vt 0.725000 0.364796
vt 0.750000 0.364796
vt 0.775000 0.364796
vt 0.800000 0.364796
vt 0.825000 0.364796
vt 0.850000 0.364796
vt 0.875000 0.364796
vt 0.900000 0.364796
vt 0.925000 0.364796
vt 0.950000 0.364796
vt 0.975000 0.364796
vt 0.025000 0.381378
vt 0.000000 0.381378
vt 0.050000 0.381378
vt 0.075000 0.381378
vt 0.100000 0.381378
vt 0.125000 0.381378
vt 0.150000 0.381378
vt 0.175000 0.381378
vt 0.200000 0.381378
vt 0.225000 0.381378
vt 0.250000 0.381378
vt 0.275000 0.381378
vt 0.300000 0.381378
vt 0.325000 0.381378
vt 0.350000 0.381378
vt 0.375000 0.381378
vt 0.400000 0.381378
vt 0.425000 0.381378
vt 0.450000 0.381378
vt 0.475000 0.381378
vt 0.500000 0.381378
vt 0.525000 0.381378
vt 0.550000 0.381378
vt 0.575000 0.381378
vt 0.600000 0.381378
vt 0.625000 0.381378
vt 0.650000 0.381378
vt 0.675000 0.381378
vt 0.700000 0.381378
vt 0.725000 0.381378
vt 0.750000 0.381378
vt 0.775000 0.381378
vt 0.800000 0.381378
vt 0.825000 0.381378
vt 0.850000 0.381378
vt 0.875000 0.381378
vt 0.900000 0.381378
vt 0.925000 0.381378
vt 0.950000 0.381378
vt 1.000000 0.364796
vt 0.975000 0.381378
vt 0.025000 0.397959
vt 0.000000 0.397959
vt 0.050000 0.397959
vt 0.075000 0.397959
vt 0.100000 0.397959
vt 0.125000 0.397959
vt 0.150000 0.397959
vt 0.175000 0.397959
vt 0.200000 0.397959
vt 0.225000 0.397959
vt 0.250000 0.397959
vt 0.275000 0.397959
vt 0.300000 0.397959
vt 0.325000 0.397959
vt 0.350000 0.397959
vt 0.375000 0.397959
vt 0.400000 0.397959
vt 0.425000 0.397959
vt 0.450000 0.397959
vt 0.475000 0.397959
vt 0.500000 0.397959
vt 0.525000 0.397959
vt 0.550000 0.397959
vt 0.575000 0.397959
vt 0.600000 0.397959
vt 0.625000 0.397959
vt 0.650000 0.397959
vt 0.675000 0.397959
vt 0.700000 0.397959
vt 0.725000 0.397959
vt 0.750000 0.397959
vt 0.775000 0.397959
vt 0.800000 0.397959
vt 0.825000 0.397959
vt 0.850000 0.397959
vt 0.875000 0.397959
vt 0.900000 0.397959
vt 0.925000 0.397959
vt 0.950000 0.397959
vt 1.000000 0.381378
vt 0.975000 0.397959
vt 0.025000 0.414541
vt 0.000000 0.414541
vt 0.050000 0.414541
vt 0.075000 0.414541
vt 0.100000 0.414541
vt 0.125000 0.414541
vt 0.150000 0.414541
vt 0.175000 0.414541
vt 0.200000 0.414541
vt 0.225000 0.414541
vt 0.250000 0.414541
vt 0.275000 0.414541
vt 0.300000 0.414541
vt 0.325000 0.414541
vt 0.350000 0.414541
vt 0.375000 0.414541
vt 0.400000 0.414541
vt 0.425000 0.414541
vt 0.450000 0.414541
vt 0.475000 0.414541
vt 0.500000 0.414541
vt 0.525000 0.414541
vt 0.550000 0.414541
vt 0.575000 0.414541
vt 0.600000 0.414541
vt 0.625000 0.414541
vt 0.650000 0.414541
vt 0.675000 0.414541
vt 0.700000 0.414541
vt 0.725000 0.414541
vt 0.750000 0.414541
vt 0.775000 0.414541
vt 0.800000 0.414541
vt 0.825000 0.414541
vt 0.850000 0.414541
vt 0.875000 0.414541
vt 0.900000 0.414541
vt 0.925000 0.414541
vt 0.950000 0.414541
vt 1.000000 0.397959
vt 0.975000 0.414541
vt 0.025000 0.431122
vt 0.000000 0.431122
vt 0.050000 0.431122
vt 0.075000 0.431122
vt 0.100000 0.431122
vt 0.125000 0.431122
vt 0.150000 0.431122
vt 0.175000 0.431122
vt 0.200000 0.431122
vt 0.225000 0.431122
vt 0.250000 0.431122
vt 0.275000 0.431122
vt 0.300000 0.431122
vt 0.325000 0.431122
vt 0.350000 0.431122
vt 0.375000 0.431122
vt 0.400000 0.431122
vt 0.425000 0.431122
vt 0.450000 0.431122
vt 0.475000 0.431122
vt 0.500000 0.431122
vt 0.525000 0.431122
vt 0.550000 0.431122
vt 0.575000 0.431122
vt 0.600000 0.431122
vt 0.625000 0.431122
vt 0.650000 0.431122
vt 0.675000 0.431122
vt 0.700000 0.431122
vt 0.725000 0.431122
vt 0.750000 0.431122
vt 0.775000 0.431122
vt 0.800000 0.431122
vt 0.825000 0.431122
vt 0.850000 0.431122
vt 0.875000 0.431122
vt 0.900000 0.431122
vt 0.925000 0.431122
vt 0.950000 0.431122
vt 1.000000 0.414541
vt 0.975000 0.431122
vt 0.025000 0.447704
vt 0.000000 0.447704
vt 0.050000 0.447704
vt 0.075000 0.447704
vt 0.100000 0.447704
vt 0.125000 0.447704
vt 0.150000 0.447704
vt 0.175000 0.447704
vt 0.200000 0.447704
vt 0.225000 0.447704
vt 0.250000 0.447704
vt 0.275000 0.447704
vt 0.300000 0.447704
vt 0.325000 0.447704
vt 0.350000 0.447704
vt 0.375000 0.447704
vt 0.400000 0.447704
vt 0.425000 0.447704
vt 0.450000 0.447704
vt 0.475000 0.447704
vt 0.500000 0.447704
vt 0.525000 0.447704
vt 0.550000 0.447704
vt 0.575000 0.447704
vt 0.600000 0.447704
vt 0.625000 0.447704
vt 0.650000 0.447704
vt 0.675000 0.447704
vt 0.700000 0.447704
vt 0.725000 0.447704
vt 0.750000 0.447704
vt 0.775000 0.447704
vt 0.800000 0.447704
vt 0.825000 0.447704
vt 0.850000 0.447704
vt 0.875000 0.447704
vt 0.900000 0.447704
vt 0.925000 0.447704
vt 0.950000 0.447704
vt 1.000000 0.431122
vt 0.975000 0.447704
vt 0.025000 0.464286
vt 0.000000 0.464286
vt 0.050000 0.464286
vt 0.075000 0.464286
vt 0.100000 0.464286
vt 0.125000 0.464286
vt 0.150000 0.464286
vt 0.175000 0.464286
vt 0.200000 0.464286
vt 0.225000 0.464286
vt 0.250000 0.464286
vt 0.275000 0.464286
vt 0.300000 0.464286
vt 0.325000 0.464286
vt 0.350000 0.464286
vt 0.375000 0.464286
vt 0.400000 0.464286
vt 0.425000 0.464286
vt 0.450000 0.464286
vt 0.475000 0.464286
vt 0.500000 0.464286
vt 0.525000 0.464286
vt 0.550000 0.464286
vt 0.575000 0.464286
vt 0.600000 0.464286
vt 0.625000 0.464286
vt 0.650000 0.464286
vt 0.675000 0.464286
vt 0.700000 0.464286
vt 0.725000 0.464286
vt 0.750000 0.464286
vt 0.775000 0.464286
vt 0.800000 0.464286
vt 0.825000 0.464286
vt 0.850000 0.464286
vt 0.875000 0.464286
vt 0.900000 0.464286
vt 0.925000 0.464286
vt 0.950000 0.464286
vt 1.000000 0.447704
vt 0.975000 0.464286
vt 0.025000 0.480867
vt 0.000000 0.480867
vt 0.050000 0.480867
vt 0.075000 0.480867
vt 0.100000 0.480867
vt 0.125000 0.480867
vt 0.150000 0.480867
vt 0.175000 0.480867
vt 0.200000 0.480867
vt 0.225000 0.480867
vt 0.250000 0.480867
vt 0.275000 0.480867
vt 0.300000 0.480867
vt 0.325000 0.480867
vt 0.350000 0.480867
vt 0.375000 0.480867
vt 0.400000 0.480867
vt 0.425000 0.480867
vt 0.450000 0.480867
vt 0.475000 0.480867
vt 0.500000 0.480867
vt 0.525000 0.480867
vt 0.550000 0.480867
vt 0.575000 0.480867
vt 0.600000 0.480867
vt 0.625000 0.480867
vt 0.650000 0.480867
vt 0.675000 0.480867
vt 0.700000 0.480867
vt 0.725000 0.480867
vt 0.750000 0.480867
vt 0.775000 0.480867
vt 0.800000 0.480867
vt 0.825000 0.480867
vt 0.850000 0.480867
vt 0.875000 0.480867
vt 0.900000 0.480867
vt 0.925000 0.480867
vt 0.950000 0.480867
vt 1.000000 0.464286
vt 0.975000 0.480867
vt 0.025000 0.497449
vt 0.000000 0.497449
vt 0.050000 0.497449
vt 0.075000 0.497449
vt 0.100000 0.497449
vt 0.125000 0.497449
vt 0.150000 0.497449
vt 0.175000 0.497449
vt 0.200000 0.497449
vt 0.225000 0.497449
vt 0.250000 0.497449
vt 0.275000 0.497449
vt 0.300000 0.497449
vt 0.325000 0.497449
vt 0.350000 0.497449
vt 0.375000 0.497449
vt 0.400000 0.497449
vt 0.425000 0.497449
vt 0.450000 0.497449
vt 0.475000 0.497449
vt 0.500000 0.497449
vt 0.525000 0.497449
vt 0.550000 0.497449
vt 0.575000 0.497449
vt 0.600000 0.497449
vt 0.625000 0.497449
vt 0.650000 0.497449
vt 0.675000 0.497449
vt 0.700000 0.497449
vt 0.725000 0.497449
vt 0.750000 0.497449
vt 0.775000 0.497449
vt 0.800000 0.497449
vt 0.825000 0.497449
vt 0.850000 0.497449
vt 0.875000 0.497449
vt 0.900000 0.497449
vt 0.925000 0.497449
vt 0.950000 0.497449
vt 1.000000 0.480867
vt 0.975000 0.497449
vt 0.025000 0.514031
vt 0.000000 0.514031
vt 0.050000 0.514031
vt 0.075000 0.514031
vt 0.100000 0.514031
vt 0.125000 0.514031
vt 0.150000 0.514031
vt 0.175000 0.514031
vt 0.200000 0.514031
vt 0.225000 0.514031
vt 0.250000 0.514031
vt 0.275000 0.514031
vt 0.300000 0.514031
vt 0.325000 0.514031
vt 0.350000 0.514031
vt 0.375000 0.514031
vt 0.400000 0.514031
vt 0.425000 0.514031
vt 0.450000 0.514031
vt 0.475000 0.514031
vt 0.500000 0.514031
vt 0.525000 0.514031
vt 0.550000 0.514031
vt 0.575000 0.514031
vt 0.600000 0.514031
vt 0.625000 0.514031
vt 0.650000 0.514031
vt 0.675000 0.514031
vt 0.700000 0.514031
vt 0.725000 0.514031
vt 0.750000 0.514031
vt 0.775000 0.514031
vt 0.800000 0.514031
vt 0.825000 0.514031
vt 0.850000 0.514031
vt 0.875000 0.514031
vt 0.900000 0.514031
vt 0.925000 0.514031
vt 0.950000 0.514031
vt 1.000000 0.497449
vt 0.975000 0.514031
vt 0.025000 0.530612
vt 0.000000 0.530612
vt 0.050000 0.530612
vt 0.075000 0.530612
vt 0.100000 0.530612
vt 0.125000 0.530612
vt 0.150000 0.530612
vt 0.175000 0.530612
vt 0.200000 0.530612
vt 0.225000 0.530612
vt 0.250000 0.530612
vt 0.275000 0.530612
vt 0.300000 0.530612
vt 0.325000 0.530612
vt 0.350000 0.530612
vt 0.375000 0.530612
vt 0.400000 0.530612
vt 0.425000 0.530612
vt 0.450000 0.530612
vt 0.475000 0.530612
vt 0.500000 0.530612
vt 0.525000 0.530612
vt 0.550000 0.530612
vt 0.575000 0.530612
vt 0.600000 0.530612
vt 0.625000 0.530612
vt 0.650000 0.530612
vt 0.675000 0.530612
vt 0.700000 0.530612
vt 0.725000 0.530612
vt 0.750000 0.530612
vt 0.775000 0.530612
vt 0.800000 0.530612
vt 0.825000 0.530612
vt 0.850000 0.530612
vt 0.875000 0.530612
vt 0.900000 0.530612
vt 0.925000 0.530612
vt 0.950000 0.530612
vt 1.000000 0.514031
vt 0.975000 0.530612
vt 0.025000 0.547194
vt 0.000000 0.547194
vt 0.050000 0.547194
vt 0.075000 0.547194
vt 0.100000 0.547194
vt 0.125000 0.547194
vt 0.150000 0.547194
vt 0.175000 0.547194
vt 0.200000 0.547194
vt 0.225000 0.547194
vt 0.250000 0.547194
vt 0.275000 0.547194
vt 0.300000 0.547194
vt 0.325000 0.547194
vt 0.350000 0.547194
vt 0.375000 0.547194
vt 0.400000 0.547194
vt 0.425000 0.547194
vt 0.450000 0.547194
vt 0.475000 0.547194
vt 0.500000 0.547194
vt 0.525000 0.547194
vt 0.550000 0.547194
vt 0.575000 0.547194
vt 0.600000 0.547194
vt 0.625000 0.547194
vt 0.650000 0.547194
vt 0.675000 0.547194
vt 0.700000 0.547194
vt 0.725000 0.547194
vt 0.750000 0.547194
vt 0.775000 0.547194
vt 0.800000 0.547194
vt 0.825000 0.547194
vt 0.850000 0.547194
vt 0.875000 0.547194
vt 0.900000 0.547194
vt 0.925000 0.547194
vt 0.950000 0.547194
vt 1.000000 0.530612
vt 0.975000 0.547194
vt 0.025000 0.563776
vt 0.000000 0.563776
vt 0.050000 0.563776
vt 0.075000 0.563776
vt 0.100000 0.563776
vt 0.125000 0.563776
vt 0.150000 0.563776
vt 0.175000 0.563776
vt 0.200000 0.563776
vt 0.225000 0.563776
vt 0.250000 0.563776
vt 0.275000 0.563776
vt 0.300000 0.563776
vt 0.325000 0.563776
vt 0.350000 0.563776
vt 0.375000 0.563776
vt 0.400000 0.563776
vt 0.425000 0.563776
vt 0.450000 0.563776
vt 0.475000 0.563776
vt 0.500000 0.563776
vt 0.525000 0.563776
vt 0.550000 0.563776
vt 0.575000 0.563776
vt 0.600000 0.563776
vt 0.625000 0.563776
vt 0.650000 0.563776
vt 0.675000 0.563776
vt 0.700000 0.563776
vt 0.725000 0.563776
vt 0.750000 0.563776
vt 0.775000 0.563776
vt 0.800000 0.563776
vt 0.825000 0.563776
vt 0.850000 0.563776
vt 0.875000 0.563776
vt 0.900000 0.563776
vt 0.925000 0.563776
vt 0.950000 0.563776
vt 1.000000 0.547194
vt 0.975000 0.563776
vt 0.025000 0.580357
vt 0.000000 0.580357
vt 0.050000 0.580357
vt 0.075000 0.580357
vt 0.100000 0.580357
vt 0.125000 0.580357
vt 0.150000 0.580357
vt 0.175000 0.580357
vt 0.200000 0.580357
vt 0.225000 0.580357
vt 0.250000 0.580357
vt 0.275000 0.580357
vt 0.300000 0.580357
vt 0.325000 0.580357
vt 0.350000 0.580357
vt 0.375000 0.580357
vt 0.400000 0.580357
vt 0.425000 0.580357
vt 0.450000 0.580357
vt 0.475000 0.580357
vt 0.500000 0.580357
vt 0.525000 0.580357
vt 0.550000 0.580357
vt 0.575000 0.580357
vt 0.600000 0.580357
vt 0.625000 0.580357
vt 0.650000 0.580357
vt 0.675000 0.580357
vt 0.700000 0.580357
vt 0.725000 0.580357
vt 0.750000 0.580357
vt 0.775000 0.580357
vt 0.800000 0.580357
vt 0.825000 0.580357
vt 0.850000 0.580357
vt 0.875000 0.580357
vt 0.900000 0.580357
vt 0.925000 0.580357
vt 0.950000 0.580357
vt 1.000000 0.563776
vt 0.975000 0.580357
vt 0.025000 0.596939
vt 0.000000 0.596939
vt 0.050000 0.596939
vt 0.075000 0.596939
vt 0.100000 0.596939
vt 0.125000 0.596939
vt 0.150000 0.596939
vt 0.175000 0.596939
vt 0.200000 0.596939
vt 0.225000 0.596939
vt 0.250000 0.596939
vt 0.275000 0.596939
vt 0.300000 0.596939
vt 0.325000 0.596939
vt 0.350000 0.596939
vt 0.375000 0.596939
vt 0.400000 0.596939
vt 0.425000 0.596939
vt 0.450000 0.596939
vt 0.475000 0.596939
vt 0.500000 0.596939
vt 0.525000 0.596939
vt 0.550000 0.596939
vt 0.575000 0.596939
vt 0.600000 0.596939
vt 0.625000 0.596939
vt 0.650000 0.596939
vt 0.675000 0.596939
vt 0.700000 0.596939
vt 0.725000 0.596939
vt 0.750000 0.596939
vt 0.775000 0.596939
vt 0.800000 0.596939
vt 0.825000 0.596939
vt 0.850000 0.596939
vt 0.875000 0.596939
vt 0.900000 0.596939
vt 0.925000 0.596939
vt 0.950000 0.596939
vt 1.000000 0.580357
vt 0.975000 0.596939
vt 0.025000 0.613520
vt 0.000000 0.613520
vt 0.050000 0.613520
vt 0.075000 0.613520
vt 0.100000 0.613520
vt 0.125000 0.613520
vt 0.150000 0.613520
vt 0.175000 0.613520
vt 0.200000 0.613520
vt 0.225000 0.613520
vt 0.250000 0.613520
vt 0.275000 0.613520
vt 0.300000 0.613520
vt 0.325000 0.613520
vt 0.350000 0.613520
vt 0.375000 0.613520
vt 0.400000 0.613520
vt 0.425000 0.613520
vt 0.450000 0.613520
vt 0.475000 0.613520
vt 0.500000 0.613520
vt 0.525000 0.613520
vt 0.550000 0.613520
vt 0.575000 0.613520
vt 0.600000 0.613520
vt 0.625000 0.613520
vt 0.650000 0.613520
vt 0.675000 0.613520
vt 0.700000 0.613520
vt 0.725000 0.613520
vt 0.750000 0.613520
vt 0.775000 0.613520
vt 0.800000 0.613520
vt 0.825000 0.613520
vt 0.850000 0.613520
vt 0.875000 0.613520
vt 0.900000 0.613520
vt 0.925000 0.613520
vt 0.950000 0.613520
vt 1.000000 0.596939
vt 0.975000 0.613520
vt 0.025000 0.630102
vt 0.000000 0.630102
vt 0.050000 0.630102
vt 0.075000 0.630102
vt 0.100000 0.630102
vt 0.125000 0.630102
vt 0.150000 0.630102
vt 0.175000 0.630102
vt 0.200000 0.630102
vt 0.225000 0.630102
vt 0.250000 0.630102
vt 0.275000 0.630102
vt 0.300000 0.630102
vt 0.325000 0.630102
vt 0.350000 0.630102
vt 0.375000 0.630102
vt 0.400000 0.630102
vt 0.425000 0.630102
vt 0.450000 0.630102
vt 0.475000 0.630102
vt 0.500000 0.630102
vt 0.525000 0.630102
vt 0.550000 0.630102
vt 0.575000 0.630102
vt 0.600000 0.630102
vt 0.625000 0.630102
vt 0.650000 0.630102
vt 0.675000 0.630102
vt 0.700000 0.630102
vt 0.725000 0.630102
vt 0.750000 0.630102
vt 0.775000 0.630102
vt 0.800000 0.630102
vt 0.825000 0.630102
vt 0.850000 0.630102
vt 0.875000 0.630102
vt 0.900000 0.630102
vt 0.925000 0.630102
vt 0.950000 0.630102
vt 1.000000 0.613520
vt 0.975000 0.630102
vt 0.025000 0.646684
vt 0.000000 0.646684
vt 0.050000 0.646684
vt 0.075000 0.646684
vt 0.100000 0.646684
vt 0.125000 0.646684
vt 0.150000 0.646684
vt 0.175000 0.646684
vt 0.200000 0.646684
vt 0.225000 0.646684
vt 0.250000 0.646684
vt 0.275000 0.646684
vt 0.300000 0.646684
vt 0.325000 0.646684
vt 0.350000 0.646684
vt 0.375000 0.646684
vt 0.400000 0.646684
vt 0.425000 0.646684
vt 0.450000 0.646684
vt 0.475000 0.646684
vt 0.500000 0.646684
vt 0.525000 0.646684
vt 0.550000 0.646684
vt 0.575000 0.646684
vt 0.600000 0.646684
vt 0.625000 0.646684
vt 0.650000 0.646684
vt 0.675000 0.646684
vt 0.700000 0.646684
vt 0.725000 0.646684
vt 0.750000 0.646684
vt 0.775000 0.646684
vt 0.800000 0.646684
vt 0.825000 0.646684
vt 0.850000 0.646684
vt 0.875000 0.646684
vt 0.900000 0.646684
vt 0.925000 0.646684
vt 0.950000 0.646684
vt 1.000000 0.630102
vt 0.975000 0.646684
vt 0.025000 0.663265
vt 0.000000 0.663265
vt 0.050000 0.663265
vt 0.075000 0.663265
vt 0.100000 0.663265
vt 0.125000 0.663265
vt 0.150000 0.663265
vt 0.175000 0.663265
vt 0.200000 0.663265
vt 0.225000 0.663265
vt 0.250000 0.663265
vt 0.275000 0.663265
vt 0.300000 0.663265
vt 0.325000 0.663265
vt 0.350000 0.663265
vt 0.375000 0.663265
vt 0.400000 0.663265
vt 0.425000 0.663265
vt 0.450000 0.663265
vt 0.475000 0.663265
vt 0.500000 0.663265
vt 0.525000 0.663265
vt 0.550000 0.663265
vt 0.575000 0.663265
vt 0.600000 0.663265
vt 0.625000 0.663265
vt 0.650000 0.663265
vt 0.675000 0.663265
vt 0.700000 0.663265
vt 0.725000 0.663265
vt 0.750000 0.663265
vt 0.775000 0.663265
vt 0.800000 0.663265
vt 0.825000 0.663265
vt 0.850000 0.663265
vt 0.875000 0.663265
vt 0.900000 0.663265
vt 0.925000 0.663265
vt 0.950000 0.663265
vt 1.000000 0.646684
vt 0.975000 0.663265
vt 0.025000 0.679847
vt 0.000000 0.679847
vt 0.050000 0.679847
vt 0.075000 0.679847
vt 0.100000 0.679847
vt 0.125000 0.679847
vt 0.150000 0.679847
vt 0.175000 0.679847
vt 0.200000 0.679847
vt 0.225000 0.679847
vt 0.250000 0.679847
vt 0.275000 0.679847
vt 0.300000 0.679847
vt 0.325000 0.679847
vt 0.350000 0.679847
vt 0.375000 0.679847
vt 0.400000 0.679847
vt 0.425000 0.679847
vt 0.450000 0.679847
vt 0.475000 0.679847
vt 0.500000 0.679847
vt 0.525000 0.679847
vt 0.550000 0.679847
vt 0.575000 0.679847
vt 0.600000 0.679847
vt 0.625000 0.679847
vt 0.650000 0.679847
vt 0.675000 0.679847
vt 0.700000 0.679847
vt 0.725000 0.679847
vt 0.750000 0.679847
vt 0.775000 0.679847
vt 0.800000 0.679847
vt 0.825000 0.679847
vt 0.850000 0.679847
vt 0.875000 0.679847
vt 0.900000 0.679847
vt 0.925000 0.679847
vt 0.950000 0.679847
vt 1.000000 0.663265
vt 0.975000 0.679847
vt 0.025000 0.696429
vt 0.000000 0.696429
vt 0.050000 0.696429
vt 0.075000 0.696429
vt 0.100000 0.696429
vt 0.125000 0.696429
vt 0.150000 0.696429
vt 0.175000 0.696429
vt 0.200000 0.696429
vt 0.225000 0.696429
vt 0.250000 0.696429
vt 0.275000 0.696429
vt 0.300000 0.696429
vt 0.325000 0.696429
vt 0.350000 0.696429
vt 0.375000 0.696429
vt 0.400000 0.696429
vt 0.425000 0.696429
vt 0.450000 0.696429
vt 0.475000 0.696429
vt 0.500000 0.696429
vt 0.525000 0.696429
vt 0.550000 0.696429
vt 0.575000 0.696429
vt 0.600000 0.696429
vt 0.625000 0.696429
vt 0.650000 0.696429
vt 0.675000 0.696429
vt 0.700000 0.696429
vt 0.725000 0.696429
vt 0.750000 0.696429
vt 0.775000 0.696429
vt 0.800000 0.696429
vt 0.825000 0.696429
vt 0.850000 0.696429
vt 0.875000 0.696429
vt 0.900000 0.696429
vt 0.925000 0.696429
vt 0.950000 0.696429
vt 1.000000 0.679847
vt 0.975000 0.696429
vt 0.025000 0.713010
vt 0.000000 0.713010
vt 0.050000 0.713010
vt 0.075000 0.713010
vt 0.100000 0.713010
vt 0.125000 0.713010
vt 0.150000 0.713010
vt 0.175000 0.713010
vt 0.200000 0.713010
vt 0.225000 0.713010
vt 0.250000 0.713010
vt 0.275000 0.713010
vt 0.300000 0.713010
vt 0.325000 0.713010
vt 0.350000 0.713010
vt 0.375000 0.713010
vt 0.400000 0.713010
vt 0.425000 0.713010
vt 0.450000 0.713010
vt 0.475000 0.713010
vt 0.500000 0.713010
vt 0.525000 0.713010
vt 0.550000 0.713010
vt 0.575000 0.713010
vt 0.600000 0.713010
vt 0.625000 0.713010
vt 0.650000 0.713010
vt 0.675000 0.713010
vt 0.700000 0.713010
vt 0.725000 0.713010
vt 0.750000 0.713010
vt 0.775000 0.713010
vt 0.800000 0.713010
vt 0.825000 0.713010
vt 0.850000 0.713010
vt 0.875000 0.713010
vt 0.900000 0.713010
vt 0.925000 0.713010
vt 0.950000 0.713010
vt 1.000000 0.696429
vt 0.975000 0.713010
vt 0.025000 0.729592
vt 0.000000 0.729592
vt 0.050000 0.729592
vt 0.075000 0.729592
vt 0.100000 0.729592
vt 0.125000 0.729592
vt 0.150000 0.729592
vt 0.175000 0.729592
vt 0.200000 0.729592
vt 0.225000 0.729592
vt 0.250000 0.729592
vt 0.275000 0.729592
vt 0.300000 0.729592
vt 0.325000 0.729592
vt 0.350000 0.729592
vt 0.375000 0.729592
vt 0.400000 0.729592
vt 0.425000 0.729592
vt 0.450000 0.729592
vt 0.475000 0.729592
vt 0.500000 0.729592
vt 0.525000 0.729592
vt 0.550000 0.729592
vt 0.575000 0.729592
vt 0.600000 0.729592
vt 0.625000 0.729592
vt 0.650000 0.729592
vt 0.675000 0.729592
vt 0.700000 0.729592
vt 0.725000 0.729592
vt 0.750000 0.729592
vt 0.775000 0.729592
vt 0.800000 0.729592
vt 0.825000 0.729592
vt 0.850000 0.729592
vt 0.875000 0.729592
vt 0.900000 0.729592
vt 0.925000 0.729592
vt 0.950000 0.729592
vt 1.000000 0.713010
vt 0.975000 0.729592
vt 0.025000 0.746173
vt 0.000000 0.746173
vt 0.050000 0.746173
vt 0.075000 0.746173
vt 0.100000 0.746173
vt 0.125000 0.746173
vt 0.150000 0.746173
vt 0.175000 0.746173
vt 0.200000 0.746173
vt 0.225000 0.746173
vt 0.250000 0.746173
vt 0.275000 0.746173
vt 0.300000 0.746173
vt 0.325000 0.746173
vt 0.350000 0.746173
vt 0.375000 0.746173
vt 0.400000 0.746173
vt 0.425000 0.746173
vt 0.450000 0.746173
vt 0.475000 0.746173
vt 0.500000 0.746173
vt 0.525000 0.746173
vt 0.550000 0.746173
vt 0.575000 0.746173
vt 0.600000 0.746173
vt 0.625000 0.746173
vt 0.650000 0.746173
vt 0.675000 0.746173
vt 0.700000 0.746173
vt 0.725000 0.746173
vt 0.750000 0.746173
vt 0.775000 0.746173
vt 0.800000 0.746173
vt 0.825000 0.746173
vt 0.850000 0.746173
vt 0.875000 0.746173
vt 0.900000 0.746173
vt 0.925000 0.746173
vt 0.950000 0.746173
vt 1.000000 0.729592
vt 0.975000 0.746173
vt 0.025000 0.762755
vt 0.000000 0.762755
vt 0.050000 0.762755
vt 0.075000 0.762755
vt 0.100000 0.762755
vt 0.125000 0.762755
vt 0.150000 0.762755
vt 0.175000 0.762755
vt 0.200000 0.762755
vt 0.225000 0.762755
vt 0.250000 0.762755
vt 0.275000 0.762755
vt 0.300000 0.762755
vt 0.325000 0.762755
vt 0.350000 0.762755
vt 0.375000 0.762755
vt 0.400000 0.762755
vt 0.425000 0.762755
vt 0.450000 0.762755
vt 0.475000 0.762755
vt 0.500000 0.762755
vt 0.525000 0.762755
vt 0.550000 0.762755
vt 0.575000 0.762755
vt 0.600000 0.762755
vt 0.625000 0.762755
vt 0.650000 0.762755
vt 0.675000 0.762755
vt 0.700000 0.762755
vt 0.725000 0.762755
vt 0.750000 0.762755
vt 0.775000 0.762755
vt 0.800000 0.762755
vt 0.825000 0.762755
vt 0.850000 0.762755
vt 0.875000 0.762755
vt 0.900000 0.762755
vt 0.925000 0.762755
vt 0.950000 0.762755
vt 1.000000 0.746173
vt 0.975000 0.762755
vt 0.025000 0.779337
vt 0.000000 0.779337
vt 0.050000 0.779337
vt 0.075000 0.779337
vt 0.100000 0.779337
vt 0.125000 0.779337
vt 0.150000 0.779337
vt 0.175000 0.779337
vt 0.200000 0.779337
vt 0.225000 0.779337
vt 0.250000 0.779337
vt 0.275000 0.779337
vt 0.300000 0.779337
vt 0.325000 0.779337
vt 0.350000 0.779337
vt 0.375000 0.779337
vt 0.400000 0.779337
vt 0.425000 0.779337
vt 0.450000 0.779337
vt 0.475000 0.779337
vt 0.500000 0.779337
vt 0.525000 0.779337
vt 0.550000 0.779337
vt 0.575000 0.779337
vt 0.600000 0.779337
vt 0.625000 0.779337
vt 0.650000 0.779337
vt 0.675000 0.779337
vt 0.700000 0.779337
vt 0.725000 0.779337
vt 0.750000 0.779337
vt 0.775000 0.779337
vt 0.800000 0.779337
vt 0.825000 0.779337
vt 0.850000 0.779337
vt 0.875000 0.779337
vt 0.900000 0.779337
vt 0.925000 0.779337
vt 0.950000 0.779337
vt 1.000000 0.762755
vt 0.975000 0.779337
vt 0.025000 0.795918
vt 0.000000 0.795918
vt 0.050000 0.795918
vt 0.075000 0.795918
vt 0.100000 0.795918
vt 0.125000 0.795918
vt 0.150000 0.795918
vt 0.175000 0.795918
vt 0.200000 0.795918
vt 0.225000 0.795918
vt 0.250000 0.795918
vt 0.275000 0.795918
vt 0.300000 0.795918
vt 0.325000 0.795918
vt 0.350000 0.795918
vt 0.375000 0.795918
vt 0.400000 0.795918
vt 0.425000 0.795918
vt 0.450000 0.795918
vt 0.475000 0.795918
vt 0.500000 0.795918
vt 0.525000 0.795918
vt 0.550000 0.795918
vt 0.575000 0.795918
vt 0.600000 0.795918
vt 0.625000 0.795918
vt 0.650000 0.795918
vt 0.675000 0.795918
vt 0.700000 0.795918
vt 0.725000 0.795918
vt 0.750000 0.795918
vt 0.775000 0.795918
vt 0.800000 0.795918
vt 0.825000 0.795918
vt 0.850000 0.795918
vt 0.875000 0.795918
vt 0.900000 0.795918
vt 0.925000 0.795918
vt 0.950000 0.795918
vt 1.000000 0.779337
vt 0.975000 0.795918
vt 0.999799 0.049745
vt 0.000000 0.066327
vt 0.000000 0.082908
vt 0.000000 0.099490
vt 0.000000 0.116071
vt 0.000000 0.132653
vt 0.000000 0.149235
vt 0.000000 0.165816
vt 0.000000 0.182398
vt 0.000000 0.198980
vt 0.000000 0.215561
vt 0.000000 0.232143
vt 0.000000 0.248724
vt 0.000000 0.265306
vt 0.000000 0.281888
vt 0.000000 0.298469
vt 0.000000 0.315051
vt 0.000000 0.331633
vt 0.000000 0.348214
vt 0.000000 0.364796
vt 0.000000 0.381378
vt 0.000000 0.397959
vt 0.000000 0.414541
vt 0.000000 0.431122
vt 0.000000 0.447704
vt 0.000000 0.464286
vt 0.000000 0.480867
vt 0.000000 0.497449
vt 0.000000 0.514031
vt 0.000000 0.530612
vt 0.000000 0.547194
vt 0.000000 0.563776
vt 0.000000 0.580357
vt 0.000000 0.596939
vt 0.000000 0.613520
vt 0.000000 0.630102
vt 0.000000 0.646684
vt 0.000000 0.663265
vt 0.000000 0.679847
vt 0.000000 0.696429
vt 0.000000 0.713010
vt 0.000000 0.729592
vt 0.000000 0.746173
vt 0.000000 0.762755
vt 0.000000 0.779337
vt 0.014461 0.999849
vt 0.982857 1.000000
vt 0.017143 1.000000
vt 0.985539 0.999849
vt 0.011845 0.999401
vt 0.988155 0.999401
vt 0.009360 0.998665
vt 0.990640 0.998665
vt 0.007067 0.997661
vt 0.992933 0.997661
vt 0.005021 0.996414
vt 0.994979 0.996414
vt 0.003274 0.994952
vt 0.996726 0.994952
vt 0.001868 0.993314
vt 0.998132 0.993314
vt 0.000839 0.991539
vt 0.999161 0.991539
vt 0.000211 0.989671
vt 0.999789 0.989671
vt 0.000000 0.987755
vt 1.000000 0.987755
vt 0.000000 0.808163
vt 1.000000 0.808163
vt 0.000211 0.806248
vt 0.999789 0.806248
vt 0.000839 0.804379
vt 0.999161 0.804379
vt 0.001868 0.802604
vt 0.998132 0.802604
vt 0.003274 0.800966
vt 0.996726 0.800966
vt 0.005021 0.799505
vt 0.994979 0.799505
vt 0.007067 0.798257
vt 0.992933 0.798257
vt 0.009360 0.797253
vt 0.990640 0.797253
vt 0.011845 0.796518
vt 0.988155 0.796518
vt 0.014461 0.796069
vt 0.985539 0.796069
vt 0.017143 0.795918
vt 0.982857 0.795918
vt 0.000000 0.987755
vt 0.000000 0.808163
vt 0.997143 0.829592
vt 0.002857 0.829592
vt 0.997143 0.860204
vt 0.002857 0.860204
vt 1.000000 0.795918
s 1
usemtl CatnipBagMat
f 1/1/1 43/2/2 42/3/3
f 2/4/4 44/5/5 43/2/2
f 3/6/6 45/7/7 44/5/5
f 4/8/8 46/9/9 45/7/7
f 5/10/10 47/11/11 46/9/9
f 6/12/12 48/13/13 47/11/11
f 7/14/14 49/15/15 48/13/13
f 8/16/16 50/17/17 49/15/15
f 9/18/18 51/19/19 50/17/17
f 10/20/20 52/21/21 51/19/19
f 11/22/22 53/23/23 52/21/21
f 12/24/24 54/25/25 53/23/23
f 13/26/26 55/27/27 54/25/25
f 14/28/28 56/29/29 55/27/27
f 15/30/30 57/31/31 56/29/29
f 16/32/32 58/33/33 57/31/31
f 17/34/34 59/35/35 58/33/33
f 18/36/36 60/37/37 59/35/35
f 19/38/38 61/39/39 60/37/37
f 20/40/40 62/41/41 61/39/39
f 22/42/42 62/41/41 21/43/43
f 23/44/44 63/45/45 22/42/42
f 24/46/46 64/47/47 23/44/44
f 25/48/48 65/49/49 24/46/46
f 26/50/50 66/51/51 25/48/48
f 27/52/52 67/53/53 26/50/50
f 28/54/54 68/55/55 27/52/52
f 29/56/56 69/57/57 28/54/54
f 30/58/58 70/59/59 29/56/56
f 31/60/60 71/61/61 30/58/58
f 32/62/62 72/63/63 31/60/60
f 33/64/64 73/65/65 32/62/62
f 34/66/66 74/67/67 33/64/64
f 35/68/68 75/69/69 34/66/66
f 36/70/70 76/71/71 35/68/68
f 37/72/72 77/73/73 36/70/70
f 38/74/74 78/75/75 37/72/72
f 39/76/76 79/77/77 38/74/74
f 40/78/78 80/79/79 39/76/76
f 41/80/80 81/81/81 40/78/78
f 42/3/3 84/82/82 83/83/83
f 43/2/2 85/84/84 84/82/82
f 44/5/5 86/85/85 85/84/84
f 45/7/7 87/86/86 86/85/85
f 46/9/9 88/87/87 87/86/86
f 47/11/11 89/88/88 88/87/87
f 48/13/13 90/89/89 89/88/88
f 49/15/15 91/90/90 90/89/89
f 50/17/17 92/91/91 91/90/90
f 51/19/19 93/92/92 92/91/91
f 52/21/21 94/93/93 93/92/92
f 53/23/23 95/94/94 94/93/93
f 54/25/25 96/95/95 95/94/94
f 55/27/27 97/96/96 96/95/95
f 56/29/29 98/97/97 97/96/96
f 57/31/31 99/98/98 98/97/97
f 58/33/33 100/99/99 99/98/98
f 59/35/35 101/100/100 100/99/99
f 60/37/37 102/101/101 101/100/100
f 61/39/39 103/102/102 102/101/101
f 63/45/45 103/102/102 62/41/41
f 64/47/47 104/103/103 63/45/45
f 65/49/49 105/104/104 64/47/47
f 66/51/51 106/105/105 65/49/49
f 67/53/53 107/106/106 66/51/51
f 68/55/55 108/107/107 67/53/53
f 69/57/57 109/108/108 68/55/55
f 70/59/59 110/109/109 69/57/57
f 71/61/61 111/110/110 70/59/59
f 72/63/63 112/111/111 71/61/61
f 73/65/65 113/112/112 72/63/63
f 74/67/67 114/113/113 73/65/65
f 75/69/69 115/114/114 74/67/67
f 76/71/71 116/115/115 75/69/69
f 77/73/73 117/116/116 76/71/71
f 78/75/75 118/117/117 77/73/73
f 79/77/77 119/118/118 78/75/75
f 80/79/79 120/119/119 79/77/77
f 81/81/81 121/120/120 80/79/79
f 82/121/121 122/122/122 81/81/81
f 83/83/83 125/123/123 124/124/124
f 84/82/82 126/125/125 125/123/123
f 85/84/84 127/126/126 126/125/125
f 86/85/85 128/127/127 127/126/126
f 87/86/86 129/128/128 128/127/127
f 88/87/87 130/129/129 129/128/128
f 89/88/88 131/130/130 130/129/129
f 90/89/89 132/131/131 131/130/130
f 91/90/90 133/132/132 132/131/131
f 92/91/91 134/133/133 133/132/132
f 93/92/92 135/134/134 134/133/133
f 94/93/93 136/135/135 135/134/134
f 95/94/94 137/136/136 136/135/135
f 96/95/95 138/137/137 137/136/136
f 97/96/96 139/138/138 138/137/137
f 98/97/97 140/139/139 139/138/138
f 99/98/98 141/140/140 140/139/139
f 100/99/99 142/141/141 141/140/140
f 101/100/100 143/142/142 142/141/141
f 102/101/101 144/143/143 143/142/142
f 104/103/103 144/143/143 103/102/102
f 105/104/104 145/144/144 104/103/103
f 106/105/105 146/145/145 105/104/104
f 107/106/106 147/146/146 106/105/105
f 108/107/107 148/147/147 107/106/106
f 109/108/108 149/148/148 108/107/107
f 110/109/109 150/149/149 109/108/108
f 111/110/110 151/150/150 110/109/109
f 112/111/111 152/151/151 111/110/110
f 113/112/112 153/152/152 112/111/111
f 114/113/113 154/153/153 113/112/112
f 115/114/114 155/154/154 114/113/113
f 116/115/115 156/155/155 115/114/114
f 117/116/116 157/156/156 116/115/115
f 118/117/117 158/157/157 117/116/116
f 119/118/118 159/158/158 118/117/117
f 120/119/119 160/159/159 119/118/118
f 121/120/120 161/160/160 120/119/119
f 122/122/122 162/161/161 121/120/120
f 123/162/162 163/163/163 122/122/122
f 125/123/123 165/164/164 124/124/124
f 126/125/125 166/165/165 125/123/123
f 127/126/126 167/166/166 126/125/125
f 128/127/127 168/167/167 127/126/126
f 129/128/128 169/168/168 128/127/127
f 130/129/129 170/169/169 129/128/128
f 131/130/130 171/170/170 130/129/129
f 132/131/131 172/171/171 131/130/130
f 133/132/132 173/172/172 132/131/131
f 134/133/133 174/173/173 133/132/132
f 135/134/134 175/174/174 134/133/133
f 136/135/135 176/175/175 135/134/134
f 137/136/136 177/176/176 136/135/135
f 138/137/137 178/177/177 137/136/136
f 139/138/138 179/178/178 138/137/137
f 140/139/139 180/179/179 139/138/138
f 141/140/140 181/180/180 140/139/139
f 142/141/141 182/181/181 141/140/140
f 143/142/142 183/182/182 142/141/141
f 144/143/143 184/183/183 143/142/142
f 144/143/143 186/184/184 185/185/185
f 145/144/144 187/186/186 186/184/184
f 146/145/145 188/187/187 187/186/186
f 147/146/146 189/188/188 188/187/187
f 148/147/147 190/189/189 189/188/188
f 149/148/148 191/190/190 190/189/189
f 150/149/149 192/191/191 191/190/190
f 151/150/150 193/192/192 192/191/191
f 152/151/151 194/193/193 193/192/192
f 153/152/152 195/194/194 194/193/193
f 154/153/153 196/195/195 195/194/194
f 155/154/154 197/196/196 196/195/195
f 156/155/155 198/197/197 197/196/196
f 157/156/156 199/198/198 198/197/197
f 158/157/157 200/199/199 199/198/198
f 159/158/158 201/200/200 200/199/199
f 160/159/159 202/201/201 201/200/200
f 161/160/160 203/202/202 202/201/201
f 162/161/161 204/203/203 203/202/202
f 163/163/163 205/204/204 204/203/203
f 166/165/165 206/205/205 165/164/164
f 167/166/166 207/206/206 166/165/165
f 168/167/167 208/207/207 167/166/166
f 169/168/168 209/208/208 168/167/167
f 170/169/169 210/209/209 169/168/168
f 171/170/170 211/210/210 170/169/169
f 172/171/171 212/211/211 171/170/170
f 173/172/172 213/212/212 172/171/171
f 174/173/173 214/213/213 173/172/172
f 175/174/174 215/214/214 174/173/173
f 176/175/175 216/215/215 175/174/174
f 177/176/176 217/216/216 176/175/175
f 178/177/177 218/217/217 177/176/176
f 179/178/178 219/218/218 178/177/177
f 180/179/179 220/219/219 179/178/178
f 181/180/180 221/220/220 180/179/179
f 182/181/181 222/221/221 181/180/180
f 183/182/182 223/222/222 182/181/181
f 184/183/183 224/223/223 183/182/182
f 185/185/185 225/224/224 184/183/183
f 185/185/185 227/225/225 226/226/226
f 186/184/184 228/227/227 227/225/225
f 187/186/186 229/228/228 228/227/227
f 188/187/187 230/229/229 229/228/228
f 189/188/188 231/230/230 230/229/229
f 190/189/189 232/231/231 231/230/230
f 191/190/190 233/232/232 232/231/231
f 192/191/191 234/233/233 233/232/232
f 193/192/192 235/234/234 234/233/233
f 194/193/193 236/235/235 235/234/234
f 195/194/194 237/236/236 236/235/235
f 196/195/195 238/237/237 237/236/236
f 197/196/196 239/238/238 238/237/237
f 198/197/197 240/239/239 239/238/238
f 199/198/198 241/240/240 240/239/239
f 200/199/199 242/241/241 241/240/240
f 201/200/200 243/242/242 242/241/241
f 202/201/201 244/243/243 243/242/242
f 203/202/202 245/244/244 244/243/243
f 204/203/203 246/245/245 245/244/244
f 207/206/206 247/246/246 206/205/205
f 208/207/207 248/247/247 207/206/206
f 209/208/208 249/248/248 208/207/207
f 210/209/209 250/249/249 209/208/208
f 211/210/210 251/250/250 210/209/209
f 212/211/211 252/251/251 211/210/210
f 213/212/212 253/252/252 212/211/211
f 214/213/213 254/253/253 213/212/212
f 215/214/214 255/254/254 214/213/213
f 216/215/215 256/255/255 215/214/214
f 217/216/216 257/256/256 216/215/215
f 218/217/217 258/257/257 217/216/216
f 219/218/218 259/258/258 218/217/217
f 220/219/219 260/259/259 219/218/218
f 221/220/220 261/260/260 220/219/219
f 222/221/221 262/261/261 221/220/220
f 223/222/222 263/262/262 222/221/221
f 224/223/223 264/263/263 223/222/222
f 225/224/224 265/264/264 224/223/223
f 226/226/226 266/265/265 225/224/224
f 226/226/226 268/266/266 267/267/267
f 227/225/225 269/268/268 268/266/266
f 228/227/227 270/269/269 269/268/268
f 229/228/228 271/270/270 270/269/269
f 230/229/229 272/271/271 271/270/270
f 231/230/230 273/272/272 272/271/271
f 232/231/231 274/273/273 273/272/272
f 233/232/232 275/274/274 274/273/273
f 234/233/233 276/275/275 275/274/274
f 235/234/234 277/276/276 276/275/275
f 236/235/235 278/277/277 277/276/276
f 237/236/236 279/278/278 278/277/277
f 238/237/237 280/279/279 279/278/278
f 239/238/238 281/280/280 280/279/279
f 240/239/239 282/281/281 281/280/280
f 241/240/240 283/282/282 282/281/281
f 242/241/241 284/283/283 283/282/282
f 243/242/242 285/284/284 284/283/283
f 244/243/243 286/285/285 285/284/284
f 245/244/244 287/286/286 286/285/285
f 248/247/247 288/287/287 247/246/246
f 249/248/248 289/288/288 248/247/247
f 250/249/249 290/289/289 249/248/248
f 251/250/250 291/290/290 250/249/249
f 252/251/251 292/291/291 251/250/250
f 253/252/252 293/292/292 252/251/251
f 254/253/253 294/293/293 253/252/252
f 255/254/254 295/294/294 254/253/253
f 256/255/255 296/295/295 255/254/254
f 257/256/256 297/296/296 256/255/255
f 258/257/257 298/297/297 257/256/256
f 259/258/258 299/298/298 258/257/257
f 260/259/259 300/299/299 259/258/258
f 261/260/260 301/300/300 260/259/259
f 262/261/261 302/301/301 261/260/260
f 263/262/262 303/302/302 262/261/261
f 264/263/263 304/303/303 263/262/262
f 265/264/264 305/304/304 264/263/263
f 266/265/265 306/305/305 265/264/264
f 267/267/267 307/306/306 266/265/265
f 267/267/267 309/307/307 308/308/308
f 268/266/266 310/309/309 309/307/307
f 269/268/268 311/310/310 310/309/309
f 270/269/269 312/311/311 311/310/310
f 271/270/270 313/312/312 312/311/311
f 272/271/271 314/313/313 313/312/312
f 273/272/272 315/314/314 314/313/313
f 274/273/273 316/315/315 315/314/314
f 275/274/274 317/316/316 316/315/315
f 276/275/275 318/317/317 317/316/316
f 277/276/276 319/318/318 318/317/317
f 278/277/277 320/319/319 319/318/318
f 279/278/278 321/320/320 320/319/319
f 280/279/279 322/321/321 321/320/320
f 281/280/280 323/322/322 322/321/321
f 282/281/281 324/323/323 323/322/322
f 283/282/282 325/324/324 324/323/323
f 284/283/283 326/325/325 325/324/324
f 285/284/284 327/326/326 326/325/325
f 286/285/285 328/327/327 327/326/326
f 289/288/288 329/328/328 288/287/287
f 290/289/289 330/329/329 289/288/288
f 291/290/290 331/330/330 290/289/289
f 292/291/291 332/331/331 291/290/290
f 293/292/292 333/332/332 292/291/291
f 294/293/293 334/333/333 293/292/292
f 295/294/294 335/334/334 294/293/293
f 296/295/295 336/335/335 295/294/294
f 297/296/296 337/336/336 296/295/295
f 298/297/297 338/337/337 297/296/296
f 299/298/298 339/338/338 298/297/297
f 300/299/299 340/339/339 299/298/298
f 301/300/300 341/340/340 300/299/299
f 302/301/301 342/341/341 301/300/300
f 303/302/302 343/342/342 302/301/301
f 304/303/303 344/343/343 303/302/302
f 305/304/304 345/344/344 304/303/303
f 306/305/305 346/345/345 305/304/304
f 307/306/306 347/346/346 306/305/305
f 308/308/308 348/347/347 307/306/306
f 308/308/308 350/348/348 349/349/349
f 309/307/307 351/350/350 350/348/348
f 310/309/309 352/351/351 351/350/350
f 311/310/310 353/352/352 352/351/351
f 312/311/311 354/353/353 353/352/352
f 313/312/312 355/354/354 354/353/353
f 314/313/313 356/355/355 355/354/354
f 315/314/314 357/356/356 356/355/355
f 316/315/315 358/357/357 357/356/356
f 317/316/316 359/358/358 358/357/357
f 318/317/317 360/359/359 359/358/358
f 319/318/318 361/360/360 360/359/359
f 320/319/319 362/361/361 361/360/360
f 321/320/320 363/362/362 362/361/361
f 322/321/321 364/363/363 363/362/362
f 323/322/322 365/364/364 364/363/363
f 324/323/323 366/365/365 365/364/364
f 325/324/324 367/366/366 366/365/365
f 326/325/325 368/367/367 367/366/366
f 327/326/326 369/368/368 368/367/367
f 330/329/329 370/369/369 329/328/328
f 331/330/330 371/370/370 330/329/329
f 332/331/331 372/371/371 331/330/330
f 333/332/332 373/372/372 332/331/331
f 334/333/333 374/373/373 333/332/332
f 335/334/334 375/374/374 334/333/333
f 336/335/335 376/375/375 335/334/334
f 337/336/336 377/376/376 336/335/335
f 338/337/337 378/377/377 337/336/336
f 339/338/338 379/378/378 338/337/337
f 340/339/339 380/379/379 339/338/338
f 341/340/340 381/380/380 340/339/339
f 342/341/341 382/381/381 341/340/340
f 343/342/342 383/382/382 342/341/341
f 344/343/343 384/383/383 343/342/342
f 345/344/344 385/384/384 344/343/343
f 346/345/345 386/385/385 345/344/344
f 347/346/346 387/386/386 346/345/345
f 348/347/347 388/387/387 347/346/346
f 349/349/349 389/388/388 348/347/347
f 349/349/349 391/389/389 390/390/390
f 350/348/348 392/391/391 391/389/389
f 351/350/350 393/392/392 392/391/391
f 352/351/351 394/393/393 393/392/392
f 353/352/352 395/394/394 394/393/393
f 354/353/353 396/395/395 395/394/394
f 355/354/354 397/396/396 396/395/395
f 356/355/355 398/397/397 397/396/396
f 357/356/356 399/398/398 398/397/397
f 358/357/357 400/399/399 399/398/398
f 359/358/358 401/400/400 400/399/399
f 360/359/359 402/401/401 401/400/400
f 361/360/360 403/402/402 402/401/401
f 362/361/361 404/403/403 403/402/402
f 363/362/362 405/404/404 404/403/403
f 364/363/363 406/405/405 405/404/404
f 365/364/364 407/406/406 406/405/405
f 366/365/365 408/407/407 407/406/406
f 367/366/366 409/408/408 408/407/407
f 368/367/367 410/409/409 409/408/408
f 371/370/370 411/410/410 370/369/369
f 372/371/371 412/411/411 371/370/370
f 373/372/372 413/412/412 372/371/371
f 374/373/373 414/413/413 373/372/372
f 375/374/374 415/414/414 374/373/373
f 376/375/375 416/415/415 375/374/374
f 377/376/376 417/416/416 376/375/375
f 378/377/377 418/417/417 377/376/376
f 379/378/378 419/418/418 378/377/377
f 380/379/379 420/419/419 379/378/378
f 381/380/380 421/420/420 380/379/379
f 382/381/381 422/421/421 381/380/380
f 383/382/382 423/422/422 382/381/381
f 384/383/383 424/423/423 383/382/382
f 385/384/384 425/424/424 384/383/383
f 386/385/385 426/425/425 385/384/384
f 387/386/386 427/426/426 386/385/385
f 388/387/387 428/427/427 387/386/386
f 389/388/388 429/428/428 388/387/387
f 390/390/390 430/429/429 389/388/388
f 390/390/390 432/430/430 431/431/431
f 391/389/389 433/432/432 432/430/430
f 392/391/391 434/433/433 433/432/432
f 393/392/392 435/434/434 434/433/433
f 394/393/393 436/435/435 435/434/434
f 395/394/394 437/436/436 436/435/435
f 396/395/395 438/437/437 437/436/436
f 397/396/396 439/438/438 438/437/437
f 398/397/397 440/439/439 439/438/438
f 399/398/398 441/440/440 440/439/439
f 400/399/399 442/441/441 441/440/440
f 401/400/400 443/442/442 442/441/441
f 402/401/401 444/443/443 443/442/442
f 403/402/402 445/444/444 444/443/443
f 404/403/403 446/445/445 445/444/444
f 405/404/404 447/446/446 446/445/445
f 406/405/405 448/447/447 447/446/446
f 407/406/406 449/448/448 448/447/447
f 408/407/407 450/449/449 449/448/448
f 409/408/408 451/450/450 450/449/449
f 412/411/411 452/451/451 411/410/410
f 413/412/412 453/452/452 412/411/411
f 414/413/413 454/453/453 413/412/412
f 415/414/414 455/454/454 414/413/413
f 416/415/415 456/455/455 415/414/414
f 417/416/416 457/456/456 416/415/415
f 418/417/417 458/457/457 417/416/416
f 419/418/418 459/458/458 418/417/417
f 420/419/419 460/459/459 419/418/418
f 421/420/420 461/460/460 420/419/419
f 422/421/421 462/461/461 421/420/420
f 423/422/422 463/462/462 422/421/421
f 424/423/423 464/463/463 423/422/422
f 425/424/424 465/464/464 424/423/423
f 426/425/425 466/465/465 425/424/424
f 427/426/426 467/466/466 426/425/425
f 428/427/427 468/467/467 427/426/426
f 429/428/428 469/468/468 428/427/427
f 430/429/429 470/469/469 429/428/428
f 431/431/431 471/470/470 430/429/429
f 431/431/431 473/471/471 472/472/472
f 432/430/430 474/473/473 473/471/471
f 433/432/432 475/474/474 474/473/473
f 434/433/433 476/475/475 475/474/474
f 435/434/434 477/476/476 476/475/475
f 436/435/435 478/477/477 477/476/476
f 437/436/436 479/478/478 478/477/477
f 438/437/437 480/479/479 479/478/478
f 439/438/438 481/480/480 480/479/479
f 440/439/439 482/481/481 481/480/480
f 441/440/440 483/482/482 482/481/481
f 442/441/441 484/483/483 483/482/482
f 443/442/442 485/484/484 484/483/483
f 444/443/443 486/485/485 485/484/484
f 445/444/444 487/486/486 486/485/485
f 446/445/445 488/487/487 487/486/486
f 447/446/446 489/488/488 488/487/487
f 448/447/447 490/489/489 489/488/488
f 449/448/448 491/490/490 490/489/489
f 450/449/449 492/491/491 491/490/490
f 453/452/452 493/492/492 452/451/451
f 454/453/453 494/493/493 453/452/452
f 455/454/454 495/494/494 454/453/453
f 456/455/455 496/495/495 455/454/454
f 457/456/456 497/496/496 456/455/455
f 458/457/457 498/497/497 457/456/456
f 459/458/458 499/498/498 458/457/457
f 460/459/459 500/499/499 459/458/458
f 461/460/460 501/500/500 460/459/459
f 462/461/461 502/501/501 461/460/460
f 463/462/462 503/502/502 462/461/461
f 464/463/463 504/503/503 463/462/462
f 465/464/464 505/504/504 464/463/463
f 466/465/465 506/505/505 465/464/464
f 467/466/466 507/506/506 466/465/465
f 468/467/467 508/507/507 467/466/466
f 469/468/468 509/508/508 468/467/467
f 470/469/469 510/509/509 469/468/468
f 471/470/470 511/510/510 470/469/469
f 472/472/472 512/511/511 471/470/470
f 472/472/472 514/512/512 513/513/513
f 473/471/471 515/514/514 514/512/512
f 474/473/473 516/515/515 515/514/514
f 475/474/474 517/516/516 516/515/515
f 476/475/475 518/517/517 517/516/516
f 477/476/476 519/518/518 518/517/517
f 478/477/477 520/519/519 519/518/518
f 479/478/478 521/520/520 520/519/519
f 480/479/479 522/521/521 521/520/520
f 481/480/480 523/522/522 522/521/521
f 482/481/481 524/523/523 523/522/522
f 483/482/482 525/524/524 524/523/523
f 484/483/483 526/525/525 525/524/524
f 485/484/484 527/526/526 526/525/525
f 486/485/485 528/527/527 527/526/526
f 487/486/486 529/528/528 528/527/527
f 488/487/487 530/529/529 529/528/528
f 489/488/488 531/530/530 530/529/529
f 490/489/489 532/531/531 531/530/530
f 491/490/490 533/532/532 532/531/531
f 494/493/493 534/533/533 493/492/492
f 495/494/494 535/534/534 494/493/493
f 496/495/495 536/535/535 495/494/494
f 497/496/496 537/536/536 496/495/495
f 498/497/497 538/537/537 497/496/496
f 499/498/498 539/538/538 498/497/497
f 500/499/499 540/539/539 499/498/498
f 501/500/500 541/540/540 500/499/499
f 502/501/501 542/541/541 501/500/500
f 503/502/502 543/542/542 502/501/501
f 504/503/503 544/543/543 503/502/502
f 505/504/504 545/544/544 504/503/503
f 506/505/505 546/545/545 505/504/504
f 507/506/506 547/546/546 506/505/505
f 508/507/507 548/547/547 507/506/506
f 509/508/508 549/548/548 508/507/507
f 510/509/509 550/549/549 509/508/508
f 511/510/510 551/550/550 510/509/509
f 512/511/511 552/551/551 511/510/510
f 513/513/513 553/552/552 512/511/511
f 513/513/513 555/553/553 554/554/554
f 514/512/512 556/555/555 555/553/553
f 515/514/514 557/556/556 556/555/555
f 516/515/515 558/557/557 557/556/556
f 517/516/516 559/558/558 558/557/557
f 518/517/517 560/559/559 559/558/558
f 519/518/518 561/560/560 560/559/559
f 520/519/519 562/561/561 561/560/560
f 521/520/520 563/562/562 562/561/561
f 522/521/521 564/563/563 563/562/562
f 523/522/522 565/564/564 564/563/563
f 524/523/523 566/565/565 565/564/564
f 525/524/524 567/566/566 566/565/565
f 526/525/525 568/567/567 567/566/566
f 527/526/526 569/568/568 568/567/567
f 528/527/527 570/569/569 569/568/568
f 529/528/528 571/570/570 570/569/569
f 530/529/529 572/571/571 571/570/570
f 531/530/530 573/572/572 572/571/571
f 532/531/531 574/573/573 573/572/572
f 535/534/534 575/574/574 534/533/533
f 536/535/535 576/575/575 535/534/534
f 537/536/536 577/576/576 536/535/535
f 538/537/537 578/577/577 537/536/536
f 539/538/538 579/578/578 538/537/537
f 540/539/539 580/579/579 539/538/538
f 541/540/540 581/580/580 540/539/539
f 542/541/541 582/581/581 541/540/540
f 543/542/542 583/582/582 542/541/541
f 544/543/543 584/583/583 543/542/542
f 545/544/544 585/584/584 544/543/543
f 546/545/545 586/585/585 545/544/544
f 547/546/546 587/586/586 546/545/545
f 548/547/547 588/587/587 547/546/546
f 549/548/548 589/588/588 548/547/547
f 550/549/549 590/589/589 549/548/548
f 551/550/550 591/590/590 550/549/549
f 552/551/551 592/591/591 551/550/550
f 553/552/552 593/592/592 552/551/551
f 554/554/554 594/593/593 553/552/552
f 554/554/554 596/594/594 595/595/595
f 555/553/553 597/596/596 596/594/594
f 556/555/555 598/597/597 597/596/596
f 557/556/556 599/598/598 598/597/597
f 558/557/557 600/599/599 599/598/598
f 559/558/558 601/600/600 600/599/599
f 560/559/559 602/601/601 601/600/600
f 561/560/560 603/602/602 602/601/601
f 562/561/561 604/603/603 603/602/602
f 563/562/562 605/604/604 604/603/603
f 564/563/563 606/605/605 605/604/604
f 565/564/564 607/606/606 606/605/605
f 566/565/565 608/607/607 607/606/606
f 567/566/566 609/608/608 608/607/607
f 568/567/567 610/609/609 609/608/608
f 569/568/568 611/610/610 610/609/609
f 570/569/569 612/611/611 611/610/610
f 571/570/570 613/612/612 612/611/611
f 572/571/571 614/613/613 613/612/612
f 573/572/572 615/614/614 614/613/613
f 576/575/575 616/615/615 575/574/574
f 577/576/576 617/616/616 576/575/575
f 578/577/577 618/617/617 577/576/576
f 579/578/578 619/618/618 578/577/577
f 580/579/579 620/619/619 579/578/578
f 581/580/580 621/620/620 580/579/579
f 582/581/581 622/621/621 581/580/580
f 583/582/582 623/622/622 582/581/581
f 584/583/583 624/623/623 583/582/582
f 585/584/584 625/624/624 584/583/583
f 586/585/585 626/625/625 585/584/584
f 587/586/586 627/626/626 586/585/585
f 588/587/587 628/627/627 587/586/586
f 589/588/588 629/628/628 588/587/587
f 590/589/589 630/629/629 589/588/588
f 591/590/590 631/630/630 590/589/589
f 592/591/591 632/631/631 591/590/590
f 593/592/592 633/632/632 592/591/591
f 594/593/593 634/633/633 593/592/592
f 595/595/595 635/634/634 594/593/593
f 595/595/595 637/635/635 636/636/636
f 596/594/594 638/637/637 637/635/635
f 597/596/596 639/638/638 638/637/637
f 598/597/597 640/639/639 639/638/638
f 599/598/598 641/640/640 640/639/639
f 600/599/599 642/641/641 641/640/640
f 601/600/600 643/642/642 642/641/641
f 602/601/601 644/643/643 643/642/642
f 603/602/602 645/644/644 644/643/643
f 604/603/603 646/645/645 645/644/644
f 605/604/604 647/646/646 646/645/645
f 606/605/605 648/647/647 647/646/646
f 607/606/606 649/648/648 648/647/647
f 608/607/607 650/649/649 649/648/648
f 609/608/608 651/650/650 650/649/649
f 610/609/609 652/651/651 651/650/650
f 611/610/610 653/652/652 652/651/651
f 612/611/611 654/653/653 653/652/652
f 613/612/612 655/654/654 654/653/653
f 614/613/613 656/655/655 655/654/654
f 617/616/616 657/656/656 616/615/615
f 618/617/617 658/657/657 617/616/616
f 619/618/618 659/658/658 618/617/617
f 620/619/619 660/659/659 619/618/618
f 621/620/620 661/660/660 620/619/619
f 622/621/621 662/661/661 621/620/620
f 623/622/622 663/662/662 622/621/621
f 624/623/623 664/663/663 623/622/622
f 625/624/624 665/664/664 624/623/623
f 626/625/625 666/665/665 625/624/624
f 627/626/626 667/666/666 626/625/625
f 628/627/627 668/667/667 627/626/626
f 629/628/628 669/668/668 628/627/627
f 630/629/629 670/669/669 629/628/628
f 631/630/630 671/670/670 630/629/629
f 632/631/631 672/671/671 631/630/630
f 633/632/632 673/672/672 632/631/631
f 634/633/633 674/673/673 633/632/632
f 635/634/634 675/674/674 634/633/633
f 636/636/636 676/675/675 635/634/634
f 636/636/636 678/676/676 677/677/677
f 637/635/635 679/678/678 678/676/676
f 638/637/637 680/679/679 679/678/678
f 639/638/638 681/680/680 680/679/679
f 640/639/639 682/681/681 681/680/680
f 641/640/640 683/682/682 682/681/681
f 642/641/641 684/683/683 683/682/682
f 643/642/642 685/684/684 684/683/683
f 644/643/643 686/685/685 685/684/684
f 645/644/644 687/686/686 686/685/685
f 646/645/645 688/687/687 687/686/686
f 647/646/646 689/688/688 688/687/687
f 648/647/647 690/689/689 689/688/688
f 649/648/648 691/690/690 690/689/689
f 650/649/649 692/691/691 691/690/690
f 651/650/650 693/692/692 692/691/691
f 652/651/651 694/693/693 693/692/692
f 653/652/652 695/694/694 694/693/693
f 654/653/653 696/695/695 695/694/694
f 655/654/654 697/696/696 696/695/695
f 658/657/657 698/697/697 657/656/656
f 659/658/658 699/698/698 658/657/657
f 660/659/659 700/699/699 659/658/658
f 661/660/660 701/700/700 660/659/659
f 662/661/661 702/701/701 661/660/660
f 663/662/662 703/702/702 662/661/661
f 664/663/663 704/703/703 663/662/662
f 665/664/664 705/704/704 664/663/663
f 666/665/665 706/705/705 665/664/664
f 667/666/666 707/706/706 666/665/665
f 668/667/667 708/707/707 667/666/666
f 669/668/668 709/708/708 668/667/667
f 670/669/669 710/709/709 669/668/668
f 671/670/670 711/710/710 670/669/669
f 672/671/671 712/711/711 671/670/670
f 673/672/672 713/712/712 672/671/671
f 674/673/673 714/713/713 673/672/672
f 675/674/674 715/714/714 674/673/673
f 676/675/675 716/715/715 675/674/674
f 677/677/677 717/716/716 676/675/675
f 677/677/677 719/717/717 718/718/718
f 678/676/676 720/719/719 719/717/717
f 679/678/678 721/720/720 720/719/719
f 680/679/679 722/721/721 721/720/720
f 681/680/680 723/722/722 722/721/721
f 682/681/681 724/723/723 723/722/722
f 683/682/682 725/724/724 724/723/723
f 684/683/683 726/725/725 725/724/724
f 685/684/684 727/726/726 726/725/725
f 686/685/685 728/727/727 727/726/726
f 687/686/686 729/728/728 728/727/727
f 688/687/687 730/729/729 729/728/728
f 689/688/688 731/730/730 730/729/729
f 690/689/689 732/731/731 731/730/730
f 691/690/690 733/732/732 732/731/731
f 692/691/691 734/733/733 733/732/732
f 693/692/692 735/734/734 734/733/733
f 694/693/693 736/735/735 735/734/734
f 695/694/694 737/736/736 736/735/735
f 696/695/695 738/737/737 737/736/736
f 699/698/698 739/738/738 698/697/697
f 700/699/699 740/739/739 699/698/698
f 701/700/700 741/740/740 700/699/699
f 702/701/701 742/741/741 701/700/700
f 703/702/702 743/742/742 702/701/701
f 704/703/703 744/743/743 703/702/702
f 705/704/704 745/744/744 704/703/703
f 706/705/705 746/745/745 705/704/704
f 707/706/706 747/746/746 706/705/705
f 708/707/707 748/747/747 707/706/706
f 709/708/708 749/748/748 708/707/707
f 710/709/709 750/749/749 709/708/708
f 711/710/710 751/750/750 710/709/709
f 712/711/711 752/751/751 711/710/710
f 713/712/712 753/752/752 712/711/711
f 714/713/713 754/753/753 713/712/712
f 715/714/714 755/754/754 714/713/713
f 716/715/715 756/755/755 715/714/714
f 717/716/716 757/756/756 716/715/715
f 718/718/718 758/757/757 717/716/716
f 718/718/718 760/758/758 759/759/759
f 719/717/717 761/760/760 760/758/758
f 720/719/719 762/761/761 761/760/760
f 721/720/720 763/762/762 762/761/761
f 722/721/721 764/763/763 763/762/762
f 723/722/722 765/764/764 764/763/763
f 724/723/723 766/765/765 765/764/764
f 725/724/724 767/766/766 766/765/765
f 726/725/725 768/767/767 767/766/766
f 727/726/726 769/768/768 768/767/767
f 728/727/727 770/769/769 769/768/768
f 729/728/728 771/770/770 770/769/769
f 730/729/729 772/771/771 771/770/770
f 731/730/730 773/772/772 772/771/771
f 732/731/731 774/773/773 773/772/772
f 733/732/732 775/774/774 774/773/773
f 734/733/733 776/775/775 775/774/774
f 735/734/734 777/776/776 776/775/775
f 736/735/735 778/777/777 777/776/776
f 737/736/736 779/778/778 778/777/777
f 740/739/739 780/779/779 739/738/738
f 741/740/740 781/780/780 740/739/739
f 742/741/741 782/781/781 741/740/740
f 743/742/742 783/782/782 742/741/741
f 744/743/743 784/783/783 743/742/742
f 745/744/744 785/784/784 744/743/743
f 746/745/745 786/785/785 745/744/744
f 747/746/746 787/786/786 746/745/745
f 748/747/747 788/787/787 747/746/746
f 749/748/748 789/788/788 748/747/747
f 750/749/749 790/789/789 749/748/748
f 751/750/750 791/790/790 750/749/749
f 752/751/751 792/791/791 751/750/750
f 753/752/752 793/792/792 752/751/751
f 754/753/753 794/793/793 753/752/752
f 755/754/754 795/794/794 754/753/753
f 756/755/755 796/795/795 755/754/754
f 757/756/756 797/796/796 756/755/755
f 758/757/757 798/797/797 757/756/756
f 759/759/759 799/798/798 758/757/757
f 759/759/759 801/799/799 800/800/800
f 760/758/758 802/801/801 801/799/799
f 761/760/760 803/802/802 802/801/801
f 762/761/761 804/803/803 803/802/802
f 763/762/762 805/804/804 804/803/803
f 764/763/763 806/805/805 805/804/804
f 765/764/764 807/806/806 806/805/805
f 766/765/765 808/807/807 807/806/806
f 767/766/766 809/808/808 808/807/807
f 768/767/767 810/809/809 809/808/808
f 769/768/768 811/810/810 810/809/809
f 770/769/769 812/811/811 811/810/810
f 771/770/770 813/812/812 812/811/811
f 772/771/771 814/813/813 813/812/812
f 773/772/772 815/814/814 814/813/813
f 774/773/773 816/815/815 815/814/814
f 775/774/774 817/816/816 816/815/815
f 776/775/775 818/817/817 817/816/816
f 777/776/776 819/818/818 818/817/817
f 778/777/777 820/819/819 819/818/818
f 781/780/780 821/820/820 780/779/779
f 782/781/781 822/821/821 781/780/780
f 783/782/782 823/822/822 782/781/781
f 784/783/783 824/823/823 783/782/782
f 785/784/784 825/824/824 784/783/783
f 786/785/785 826/825/825 785/784/784
f 787/786/786 827/826/826 786/785/785
f 788/787/787 828/827/827 787/786/786
f 789/788/788 829/828/828 788/787/787
f 790/789/789 830/829/829 789/788/788
f 791/790/790 831/830/830 790/789/789
f 792/791/791 832/831/831 791/790/790
f 793/792/792 833/832/832 792/791/791
f 794/793/793 834/833/833 793/792/792
f 795/794/794 835/834/834 794/793/793
f 796/795/795 836/835/835 795/794/794
f 797/796/796 837/836/836 796/795/795
f 798/797/797 838/837/837 797/796/796
f 799/798/798 839/838/838 798/797/797
f 800/800/800 840/839/839 799/798/798
f 800/800/800 842/840/840 841/841/841
f 801/799/799 843/842/842 842/840/840
f 802/801/801 844/843/843 843/842/842
f 803/802/802 845/844/844 844/843/843
f 804/803/803 846/845/845 845/844/844
f 805/804/804 847/846/846 846/845/845
f 806/805/805 848/847/847 847/846/846
f 807/806/806 849/848/848 848/847/847
f 808/807/807 850/849/849 849/848/848
f 809/808/808 851/850/850 850/849/849
f 810/809/809 852/851/851 851/850/850
f 811/810/810 853/852/852 852/851/851
f 812/811/811 854/853/853 853/852/852
f 813/812/812 855/854/854 854/853/853
f 814/813/813 856/855/855 855/854/854
f 815/814/814 857/856/856 856/855/855
f 816/815/815 858/857/857 857/856/856
f 817/816/816 859/858/858 858/857/857
f 818/817/817 860/859/859 859/858/858
f 819/818/818 861/860/860 860/859/859
f 822/821/821 862/861/861 821/820/820
f 823/822/822 863/862/862 822/821/821
f 824/823/823 864/863/863 823/822/822
f 825/824/824 865/864/864 824/823/823
f 826/825/825 866/865/865 825/824/824
f 827/826/826 867/866/866 826/825/825
f 828/827/827 868/867/867 827/826/826
f 829/828/828 869/868/868 828/827/827
f 830/829/829 870/869/869 829/828/828
f 831/830/830 871/870/870 830/829/829
f 832/831/831 872/871/871 831/830/830
f 833/832/832 873/872/872 832/831/831
f 834/833/833 874/873/873 833/832/832
f 835/834/834 875/874/874 834/833/833
f 836/835/835 876/875/875 835/834/834
f 837/836/836 877/876/876 836/835/835
f 838/837/837 878/877/877 837/836/836
f 839/838/838 879/878/878 838/837/837
f 840/839/839 880/879/879 839/838/838
f 841/841/841 881/880/880 840/839/839
f 841/841/841 883/881/881 882/882/882
f 842/840/840 884/883/883 883/881/881
f 843/842/842 885/884/884 884/883/883
f 844/843/843 886/885/885 885/884/884
f 845/844/844 887/886/886 886/885/885
f 846/845/845 888/887/887 887/886/886
f 847/846/846 889/888/888 888/887/887
f 848/847/847 890/889/889 889/888/888
f 849/848/848 891/890/890 890/889/889
f 850/849/849 892/891/891 891/890/890
f 851/850/850 893/892/892 892/891/891
f 852/851/851 894/893/893 893/892/892
f 853/852/852 895/894/894 894/893/893
f 854/853/853 896/895/895 895/894/894
f 855/854/854 897/896/896 896/895/895
f 856/855/855 898/897/897 897/896/896
f 857/856/856 899/898/898 898/897/897
f 858/857/857 900/899/899 899/898/898
f 859/858/858 901/900/900 900/899/899
f 860/859/859 902/901/901 901/900/900
f 862/861/861 904/902/902 903/903/903
f 863/862/862 905/904/904 904/902/902
f 864/863/863 906/905/905 905/904/904
f 865/864/864 907/906/906 906/905/905
f 866/865/865 908/907/907 907/906/906
f 867/866/866 909/908/908 908/907/907
f 868/867/867 910/909/909 909/908/908
f 869/868/868 911/910/910 910/909/909
f 870/869/869 912/911/911 911/910/910
f 871/870/870 913/912/912 912/911/911
f 872/871/871 914/913/913 913/912/912
f 873/872/872 915/914/914 914/913/913
f 874/873/873 916/915/915 915/914/914
f 875/874/874 917/916/916 916/915/915
f 876/875/875 918/917/917 917/916/916
f 877/876/876 919/918/918 918/917/917
f 878/877/877 920/919/919 919/918/918
f 879/878/878 921/920/920 920/919/919
f 880/879/879 922/921/921 921/920/920
f 881/880/880 923/922/922 922/921/921
f 883/881/881 923/922/922 882/882/882
f 884/883/883 924/923/923 883/881/881
f 885/884/884 925/924/924 884/883/883
f 886/885/885 926/925/925 885/884/884
f 887/886/886 927/926/926 886/885/885
f 888/887/887 928/927/927 887/886/886
f 889/888/888 929/928/928 888/887/887
f 890/889/889 930/929/929 889/888/888
f 891/890/890 931/930/930 890/889/889
f 892/891/891 932/931/931 891/890/890
f 893/892/892 933/932/932 892/891/891
f 894/893/893 934/933/933 893/892/892
f 895/894/894 935/934/934 894/893/893
f 896/895/895 936/935/935 895/894/894
f 897/896/896 937/936/936 896/895/895
f 898/897/897 938/937/937 897/896/896
f 899/898/898 939/938/938 898/897/897
f 900/899/899 940/939/939 899/898/898
f 901/900/900 941/940/940 900/899/899
f 902/901/901 942/941/941 901/900/900
f 903/903/903 945/942/942 944/943/943
f 904/902/902 946/944/944 945/942/942
f 905/904/904 947/945/945 946/944/944
f 906/905/905 948/946/946 947/945/945
f 907/906/906 949/947/947 948/946/946
f 908/907/907 950/948/948 949/947/947
f 909/908/908 951/949/949 950/948/948
f 910/909/909 952/950/950 951/949/949
f 911/910/910 953/951/951 952/950/950
f 912/911/911 954/952/952 953/951/951
f 913/912/912 955/953/953 954/952/952
f 914/913/913 956/954/954 955/953/953
f 915/914/914 957/955/955 956/954/954
f 916/915/915 958/956/956 957/955/955
f 917/916/916 959/957/957 958/956/956
f 918/917/917 960/958/958 959/957/957
f 919/918/918 961/959/959 960/958/958
f 920/919/919 962/960/960 961/959/959
f 921/920/920 963/961/961 962/960/960
f 922/921/921 964/962/962 963/961/961
f 924/923/923 964/962/962 923/922/922
f 925/924/924 965/963/963 924/923/923
f 926/925/925 966/964/964 925/924/924
f 927/926/926 967/965/965 926/925/925
f 928/927/927 968/966/966 927/926/926
f 929/928/928 969/967/967 928/927/927
f 930/929/929 970/968/968 929/928/928
f 931/930/930 971/969/969 930/929/929
f 932/931/931 972/970/970 931/930/930
f 933/932/932 973/971/971 932/931/931
f 934/933/933 974/972/972 933/932/932
f 935/934/934 975/973/973 934/933/933
f 936/935/935 976/974/974 935/934/934
f 937/936/936 977/975/975 936/935/935
f 938/937/937 978/976/976 937/936/936
f 939/938/938 979/977/977 938/937/937
f 940/939/939 980/978/978 939/938/938
f 941/940/940 981/979/979 940/939/939
f 942/941/941 982/980/980 941/940/940
f 943/981/981 983/982/982 942/941/941
f 944/943/943 986/983/983 985/984/984
f 945/942/942 987/985/985 986/983/983
f 946/944/944 988/986/986 987/985/985
f 947/945/945 989/987/987 988/986/986
f 948/946/946 990/988/988 989/987/987
f 949/947/947 991/989/989 990/988/988
f 950/948/948 992/990/990 991/989/989
f 951/949/949 993/991/991 992/990/990
f 952/950/950 994/992/992 993/991/991
f 953/951/951 995/993/993 994/992/992
f 954/952/952 996/994/994 995/993/993
f 955/953/953 997/995/995 996/994/994
f 956/954/954 998/996/996 997/995/995
f 957/955/955 999/997/997 998/996/996
f 958/956/956 1000/998/998 999/997/997
f 959/957/957 1001/999/999 1000/998/998
f 960/958/958 1002/1000/1000 1001/999/999
f 961/959/959 1003/1001/1001 1002/1000/1000
f 962/960/960 1004/1002/1002 1003/1001/1001
f 963/961/961 1005/1003/1003 1004/1002/1002
f 965/963/963 1005/1003/1003 964/962/962
f 966/964/964 1006/1004/1004 965/963/963
f 967/965/965 1007/1005/1005 966/964/964
f 968/966/966 1008/1006/1006 967/965/965
f 969/967/967 1009/1007/1007 968/966/966
f 970/968/968 1010/1008/1008 969/967/967
f 971/969/969 1011/1009/1009 970/968/968
f 972/970/970 1012/1010/1010 971/969/969
f 973/971/971 1013/1011/1011 972/970/970
f 974/972/972 1014/1012/1012 973/971/971
f 975/973/973 1015/1013/1013 974/972/972
f 976/974/974 1016/1014/1014 975/973/973
f 977/975/975 1017/1015/1015 976/974/974
f 978/976/976 1018/1016/1016 977/975/975
f 979/977/977 1019/1017/1017 978/976/976
f 980/978/978 1020/1018/1018 979/977/977
f 981/979/979 1021/1019/1019 980/978/978
f 982/980/980 1022/1020/1020 981/979/979
f 983/982/982 1023/1021/1021 982/980/980
f 984/1022/1022 1024/1023/1023 983/982/982
f 985/984/984 1027/1024/1024 1026/1025/1025
f 986/983/983 1028/1026/1026 1027/1024/1024
f 987/985/985 1029/1027/1027 1028/1026/1026
f 988/986/986 1030/1028/1028 1029/1027/1027
f 989/987/987 1031/1029/1029 1030/1028/1028
f 990/988/988 1032/1030/1030 1031/1029/1029
f 991/989/989 1033/1031/1031 1032/1030/1030
f 992/990/990 1034/1032/1032 1033/1031/1031
f 993/991/991 1035/1033/1033 1034/1032/1032
f 994/992/992 1036/1034/1034 1035/1033/1033
f 995/993/993 1037/1035/1035 1036/1034/1034
f 996/994/994 1038/1036/1036 1037/1035/1035
f 997/995/995 1039/1037/1037 1038/1036/1036
f 998/996/996 1040/1038/1038 1039/1037/1037
f 999/997/997 1041/1039/1039 1040/1038/1038
f 1000/998/998 1042/1040/1040 1041/1039/1039
f 1001/999/999 1043/1041/1041 1042/1040/1040
f 1002/1000/1000 1044/1042/1042 1043/1041/1041
f 1003/1001/1001 1045/1043/1043 1044/1042/1042
f 1004/1002/1002 1046/1044/1044 1045/1043/1043
f 1006/1004/1004 1046/1044/1044 1005/1003/1003
f 1007/1005/1005 1047/1045/1045 1006/1004/1004
f 1008/1006/1006 1048/1046/1046 1007/1005/1005
f 1009/1007/1007 1049/1047/1047 1008/1006/1006
f 1010/1008/1008 1050/1048/1048 1009/1007/1007
f 1011/1009/1009 1051/1049/1049 1010/1008/1008
f 1012/1010/1010 1052/1050/1050 1011/1009/1009
f 1013/1011/1011 1053/1051/1051 1012/1010/1010
f 1014/1012/1012 1054/1052/1052 1013/1011/1011
f 1015/1013/1013 1055/1053/1053 1014/1012/1012
f 1016/1014/1014 1056/1054/1054 1015/1013/1013
f 1017/1015/1015 1057/1055/1055 1016/1014/1014
f 1018/1016/1016 1058/1056/1056 1017/1015/1015
f 1019/1017/1017 1059/1057/1057 1018/1016/1016
f 1020/1018/1018 1060/1058/1058 1019/1017/1017
f 1021/1019/1019 1061/1059/1059 1020/1018/1018
f 1022/1020/1020 1062/1060/1060 1021/1019/1019
f 1023/1021/1021 1063/1061/1061 1022/1020/1020
f 1024/1023/1023 1064/1062/1062 1023/1021/1021
f 1025/1063/1063 1065/1064/1064 1024/1023/1023
f 1026/1025/1025 1068/1065/1065 1067/1066/1066
f 1027/1024/1024 1069/1067/1067 1068/1065/1065
f 1028/1026/1026 1070/1068/1068 1069/1067/1067
f 1029/1027/1027 1071/1069/1069 1070/1068/1068
f 1030/1028/1028 1072/1070/1070 1071/1069/1069
f 1031/1029/1029 1073/1071/1071 1072/1070/1070
f 1032/1030/1030 1074/1072/1072 1073/1071/1071
f 1033/1031/1031 1075/1073/1073 1074/1072/1072
f 1034/1032/1032 1076/1074/1074 1075/1073/1073
f 1035/1033/1033 1077/1075/1075 1076/1074/1074
f 1036/1034/1034 1078/1076/1076 1077/1075/1075
f 1037/1035/1035 1079/1077/1077 1078/1076/1076
f 1038/1036/1036 1080/1078/1078 1079/1077/1077
f 1039/1037/1037 1081/1079/1079 1080/1078/1078
f 1040/1038/1038 1082/1080/1080 1081/1079/1079
f 1041/1039/1039 1083/1081/1081 1082/1080/1080
f 1042/1040/1040 1084/1082/1082 1083/1081/1081
f 1043/1041/1041 1085/1083/1083 1084/1082/1082
f 1044/1042/1042 1086/1084/1084 1085/1083/1083
f 1045/1043/1043 1087/1085/1085 1086/1084/1084
f 1047/1045/1045 1087/1085/1085 1046/1044/1044
f 1048/1046/1046 1088/1086/1086 1047/1045/1045
f 1049/1047/1047 1089/1087/1087 1048/1046/1046
f 1050/1048/1048 1090/1088/1088 1049/1047/1047
f 1051/1049/1049 1091/1089/1089 1050/1048/1048
f 1052/1050/1050 1092/1090/1090 1051/1049/1049
f 1053/1051/1051 1093/1091/1091 1052/1050/1050
f 1054/1052/1052 1094/1092/1092 1053/1051/1051
f 1055/1053/1053 1095/1093/1093 1054/1052/1052
f 1056/1054/1054 1096/1094/1094 1055/1053/1053
f 1057/1055/1055 1097/1095/1095 1056/1054/1054
f 1058/1056/1056 1098/1096/1096 1057/1055/1055
f 1059/1057/1057 1099/1097/1097 1058/1056/1056
f 1060/1058/1058 1100/1098/1098 1059/1057/1057
f 1061/1059/1059 1101/1099/1099 1060/1058/1058
f 1062/1060/1060 1102/1100/1100 1061/1059/1059
f 1063/1061/1061 1103/1101/1101 1062/1060/1060
f 1064/1062/1062 1104/1102/1102 1063/1061/1061
f 1065/1064/1064 1105/1103/1103 1064/1062/1062
f 1066/1104/1104 1106/1105/1105 1065/1064/1064
f 1067/1066/1066 1109/1106/1106 1108/1107/1107
f 1068/1065/1065 1110/1108/1108 1109/1106/1106
f 1069/1067/1067 1111/1109/1109 1110/1108/1108
f 1070/1068/1068 1112/1110/1110 1111/1109/1109
f 1071/1069/1069 1113/1111/1111 1112/1110/1110
f 1072/1070/1070 1114/1112/1112 1113/1111/1111
f 1073/1071/1071 1115/1113/1113 1114/1112/1112
f 1074/1072/1072 1116/1114/1114 1115/1113/1113
f 1075/1073/1073 1117/1115/1115 1116/1114/1114
f 1076/1074/1074 1118/1116/1116 1117/1115/1115
f 1077/1075/1075 1119/1117/1117 1118/1116/1116
f 1078/1076/1076 1120/1118/1118 1119/1117/1117
f 1079/1077/1077 1121/1119/1119 1120/1118/1118
f 1080/1078/1078 1122/1120/1120 1121/1119/1119
f 1081/1079/1079 1123/1121/1121 1122/1120/1120
f 1082/1080/1080 1124/1122/1122 1123/1121/1121
f 1083/1081/1081 1125/1123/1123 1124/1122/1122
f 1084/1082/1082 1126/1124/1124 1125/1123/1123
f 1085/1083/1083 1127/1125/1125 1126/1124/1124
f 1086/1084/1084 1128/1126/1126 1127/1125/1125
f 1088/1086/1086 1128/1126/1126 1087/1085/1085
f 1089/1087/1087 1129/1127/1127 1088/1086/1086
f 1090/1088/1088 1130/1128/1128 1089/1087/1087
f 1091/1089/1089 1131/1129/1129 1090/1088/1088
f 1092/1090/1090 1132/1130/1130 1091/1089/1089
f 1093/1091/1091 1133/1131/1131 1092/1090/1090
f 1094/1092/1092 1134/1132/1132 1093/1091/1091
f 1095/1093/1093 1135/1133/1133 1094/1092/1092
f 1096/1094/1094 1136/1134/1134 1095/1093/1093
f 1097/1095/1095 1137/1135/1135 1096/1094/1094
f 1098/1096/1096 1138/1136/1136 1097/1095/1095
f 1099/1097/1097 1139/1137/1137 1098/1096/1096
f 1100/1098/1098 1140/1138/1138 1099/1097/1097
f 1101/1099/1099 1141/1139/1139 1100/1098/1098
f 1102/1100/1100 1142/1140/1140 1101/1099/1099
f 1103/1101/1101 1143/1141/1141 1102/1100/1100
f 1104/1102/1102 1144/1142/1142 1103/1101/1101
f 1105/1103/1103 1145/1143/1143 1104/1102/1102
f 1106/1105/1105 1146/1144/1144 1105/1103/1103
f 1107/1145/1145 1147/1146/1146 1106/1105/1105
f 1108/1107/1107 1150/1147/1147 1149/1148/1148
f 1109/1106/1106 1151/1149/1149 1150/1147/1147
f 1110/1108/1108 1152/1150/1150 1151/1149/1149
f 1111/1109/1109 1153/1151/1151 1152/1150/1150
f 1112/1110/1110 1154/1152/1152 1153/1151/1151
f 1113/1111/1111 1155/1153/1153 1154/1152/1152
f 1114/1112/1112 1156/1154/1154 1155/1153/1153
f 1115/1113/1113 1157/1155/1155 1156/1154/1154
f 1116/1114/1114 1158/1156/1156 1157/1155/1155
f 1117/1115/1115 1159/1157/1157 1158/1156/1156
f 1118/1116/1116 1160/1158/1158 1159/1157/1157
f 1119/1117/1117 1161/1159/1159 1160/1158/1158
f 1120/1118/1118 1162/1160/1160 1161/1159/1159
f 1121/1119/1119 1163/1161/1161 1162/1160/1160
f 1122/1120/1120 1164/1162/1162 1163/1161/1161
f 1123/1121/1121 1165/1163/1163 1164/1162/1162
f 1124/1122/1122 1166/1164/1164 1165/1163/1163
f 1125/1123/1123 1167/1165/1165 1166/1164/1164
f 1126/1124/1124 1168/1166/1166 1167/1165/1165
f 1127/1125/1125 1169/1167/1167 1168/1166/1166
f 1129/1127/1127 1169/1167/1167 1128/1126/1126
f 1130/1128/1128 1170/1168/1168 1129/1127/1127
f 1131/1129/1129 1171/1169/1169 1130/1128/1128
f 1132/1130/1130 1172/1170/1170 1131/1129/1129
f 1133/1131/1131 1173/1171/1171 1132/1130/1130
f 1134/1132/1132 1174/1172/1172 1133/1131/1131
f 1135/1133/1133 1175/1173/1173 1134/1132/1132
f 1136/1134/1134 1176/1174/1174 1135/1133/1133
f 1137/1135/1135 1177/1175/1175 1136/1134/1134
f 1138/1136/1136 1178/1176/1176 1137/1135/1135
f 1139/1137/1137 1179/1177/1177 1138/1136/1136
f 1140/1138/1138 1180/1178/1178 1139/1137/1137
f 1141/1139/1139 1181/1179/1179 1140/1138/1138
f 1142/1140/1140 1182/1180/1180 1141/1139/1139
f 1143/1141/1141 1183/1181/1181 1142/1140/1140
f 1144/1142/1142 1184/1182/1182 1143/1141/1141
f 1145/1143/1143 1185/1183/1183 1144/1142/1142
f 1146/1144/1144 1186/1184/1184 1145/1143/1143
f 1147/1146/1146 1187/1185/1185 1146/1144/1144
f 1148/1186/1186 1188/1187/1187 1147/1146/1146
f 1149/1148/1148 1191/1188/1188 1190/1189/1189
f 1150/1147/1147 1192/1190/1190 1191/1188/1188
f 1151/1149/1149 1193/1191/1191 1192/1190/1190
f 1152/1150/1150 1194/1192/1192 1193/1191/1191
f 1153/1151/1151 1195/1193/1193 1194/1192/1192
f 1154/1152/1152 1196/1194/1194 1195/1193/1193
f 1155/1153/1153 1197/1195/1195 1196/1194/1194
f 1156/1154/1154 1198/1196/1196 1197/1195/1195
f 1157/1155/1155 1199/1197/1197 1198/1196/1196
f 1158/1156/1156 1200/1198/1198 1199/1197/1197
f 1159/1157/1157 1201/1199/1199 1200/1198/1198
f 1160/1158/1158 1202/1200/1200 1201/1199/1199
f 1161/1159/1159 1203/1201/1201 1202/1200/1200
f 1162/1160/1160 1204/1202/1202 1203/1201/1201
f 1163/1161/1161 1205/1203/1203 1204/1202/1202
f 1164/1162/1162 1206/1204/1204 1205/1203/1203
f 1165/1163/1163 1207/1205/1205 1206/1204/1204
f 1166/1164/1164 1208/1206/1206 1207/1205/1205
f 1167/1165/1165 1209/1207/1207 1208/1206/1206
f 1168/1166/1166 1210/1208/1208 1209/1207/1207
f 1170/1168/1168 1210/1208/1208 1169/1167/1167
f 1171/1169/1169 1211/1209/1209 1170/1168/1168
f 1172/1170/1170 1212/1210/1210 1171/1169/1169
f 1173/1171/1171 1213/1211/1211 1172/1170/1170
f 1174/1172/1172 1214/1212/1212 1173/1171/1171
f 1175/1173/1173 1215/1213/1213 1174/1172/1172
f 1176/1174/1174 1216/1214/1214 1175/1173/1173
f 1177/1175/1175 1217/1215/1215 1176/1174/1174
f 1178/1176/1176 1218/1216/1216 1177/1175/1175
f 1179/1177/1177 1219/1217/1217 1178/1176/1176
f 1180/1178/1178 1220/1218/1218 1179/1177/1177
f 1181/1179/1179 1221/1219/1219 1180/1178/1178
f 1182/1180/1180 1222/1220/1220 1181/1179/1179
f 1183/1181/1181 1223/1221/1221 1182/1180/1180
f 1184/1182/1182 1224/1222/1222 1183/1181/1181
f 1185/1183/1183 1225/1223/1223 1184/1182/1182
f 1186/1184/1184 1226/1224/1224 1185/1183/1183
f 1187/1185/1185 1227/1225/1225 1186/1184/1184
f 1188/1187/1187 1228/1226/1226 1187/1185/1185
f 1189/1227/1227 1229/1228/1228 1188/1187/1187
f 1190/1189/1189 1232/1229/1229 1231/1230/1230
f 1191/1188/1188 1233/1231/1231 1232/1229/1229
f 1192/1190/1190 1234/1232/1232 1233/1231/1231
f 1193/1191/1191 1235/1233/1233 1234/1232/1232
f 1194/1192/1192 1236/1234/1234 1235/1233/1233
f 1195/1193/1193 1237/1235/1235 1236/1234/1234
f 1196/1194/1194 1238/1236/1236 1237/1235/1235
f 1197/1195/1195 1239/1237/1237 1238/1236/1236
f 1198/1196/1196 1240/1238/1238 1239/1237/1237
f 1199/1197/1197 1241/1239/1239 1240/1238/1238
f 1200/1198/1198 1242/1240/1240 1241/1239/1239
f 1201/1199/1199 1243/1241/1241 1242/1240/1240
f 1202/1200/1200 1244/1242/1242 1243/1241/1241
f 1203/1201/1201 1245/1243/1243 1244/1242/1242
f 1204/1202/1202 1246/1244/1244 1245/1243/1243
f 1205/1203/1203 1247/1245/1245 1246/1244/1244
f 1206/1204/1204 1248/1246/1246 1247/1245/1245
f 1207/1205/1205 1249/1247/1247 1248/1246/1246
f 1208/1206/1206 1250/1248/1248 1249/1247/1247
f 1209/1207/1207 1251/1249/1249 1250/1248/1248
f 1211/1209/1209 1251/1249/1249 1210/1208/1208
f 1212/1210/1210 1252/1250/1250 1211/1209/1209
f 1213/1211/1211 1253/1251/1251 1212/1210/1210
f 1214/1212/1212 1254/1252/1252 1213/1211/1211
f 1215/1213/1213 1255/1253/1253 1214/1212/1212
f 1216/1214/1214 1256/1254/1254 1215/1213/1213
f 1217/1215/1215 1257/1255/1255 1216/1214/1214
f 1218/1216/1216 1258/1256/1256 1217/1215/1215
f 1219/1217/1217 1259/1257/1257 1218/1216/1216
f 1220/1218/1218 1260/1258/1258 1219/1217/1217
f 1221/1219/1219 1261/1259/1259 1220/1218/1218
f 1222/1220/1220 1262/1260/1260 1221/1219/1219
f 1223/1221/1221 1263/1261/1261 1222/1220/1220
f 1224/1222/1222 1264/1262/1262 1223/1221/1221
f 1225/1223/1223 1265/1263/1263 1224/1222/1222
f 1226/1224/1224 1266/1264/1264 1225/1223/1223
f 1227/1225/1225 1267/1265/1265 1226/1224/1224
f 1228/1226/1226 1268/1266/1266 1227/1225/1225
f 1229/1228/1228 1269/1267/1267 1228/1226/1226
f 1230/1268/1268 1270/1269/1269 1229/1228/1228
f 1231/1230/1230 1273/1270/1270 1272/1271/1271
f 1232/1229/1229 1274/1272/1272 1273/1270/1270
f 1233/1231/1231 1275/1273/1273 1274/1272/1272
f 1234/1232/1232 1276/1274/1274 1275/1273/1273
f 1235/1233/1233 1277/1275/1275 1276/1274/1274
f 1236/1234/1234 1278/1276/1276 1277/1275/1275
f 1237/1235/1235 1279/1277/1277 1278/1276/1276
f 1238/1236/1236 1280/1278/1278 1279/1277/1277
f 1239/1237/1237 1281/1279/1279 1280/1278/1278
f 1240/1238/1238 1282/1280/1280 1281/1279/1279
f 1241/1239/1239 1283/1281/1281 1282/1280/1280
f 1242/1240/1240 1284/1282/1282 1283/1281/1281
f 1243/1241/1241 1285/1283/1283 1284/1282/1282
f 1244/1242/1242 1286/1284/1284 1285/1283/1283
f 1245/1243/1243 1287/1285/1285 1286/1284/1284
f 1246/1244/1244 1288/1286/1286 1287/1285/1285
f 1247/1245/1245 1289/1287/1287 1288/1286/1286
f 1248/1246/1246 1290/1288/1288 1289/1287/1287
f 1249/1247/1247 1291/1289/1289 1290/1288/1288
f 1250/1248/1248 1292/1290/1290 1291/1289/1289
f 1252/1250/1250 1292/1290/1290 1251/1249/1249
f 1253/1251/1251 1293/1291/1291 1252/1250/1250
f 1254/1252/1252 1294/1292/1292 1253/1251/1251
f 1255/1253/1253 1295/1293/1293 1254/1252/1252
f 1256/1254/1254 1296/1294/1294 1255/1253/1253
f 1257/1255/1255 1297/1295/1295 1256/1254/1254
f 1258/1256/1256 1298/1296/1296 1257/1255/1255
f 1259/1257/1257 1299/1297/1297 1258/1256/1256
f 1260/1258/1258 1300/1298/1298 1259/1257/1257
f 1261/1259/1259 1301/1299/1299 1260/1258/1258
f 1262/1260/1260 1302/1300/1300 1261/1259/1259
f 1263/1261/1261 1303/1301/1301 1262/1260/1260
f 1264/1262/1262 1304/1302/1302 1263/1261/1261
f 1265/1263/1263 1305/1303/1303 1264/1262/1262
f 1266/1264/1264 1306/1304/1304 1265/1263/1263
f 1267/1265/1265 1307/1305/1305 1266/1264/1264
f 1268/1266/1266 1308/1306/1306 1267/1265/1265
f 1269/1267/1267 1309/1307/1307 1268/1266/1266
f 1270/1269/1269 1310/1308/1308 1269/1267/1267
f 1271/1309/1309 1311/1310/1310 1270/1269/1269
f 1272/1271/1271 1314/1311/1311 1313/1312/1312
f 1273/1270/1270 1315/1313/1313 1314/1311/1311
f 1274/1272/1272 1316/1314/1314 1315/1313/1313
f 1275/1273/1273 1317/1315/1315 1316/1314/1314
f 1276/1274/1274 1318/1316/1316 1317/1315/1315
f 1277/1275/1275 1319/1317/1317 1318/1316/1316
f 1278/1276/1276 1320/1318/1318 1319/1317/1317
f 1279/1277/1277 1321/1319/1319 1320/1318/1318
f 1280/1278/1278 1322/1320/1320 1321/1319/1319
f 1281/1279/1279 1323/1321/1321 1322/1320/1320
f 1282/1280/1280 1324/1322/1322 1323/1321/1321
f 1283/1281/1281 1325/1323/1323 1324/1322/1322
f 1284/1282/1282 1326/1324/1324 1325/1323/1323
f 1285/1283/1283 1327/1325/1325 1326/1324/1324
f 1286/1284/1284 1328/1326/1326 1327/1325/1325
f 1287/1285/1285 1329/1327/1327 1328/1326/1326
f 1288/1286/1286 1330/1328/1328 1329/1327/1327
f 1289/1287/1287 1331/1329/1329 1330/1328/1328
f 1290/1288/1288 1332/1330/1330 1331/1329/1329
f 1291/1289/1289 1333/1331/1331 1332/1330/1330
f 1293/1291/1291 1333/1331/1331 1292/1290/1290
f 1294/1292/1292 1334/1332/1332 1293/1291/1291
f 1295/1293/1293 1335/1333/1333 1294/1292/1292
f 1296/1294/1294 1336/1334/1334 1295/1293/1293
f 1297/1295/1295 1337/1335/1335 1296/1294/1294
f 1298/1296/1296 1338/1336/1336 1297/1295/1295
f 1299/1297/1297 1339/1337/1337 1298/1296/1296
f 1300/1298/1298 1340/1338/1338 1299/1297/1297
f 1301/1299/1299 1341/1339/1339 1300/1298/1298
f 1302/1300/1300 1342/1340/1340 1301/1299/1299
f 1303/1301/1301 1343/1341/1341 1302/1300/1300
f 1304/1302/1302 1344/1342/1342 1303/1301/1301
f 1305/1303/1303 1345/1343/1343 1304/1302/1302
f 1306/1304/1304 1346/1344/1344 1305/1303/1303
f 1307/1305/1305 1347/1345/1345 1306/1304/1304
f 1308/1306/1306 1348/1346/1346 1307/1305/1305
f 1309/1307/1307 1349/1347/1347 1308/1306/1306
f 1310/1308/1308 1350/1348/1348 1309/1307/1307
f 1311/1310/1310 1351/1349/1349 1310/1308/1308
f 1312/1350/1350 1352/1351/1351 1311/1310/1310
f 1313/1312/1312 1355/1352/1352 1354/1353/1353
f 1314/1311/1311 1356/1354/1354 1355/1352/1352
f 1315/1313/1313 1357/1355/1355 1356/1354/1354
f 1316/1314/1314 1358/1356/1356 1357/1355/1355
f 1317/1315/1315 1359/1357/1357 1358/1356/1356
f 1318/1316/1316 1360/1358/1358 1359/1357/1357
f 1319/1317/1317 1361/1359/1359 1360/1358/1358
f 1320/1318/1318 1362/1360/1360 1361/1359/1359
f 1321/1319/1319 1363/1361/1361 1362/1360/1360
f 1322/1320/1320 1364/1362/1362 1363/1361/1361
f 1323/1321/1321 1365/1363/1363 1364/1362/1362
f 1324/1322/1322 1366/1364/1364 1365/1363/1363
f 1325/1323/1323 1367/1365/1365 1366/1364/1364
f 1326/1324/1324 1368/1366/1366 1367/1365/1365
f 1327/1325/1325 1369/1367/1367 1368/1366/1366
f 1328/1326/1326 1370/1368/1368 1369/1367/1367
f 1329/1327/1327 1371/1369/1369 1370/1368/1368
f 1330/1328/1328 1372/1370/1370 1371/1369/1369
f 1331/1329/1329 1373/1371/1371 1372/1370/1370
f 1332/1330/1330 1374/1372/1372 1373/1371/1371
f 1334/1332/1332 1374/1372/1372 1333/1331/1331
f 1335/1333/1333 1375/1373/1373 1334/1332/1332
f 1336/1334/1334 1376/1374/1374 1335/1333/1333
f 1337/1335/1335 1377/1375/1375 1336/1334/1334
f 1338/1336/1336 1378/1376/1376 1337/1335/1335
f 1339/1337/1337 1379/1377/1377 1338/1336/1336
f 1340/1338/1338 1380/1378/1378 1339/1337/1337
f 1341/1339/1339 1381/1379/1379 1340/1338/1338
f 1342/1340/1340 1382/1380/1380 1341/1339/1339
f 1343/1341/1341 1383/1381/1381 1342/1340/1340
f 1344/1342/1342 1384/1382/1382 1343/1341/1341
f 1345/1343/1343 1385/1383/1383 1344/1342/1342
f 1346/1344/1344 1386/1384/1384 1345/1343/1343
f 1347/1345/1345 1387/1385/1385 1346/1344/1344
f 1348/1346/1346 1388/1386/1386 1347/1345/1345
f 1349/1347/1347 1389/1387/1387 1348/1346/1346
f 1350/1348/1348 1390/1388/1388 1349/1347/1347
f 1351/1349/1349 1391/1389/1389 1350/1348/1348
f 1352/1351/1351 1392/1390/1390 1351/1349/1349
f 1353/1391/1391 1393/1392/1392 1352/1351/1351
f 1354/1353/1353 1396/1393/1393 1395/1394/1394
f 1355/1352/1352 1397/1395/1395 1396/1393/1393
f 1356/1354/1354 1398/1396/1396 1397/1395/1395
f 1357/1355/1355 1399/1397/1397 1398/1396/1396
f 1358/1356/1356 1400/1398/1398 1399/1397/1397
f 1359/1357/1357 1401/1399/1399 1400/1398/1398
f 1360/1358/1358 1402/1400/1400 1401/1399/1399
f 1361/1359/1359 1403/1401/1401 1402/1400/1400
f 1362/1360/1360 1404/1402/1402 1403/1401/1401
f 1363/1361/1361 1405/1403/1403 1404/1402/1402
f 1364/1362/1362 1406/1404/1404 1405/1403/1403
f 1365/1363/1363 1407/1405/1405 1406/1404/1404
f 1366/1364/1364 1408/1406/1406 1407/1405/1405
f 1367/1365/1365 1409/1407/1407 1408/1406/1406
f 1368/1366/1366 1410/1408/1408 1409/1407/1407
f 1369/1367/1367 1411/1409/1409 1410/1408/1408
f 1370/1368/1368 1412/1410/1410 1411/1409/1409
f 1371/1369/1369 1413/1411/1411 1412/1410/1410
f 1372/1370/1370 1414/1412/1412 1413/1411/1411
f 1373/1371/1371 1415/1413/1413 1414/1412/1412
f 1375/1373/1373 1415/1413/1413 1374/1372/1372
f 1376/1374/1374 1416/1414/1414 1375/1373/1373
f 1377/1375/1375 1417/1415/1415 1376/1374/1374
f 1378/1376/1376 1418/1416/1416 1377/1375/1375
f 1379/1377/1377 1419/1417/1417 1378/1376/1376
f 1380/1378/1378 1420/1418/1418 1379/1377/1377
f 1381/1379/1379 1421/1419/1419 1380/1378/1378
f 1382/1380/1380 1422/1420/1420 1381/1379/1379
f 1383/1381/1381 1423/1421/1421 1382/1380/1380
f 1384/1382/1382 1424/1422/1422 1383/1381/1381
f 1385/1383/1383 1425/1423/1423 1384/1382/1382
f 1386/1384/1384 1426/1424/1424 1385/1383/1383
f 1387/1385/1385 1427/1425/1425 1386/1384/1384
f 1388/1386/1386 1428/1426/1426 1387/1385/1385
f 1389/1387/1387 1429/1427/1427 1388/1386/1386
f 1390/1388/1388 1430/1428/1428 1389/1387/1387
f 1391/1389/1389 1431/1429/1429 1390/1388/1388
f 1392/1390/1390 1432/1430/1430 1391/1389/1389
f 1393/1392/1392 1433/1431/1431 1392/1390/1390
f 1394/1432/1432 1434/1433/1433 1393/1392/1392
f 1395/1394/1394 1437/1434/1434 1436/1435/1435
f 1396/1393/1393 1438/1436/1436 1437/1434/1434
f 1397/1395/1395 1439/1437/1437 1438/1436/1436
f 1398/1396/1396 1440/1438/1438 1439/1437/1437
f 1399/1397/1397 1441/1439/1439 1440/1438/1438
f 1400/1398/1398 1442/1440/1440 1441/1439/1439
f 1401/1399/1399 1443/1441/1441 1442/1440/1440
f 1402/1400/1400 1444/1442/1442 1443/1441/1441
f 1403/1401/1401 1445/1443/1443 1444/1442/1442
f 1404/1402/1402 1446/1444/1444 1445/1443/1443
f 1405/1403/1403 1447/1445/1445 1446/1444/1444
f 1406/1404/1404 1448/1446/1446 1447/1445/1445
f 1407/1405/1405 1449/1447/1447 1448/1446/1446
f 1408/1406/1406 1450/1448/1448 1449/1447/1447
f 1409/1407/1407 1451/1449/1449 1450/1448/1448
f 1410/1408/1408 1452/1450/1450 1451/1449/1449
f 1411/1409/1409 1453/1451/1451 1452/1450/1450
f 1412/1410/1410 1454/1452/1452 1453/1451/1451
f 1413/1411/1411 1455/1453/1453 1454/1452/1452
f 1414/1412/1412 1456/1454/1454 1455/1453/1453
f 1416/1414/1414 1456/1454/1454 1415/1413/1413
f 1417/1415/1415 1457/1455/1455 1416/1414/1414
f 1418/1416/1416 1458/1456/1456 1417/1415/1415
f 1419/1417/1417 1459/1457/1457 1418/1416/1416
f 1420/1418/1418 1460/1458/1458 1419/1417/1417
f 1421/1419/1419 1461/1459/1459 1420/1418/1418
f 1422/1420/1420 1462/1460/1460 1421/1419/1419
f 1423/1421/1421 1463/1461/1461 1422/1420/1420
f 1424/1422/1422 1464/1462/1462 1423/1421/1421
f 1425/1423/1423 1465/1463/1463 1424/1422/1422
f 1426/1424/1424 1466/1464/1464 1425/1423/1423
f 1427/1425/1425 1467/1465/1465 1426/1424/1424
f 1428/1426/1426 1468/1466/1466 1427/1425/1425
f 1429/1427/1427 1469/1467/1467 1428/1426/1426
f 1430/1428/1428 1470/1468/1468 1429/1427/1427
f 1431/1429/1429 1471/1469/1469 1430/1428/1428
f 1432/1430/1430 1472/1470/1470 1431/1429/1429
f 1433/1431/1431 1473/1471/1471 1432/1430/1430
f 1434/1433/1433 1474/1472/1472 1433/1431/1431
f 1435/1473/1473 1475/1474/1474 1434/1433/1433
f 1436/1435/1435 1478/1475/1475 1477/1476/1476
f 1437/1434/1434 1479/1477/1477 1478/1475/1475
f 1438/1436/1436 1480/1478/1478 1479/1477/1477
f 1439/1437/1437 1481/1479/1479 1480/1478/1478
f 1440/1438/1438 1482/1480/1480 1481/1479/1479
f 1441/1439/1439 1483/1481/1481 1482/1480/1480
f 1442/1440/1440 1484/1482/1482 1483/1481/1481
f 1443/1441/1441 1485/1483/1483 1484/1482/1482
f 1444/1442/1442 1486/1484/1484 1485/1483/1483
f 1445/1443/1443 1487/1485/1485 1486/1484/1484
f 1446/1444/1444 1488/1486/1486 1487/1485/1485
f 1447/1445/1445 1489/1487/1487 1488/1486/1486
f 1448/1446/1446 1490/1488/1488 1489/1487/1487
f 1449/1447/1447 1491/1489/1489 1490/1488/1488
f 1450/1448/1448 1492/1490/1490 1491/1489/1489
f 1451/1449/1449 1493/1491/1491 1492/1490/1490
f 1452/1450/1450 1494/1492/1492 1493/1491/1491
f 1453/1451/1451 1495/1493/1493 1494/1492/1492
f 1454/1452/1452 1496/1494/1494 1495/1493/1493
f 1455/1453/1453 1497/1495/1495 1496/1494/1494
f 1457/1455/1455 1497/1495/1495 1456/1454/1454
f 1458/1456/1456 1498/1496/1496 1457/1455/1455
f 1459/1457/1457 1499/1497/1497 1458/1456/1456
f 1460/1458/1458 1500/1498/1498 1459/1457/1457
f 1461/1459/1459 1501/1499/1499 1460/1458/1458
f 1462/1460/1460 1502/1500/1500 1461/1459/1459
f 1463/1461/1461 1503/1501/1501 1462/1460/1460
f 1464/1462/1462 1504/1502/1502 1463/1461/1461
f 1465/1463/1463 1505/1503/1503 1464/1462/1462
f 1466/1464/1464 1506/1504/1504 1465/1463/1463
f 1467/1465/1465 1507/1505/1505 1466/1464/1464
f 1468/1466/1466 1508/1506/1506 1467/1465/1465
f 1469/1467/1467 1509/1507/1507 1468/1466/1466
f 1470/1468/1468 1510/1508/1508 1469/1467/1467
f 1471/1469/1469 1511/1509/1509 1470/1468/1468
f 1472/1470/1470 1512/1510/1510 1471/1469/1469
f 1473/1471/1471 1513/1511/1511 1472/1470/1470
f 1474/1472/1472 1514/1512/1512 1473/1471/1471
f 1475/1474/1474 1515/1513/1513 1474/1472/1472
f 1476/1514/1514 1516/1515/1515 1475/1474/1474
f 1477/1476/1476 1519/1516/1516 1518/1517/1517
f 1478/1475/1475 1520/1518/1518 1519/1516/1516
f 1479/1477/1477 1521/1519/1519 1520/1518/1518
f 1480/1478/1478 1522/1520/1520 1521/1519/1519
f 1481/1479/1479 1523/1521/1521 1522/1520/1520
f 1482/1480/1480 1524/1522/1522 1523/1521/1521
f 1483/1481/1481 1525/1523/1523 1524/1522/1522
f 1484/1482/1482 1526/1524/1524 1525/1523/1523
f 1485/1483/1483 1527/1525/1525 1526/1524/1524
f 1486/1484/1484 1528/1526/1526 1527/1525/1525
f 1487/1485/1485 1529/1527/1527 1528/1526/1526
f 1488/1486/1486 1530/1528/1528 1529/1527/1527
f 1489/1487/1487 1531/1529/1529 1530/1528/1528
f 1490/1488/1488 1532/1530/1530 1531/1529/1529
f 1491/1489/1489 1533/1531/1531 1532/1530/1530
f 1492/1490/1490 1534/1532/1532 1533/1531/1531
f 1493/1491/1491 1535/1533/1533 1534/1532/1532
f 1494/1492/1492 1536/1534/1534 1535/1533/1533
f 1495/1493/1493 1537/1535/1535 1536/1534/1534
f 1496/1494/1494 1538/1536/1536 1537/1535/1535
f 1498/1496/1496 1538/1536/1536 1497/1495/1495
f 1499/1497/1497 1539/1537/1537 1498/1496/1496
f 1500/1498/1498 1540/1538/1538 1499/1497/1497
f 1501/1499/1499 1541/1539/1539 1500/1498/1498
f 1502/1500/1500 1542/1540/1540 1501/1499/1499
f 1503/1501/1501 1543/1541/1541 1502/1500/1500
f 1504/1502/1502 1544/1542/1542 1503/1501/1501
f 1505/1503/1503 1545/1543/1543 1504/1502/1502
f 1506/1504/1504 1546/1544/1544 1505/1503/1503
f 1507/1505/1505 1547/1545/1545 1506/1504/1504
f 1508/1506/1506 1548/1546/1546 1507/1505/1505
f 1509/1507/1507 1549/1547/1547 1508/1506/1506
f 1510/1508/1508 1550/1548/1548 1509/1507/1507
f 1511/1509/1509 1551/1549/1549 1510/1508/1508
f 1512/1510/1510 1552/1550/1550 1511/1509/1509
f 1513/1511/1511 1553/1551/1551 1512/1510/1510
f 1514/1512/1512 1554/1552/1552 1513/1511/1511
f 1515/1513/1513 1555/1553/1553 1514/1512/1512
f 1516/1515/1515 1556/1554/1554 1515/1513/1513
f 1517/1555/1555 1557/1556/1556 1516/1515/1515
f 1518/1517/1517 1560/1557/1557 1559/1558/1558
f 1519/1516/1516 1561/1559/1559 1560/1557/1557
f 1520/1518/1518 1562/1560/1560 1561/1559/1559
f 1521/1519/1519 1563/1561/1561 1562/1560/1560
f 1522/1520/1520 1564/1562/1562 1563/1561/1561
f 1523/1521/1521 1565/1563/1563 1564/1562/1562
f 1524/1522/1522 1566/1564/1564 1565/1563/1563
f 1525/1523/1523 1567/1565/1565 1566/1564/1564
f 1526/1524/1524 1568/1566/1566 1567/1565/1565
f 1527/1525/1525 1569/1567/1567 1568/1566/1566
f 1528/1526/1526 1570/1568/1568 1569/1567/1567
f 1529/1527/1527 1571/1569/1569 1570/1568/1568
f 1530/1528/1528 1572/1570/1570 1571/1569/1569
f 1531/1529/1529 1573/1571/1571 1572/1570/1570
f 1532/1530/1530 1574/1572/1572 1573/1571/1571
f 1533/1531/1531 1575/1573/1573 1574/1572/1572
f 1534/1532/1532 1576/1574/1574 1575/1573/1573
f 1535/1533/1533 1577/1575/1575 1576/1574/1574
f 1536/1534/1534 1578/1576/1576 1577/1575/1575
f 1537/1535/1535 1579/1577/1577 1578/1576/1576
f 1539/1537/1537 1579/1577/1577 1538/1536/1536
f 1540/1538/1538 1580/1578/1578 1539/1537/1537
f 1541/1539/1539 1581/1579/1579 1540/1538/1538
f 1542/1540/1540 1582/1580/1580 1541/1539/1539
f 1543/1541/1541 1583/1581/1581 1542/1540/1540
f 1544/1542/1542 1584/1582/1582 1543/1541/1541
f 1545/1543/1543 1585/1583/1583 1544/1542/1542
f 1546/1544/1544 1586/1584/1584 1545/1543/1543
f 1547/1545/1545 1587/1585/1585 1546/1544/1544
f 1548/1546/1546 1588/1586/1586 1547/1545/1545
f 1549/1547/1547 1589/1587/1587 1548/1546/1546
f 1550/1548/1548 1590/1588/1588 1549/1547/1547
f 1551/1549/1549 1591/1589/1589 1550/1548/1548
f 1552/1550/1550 1592/1590/1590 1551/1549/1549
f 1553/1551/1551 1593/1591/1591 1552/1550/1550
f 1554/1552/1552 1594/1592/1592 1553/1551/1551
f 1555/1553/1553 1595/1593/1593 1554/1552/1552
f 1556/1554/1554 1596/1594/1594 1555/1553/1553
f 1557/1556/1556 1597/1595/1595 1556/1554/1554
f 1558/1596/1596 1598/1597/1597 1557/1556/1556
f 1559/1558/1558 1601/1598/1598 1600/1599/1599
f 1560/1557/1557 1602/1600/1600 1601/1598/1598
f 1561/1559/1559 1603/1601/1601 1602/1600/1600
f 1562/1560/1560 1604/1602/1602 1603/1601/1601
f 1563/1561/1561 1605/1603/1603 1604/1602/1602
f 1564/1562/1562 1606/1604/1604 1605/1603/1603
f 1565/1563/1563 1607/1605/1605 1606/1604/1604
f 1566/1564/1564 1608/1606/1606 1607/1605/1605
f 1567/1565/1565 1609/1607/1607 1608/1606/1606
f 1568/1566/1566 1610/1608/1608 1609/1607/1607
f 1569/1567/1567 1611/1609/1609 1610/1608/1608
f 1570/1568/1568 1612/1610/1610 1611/1609/1609
f 1571/1569/1569 1613/1611/1611 1612/1610/1610
f 1572/1570/1570 1614/1612/1612 1613/1611/1611
f 1573/1571/1571 1615/1613/1613 1614/1612/1612
f 1574/1572/1572 1616/1614/1614 1615/1613/1613
f 1575/1573/1573 1617/1615/1615 1616/1614/1614
f 1576/1574/1574 1618/1616/1616 1617/1615/1615
f 1577/1575/1575 1619/1617/1617 1618/1616/1616
f 1578/1576/1576 1620/1618/1618 1619/1617/1617
f 1580/1578/1578 1620/1618/1618 1579/1577/1577
f 1581/1579/1579 1621/1619/1619 1580/1578/1578
f 1582/1580/1580 1622/1620/1620 1581/1579/1579
f 1583/1581/1581 1623/1621/1621 1582/1580/1580
f 1584/1582/1582 1624/1622/1622 1583/1581/1581
f 1585/1583/1583 1625/1623/1623 1584/1582/1582
f 1586/1584/1584 1626/1624/1624 1585/1583/1583
f 1587/1585/1585 1627/1625/1625 1586/1584/1584
f 1588/1586/1586 1628/1626/1626 1587/1585/1585
f 1589/1587/1587 1629/1627/1627 1588/1586/1586
f 1590/1588/1588 1630/1628/1628 1589/1587/1587
f 1591/1589/1589 1631/1629/1629 1590/1588/1588
f 1592/1590/1590 1632/1630/1630 1591/1589/1589
f 1593/1591/1591 1633/1631/1631 1592/1590/1590
f 1594/1592/1592 1634/1632/1632 1593/1591/1591
f 1595/1593/1593 1635/1633/1633 1594/1592/1592
f 1596/1594/1594 1636/1634/1634 1595/1593/1593
f 1597/1595/1595 1637/1635/1635 1596/1594/1594
f 1598/1597/1597 1638/1636/1636 1597/1595/1595
f 1599/1637/1637 1639/1638/1638 1598/1597/1597
f 1600/1599/1599 1642/1639/1639 1641/1640/1640
f 1601/1598/1598 1643/1641/1641 1642/1639/1639
f 1602/1600/1600 1644/1642/1642 1643/1641/1641
f 1603/1601/1601 1645/1643/1643 1644/1642/1642
f 1604/1602/1602 1646/1644/1644 1645/1643/1643
f 1605/1603/1603 1647/1645/1645 1646/1644/1644
f 1606/1604/1604 1648/1646/1646 1647/1645/1645
f 1607/1605/1605 1649/1647/1647 1648/1646/1646
f 1608/1606/1606 1650/1648/1648 1649/1647/1647
f 1609/1607/1607 1651/1649/1649 1650/1648/1648
f 1610/1608/1608 1652/1650/1650 1651/1649/1649
f 1611/1609/1609 1653/1651/1651 1652/1650/1650
f 1612/1610/1610 1654/1652/1652 1653/1651/1651
f 1613/1611/1611 1655/1653/1653 1654/1652/1652
f 1614/1612/1612 1656/1654/1654 1655/1653/1653
f 1615/1613/1613 1657/1655/1655 1656/1654/1654
f 1616/1614/1614 1658/1656/1656 1657/1655/1655
f 1617/1615/1615 1659/1657/1657 1658/1656/1656
f 1618/1616/1616 1660/1658/1658 1659/1657/1657
f 1619/1617/1617 1661/1659/1659 1660/1658/1658
f 1621/1619/1619 1661/1659/1659 1620/1618/1618
f 1622/1620/1620 1662/1660/1660 1621/1619/1619
f 1623/1621/1621 1663/1661/1661 1622/1620/1620
f 1624/1622/1622 1664/1662/1662 1623/1621/1621
f 1625/1623/1623 1665/1663/1663 1624/1622/1622
f 1626/1624/1624 1666/1664/1664 1625/1623/1623
f 1627/1625/1625 1667/1665/1665 1626/1624/1624
f 1628/1626/1626 1668/1666/1666 1627/1625/1625
f 1629/1627/1627 1669/1667/1667 1628/1626/1626
f 1630/1628/1628 1670/1668/1668 1629/1627/1627
f 1631/1629/1629 1671/1669/1669 1630/1628/1628
f 1632/1630/1630 1672/1670/1670 1631/1629/1629
f 1633/1631/1631 1673/1671/1671 1632/1630/1630
f 1634/1632/1632 1674/1672/1672 1633/1631/1631
f 1635/1633/1633 1675/1673/1673 1634/1632/1632
f 1636/1634/1634 1676/1674/1674 1635/1633/1633
f 1637/1635/1635 1677/1675/1675 1636/1634/1634
f 1638/1636/1636 1678/1676/1676 1637/1635/1635
f 1639/1638/1638 1679/1677/1677 1638/1636/1636
f 1640/1678/1678 1680/1679/1679 1639/1638/1638
f 1641/1640/1640 1683/1680/1680 1682/1681/1681
f 1642/1639/1639 1684/1682/1682 1683/1680/1680
f 1643/1641/1641 1685/1683/1683 1684/1682/1682
f 1644/1642/1642 1686/1684/1684 1685/1683/1683
f 1645/1643/1643 1687/1685/1685 1686/1684/1684
f 1646/1644/1644 1688/1686/1686 1687/1685/1685
f 1647/1645/1645 1689/1687/1687 1688/1686/1686
f 1648/1646/1646 1690/1688/1688 1689/1687/1687
f 1649/1647/1647 1691/1689/1689 1690/1688/1688
f 1650/1648/1648 1692/1690/1690 1691/1689/1689
f 1651/1649/1649 1693/1691/1691 1692/1690/1690
f 1652/1650/1650 1694/1692/1692 1693/1691/1691
f 1653/1651/1651 1695/1693/1693 1694/1692/1692
f 1654/1652/1652 1696/1694/1694 1695/1693/1693
f 1655/1653/1653 1697/1695/1695 1696/1694/1694
f 1656/1654/1654 1698/1696/1696 1697/1695/1695
f 1657/1655/1655 1699/1697/1697 1698/1696/1696
f 1658/1656/1656 1700/1698/1698 1699/1697/1697
f 1659/1657/1657 1701/1699/1699 1700/1698/1698
f 1660/1658/1658 1702/1700/1700 1701/1699/1699
f 1662/1660/1660 1702/1700/1700 1661/1659/1659
f 1663/1661/1661 1703/1701/1701 1662/1660/1660
f 1664/1662/1662 1704/1702/1702 1663/1661/1661
f 1665/1663/1663 1705/1703/1703 1664/1662/1662
f 1666/1664/1664 1706/1704/1704 1665/1663/1663
f 1667/1665/1665 1707/1705/1705 1666/1664/1664
f 1668/1666/1666 1708/1706/1706 1667/1665/1665
f 1669/1667/1667 1709/1707/1707 1668/1666/1666
f 1670/1668/1668 1710/1708/1708 1669/1667/1667
f 1671/1669/1669 1711/1709/1709 1670/1668/1668
f 1672/1670/1670 1712/1710/1710 1671/1669/1669
f 1673/1671/1671 1713/1711/1711 1672/1670/1670
f 1674/1672/1672 1714/1712/1712 1673/1671/1671
f 1675/1673/1673 1715/1713/1713 1674/1672/1672
f 1676/1674/1674 1716/1714/1714 1675/1673/1673
f 1677/1675/1675 1717/1715/1715 1676/1674/1674
f 1678/1676/1676 1718/1716/1716 1677/1675/1675
f 1679/1677/1677 1719/1717/1717 1678/1676/1676
f 1680/1679/1679 1720/1718/1718 1679/1677/1677
f 1681/1719/1719 1721/1720/1720 1680/1679/1679
f 1682/1681/1681 1724/1721/1721 1723/1722/1722
f 1683/1680/1680 1725/1723/1723 1724/1721/1721
f 1684/1682/1682 1726/1724/1724 1725/1723/1723
f 1685/1683/1683 1727/1725/1725 1726/1724/1724
f 1686/1684/1684 1728/1726/1726 1727/1725/1725
f 1687/1685/1685 1729/1727/1727 1728/1726/1726
f 1688/1686/1686 1730/1728/1728 1729/1727/1727
f 1689/1687/1687 1731/1729/1729 1730/1728/1728
f 1690/1688/1688 1732/1730/1730 1731/1729/1729
f 1691/1689/1689 1733/1731/1731 1732/1730/1730
f 1692/1690/1690 1734/1732/1732 1733/1731/1731
f 1693/1691/1691 1735/1733/1733 1734/1732/1732
f 1694/1692/1692 1736/1734/1734 1735/1733/1733
f 1695/1693/1693 1737/1735/1735 1736/1734/1734
f 1696/1694/1694 1738/1736/1736 1737/1735/1735
f 1697/1695/1695 1739/1737/1737 1738/1736/1736
f 1698/1696/1696 1740/1738/1738 1739/1737/1737
f 1699/1697/1697 1741/1739/1739 1740/1738/1738
f 1700/1698/1698 1742/1740/1740 1741/1739/1739
f 1701/1699/1699 1743/1741/1741 1742/1740/1740
f 1703/1701/1701 1743/1741/1741 1702/1700/1700
f 1704/1702/1702 1744/1742/1742 1703/1701/1701
f 1705/1703/1703 1745/1743/1743 1704/1702/1702
f 1706/1704/1704 1746/1744/1744 1705/1703/1703
f 1707/1705/1705 1747/1745/1745 1706/1704/1704
f 1708/1706/1706 1748/1746/1746 1707/1705/1705
f 1709/1707/1707 1749/1747/1747 1708/1706/1706
f 1710/1708/1708 1750/1748/1748 1709/1707/1707
f 1711/1709/1709 1751/1749/1749 1710/1708/1708
f 1712/1710/1710 1752/1750/1750 1711/1709/1709
f 1713/1711/1711 1753/1751/1751 1712/1710/1710
f 1714/1712/1712 1754/1752/1752 1713/1711/1711
f 1715/1713/1713 1755/1753/1753 1714/1712/1712
f 1716/1714/1714 1756/1754/1754 1715/1713/1713
f 1717/1715/1715 1757/1755/1755 1716/1714/1714
f 1718/1716/1716 1758/1756/1756 1717/1715/1715
f 1719/1717/1717 1759/1757/1757 1718/1716/1716
f 1720/1718/1718 1760/1758/1758 1719/1717/1717
f 1721/1720/1720 1761/1759/1759 1720/1718/1718
f 1722/1760/1760 1762/1761/1761 1721/1720/1720
f 1723/1722/1722 1765/1762/1762 1764/1763/1763
f 1724/1721/1721 1766/1764/1764 1765/1762/1762
f 1725/1723/1723 1767/1765/1765 1766/1764/1764
f 1726/1724/1724 1768/1766/1766 1767/1765/1765
f 1727/1725/1725 1769/1767/1767 1768/1766/1766
f 1728/1726/1726 1770/1768/1768 1769/1767/1767
f 1729/1727/1727 1771/1769/1769 1770/1768/1768
f 1730/1728/1728 1772/1770/1770 1771/1769/1769
f 1731/1729/1729 1773/1771/1771 1772/1770/1770
f 1732/1730/1730 1774/1772/1772 1773/1771/1771
f 1733/1731/1731 1775/1773/1773 1774/1772/1772
f 1734/1732/1732 1776/1774/1774 1775/1773/1773
f 1735/1733/1733 1777/1775/1775 1776/1774/1774
f 1736/1734/1734 1778/1776/1776 1777/1775/1775
f 1737/1735/1735 1779/1777/1777 1778/1776/1776
f 1738/1736/1736 1780/1778/1778 1779/1777/1777
f 1739/1737/1737 1781/1779/1779 1780/1778/1778
f 1740/1738/1738 1782/1780/1780 1781/1779/1779
f 1741/1739/1739 1783/1781/1781 1782/1780/1780
f 1742/1740/1740 1784/1782/1782 1783/1781/1781
f 1744/1742/1742 1784/1782/1782 1743/1741/1741
f 1745/1743/1743 1785/1783/1783 1744/1742/1742
f 1746/1744/1744 1786/1784/1784 1745/1743/1743
f 1747/1745/1745 1787/1785/1785 1746/1744/1744
f 1748/1746/1746 1788/1786/1786 1747/1745/1745
f 1749/1747/1747 1789/1787/1787 1748/1746/1746
f 1750/1748/1748 1790/1788/1788 1749/1747/1747
f 1751/1749/1749 1791/1789/1789 1750/1748/1748
f 1752/1750/1750 1792/1790/1790 1751/1749/1749
f 1753/1751/1751 1793/1791/1791 1752/1750/1750
f 1754/1752/1752 1794/1792/1792 1753/1751/1751
f 1755/1753/1753 1795/1793/1793 1754/1752/1752
f 1756/1754/1754 1796/1794/1794 1755/1753/1753
f 1757/1755/1755 1797/1795/1795 1756/1754/1754
f 1758/1756/1756 1798/1796/1796 1757/1755/1755
f 1759/1757/1757 1799/1797/1797 1758/1756/1756
f 1760/1758/1758 1800/1798/1798 1759/1757/1757
f 1761/1759/1759 1801/1799/1799 1760/1758/1758
f 1762/1761/1761 1802/1800/1800 1761/1759/1759
f 1763/1801/1801 1803/1802/1802 1762/1761/1761
f 1764/1763/1763 1806/1803/1803 1805/1804/1804
f 1765/1762/1762 1807/1805/1805 1806/1803/1803
f 1766/1764/1764 1808/1806/1806 1807/1805/1805
f 1767/1765/1765 1809/1807/1807 1808/1806/1806
f 1768/1766/1766 1810/1808/1808 1809/1807/1807
f 1769/1767/1767 1811/1809/1809 1810/1808/1808
f 1770/1768/1768 1812/1810/1810 1811/1809/1809
f 1771/1769/1769 1813/1811/1811 1812/1810/1810
f 1772/1770/1770 1814/1812/1812 1813/1811/1811
f 1773/1771/1771 1815/1813/1813 1814/1812/1812
f 1774/1772/1772 1816/1814/1814 1815/1813/1813
f 1775/1773/1773 1817/1815/1815 1816/1814/1814
f 1776/1774/1774 1818/1816/1816 1817/1815/1815
f 1777/1775/1775 1819/1817/1817 1818/1816/1816
f 1778/1776/1776 1820/1818/1818 1819/1817/1817
f 1779/1777/1777 1821/1819/1819 1820/1818/1818
f 1780/1778/1778 1822/1820/1820 1821/1819/1819
f 1781/1779/1779 1823/1821/1821 1822/1820/1820
f 1782/1780/1780 1824/1822/1822 1823/1821/1821
f 1783/1781/1781 1825/1823/1823 1824/1822/1822
f 1785/1783/1783 1825/1823/1823 1784/1782/1782
f 1786/1784/1784 1826/1824/1824 1785/1783/1783
f 1787/1785/1785 1827/1825/1825 1786/1784/1784
f 1788/1786/1786 1828/1826/1826 1787/1785/1785
f 1789/1787/1787 1829/1827/1827 1788/1786/1786
f 1790/1788/1788 1830/1828/1828 1789/1787/1787
f 1791/1789/1789 1831/1829/1829 1790/1788/1788
f 1792/1790/1790 1832/1830/1830 1791/1789/1789
f 1793/1791/1791 1833/1831/1831 1792/1790/1790
f 1794/1792/1792 1834/1832/1832 1793/1791/1791
f 1795/1793/1793 1835/1833/1833 1794/1792/1792
f 1796/1794/1794 1836/1834/1834 1795/1793/1793
f 1797/1795/1795 1837/1835/1835 1796/1794/1794
f 1798/1796/1796 1838/1836/1836 1797/1795/1795
f 1799/1797/1797 1839/1837/1837 1798/1796/1796
f 1800/1798/1798 1840/1838/1838 1799/1797/1797
f 1801/1799/1799 1841/1839/1839 1800/1798/1798
f 1802/1800/1800 1842/1840/1840 1801/1799/1799
f 1803/1802/1802 1843/1841/1841 1802/1800/1800
f 1804/1842/1842 1844/1843/1843 1803/1802/1802
f 1805/1804/1804 1847/1844/1844 1846/1845/1845
f 1806/1803/1803 1848/1846/1846 1847/1844/1844
f 1807/1805/1805 1849/1847/1847 1848/1846/1846
f 1808/1806/1806 1850/1848/1848 1849/1847/1847
f 1809/1807/1807 1851/1849/1849 1850/1848/1848
f 1810/1808/1808 1852/1850/1850 1851/1849/1849
f 1811/1809/1809 1853/1851/1851 1852/1850/1850
f 1812/1810/1810 1854/1852/1852 1853/1851/1851
f 1813/1811/1811 1855/1853/1853 1854/1852/1852
f 1814/1812/1812 1856/1854/1854 1855/1853/1853
f 1815/1813/1813 1857/1855/1855 1856/1854/1854
f 1816/1814/1814 1858/1856/1856 1857/1855/1855
f 1817/1815/1815 1859/1857/1857 1858/1856/1856
f 1818/1816/1816 1860/1858/1858 1859/1857/1857
f 1819/1817/1817 1861/1859/1859 1860/1858/1858
f 1820/1818/1818 1862/1860/1860 1861/1859/1859
f 1821/1819/1819 1863/1861/1861 1862/1860/1860
f 1822/1820/1820 1864/1862/1862 1863/1861/1861
f 1823/1821/1821 1865/1863/1863 1864/1862/1862
f 1824/1822/1822 1866/1864/1864 1865/1863/1863
f 1826/1824/1824 1866/1864/1864 1825/1823/1823
f 1827/1825/1825 1867/1865/1865 1826/1824/1824
f 1828/1826/1826 1868/1866/1866 1827/1825/1825
f 1829/1827/1827 1869/1867/1867 1828/1826/1826
f 1830/1828/1828 1870/1868/1868 1829/1827/1827
f 1831/1829/1829 1871/1869/1869 1830/1828/1828
f 1832/1830/1830 1872/1870/1870 1831/1829/1829
f 1833/1831/1831 1873/1871/1871 1832/1830/1830
f 1834/1832/1832 1874/1872/1872 1833/1831/1831
f 1835/1833/1833 1875/1873/1873 1834/1832/1832
f 1836/1834/1834 1876/1874/1874 1835/1833/1833
f 1837/1835/1835 1877/1875/1875 1836/1834/1834
f 1838/1836/1836 1878/1876/1876 1837/1835/1835
f 1839/1837/1837 1879/1877/1877 1838/1836/1836
f 1840/1838/1838 1880/1878/1878 1839/1837/1837
f 1841/1839/1839 1881/1879/1879 1840/1838/1838
f 1842/1840/1840 1882/1880/1880 1841/1839/1839
f 1843/1841/1841 1883/1881/1881 1842/1840/1840
f 1844/1843/1843 1884/1882/1882 1843/1841/1841
f 1845/1883/1883 1885/1884/1884 1844/1843/1843
f 1846/1845/1845 1888/1885/1885 1887/1886/1886
f 1847/1844/1844 1889/1887/1887 1888/1885/1885
f 1848/1846/1846 1890/1888/1888 1889/1887/1887
f 1849/1847/1847 1891/1889/1889 1890/1888/1888
f 1850/1848/1848 1892/1890/1890 1891/1889/1889
f 1851/1849/1849 1893/1891/1891 1892/1890/1890
f 1852/1850/1850 1894/1892/1892 1893/1891/1891
f 1853/1851/1851 1895/1893/1893 1894/1892/1892
f 1854/1852/1852 1896/1894/1894 1895/1893/1893
f 1855/1853/1853 1897/1895/1895 1896/1894/1894
f 1856/1854/1854 1898/1896/1896 1897/1895/1895
f 1857/1855/1855 1899/1897/1897 1898/1896/1896
f 1858/1856/1856 1900/1898/1898 1899/1897/1897
f 1859/1857/1857 1901/1899/1899 1900/1898/1898
f 1860/1858/1858 1902/1900/1900 1901/1899/1899
f 1861/1859/1859 1903/1901/1901 1902/1900/1900
f 1862/1860/1860 1904/1902/1902 1903/1901/1901
f 1863/1861/1861 1905/1903/1903 1904/1902/1902
f 1864/1862/1862 1906/1904/1904 1905/1903/1903
f 1865/1863/1863 1907/1905/1905 1906/1904/1904
f 1867/1865/1865 1907/1905/1905 1866/1864/1864
f 1868/1866/1866 1908/1906/1906 1867/1865/1865
f 1869/1867/1867 1909/1907/1907 1868/1866/1866
f 1870/1868/1868 1910/1908/1908 1869/1867/1867
f 1871/1869/1869 1911/1909/1909 1870/1868/1868
f 1872/1870/1870 1912/1910/1910 1871/1869/1869
f 1873/1871/1871 1913/1911/1911 1872/1870/1870
f 1874/1872/1872 1914/1912/1912 1873/1871/1871
f 1875/1873/1873 1915/1913/1913 1874/1872/1872
f 1876/1874/1874 1916/1914/1914 1875/1873/1873
f 1877/1875/1875 1917/1915/1915 1876/1874/1874
f 1878/1876/1876 1918/1916/1916 1877/1875/1875
f 1879/1877/1877 1919/1917/1917 1878/1876/1876
f 1880/1878/1878 1920/1918/1918 1879/1877/1877
f 1881/1879/1879 1921/1919/1919 1880/1878/1878
f 1882/1880/1880 1922/1920/1920 1881/1879/1879
f 1883/1881/1881 1923/1921/1921 1882/1880/1880
f 1884/1882/1882 1924/1922/1922 1883/1881/1881
f 1885/1884/1884 1925/1923/1923 1884/1882/1882
f 1886/1924/1924 1926/1925/1925 1885/1884/1884
f 1887/1886/1886 1929/1926/1926 1928/1927/1927
f 1888/1885/1885 1930/1928/1928 1929/1926/1926
f 1889/1887/1887 1931/1929/1929 1930/1928/1928
f 1890/1888/1888 1932/1930/1930 1931/1929/1929
f 1891/1889/1889 1933/1931/1931 1932/1930/1930
f 1892/1890/1890 1934/1932/1932 1933/1931/1931
f 1893/1891/1891 1935/1933/1933 1934/1932/1932
f 1894/1892/1892 1936/1934/1934 1935/1933/1933
f 1895/1893/1893 1937/1935/1935 1936/1934/1934
f 1896/1894/1894 1938/1936/1936 1937/1935/1935
f 1897/1895/1895 1939/1937/1937 1938/1936/1936
f 1898/1896/1896 1940/1938/1938 1939/1937/1937
f 1899/1897/1897 1941/1939/1939 1940/1938/1938
f 1900/1898/1898 1942/1940/1940 1941/1939/1939
f 1901/1899/1899 1943/1941/1941 1942/1940/1940
f 1902/1900/1900 1944/1942/1942 1943/1941/1941
f 1903/1901/1901 1945/1943/1943 1944/1942/1942
f 1904/1902/1902 1946/1944/1944 1945/1943/1943
f 1905/1903/1903 1947/1945/1945 1946/1944/1944
f 1906/1904/1904 1948/1946/1946 1947/1945/1945
f 1908/1906/1906 1948/1946/1946 1907/1905/1905
f 1909/1907/1907 1949/1947/1947 1908/1906/1906
f 1910/1908/1908 1950/1948/1948 1909/1907/1907
f 1911/1909/1909 1951/1949/1949 1910/1908/1908
f 1912/1910/1910 1952/1950/1950 1911/1909/1909
f 1913/1911/1911 1953/1951/1951 1912/1910/1910
f 1914/1912/1912 1954/1952/1952 1913/1911/1911
f 1915/1913/1913 1955/1953/1953 1914/1912/1912
f 1916/1914/1914 1956/1954/1954 1915/1913/1913
f 1917/1915/1915 1957/1955/1955 1916/1914/1914
f 1918/1916/1916 1958/1956/1956 1917/1915/1915
f 1919/1917/1917 1959/1957/1957 1918/1916/1916
f 1920/1918/1918 1960/1958/1958 1919/1917/1917
f 1921/1919/1919 1961/1959/1959 1920/1918/1918
f 1922/1920/1920 1962/1960/1960 1921/1919/1919
f 1923/1921/1921 1963/1961/1961 1922/1920/1920
f 1924/1922/1922 1964/1962/1962 1923/1921/1921
f 1925/1923/1923 1965/1963/1963 1924/1922/1922
f 1926/1925/1925 1966/1964/1964 1925/1923/1923
f 1927/1965/1965 1967/1966/1966 1926/1925/1925
f 1928/1927/1967 1970/1967/1967 1969/1968/1967
f 1929/1926/1926 1971/1969/1968 1970/1967/1969
f 1930/1928/1928 1972/1970/1970 1971/1969/1968
f 1931/1929/1929 1973/1971/1971 1972/1970/1970
f 1932/1930/1930 1974/1972/1972 1973/1971/1971
f 1933/1931/1931 1975/1973/1973 1974/1972/1972
f 1934/1932/1932 1976/1974/1974 1975/1973/1973
f 1935/1933/1933 1977/1975/1975 1976/1974/1974
f 1936/1934/1934 1978/1976/1976 1977/1975/1975
f 1937/1935/1935 1979/1977/1977 1978/1976/1976
f 1938/1936/1936 1980/1978/1978 1979/1977/1977
f 1939/1937/1937 1981/1979/1979 1980/1978/1978
f 1940/1938/1938 1982/1980/1980 1981/1979/1979
f 1941/1939/1939 1983/1981/1981 1982/1980/1980
f 1942/1940/1940 1984/1982/1982 1983/1981/1981
f 1943/1941/1941 1985/1983/1983 1984/1982/1982
f 1944/1942/1942 1986/1984/1984 1985/1983/1983
f 1945/1943/1943 1987/1985/1985 1986/1984/1984
f 1946/1944/1944 1988/1986/1986 1987/1985/1985
f 1947/1945/1945 3842/1987/1987 1988/1986/1986
f 1949/1947/1947 3842/1987/1987 1948/1946/1946
f 1950/1948/1948 1989/1988/1988 1949/1947/1947
f 1951/1949/1949 1990/1989/1989 1950/1948/1948
f 1952/1950/1950 1991/1990/1990 1951/1949/1949
f 1953/1951/1951 1992/1991/1991 1952/1950/1950
f 1954/1952/1952 1993/1992/1992 1953/1951/1951
f 1955/1953/1953 1994/1993/1993 1954/1952/1952
f 1956/1954/1954 1995/1994/1994 1955/1953/1953
f 1957/1955/1955 1996/1995/1995 1956/1954/1954
f 1958/1956/1956 1997/1996/1996 1957/1955/1955
f 1959/1957/1957 1998/1997/1997 1958/1956/1956
f 1960/1958/1958 1999/1998/1998 1959/1957/1957
f 1961/1959/1959 2000/1999/1999 1960/1958/1958
f 1962/1960/1960 2001/2000/2000 1961/1959/1959
f 1963/1961/1961 2002/2001/2001 1962/1960/1960
f 1964/1962/1962 2003/2002/2002 1963/1961/1961
f 1965/1963/1963 2004/2003/2003 1964/1962/1962
f 1966/1964/1964 2005/2004/2004 1965/1963/1963
f 1967/1966/1966 2006/2005/2005 1966/1964/1964
f 1968/2006/2006 2007/2007/2007 1967/1966/1966
f 2009/81/2008 1/80/2009 42/121/2010
f 2010/79/2011 2/78/2012 2009/81/2008
f 2011/77/2013 3/76/2014 2010/79/2011
f 2012/75/2015 4/74/2016 2011/77/2013
f 2013/73/2017 5/72/2018 2012/75/2015
f 2014/71/2019 6/70/2020 2013/73/2017
f 2015/69/2021 7/68/2022 2014/71/2019
f 2016/67/2023 8/66/2024 2015/69/2021
f 2017/65/2025 9/64/2026 2016/67/2023
f 2018/63/2027 10/62/2028 2017/65/2025
f 2019/61/2029 11/60/2030 2018/63/2027
f 2020/59/2031 12/58/2032 2019/61/2029
f 2021/57/2033 13/56/2034 2020/59/2031
f 2022/55/2035 14/54/2036 2021/57/2033
f 2023/53/2037 15/52/2038 2022/55/2035
f 2024/51/2039 16/50/2040 2023/53/2037
f 2025/49/2041 17/48/2042 2024/51/2039
f 2026/47/2043 18/46/2044 2025/49/2041
f 2027/45/2045 19/44/2046 2026/47/2043
f 2028/41/2047 20/42/2048 2027/45/2045
f 2028/41/2047 22/40/2049 21/43/2050
f 2029/39/2051 23/38/2052 22/40/2049
f 2030/37/2053 24/36/2054 23/38/2052
f 2031/35/2055 25/34/2056 24/36/2054
f 2032/33/2057 26/32/2058 25/34/2056
f 2033/31/2059 27/30/2060 26/32/2058
f 2034/29/2061 28/28/2062 27/30/2060
f 2035/27/2063 29/26/2064 28/28/2062
f 2036/25/2065 30/24/2066 29/26/2064
f 2037/23/2067 31/22/2068 30/24/2066
f 2038/21/2069 32/20/2070 31/22/2068
f 2039/19/2071 33/18/2072 32/20/2070
f 2040/17/2073 34/16/2074 33/18/2072
f 2041/15/2075 35/14/2076 34/16/2074
f 2042/13/2077 36/12/2078 35/14/2076
f 2043/11/2079 37/10/2080 36/12/2078
f 2044/9/2081 38/8/2082 37/10/2080
f 2045/7/2083 39/6/2084 38/8/2082
f 2046/5/2085 40/4/2086 39/6/2084
f 2047/2/2087 41/1/2088 40/4/2086
f 2048/122/2089 42/121/2010 83/162/2090
f 2049/120/2091 2009/81/2008 2048/122/2089
f 2050/119/2092 2010/79/2011 2049/120/2091
f 2051/118/2093 2011/77/2013 2050/119/2092
f 2052/117/2094 2012/75/2015 2051/118/2093
f 2053/116/2095 2013/73/2017 2052/117/2094
f 2054/115/2096 2014/71/2019 2053/116/2095
f 2055/114/2097 2015/69/2021 2054/115/2096
f 2056/113/2098 2016/67/2023 2055/114/2097
f 2057/112/2099 2017/65/2025 2056/113/2098
f 2058/111/2100 2018/63/2027 2057/112/2099
f 2059/110/2101 2019/61/2029 2058/111/2100
f 2060/109/2102 2020/59/2031 2059/110/2101
f 2061/108/2103 2021/57/2033 2060/109/2102
f 2062/107/2104 2022/55/2035 2061/108/2103
f 2063/106/2105 2023/53/2037 2062/107/2104
f 2064/105/2106 2024/51/2039 2063/106/2105
f 2065/104/2107 2025/49/2041 2064/105/2106
f 2066/103/2108 2026/47/2043 2065/104/2107
f 2067/102/2109 2027/45/2045 2066/103/2108
f 2067/102/2109 2029/39/2051 2028/41/2047
f 2068/101/2110 2030/37/2053 2029/39/2051
f 2069/100/2111 2031/35/2055 2030/37/2053
f 2070/99/2112 2032/33/2057 2031/35/2055
f 2071/98/2113 2033/31/2059 2032/33/2057
f 2072/97/2114 2034/29/2061 2033/31/2059
f 2073/96/2115 2035/27/2063 2034/29/2061
f 2074/95/2116 2036/25/2065 2035/27/2063
f 2075/94/2117 2037/23/2067 2036/25/2065
f 2076/93/2118 2038/21/2069 2037/23/2067
f 2077/92/2119 2039/19/2071 2038/21/2069
f 2078/91/2120 2040/17/2073 2039/19/2071
f 2079/90/2121 2041/15/2075 2040/17/2073
f 2080/89/2122 2042/13/2077 2041/15/2075
f 2081/88/2123 2043/11/2079 2042/13/2077
f 2082/87/2124 2044/9/2081 2043/11/2079
f 2083/86/2125 2045/7/2083 2044/9/2081
f 2084/85/2126 2046/5/2085 2045/7/2083
f 2085/84/2127 2047/2/2087 2046/5/2085
f 2086/82/2128 82/3/2129 2047/2/2087
f 2087/163/2130 83/162/2090 124/2008/2131
f 2088/161/2132 2048/122/2089 2087/163/2130
f 2089/160/2133 2049/120/2091 2088/161/2132
f 2090/159/2134 2050/119/2092 2089/160/2133
f 2091/158/2135 2051/118/2093 2090/159/2134
f 2092/157/2136 2052/117/2094 2091/158/2135
f 2093/156/2137 2053/116/2095 2092/157/2136
f 2094/155/2138 2054/115/2096 2093/156/2137
f 2095/154/2139 2055/114/2097 2094/155/2138
f 2096/153/2140 2056/113/2098 2095/154/2139
f 2097/152/2141 2057/112/2099 2096/153/2140
f 2098/151/2142 2058/111/2100 2097/152/2141
f 2099/150/2143 2059/110/2101 2098/151/2142
f 2100/149/2144 2060/109/2102 2099/150/2143
f 2101/148/2145 2061/108/2103 2100/149/2144
f 2102/147/2146 2062/107/2104 2101/148/2145
f 2103/146/2147 2063/106/2105 2102/147/2146
f 2104/145/2148 2064/105/2106 2103/146/2147
f 2105/144/2149 2065/104/2107 2104/145/2148
f 2106/143/2150 2066/103/2108 2105/144/2149
f 2106/143/2150 2068/101/2110 2067/102/2109
f 2107/142/2151 2069/100/2111 2068/101/2110
f 2108/141/2152 2070/99/2112 2069/100/2111
f 2109/140/2153 2071/98/2113 2070/99/2112
f 2110/139/2154 2072/97/2114 2071/98/2113
f 2111/138/2155 2073/96/2115 2072/97/2114
f 2112/137/2156 2074/95/2116 2073/96/2115
f 2113/136/2157 2075/94/2117 2074/95/2116
f 2114/135/2158 2076/93/2118 2075/94/2117
f 2115/134/2159 2077/92/2119 2076/93/2118
f 2116/133/2160 2078/91/2120 2077/92/2119
f 2117/132/2161 2079/90/2121 2078/91/2120
f 2118/131/2162 2080/89/2122 2079/90/2121
f 2119/130/2163 2081/88/2123 2080/89/2122
f 2120/129/2164 2082/87/2124 2081/88/2123
f 2121/128/2165 2083/86/2125 2082/87/2124
f 2122/127/2166 2084/85/2126 2083/86/2125
f 2123/126/2167 2085/84/2127 2084/85/2126
f 2124/125/2168 2086/82/2128 2085/84/2127
f 2125/123/2169 123/83/2170 2086/82/2128
f 165/204/2171 2087/163/2130 124/2008/2131
f 2126/203/2172 2088/161/2132 2087/163/2130
f 2127/202/2173 2089/160/2133 2088/161/2132
f 2128/201/2174 2090/159/2134 2089/160/2133
f 2129/200/2175 2091/158/2135 2090/159/2134
f 2130/199/2176 2092/157/2136 2091/158/2135
f 2131/198/2177 2093/156/2137 2092/157/2136
f 2132/197/2178 2094/155/2138 2093/156/2137
f 2133/196/2179 2095/154/2139 2094/155/2138
f 2134/195/2180 2096/153/2140 2095/154/2139
f 2135/194/2181 2097/152/2141 2096/153/2140
f 2136/193/2182 2098/151/2142 2097/152/2141
f 2137/192/2183 2099/150/2143 2098/151/2142
f 2138/191/2184 2100/149/2144 2099/150/2143
f 2139/190/2185 2101/148/2145 2100/149/2144
f 2140/189/2186 2102/147/2146 2101/148/2145
f 2141/188/2187 2103/146/2147 2102/147/2146
f 2142/187/2188 2104/145/2148 2103/146/2147
f 2143/186/2189 2105/144/2149 2104/145/2148
f 2144/184/2190 2106/143/2150 2105/144/2149
f 2146/183/2191 2106/143/2150 2145/185/2192
f 2147/182/2193 2107/142/2151 2146/183/2191
f 2148/181/2194 2108/141/2152 2147/182/2193
f 2149/180/2195 2109/140/2153 2148/181/2194
f 2150/179/2196 2110/139/2154 2149/180/2195
f 2151/178/2197 2111/138/2155 2150/179/2196
f 2152/177/2198 2112/137/2156 2151/178/2197
f 2153/176/2199 2113/136/2157 2152/177/2198
f 2154/175/2200 2114/135/2158 2153/176/2199
f 2155/174/2201 2115/134/2159 2154/175/2200
f 2156/173/2202 2116/133/2160 2155/174/2201
f 2157/172/2203 2117/132/2161 2156/173/2202
f 2158/171/2204 2118/131/2162 2157/172/2203
f 2159/170/2205 2119/130/2163 2158/171/2204
f 2160/169/2206 2120/129/2164 2159/170/2205
f 2161/168/2207 2121/128/2165 2160/169/2206
f 2162/167/2208 2122/127/2166 2161/168/2207
f 2163/166/2209 2123/126/2167 2162/167/2208
f 2164/165/2210 2124/125/2168 2163/166/2209
f 205/2009/2211 2125/123/2169 2164/165/2210
f 206/245/2212 2126/203/2172 165/204/2171
f 2165/244/2213 2127/202/2173 2126/203/2172
f 2166/243/2214 2128/201/2174 2127/202/2173
f 2167/242/2215 2129/200/2175 2128/201/2174
f 2168/241/2216 2130/199/2176 2129/200/2175
f 2169/240/2217 2131/198/2177 2130/199/2176
f 2170/239/2218 2132/197/2178 2131/198/2177
f 2171/238/2219 2133/196/2179 2132/197/2178
f 2172/237/2220 2134/195/2180 2133/196/2179
f 2173/236/2221 2135/194/2181 2134/195/2180
f 2174/235/2222 2136/193/2182 2135/194/2181
f 2175/234/2223 2137/192/2183 2136/193/2182
f 2176/233/2224 2138/191/2184 2137/192/2183
f 2177/232/2225 2139/190/2185 2138/191/2184
f 2178/231/2226 2140/189/2186 2139/190/2185
f 2179/230/2227 2141/188/2187 2140/189/2186
f 2180/229/2228 2142/187/2188 2141/188/2187
f 2181/228/2229 2143/186/2189 2142/187/2188
f 2182/227/2230 2144/184/2190 2143/186/2189
f 2183/225/2231 2145/185/2192 2144/184/2190
f 2185/224/2232 2145/185/2192 2184/226/2233
f 2186/223/2234 2146/183/2191 2185/224/2232
f 2187/222/2235 2147/182/2193 2186/223/2234
f 2188/221/2236 2148/181/2194 2187/222/2235
f 2189/220/2237 2149/180/2195 2188/221/2236
f 2190/219/2238 2150/179/2196 2189/220/2237
f 2191/218/2239 2151/178/2197 2190/219/2238
f 2192/217/2240 2152/177/2198 2191/218/2239
f 2193/216/2241 2153/176/2199 2192/217/2240
f 2194/215/2242 2154/175/2200 2193/216/2241
f 2195/214/2243 2155/174/2201 2194/215/2242
f 2196/213/2244 2156/173/2202 2195/214/2243
f 2197/212/2245 2157/172/2203 2196/213/2244
f 2198/211/2246 2158/171/2204 2197/212/2245
f 2199/210/2247 2159/170/2205 2198/211/2246
f 2200/209/2248 2160/169/2206 2199/210/2247
f 2201/208/2249 2161/168/2207 2200/209/2248
f 2202/207/2250 2162/167/2208 2201/208/2249
f 2203/206/2251 2163/166/2209 2202/207/2250
f 246/2010/2252 2164/165/2210 2203/206/2251
f 247/286/2253 2165/244/2213 206/245/2212
f 2204/285/2254 2166/243/2214 2165/244/2213
f 2205/284/2255 2167/242/2215 2166/243/2214
f 2206/283/2256 2168/241/2216 2167/242/2215
f 2207/282/2257 2169/240/2217 2168/241/2216
f 2208/281/2258 2170/239/2218 2169/240/2217
f 2209/280/2259 2171/238/2219 2170/239/2218
f 2210/279/2260 2172/237/2220 2171/238/2219
f 2211/278/2261 2173/236/2221 2172/237/2220
f 2212/277/2262 2174/235/2222 2173/236/2221
f 2213/276/2263 2175/234/2223 2174/235/2222
f 2214/275/2264 2176/233/2224 2175/234/2223
f 2215/274/2265 2177/232/2225 2176/233/2224
f 2216/273/2266 2178/231/2226 2177/232/2225
f 2217/272/2267 2179/230/2227 2178/231/2226
f 2218/271/2268 2180/229/2228 2179/230/2227
f 2219/270/2269 2181/228/2229 2180/229/2228
f 2220/269/2270 2182/227/2230 2181/228/2229
f 2221/268/2271 2183/225/2231 2182/227/2230
f 2222/266/2272 2184/226/2233 2183/225/2231
f 2224/265/2273 2184/226/2233 2223/267/2274
f 2225/264/2275 2185/224/2232 2224/265/2273
f 2226/263/2276 2186/223/2234 2225/264/2275
f 2227/262/2277 2187/222/2235 2226/263/2276
f 2228/261/2278 2188/221/2236 2227/262/2277
f 2229/260/2279 2189/220/2237 2228/261/2278
f 2230/259/2280 2190/219/2238 2229/260/2279
f 2231/258/2281 2191/218/2239 2230/259/2280
f 2232/257/2282 2192/217/2240 2231/258/2281
f 2233/256/2283 2193/216/2241 2232/257/2282
f 2234/255/2284 2194/215/2242 2233/256/2283
f 2235/254/2285 2195/214/2243 2234/255/2284
f 2236/253/2286 2196/213/2244 2235/254/2285
f 2237/252/2287 2197/212/2245 2236/253/2286
f 2238/251/2288 2198/211/2246 2237/252/2287
f 2239/250/2289 2199/210/2247 2238/251/2288
f 2240/249/2290 2200/209/2248 2239/250/2289
f 2241/248/2291 2201/208/2249 2240/249/2290
f 2242/247/2292 2202/207/2250 2241/248/2291
f 287/2011/2293 2203/206/2251 2242/247/2292
f 288/327/2294 2204/285/2254 247/286/2253
f 2243/326/2295 2205/284/2255 2204/285/2254
f 2244/325/2296 2206/283/2256 2205/284/2255
f 2245/324/2297 2207/282/2257 2206/283/2256
f 2246/323/2298 2208/281/2258 2207/282/2257
f 2247/322/2299 2209/280/2259 2208/281/2258
f 2248/321/2300 2210/279/2260 2209/280/2259
f 2249/320/2301 2211/278/2261 2210/279/2260
f 2250/319/2302 2212/277/2262 2211/278/2261
f 2251/318/2303 2213/276/2263 2212/277/2262
f 2252/317/2304 2214/275/2264 2213/276/2263
f 2253/316/2305 2215/274/2265 2214/275/2264
f 2254/315/2306 2216/273/2266 2215/274/2265
f 2255/314/2307 2217/272/2267 2216/273/2266
f 2256/313/2308 2218/271/2268 2217/272/2267
f 2257/312/2309 2219/270/2269 2218/271/2268
f 2258/311/2310 2220/269/2270 2219/270/2269
f 2259/310/2311 2221/268/2271 2220/269/2270
f 2260/309/2312 2222/266/2272 2221/268/2271
f 2261/307/2313 2223/267/2274 2222/266/2272
f 2263/306/2314 2223/267/2274 2262/308/2315
f 2264/305/2316 2224/265/2273 2263/306/2314
f 2265/304/2317 2225/264/2275 2264/305/2316
f 2266/303/2318 2226/263/2276 2265/304/2317
f 2267/302/2319 2227/262/2277 2266/303/2318
f 2268/301/2320 2228/261/2278 2267/302/2319
f 2269/300/2321 2229/260/2279 2268/301/2320
f 2270/299/2322 2230/259/2280 2269/300/2321
f 2271/298/2323 2231/258/2281 2270/299/2322
f 2272/297/2324 2232/257/2282 2271/298/2323
f 2273/296/2325 2233/256/2283 2272/297/2324
f 2274/295/2326 2234/255/2284 2273/296/2325
f 2275/294/2327 2235/254/2285 2274/295/2326
f 2276/293/2328 2236/253/2286 2275/294/2327
f 2277/292/2329 2237/252/2287 2276/293/2328
f 2278/291/2330 2238/251/2288 2277/292/2329
f 2279/290/2331 2239/250/2289 2278/291/2330
f 2280/289/2332 2240/249/2290 2279/290/2331
f 2281/288/2333 2241/248/2291 2280/289/2332
f 328/2012/2334 2242/247/2292 2281/288/2333
f 329/368/2335 2243/326/2295 288/327/2294
f 2282/367/2336 2244/325/2296 2243/326/2295
f 2283/366/2337 2245/324/2297 2244/325/2296
f 2284/365/2338 2246/323/2298 2245/324/2297
f 2285/364/2339 2247/322/2299 2246/323/2298
f 2286/363/2340 2248/321/2300 2247/322/2299
f 2287/362/2341 2249/320/2301 2248/321/2300
f 2288/361/2342 2250/319/2302 2249/320/2301
f 2289/360/2343 2251/318/2303 2250/319/2302
f 2290/359/2344 2252/317/2304 2251/318/2303
f 2291/358/2345 2253/316/2305 2252/317/2304
f 2292/357/2346 2254/315/2306 2253/316/2305
f 2293/356/2347 2255/314/2307 2254/315/2306
f 2294/355/2348 2256/313/2308 2255/314/2307
f 2295/354/2349 2257/312/2309 2256/313/2308
f 2296/353/2350 2258/311/2310 2257/312/2309
f 2297/352/2351 2259/310/2311 2258/311/2310
f 2298/351/2352 2260/309/2312 2259/310/2311
f 2299/350/2353 2261/307/2313 2260/309/2312
f 2300/348/2354 2262/308/2315 2261/307/2313
f 2302/347/2355 2262/308/2315 2301/349/2356
f 2303/346/2357 2263/306/2314 2302/347/2355
f 2304/345/2358 2264/305/2316 2303/346/2357
f 2305/344/2359 2265/304/2317 2304/345/2358
f 2306/343/2360 2266/303/2318 2305/344/2359
f 2307/342/2361 2267/302/2319 2306/343/2360
f 2308/341/2362 2268/301/2320 2307/342/2361
f 2309/340/2363 2269/300/2321 2308/341/2362
f 2310/339/2364 2270/299/2322 2309/340/2363
f 2311/338/2365 2271/298/2323 2310/339/2364
f 2312/337/2366 2272/297/2324 2311/338/2365
f 2313/336/2367 2273/296/2325 2312/337/2366
f 2314/335/2368 2274/295/2326 2313/336/2367
f 2315/334/2369 2275/294/2327 2314/335/2368
f 2316/333/2370 2276/293/2328 2315/334/2369
f 2317/332/2371 2277/292/2329 2316/333/2370
f 2318/331/2372 2278/291/2330 2317/332/2371
f 2319/330/2373 2279/290/2331 2318/331/2372
f 2320/329/2374 2280/289/2332 2319/330/2373
f 369/2013/2375 2281/288/2333 2320/329/2374
f 370/409/2376 2282/367/2336 329/368/2335
f 2321/408/2377 2283/366/2337 2282/367/2336
f 2322/407/2378 2284/365/2338 2283/366/2337
f 2323/406/2379 2285/364/2339 2284/365/2338
f 2324/405/2380 2286/363/2340 2285/364/2339
f 2325/404/2381 2287/362/2341 2286/363/2340
f 2326/403/2382 2288/361/2342 2287/362/2341
f 2327/402/2383 2289/360/2343 2288/361/2342
f 2328/401/2384 2290/359/2344 2289/360/2343
f 2329/400/2385 2291/358/2345 2290/359/2344
f 2330/399/2386 2292/357/2346 2291/358/2345
f 2331/398/2387 2293/356/2347 2292/357/2346
f 2332/397/2388 2294/355/2348 2293/356/2347
f 2333/396/2389 2295/354/2349 2294/355/2348
f 2334/395/2390 2296/353/2350 2295/354/2349
f 2335/394/2391 2297/352/2351 2296/353/2350
f 2336/393/2392 2298/351/2352 2297/352/2351
f 2337/392/2393 2299/350/2353 2298/351/2352
f 2338/391/2394 2300/348/2354 2299/350/2353
f 2339/389/2395 2301/349/2356 2300/348/2354
f 2341/388/2396 2301/349/2356 2340/390/2397
f 2342/387/2398 2302/347/2355 2341/388/2396
f 2343/386/2399 2303/346/2357 2342/387/2398
f 2344/385/2400 2304/345/2358 2343/386/2399
f 2345/384/2401 2305/344/2359 2344/385/2400
f 2346/383/2402 2306/343/2360 2345/384/2401
f 2347/382/2403 2307/342/2361 2346/383/2402
f 2348/381/2404 2308/341/2362 2347/382/2403
f 2349/380/2405 2309/340/2363 2348/381/2404
f 2350/379/2406 2310/339/2364 2349/380/2405
f 2351/378/2407 2311/338/2365 2350/379/2406
f 2352/377/2408 2312/337/2366 2351/378/2407
f 2353/376/2409 2313/336/2367 2352/377/2408
f 2354/375/2410 2314/335/2368 2353/376/2409
f 2355/374/2411 2315/334/2369 2354/375/2410
f 2356/373/2412 2316/333/2370 2355/374/2411
f 2357/372/2413 2317/332/2371 2356/373/2412
f 2358/371/2414 2318/331/2372 2357/372/2413
f 2359/370/2415 2319/330/2373 2358/371/2414
f 410/2014/2416 2320/329/2374 2359/370/2415
f 411/450/2417 2321/408/2377 370/409/2376
f 2360/449/2418 2322/407/2378 2321/408/2377
f 2361/448/2419 2323/406/2379 2322/407/2378
f 2362/447/2420 2324/405/2380 2323/406/2379
f 2363/446/2421 2325/404/2381 2324/405/2380
f 2364/445/2422 2326/403/2382 2325/404/2381
f 2365/444/2423 2327/402/2383 2326/403/2382
f 2366/443/2424 2328/401/2384 2327/402/2383
f 2367/442/2425 2329/400/2385 2328/401/2384
f 2368/441/2426 2330/399/2386 2329/400/2385
f 2369/440/2427 2331/398/2387 2330/399/2386
f 2370/439/2428 2332/397/2388 2331/398/2387
f 2371/438/2429 2333/396/2389 2332/397/2388
f 2372/437/2430 2334/395/2390 2333/396/2389
f 2373/436/2431 2335/394/2391 2334/395/2390
f 2374/435/2432 2336/393/2392 2335/394/2391
f 2375/434/2433 2337/392/2393 2336/393/2392
f 2376/433/2434 2338/391/2394 2337/392/2393
f 2377/432/2435 2339/389/2395 2338/391/2394
f 2378/430/2436 2340/390/2397 2339/389/2395
f 2380/429/2437 2340/390/2397 2379/431/2438
f 2381/428/2439 2341/388/2396 2380/429/2437
f 2382/427/2440 2342/387/2398 2381/428/2439
f 2383/426/2441 2343/386/2399 2382/427/2440
f 2384/425/2442 2344/385/2400 2383/426/2441
f 2385/424/2443 2345/384/2401 2384/425/2442
f 2386/423/2444 2346/383/2402 2385/424/2443
f 2387/422/2445 2347/382/2403 2386/423/2444
f 2388/421/2446 2348/381/2404 2387/422/2445
f 2389/420/2447 2349/380/2405 2388/421/2446
f 2390/419/2448 2350/379/2406 2389/420/2447
f 2391/418/2449 2351/378/2407 2390/419/2448
f 2392/417/2450 2352/377/2408 2391/418/2449
f 2393/416/2451 2353/376/2409 2392/417/2450
f 2394/415/2452 2354/375/2410 2393/416/2451
f 2395/414/2453 2355/374/2411 2394/415/2452
f 2396/413/2454 2356/373/2412 2395/414/2453
f 2397/412/2455 2357/372/2413 2396/413/2454
f 2398/411/2456 2358/371/2414 2397/412/2455
f 451/2015/2457 2359/370/2415 2398/411/2456
f 452/491/2458 2360/449/2418 411/450/2417
f 2399/490/2459 2361/448/2419 2360/449/2418
f 2400/489/2460 2362/447/2420 2361/448/2419
f 2401/488/2461 2363/446/2421 2362/447/2420
f 2402/487/2462 2364/445/2422 2363/446/2421
f 2403/486/2463 2365/444/2423 2364/445/2422
f 2404/485/2464 2366/443/2424 2365/444/2423
f 2405/484/2465 2367/442/2425 2366/443/2424
f 2406/483/2466 2368/441/2426 2367/442/2425
f 2407/482/2467 2369/440/2427 2368/441/2426
f 2408/481/2468 2370/439/2428 2369/440/2427
f 2409/480/2469 2371/438/2429 2370/439/2428
f 2410/479/2470 2372/437/2430 2371/438/2429
f 2411/478/2471 2373/436/2431 2372/437/2430
f 2412/477/2472 2374/435/2432 2373/436/2431
f 2413/476/2473 2375/434/2433 2374/435/2432
f 2414/475/2474 2376/433/2434 2375/434/2433
f 2415/474/2475 2377/432/2435 2376/433/2434
f 2416/473/2476 2378/430/2436 2377/432/2435
f 2417/471/2477 2379/431/2438 2378/430/2436
f 2419/470/2478 2379/431/2438 2418/472/2479
f 2420/469/2480 2380/429/2437 2419/470/2478
f 2421/468/2481 2381/428/2439 2420/469/2480
f 2422/467/2482 2382/427/2440 2421/468/2481
f 2423/466/2483 2383/426/2441 2422/467/2482
f 2424/465/2484 2384/425/2442 2423/466/2483
f 2425/464/2485 2385/424/2443 2424/465/2484
f 2426/463/2486 2386/423/2444 2425/464/2485
f 2427/462/2487 2387/422/2445 2426/463/2486
f 2428/461/2488 2388/421/2446 2427/462/2487
f 2429/460/2489 2389/420/2447 2428/461/2488
f 2430/459/2490 2390/419/2448 2429/460/2489
f 2431/458/2491 2391/418/2449 2430/459/2490
f 2432/457/2492 2392/417/2450 2431/458/2491
f 2433/456/2493 2393/416/2451 2432/457/2492
f 2434/455/2494 2394/415/2452 2433/456/2493
f 2435/454/2495 2395/414/2453 2434/455/2494
f 2436/453/2496 2396/413/2454 2435/454/2495
f 2437/452/2497 2397/412/2455 2436/453/2496
f 492/2016/2498 2398/411/2456 2437/452/2497
f 493/532/2499 2399/490/2459 452/491/2458
f 2438/531/2500 2400/489/2460 2399/490/2459
f 2439/530/2501 2401/488/2461 2400/489/2460
f 2440/529/2502 2402/487/2462 2401/488/2461
f 2441/528/2503 2403/486/2463 2402/487/2462
f 2442/527/2504 2404/485/2464 2403/486/2463
f 2443/526/2505 2405/484/2465 2404/485/2464
f 2444/525/2506 2406/483/2466 2405/484/2465
f 2445/524/2507 2407/482/2467 2406/483/2466
f 2446/523/2508 2408/481/2468 2407/482/2467
f 2447/522/2509 2409/480/2469 2408/481/2468
f 2448/521/2510 2410/479/2470 2409/480/2469
f 2449/520/2511 2411/478/2471 2410/479/2470
f 2450/519/2512 2412/477/2472 2411/478/2471
f 2451/518/2513 2413/476/2473 2412/477/2472
f 2452/517/2514 2414/475/2474 2413/476/2473
f 2453/516/2515 2415/474/2475 2414/475/2474
f 2454/515/2516 2416/473/2476 2415/474/2475
f 2455/514/2517 2417/471/2477 2416/473/2476
f 2456/512/2518 2418/472/2479 2417/471/2477
f 2458/511/2519 2418/472/2479 2457/513/2520
f 2459/510/2521 2419/470/2478 2458/511/2519
f 2460/509/2522 2420/469/2480 2459/510/2521
f 2461/508/2523 2421/468/2481 2460/509/2522
f 2462/507/2524 2422/467/2482 2461/508/2523
f 2463/506/2525 2423/466/2483 2462/507/2524
f 2464/505/2526 2424/465/2484 2463/506/2525
f 2465/504/2527 2425/464/2485 2464/505/2526
f 2466/503/2528 2426/463/2486 2465/504/2527
f 2467/502/2529 2427/462/2487 2466/503/2528
f 2468/501/2530 2428/461/2488 2467/502/2529
f 2469/500/2531 2429/460/2489 2468/501/2530
f 2470/499/2532 2430/459/2490 2469/500/2531
f 2471/498/2533 2431/458/2491 2470/499/2532
f 2472/497/2534 2432/457/2492 2471/498/2533
f 2473/496/2535 2433/456/2493 2472/497/2534
f 2474/495/2536 2434/455/2494 2473/496/2535
f 2475/494/2537 2435/454/2495 2474/495/2536
f 2476/493/2538 2436/453/2496 2475/494/2537
f 533/2017/2539 2437/452/2497 2476/493/2538
f 534/573/2540 2438/531/2500 493/532/2499
f 2477/572/2541 2439/530/2501 2438/531/2500
f 2478/571/2542 2440/529/2502 2439/530/2501
f 2479/570/2543 2441/528/2503 2440/529/2502
f 2480/569/2544 2442/527/2504 2441/528/2503
f 2481/568/2545 2443/526/2505 2442/527/2504
f 2482/567/2546 2444/525/2506 2443/526/2505
f 2483/566/2547 2445/524/2507 2444/525/2506
f 2484/565/2548 2446/523/2508 2445/524/2507
f 2485/564/2549 2447/522/2509 2446/523/2508
f 2486/563/2550 2448/521/2510 2447/522/2509
f 2487/562/2551 2449/520/2511 2448/521/2510
f 2488/561/2552 2450/519/2512 2449/520/2511
f 2489/560/2553 2451/518/2513 2450/519/2512
f 2490/559/2554 2452/517/2514 2451/518/2513
f 2491/558/2555 2453/516/2515 2452/517/2514
f 2492/557/2556 2454/515/2516 2453/516/2515
f 2493/556/2557 2455/514/2517 2454/515/2516
f 2494/555/2558 2456/512/2518 2455/514/2517
f 2495/553/2559 2457/513/2520 2456/512/2518
f 2497/552/2560 2457/513/2520 2496/554/2561
f 2498/551/2562 2458/511/2519 2497/552/2560
f 2499/550/2563 2459/510/2521 2498/551/2562
f 2500/549/2564 2460/509/2522 2499/550/2563
f 2501/548/2565 2461/508/2523 2500/549/2564
f 2502/547/2566 2462/507/2524 2501/548/2565
f 2503/546/2567 2463/506/2525 2502/547/2566
f 2504/545/2568 2464/505/2526 2503/546/2567
f 2505/544/2569 2465/504/2527 2504/545/2568
f 2506/543/2570 2466/503/2528 2505/544/2569
f 2507/542/2571 2467/502/2529 2506/543/2570
f 2508/541/2572 2468/501/2530 2507/542/2571
f 2509/540/2573 2469/500/2531 2508/541/2572
f 2510/539/2574 2470/499/2532 2509/540/2573
f 2511/538/2575 2471/498/2533 2510/539/2574
f 2512/537/2576 2472/497/2534 2511/538/2575
f 2513/536/2577 2473/496/2535 2512/537/2576
f 2514/535/2578 2474/495/2536 2513/536/2577
f 2515/534/2579 2475/494/2537 2514/535/2578
f 574/2018/2580 2476/493/2538 2515/534/2579
f 575/614/2581 2477/572/2541 534/573/2540
f 2516/613/2582 2478/571/2542 2477/572/2541
f 2517/612/2583 2479/570/2543 2478/571/2542
f 2518/611/2584 2480/569/2544 2479/570/2543
f 2519/610/2585 2481/568/2545 2480/569/2544
f 2520/609/2586 2482/567/2546 2481/568/2545
f 2521/608/2587 2483/566/2547 2482/567/2546
f 2522/607/2588 2484/565/2548 2483/566/2547
f 2523/606/2589 2485/564/2549 2484/565/2548
f 2524/605/2590 2486/563/2550 2485/564/2549
f 2525/604/2591 2487/562/2551 2486/563/2550
f 2526/603/2592 2488/561/2552 2487/562/2551
f 2527/602/2593 2489/560/2553 2488/561/2552
f 2528/601/2594 2490/559/2554 2489/560/2553
f 2529/600/2595 2491/558/2555 2490/559/2554
f 2530/599/2596 2492/557/2556 2491/558/2555
f 2531/598/2597 2493/556/2557 2492/557/2556
f 2532/597/2598 2494/555/2558 2493/556/2557
f 2533/596/2599 2495/553/2559 2494/555/2558
f 2534/594/2600 2496/554/2561 2495/553/2559
f 2536/593/2601 2496/554/2561 2535/595/2602
f 2537/592/2603 2497/552/2560 2536/593/2601
f 2538/591/2604 2498/551/2562 2537/592/2603
f 2539/590/2605 2499/550/2563 2538/591/2604
f 2540/589/2606 2500/549/2564 2539/590/2605
f 2541/588/2607 2501/548/2565 2540/589/2606
f 2542/587/2608 2502/547/2566 2541/588/2607
f 2543/586/2609 2503/546/2567 2542/587/2608
f 2544/585/2610 2504/545/2568 2543/586/2609
f 2545/584/2611 2505/544/2569 2544/585/2610
f 2546/583/2612 2506/543/2570 2545/584/2611
f 2547/582/2613 2507/542/2571 2546/583/2612
f 2548/581/2614 2508/541/2572 2547/582/2613
f 2549/580/2615 2509/540/2573 2548/581/2614
f 2550/579/2616 2510/539/2574 2549/580/2615
f 2551/578/2617 2511/538/2575 2550/579/2616
f 2552/577/2618 2512/537/2576 2551/578/2617
f 2553/576/2619 2513/536/2577 2552/577/2618
f 2554/575/2620 2514/535/2578 2553/576/2619
f 615/2019/2621 2515/534/2579 2554/575/2620
f 616/655/2622 2516/613/2582 575/614/2581
f 2555/654/2623 2517/612/2583 2516/613/2582
f 2556/653/2624 2518/611/2584 2517/612/2583
f 2557/652/2625 2519/610/2585 2518/611/2584
f 2558/651/2626 2520/609/2586 2519/610/2585
f 2559/650/2627 2521/608/2587 2520/609/2586
f 2560/649/2628 2522/607/2588 2521/608/2587
f 2561/648/2629 2523/606/2589 2522/607/2588
f 2562/647/2630 2524/605/2590 2523/606/2589
f 2563/646/2631 2525/604/2591 2524/605/2590
f 2564/645/2632 2526/603/2592 2525/604/2591
f 2565/644/2633 2527/602/2593 2526/603/2592
f 2566/643/2634 2528/601/2594 2527/602/2593
f 2567/642/2635 2529/600/2595 2528/601/2594
f 2568/641/2636 2530/599/2596 2529/600/2595
f 2569/640/2637 2531/598/2597 2530/599/2596
f 2570/639/2638 2532/597/2598 2531/598/2597
f 2571/638/2639 2533/596/2599 2532/597/2598
f 2572/637/2640 2534/594/2600 2533/596/2599
f 2573/635/2641 2535/595/2602 2534/594/2600
f 2575/634/2642 2535/595/2602 2574/636/2643
f 2576/633/2644 2536/593/2601 2575/634/2642
f 2577/632/2645 2537/592/2603 2576/633/2644
f 2578/631/2646 2538/591/2604 2577/632/2645
f 2579/630/2647 2539/590/2605 2578/631/2646
f 2580/629/2648 2540/589/2606 2579/630/2647
f 2581/628/2649 2541/588/2607 2580/629/2648
f 2582/627/2650 2542/587/2608 2581/628/2649
f 2583/626/2651 2543/586/2609 2582/627/2650
f 2584/625/2652 2544/585/2610 2583/626/2651
f 2585/624/2653 2545/584/2611 2584/625/2652
f 2586/623/2654 2546/583/2612 2585/624/2653
f 2587/622/2655 2547/582/2613 2586/623/2654
f 2588/621/2656 2548/581/2614 2587/622/2655
f 2589/620/2657 2549/580/2615 2588/621/2656
f 2590/619/2658 2550/579/2616 2589/620/2657
f 2591/618/2659 2551/578/2617 2590/619/2658
f 2592/617/2660 2552/577/2618 2591/618/2659
f 2593/616/2661 2553/576/2619 2592/617/2660
f 656/2020/2662 2554/575/2620 2593/616/2661
f 657/696/2663 2555/654/2623 616/655/2622
f 2594/695/2664 2556/653/2624 2555/654/2623
f 2595/694/2665 2557/652/2625 2556/653/2624
f 2596/693/2666 2558/651/2626 2557/652/2625
f 2597/692/2667 2559/650/2627 2558/651/2626
f 2598/691/2668 2560/649/2628 2559/650/2627
f 2599/690/2669 2561/648/2629 2560/649/2628
f 2600/689/2670 2562/647/2630 2561/648/2629
f 2601/688/2671 2563/646/2631 2562/647/2630
f 2602/687/2672 2564/645/2632 2563/646/2631
f 2603/686/2673 2565/644/2633 2564/645/2632
f 2604/685/2674 2566/643/2634 2565/644/2633
f 2605/684/2675 2567/642/2635 2566/643/2634
f 2606/683/2676 2568/641/2636 2567/642/2635
f 2607/682/2677 2569/640/2637 2568/641/2636
f 2608/681/2678 2570/639/2638 2569/640/2637
f 2609/680/2679 2571/638/2639 2570/639/2638
f 2610/679/2680 2572/637/2640 2571/638/2639
f 2611/678/2681 2573/635/2641 2572/637/2640
f 2612/676/2682 2574/636/2643 2573/635/2641
f 2614/675/2683 2574/636/2643 2613/677/2684
f 2615/674/2685 2575/634/2642 2614/675/2683
f 2616/673/2686 2576/633/2644 2615/674/2685
f 2617/672/2687 2577/632/2645 2616/673/2686
f 2618/671/2688 2578/631/2646 2617/672/2687
f 2619/670/2689 2579/630/2647 2618/671/2688
f 2620/669/2690 2580/629/2648 2619/670/2689
f 2621/668/2691 2581/628/2649 2620/669/2690
f 2622/667/2692 2582/627/2650 2621/668/2691
f 2623/666/2693 2583/626/2651 2622/667/2692
f 2624/665/2694 2584/625/2652 2623/666/2693
f 2625/664/2695 2585/624/2653 2624/665/2694
f 2626/663/2696 2586/623/2654 2625/664/2695
f 2627/662/2697 2587/622/2655 2626/663/2696
f 2628/661/2698 2588/621/2656 2627/662/2697
f 2629/660/2699 2589/620/2657 2628/661/2698
f 2630/659/2700 2590/619/2658 2629/660/2699
f 2631/658/2701 2591/618/2659 2630/659/2700
f 2632/657/2702 2592/617/2660 2631/658/2701
f 697/2021/2703 2593/616/2661 2632/657/2702
f 698/737/2704 2594/695/2664 657/696/2663
f 2633/736/2705 2595/694/2665 2594/695/2664
f 2634/735/2706 2596/693/2666 2595/694/2665
f 2635/734/2707 2597/692/2667 2596/693/2666
f 2636/733/2708 2598/691/2668 2597/692/2667
f 2637/732/2709 2599/690/2669 2598/691/2668
f 2638/731/2710 2600/689/2670 2599/690/2669
f 2639/730/2711 2601/688/2671 2600/689/2670
f 2640/729/2712 2602/687/2672 2601/688/2671
f 2641/728/2713 2603/686/2673 2602/687/2672
f 2642/727/2714 2604/685/2674 2603/686/2673
f 2643/726/2715 2605/684/2675 2604/685/2674
f 2644/725/2716 2606/683/2676 2605/684/2675
f 2645/724/2717 2607/682/2677 2606/683/2676
f 2646/723/2718 2608/681/2678 2607/682/2677
f 2647/722/2719 2609/680/2679 2608/681/2678
f 2648/721/2720 2610/679/2680 2609/680/2679
f 2649/720/2721 2611/678/2681 2610/679/2680
f 2650/719/2722 2612/676/2682 2611/678/2681
f 2651/717/2723 2613/677/2684 2612/676/2682
f 2653/716/2724 2613/677/2684 2652/718/2725
f 2654/715/2726 2614/675/2683 2653/716/2724
f 2655/714/2727 2615/674/2685 2654/715/2726
f 2656/713/2728 2616/673/2686 2655/714/2727
f 2657/712/2729 2617/672/2687 2656/713/2728
f 2658/711/2730 2618/671/2688 2657/712/2729
f 2659/710/2731 2619/670/2689 2658/711/2730
f 2660/709/2732 2620/669/2690 2659/710/2731
f 2661/708/2733 2621/668/2691 2660/709/2732
f 2662/707/2734 2622/667/2692 2661/708/2733
f 2663/706/2735 2623/666/2693 2662/707/2734
f 2664/705/2736 2624/665/2694 2663/706/2735
f 2665/704/2737 2625/664/2695 2664/705/2736
f 2666/703/2738 2626/663/2696 2665/704/2737
f 2667/702/2739 2627/662/2697 2666/703/2738
f 2668/701/2740 2628/661/2698 2667/702/2739
f 2669/700/2741 2629/660/2699 2668/701/2740
f 2670/699/2742 2630/659/2700 2669/700/2741
f 2671/698/2743 2631/658/2701 2670/699/2742
f 738/2022/2744 2632/657/2702 2671/698/2743
f 739/778/2745 2633/736/2705 698/737/2704
f 2672/777/2746 2634/735/2706 2633/736/2705
f 2673/776/2747 2635/734/2707 2634/735/2706
f 2674/775/2748 2636/733/2708 2635/734/2707
f 2675/774/2749 2637/732/2709 2636/733/2708
f 2676/773/2750 2638/731/2710 2637/732/2709
f 2677/772/2751 2639/730/2711 2638/731/2710
f 2678/771/2752 2640/729/2712 2639/730/2711
f 2679/770/2753 2641/728/2713 2640/729/2712
f 2680/769/2754 2642/727/2714 2641/728/2713
f 2681/768/2755 2643/726/2715 2642/727/2714
f 2682/767/2756 2644/725/2716 2643/726/2715
f 2683/766/2757 2645/724/2717 2644/725/2716
f 2684/765/2758 2646/723/2718 2645/724/2717
f 2685/764/2759 2647/722/2719 2646/723/2718
f 2686/763/2760 2648/721/2720 2647/722/2719
f 2687/762/2761 2649/720/2721 2648/721/2720
f 2688/761/2762 2650/719/2722 2649/720/2721
f 2689/760/2763 2651/717/2723 2650/719/2722
f 2690/758/2764 2652/718/2725 2651/717/2723
f 2692/757/2765 2652/718/2725 2691/759/2766
f 2693/756/2767 2653/716/2724 2692/757/2765
f 2694/755/2768 2654/715/2726 2693/756/2767
f 2695/754/2769 2655/714/2727 2694/755/2768
f 2696/753/2770 2656/713/2728 2695/754/2769
f 2697/752/2771 2657/712/2729 2696/753/2770
f 2698/751/2772 2658/711/2730 2697/752/2771
f 2699/750/2773 2659/710/2731 2698/751/2772
f 2700/749/2774 2660/709/2732 2699/750/2773
f 2701/748/2775 2661/708/2733 2700/749/2774
f 2702/747/2776 2662/707/2734 2701/748/2775
f 2703/746/2777 2663/706/2735 2702/747/2776
f 2704/745/2778 2664/705/2736 2703/746/2777
f 2705/744/2779 2665/704/2737 2704/745/2778
f 2706/743/2780 2666/703/2738 2705/744/2779
f 2707/742/2781 2667/702/2739 2706/743/2780
f 2708/741/2782 2668/701/2740 2707/742/2781
f 2709/740/2783 2669/700/2741 2708/741/2782
f 2710/739/2784 2670/699/2742 2709/740/2783
f 779/2023/2785 2671/698/2743 2710/739/2784
f 780/819/2786 2672/777/2746 739/778/2745
f 2711/818/2787 2673/776/2747 2672/777/2746
f 2712/817/2788 2674/775/2748 2673/776/2747
f 2713/816/2789 2675/774/2749 2674/775/2748
f 2714/815/2790 2676/773/2750 2675/774/2749
f 2715/814/2791 2677/772/2751 2676/773/2750
f 2716/813/2792 2678/771/2752 2677/772/2751
f 2717/812/2793 2679/770/2753 2678/771/2752
f 2718/811/2794 2680/769/2754 2679/770/2753
f 2719/810/2795 2681/768/2755 2680/769/2754
f 2720/809/2796 2682/767/2756 2681/768/2755
f 2721/808/2797 2683/766/2757 2682/767/2756
f 2722/807/2798 2684/765/2758 2683/766/2757
f 2723/806/2799 2685/764/2759 2684/765/2758
f 2724/805/2800 2686/763/2760 2685/764/2759
f 2725/804/2801 2687/762/2761 2686/763/2760
f 2726/803/2802 2688/761/2762 2687/762/2761
f 2727/802/2803 2689/760/2763 2688/761/2762
f 2728/801/2804 2690/758/2764 2689/760/2763
f 2729/799/2805 2691/759/2766 2690/758/2764
f 2731/798/2806 2691/759/2766 2730/800/2807
f 2732/797/2808 2692/757/2765 2731/798/2806
f 2733/796/2809 2693/756/2767 2732/797/2808
f 2734/795/2810 2694/755/2768 2733/796/2809
f 2735/794/2811 2695/754/2769 2734/795/2810
f 2736/793/2812 2696/753/2770 2735/794/2811
f 2737/792/2813 2697/752/2771 2736/793/2812
f 2738/791/2814 2698/751/2772 2737/792/2813
f 2739/790/2815 2699/750/2773 2738/791/2814
f 2740/789/2816 2700/749/2774 2739/790/2815
f 2741/788/2817 2701/748/2775 2740/789/2816
f 2742/787/2818 2702/747/2776 2741/788/2817
f 2743/786/2819 2703/746/2777 2742/787/2818
f 2744/785/2820 2704/745/2778 2743/786/2819
f 2745/784/2821 2705/744/2779 2744/785/2820
f 2746/783/2822 2706/743/2780 2745/784/2821
f 2747/782/2823 2707/742/2781 2746/783/2822
f 2748/781/2824 2708/741/2782 2747/782/2823
f 2749/780/2825 2709/740/2783 2748/781/2824
f 820/2024/2826 2710/739/2784 2749/780/2825
f 821/860/2827 2711/818/2787 780/819/2786
f 2750/859/2828 2712/817/2788 2711/818/2787
f 2751/858/2829 2713/816/2789 2712/817/2788
f 2752/857/2830 2714/815/2790 2713/816/2789
f 2753/856/2831 2715/814/2791 2714/815/2790
f 2754/855/2832 2716/813/2792 2715/814/2791
f 2755/854/2833 2717/812/2793 2716/813/2792
f 2756/853/2834 2718/811/2794 2717/812/2793
f 2757/852/2835 2719/810/2795 2718/811/2794
f 2758/851/2836 2720/809/2796 2719/810/2795
f 2759/850/2837 2721/808/2797 2720/809/2796
f 2760/849/2838 2722/807/2798 2721/808/2797
f 2761/848/2839 2723/806/2799 2722/807/2798
f 2762/847/2840 2724/805/2800 2723/806/2799
f 2763/846/2841 2725/804/2801 2724/805/2800
f 2764/845/2842 2726/803/2802 2725/804/2801
f 2765/844/2843 2727/802/2803 2726/803/2802
f 2766/843/2844 2728/801/2804 2727/802/2803
f 2767/842/2845 2729/799/2805 2728/801/2804
f 2768/840/2846 2730/800/2807 2729/799/2805
f 2770/839/2847 2730/800/2807 2769/841/2848
f 2771/838/2849 2731/798/2806 2770/839/2847
f 2772/837/2850 2732/797/2808 2771/838/2849
f 2773/836/2851 2733/796/2809 2772/837/2850
f 2774/835/2852 2734/795/2810 2773/836/2851
f 2775/834/2853 2735/794/2811 2774/835/2852
f 2776/833/2854 2736/793/2812 2775/834/2853
f 2777/832/2855 2737/792/2813 2776/833/2854
f 2778/831/2856 2738/791/2814 2777/832/2855
f 2779/830/2857 2739/790/2815 2778/831/2856
f 2780/829/2858 2740/789/2816 2779/830/2857
f 2781/828/2859 2741/788/2817 2780/829/2858
f 2782/827/2860 2742/787/2818 2781/828/2859
f 2783/826/2861 2743/786/2819 2782/827/2860
f 2784/825/2862 2744/785/2820 2783/826/2861
f 2785/824/2863 2745/784/2821 2784/825/2862
f 2786/823/2864 2746/783/2822 2785/824/2863
f 2787/822/2865 2747/782/2823 2786/823/2864
f 2788/821/2866 2748/781/2824 2787/822/2865
f 861/2025/2867 2749/780/2825 2788/821/2866
f 862/901/2868 2750/859/2828 821/860/2827
f 2789/900/2869 2751/858/2829 2750/859/2828
f 2790/899/2870 2752/857/2830 2751/858/2829
f 2791/898/2871 2753/856/2831 2752/857/2830
f 2792/897/2872 2754/855/2832 2753/856/2831
f 2793/896/2873 2755/854/2833 2754/855/2832
f 2794/895/2874 2756/853/2834 2755/854/2833
f 2795/894/2875 2757/852/2835 2756/853/2834
f 2796/893/2876 2758/851/2836 2757/852/2835
f 2797/892/2877 2759/850/2837 2758/851/2836
f 2798/891/2878 2760/849/2838 2759/850/2837
f 2799/890/2879 2761/848/2839 2760/849/2838
f 2800/889/2880 2762/847/2840 2761/848/2839
f 2801/888/2881 2763/846/2841 2762/847/2840
f 2802/887/2882 2764/845/2842 2763/846/2841
f 2803/886/2883 2765/844/2843 2764/845/2842
f 2804/885/2884 2766/843/2844 2765/844/2843
f 2805/884/2885 2767/842/2845 2766/843/2844
f 2806/883/2886 2768/840/2846 2767/842/2845
f 2807/881/2887 2769/841/2848 2768/840/2846
f 2809/880/2888 2769/841/2848 2808/882/2889
f 2810/879/2890 2770/839/2847 2809/880/2888
f 2811/878/2891 2771/838/2849 2810/879/2890
f 2812/877/2892 2772/837/2850 2811/878/2891
f 2813/876/2893 2773/836/2851 2812/877/2892
f 2814/875/2894 2774/835/2852 2813/876/2893
f 2815/874/2895 2775/834/2853 2814/875/2894
f 2816/873/2896 2776/833/2854 2815/874/2895
f 2817/872/2897 2777/832/2855 2816/873/2896
f 2818/871/2898 2778/831/2856 2817/872/2897
f 2819/870/2899 2779/830/2857 2818/871/2898
f 2820/869/2900 2780/829/2858 2819/870/2899
f 2821/868/2901 2781/828/2859 2820/869/2900
f 2822/867/2902 2782/827/2860 2821/868/2901
f 2823/866/2903 2783/826/2861 2822/867/2902
f 2824/865/2904 2784/825/2862 2823/866/2903
f 2825/864/2905 2785/824/2863 2824/865/2904
f 2826/863/2906 2786/823/2864 2825/864/2905
f 2827/862/2907 2787/822/2865 2826/863/2906
f 902/2026/2908 2788/821/2866 2827/862/2907
f 2828/941/2909 862/901/2868 903/981/2910
f 2829/940/2911 2789/900/2869 2828/941/2909
f 2830/939/2912 2790/899/2870 2829/940/2911
f 2831/938/2913 2791/898/2871 2830/939/2912
f 2832/937/2914 2792/897/2872 2831/938/2913
f 2833/936/2915 2793/896/2873 2832/937/2914
f 2834/935/2916 2794/895/2874 2833/936/2915
f 2835/934/2917 2795/894/2875 2834/935/2916
f 2836/933/2918 2796/893/2876 2835/934/2917
f 2837/932/2919 2797/892/2877 2836/933/2918
f 2838/931/2920 2798/891/2878 2837/932/2919
f 2839/930/2921 2799/890/2879 2838/931/2920
f 2840/929/2922 2800/889/2880 2839/930/2921
f 2841/928/2923 2801/888/2881 2840/929/2922
f 2842/927/2924 2802/887/2882 2841/928/2923
f 2843/926/2925 2803/886/2883 2842/927/2924
f 2844/925/2926 2804/885/2884 2843/926/2925
f 2845/924/2927 2805/884/2885 2844/925/2926
f 2846/923/2928 2806/883/2886 2845/924/2927
f 2847/922/2929 2807/881/2887 2846/923/2928
f 2847/922/2929 2809/880/2888 2808/882/2889
f 2848/921/2930 2810/879/2890 2809/880/2888
f 2849/920/2931 2811/878/2891 2810/879/2890
f 2850/919/2932 2812/877/2892 2811/878/2891
f 2851/918/2933 2813/876/2893 2812/877/2892
f 2852/917/2934 2814/875/2894 2813/876/2893
f 2853/916/2935 2815/874/2895 2814/875/2894
f 2854/915/2936 2816/873/2896 2815/874/2895
f 2855/914/2937 2817/872/2897 2816/873/2896
f 2856/913/2938 2818/871/2898 2817/872/2897
f 2857/912/2939 2819/870/2899 2818/871/2898
f 2858/911/2940 2820/869/2900 2819/870/2899
f 2859/910/2941 2821/868/2901 2820/869/2900
f 2860/909/2942 2822/867/2902 2821/868/2901
f 2861/908/2943 2823/866/2903 2822/867/2902
f 2862/907/2944 2824/865/2904 2823/866/2903
f 2863/906/2945 2825/864/2905 2824/865/2904
f 2864/905/2946 2826/863/2906 2825/864/2905
f 2865/904/2947 2827/862/2907 2826/863/2906
f 2866/902/2948 902/2026/2908 2827/862/2907
f 2867/982/2949 903/981/2910 944/1022/2950
f 2868/980/2951 2828/941/2909 2867/982/2949
f 2869/979/2952 2829/940/2911 2868/980/2951
f 2870/978/2953 2830/939/2912 2869/979/2952
f 2871/977/2954 2831/938/2913 2870/978/2953
f 2872/976/2955 2832/937/2914 2871/977/2954
f 2873/975/2956 2833/936/2915 2872/976/2955
f 2874/974/2957 2834/935/2916 2873/975/2956
f 2875/973/2958 2835/934/2917 2874/974/2957
f 2876/972/2959 2836/933/2918 2875/973/2958
f 2877/971/2960 2837/932/2919 2876/972/2959
f 2878/970/2961 2838/931/2920 2877/971/2960
f 2879/969/2962 2839/930/2921 2878/970/2961
f 2880/968/2963 2840/929/2922 2879/969/2962
f 2881/967/2964 2841/928/2923 2880/968/2963
f 2882/966/2965 2842/927/2924 2881/967/2964
f 2883/965/2966 2843/926/2925 2882/966/2965
f 2884/964/2967 2844/925/2926 2883/965/2966
f 2885/963/2968 2845/924/2927 2884/964/2967
f 2886/962/2969 2846/923/2928 2885/963/2968
f 2886/962/2969 2848/921/2930 2847/922/2929
f 2887/961/2970 2849/920/2931 2848/921/2930
f 2888/960/2971 2850/919/2932 2849/920/2931
f 2889/959/2972 2851/918/2933 2850/919/2932
f 2890/958/2973 2852/917/2934 2851/918/2933
f 2891/957/2974 2853/916/2935 2852/917/2934
f 2892/956/2975 2854/915/2936 2853/916/2935
f 2893/955/2976 2855/914/2937 2854/915/2936
f 2894/954/2977 2856/913/2938 2855/914/2937
f 2895/953/2978 2857/912/2939 2856/913/2938
f 2896/952/2979 2858/911/2940 2857/912/2939
f 2897/951/2980 2859/910/2941 2858/911/2940
f 2898/950/2981 2860/909/2942 2859/910/2941
f 2899/949/2982 2861/908/2943 2860/909/2942
f 2900/948/2983 2862/907/2944 2861/908/2943
f 2901/947/2984 2863/906/2945 2862/907/2944
f 2902/946/2985 2864/905/2946 2863/906/2945
f 2903/945/2986 2865/904/2947 2864/905/2946
f 2904/944/2987 2866/902/2948 2865/904/2947
f 2905/942/2988 943/2027/2989 2866/902/2948
f 2906/1023/2990 944/1022/2950 985/1063/2991
f 2907/1021/2992 2867/982/2949 2906/1023/2990
f 2908/1020/2993 2868/980/2951 2907/1021/2992
f 2909/1019/2994 2869/979/2952 2908/1020/2993
f 2910/1018/2995 2870/978/2953 2909/1019/2994
f 2911/1017/2996 2871/977/2954 2910/1018/2995
f 2912/1016/2997 2872/976/2955 2911/1017/2996
f 2913/1015/2998 2873/975/2956 2912/1016/2997
f 2914/1014/2999 2874/974/2957 2913/1015/2998
f 2915/1013/3000 2875/973/2958 2914/1014/2999
f 2916/1012/3001 2876/972/2959 2915/1013/3000
f 2917/1011/3002 2877/971/2960 2916/1012/3001
f 2918/1010/3003 2878/970/2961 2917/1011/3002
f 2919/1009/3004 2879/969/2962 2918/1010/3003
f 2920/1008/3005 2880/968/2963 2919/1009/3004
f 2921/1007/3006 2881/967/2964 2920/1008/3005
f 2922/1006/3007 2882/966/2965 2921/1007/3006
f 2923/1005/3008 2883/965/2966 2922/1006/3007
f 2924/1004/3009 2884/964/2967 2923/1005/3008
f 2925/1003/3010 2885/963/2968 2924/1004/3009
f 2925/1003/3010 2887/961/2970 2886/962/2969
f 2926/1002/3011 2888/960/2971 2887/961/2970
f 2927/1001/3012 2889/959/2972 2888/960/2971
f 2928/1000/3013 2890/958/2973 2889/959/2972
f 2929/999/3014 2891/957/2974 2890/958/2973
f 2930/998/3015 2892/956/2975 2891/957/2974
f 2931/997/3016 2893/955/2976 2892/956/2975
f 2932/996/3017 2894/954/2977 2893/955/2976
f 2933/995/3018 2895/953/2978 2894/954/2977
f 2934/994/3019 2896/952/2979 2895/953/2978
f 2935/993/3020 2897/951/2980 2896/952/2979
f 2936/992/3021 2898/950/2981 2897/951/2980
f 2937/991/3022 2899/949/2982 2898/950/2981
f 2938/990/3023 2900/948/2983 2899/949/2982
f 2939/989/3024 2901/947/2984 2900/948/2983
f 2940/988/3025 2902/946/2985 2901/947/2984
f 2941/987/3026 2903/945/2986 2902/946/2985
f 2942/986/3027 2904/944/2987 2903/945/2986
f 2943/985/3028 2905/942/2988 2904/944/2987
f 2944/983/3029 984/2028/3030 2905/942/2988
f 2945/1064/3031 985/1063/2991 1026/1104/3032
f 2946/1062/3033 2906/1023/2990 2945/1064/3031
f 2947/1061/3034 2907/1021/2992 2946/1062/3033
f 2948/1060/3035 2908/1020/2993 2947/1061/3034
f 2949/1059/3036 2909/1019/2994 2948/1060/3035
f 2950/1058/3037 2910/1018/2995 2949/1059/3036
f 2951/1057/3038 2911/1017/2996 2950/1058/3037
f 2952/1056/3039 2912/1016/2997 2951/1057/3038
f 2953/1055/3040 2913/1015/2998 2952/1056/3039
f 2954/1054/3041 2914/1014/2999 2953/1055/3040
f 2955/1053/3042 2915/1013/3000 2954/1054/3041
f 2956/1052/3043 2916/1012/3001 2955/1053/3042
f 2957/1051/3044 2917/1011/3002 2956/1052/3043
f 2958/1050/3045 2918/1010/3003 2957/1051/3044
f 2959/1049/3046 2919/1009/3004 2958/1050/3045
f 2960/1048/3047 2920/1008/3005 2959/1049/3046
f 2961/1047/3048 2921/1007/3006 2960/1048/3047
f 2962/1046/3049 2922/1006/3007 2961/1047/3048
f 2963/1045/3050 2923/1005/3008 2962/1046/3049
f 2964/1044/3051 2924/1004/3009 2963/1045/3050
f 2964/1044/3051 2926/1002/3011 2925/1003/3010
f 2965/1043/3052 2927/1001/3012 2926/1002/3011
f 2966/1042/3053 2928/1000/3013 2927/1001/3012
f 2967/1041/3054 2929/999/3014 2928/1000/3013
f 2968/1040/3055 2930/998/3015 2929/999/3014
f 2969/1039/3056 2931/997/3016 2930/998/3015
f 2970/1038/3057 2932/996/3017 2931/997/3016
f 2971/1037/3058 2933/995/3018 2932/996/3017
f 2972/1036/3059 2934/994/3019 2933/995/3018
f 2973/1035/3060 2935/993/3020 2934/994/3019
f 2974/1034/3061 2936/992/3021 2935/993/3020
f 2975/1033/3062 2937/991/3022 2936/992/3021
f 2976/1032/3063 2938/990/3023 2937/991/3022
f 2977/1031/3064 2939/989/3024 2938/990/3023
f 2978/1030/3065 2940/988/3025 2939/989/3024
f 2979/1029/3066 2941/987/3026 2940/988/3025
f 2980/1028/3067 2942/986/3027 2941/987/3026
f 2981/1027/3068 2943/985/3028 2942/986/3027
f 2982/1026/3069 2944/983/3029 2943/985/3028
f 2983/1024/3070 1025/2029/3071 2944/983/3029
f 2984/1105/3072 1026/1104/3032 1067/1145/3073
f 2985/1103/3074 2945/1064/3031 2984/1105/3072
f 2986/1102/3075 2946/1062/3033 2985/1103/3074
f 2987/1101/3076 2947/1061/3034 2986/1102/3075
f 2988/1100/3077 2948/1060/3035 2987/1101/3076
f 2989/1099/3078 2949/1059/3036 2988/1100/3077
f 2990/1098/3079 2950/1058/3037 2989/1099/3078
f 2991/1097/3080 2951/1057/3038 2990/1098/3079
f 2992/1096/3081 2952/1056/3039 2991/1097/3080
f 2993/1095/3082 2953/1055/3040 2992/1096/3081
f 2994/1094/3083 2954/1054/3041 2993/1095/3082
f 2995/1093/3084 2955/1053/3042 2994/1094/3083
f 2996/1092/3085 2956/1052/3043 2995/1093/3084
f 2997/1091/3086 2957/1051/3044 2996/1092/3085
f 2998/1090/3087 2958/1050/3045 2997/1091/3086
f 2999/1089/3088 2959/1049/3046 2998/1090/3087
f 3000/1088/3089 2960/1048/3047 2999/1089/3088
f 3001/1087/3090 2961/1047/3048 3000/1088/3089
f 3002/1086/3091 2962/1046/3049 3001/1087/3090
f 3003/1085/3092 2963/1045/3050 3002/1086/3091
f 3003/1085/3092 2965/1043/3052 2964/1044/3051
f 3004/1084/3093 2966/1042/3053 2965/1043/3052
f 3005/1083/3094 2967/1041/3054 2966/1042/3053
f 3006/1082/3095 2968/1040/3055 2967/1041/3054
f 3007/1081/3096 2969/1039/3056 2968/1040/3055
f 3008/1080/3097 2970/1038/3057 2969/1039/3056
f 3009/1079/3098 2971/1037/3058 2970/1038/3057
f 3010/1078/3099 2972/1036/3059 2971/1037/3058
f 3011/1077/3100 2973/1035/3060 2972/1036/3059
f 3012/1076/3101 2974/1034/3061 2973/1035/3060
f 3013/1075/3102 2975/1033/3062 2974/1034/3061
f 3014/1074/3103 2976/1032/3063 2975/1033/3062
f 3015/1073/3104 2977/1031/3064 2976/1032/3063
f 3016/1072/3105 2978/1030/3065 2977/1031/3064
f 3017/1071/3106 2979/1029/3066 2978/1030/3065
f 3018/1070/3107 2980/1028/3067 2979/1029/3066
f 3019/1069/3108 2981/1027/3068 2980/1028/3067
f 3020/1068/3109 2982/1026/3069 2981/1027/3068
f 3021/1067/3110 2983/1024/3070 2982/1026/3069
f 3022/1065/3111 1066/2030/3112 2983/1024/3070
f 3023/1146/3113 1067/1145/3073 1108/1186/3114
f 3024/1144/3115 2984/1105/3072 3023/1146/3113
f 3025/1143/3116 2985/1103/3074 3024/1144/3115
f 3026/1142/3117 2986/1102/3075 3025/1143/3116
f 3027/1141/3118 2987/1101/3076 3026/1142/3117
f 3028/1140/3119 2988/1100/3077 3027/1141/3118
f 3029/1139/3120 2989/1099/3078 3028/1140/3119
f 3030/1138/3121 2990/1098/3079 3029/1139/3120
f 3031/1137/3122 2991/1097/3080 3030/1138/3121
f 3032/1136/3123 2992/1096/3081 3031/1137/3122
f 3033/1135/3124 2993/1095/3082 3032/1136/3123
f 3034/1134/3125 2994/1094/3083 3033/1135/3124
f 3035/1133/3126 2995/1093/3084 3034/1134/3125
f 3036/1132/3127 2996/1092/3085 3035/1133/3126
f 3037/1131/3128 2997/1091/3086 3036/1132/3127
f 3038/1130/3129 2998/1090/3087 3037/1131/3128
f 3039/1129/3130 2999/1089/3088 3038/1130/3129
f 3040/1128/3131 3000/1088/3089 3039/1129/3130
f 3041/1127/3132 3001/1087/3090 3040/1128/3131
f 3042/1126/3133 3002/1086/3091 3041/1127/3132
f 3042/1126/3133 3004/1084/3093 3003/1085/3092
f 3043/1125/3134 3005/1083/3094 3004/1084/3093
f 3044/1124/3135 3006/1082/3095 3005/1083/3094
f 3045/1123/3136 3007/1081/3096 3006/1082/3095
f 3046/1122/3137 3008/1080/3097 3007/1081/3096
f 3047/1121/3138 3009/1079/3098 3008/1080/3097
f 3048/1120/3139 3010/1078/3099 3009/1079/3098
f 3049/1119/3140 3011/1077/3100 3010/1078/3099
f 3050/1118/3141 3012/1076/3101 3011/1077/3100
f 3051/1117/3142 3013/1075/3102 3012/1076/3101
f 3052/1116/3143 3014/1074/3103 3013/1075/3102
f 3053/1115/3144 3015/1073/3104 3014/1074/3103
f 3054/1114/3145 3016/1072/3105 3015/1073/3104
f 3055/1113/3146 3017/1071/3106 3016/1072/3105
f 3056/1112/3147 3018/1070/3107 3017/1071/3106
f 3057/1111/3148 3019/1069/3108 3018/1070/3107
f 3058/1110/3149 3020/1068/3109 3019/1069/3108
f 3059/1109/3150 3021/1067/3110 3020/1068/3109
f 3060/1108/3151 3022/1065/3111 3021/1067/3110
f 3061/1106/3152 1107/2031/3153 3022/1065/3111
f 3062/1187/3154 1108/1186/3114 1149/1227/3155
f 3063/1185/3156 3023/1146/3113 3062/1187/3154
f 3064/1184/3157 3024/1144/3115 3063/1185/3156
f 3065/1183/3158 3025/1143/3116 3064/1184/3157
f 3066/1182/3159 3026/1142/3117 3065/1183/3158
f 3067/1181/3160 3027/1141/3118 3066/1182/3159
f 3068/1180/3161 3028/1140/3119 3067/1181/3160
f 3069/1179/3162 3029/1139/3120 3068/1180/3161
f 3070/1178/3163 3030/1138/3121 3069/1179/3162
f 3071/1177/3164 3031/1137/3122 3070/1178/3163
f 3072/1176/3165 3032/1136/3123 3071/1177/3164
f 3073/1175/3166 3033/1135/3124 3072/1176/3165
f 3074/1174/3167 3034/1134/3125 3073/1175/3166
f 3075/1173/3168 3035/1133/3126 3074/1174/3167
f 3076/1172/3169 3036/1132/3127 3075/1173/3168
f 3077/1171/3170 3037/1131/3128 3076/1172/3169
f 3078/1170/3171 3038/1130/3129 3077/1171/3170
f 3079/1169/3172 3039/1129/3130 3078/1170/3171
f 3080/1168/3173 3040/1128/3131 3079/1169/3172
f 3081/1167/3174 3041/1127/3132 3080/1168/3173
f 3081/1167/3174 3043/1125/3134 3042/1126/3133
f 3082/1166/3175 3044/1124/3135 3043/1125/3134
f 3083/1165/3176 3045/1123/3136 3044/1124/3135
f 3084/1164/3177 3046/1122/3137 3045/1123/3136
f 3085/1163/3178 3047/1121/3138 3046/1122/3137
f 3086/1162/3179 3048/1120/3139 3047/1121/3138
f 3087/1161/3180 3049/1119/3140 3048/1120/3139
f 3088/1160/3181 3050/1118/3141 3049/1119/3140
f 3089/1159/3182 3051/1117/3142 3050/1118/3141
f 3090/1158/3183 3052/1116/3143 3051/1117/3142
f 3091/1157/3184 3053/1115/3144 3052/1116/3143
f 3092/1156/3185 3054/1114/3145 3053/1115/3144
f 3093/1155/3186 3055/1113/3146 3054/1114/3145
f 3094/1154/3187 3056/1112/3147 3055/1113/3146
f 3095/1153/3188 3057/1111/3148 3056/1112/3147
f 3096/1152/3189 3058/1110/3149 3057/1111/3148
f 3097/1151/3190 3059/1109/3150 3058/1110/3149
f 3098/1150/3191 3060/1108/3151 3059/1109/3150
f 3099/1149/3192 3061/1106/3152 3060/1108/3151
f 3100/1147/3193 1148/2032/3194 3061/1106/3152
f 3101/1228/3195 1149/1227/3155 1190/1268/3196
f 3102/1226/3197 3062/1187/3154 3101/1228/3195
f 3103/1225/3198 3063/1185/3156 3102/1226/3197
f 3104/1224/3199 3064/1184/3157 3103/1225/3198
f 3105/1223/3200 3065/1183/3158 3104/1224/3199
f 3106/1222/3201 3066/1182/3159 3105/1223/3200
f 3107/1221/3202 3067/1181/3160 3106/1222/3201
f 3108/1220/3203 3068/1180/3161 3107/1221/3202
f 3109/1219/3204 3069/1179/3162 3108/1220/3203
f 3110/1218/3205 3070/1178/3163 3109/1219/3204
f 3111/1217/3206 3071/1177/3164 3110/1218/3205
f 3112/1216/3207 3072/1176/3165 3111/1217/3206
f 3113/1215/3208 3073/1175/3166 3112/1216/3207
f 3114/1214/3209 3074/1174/3167 3113/1215/3208
f 3115/1213/3210 3075/1173/3168 3114/1214/3209
f 3116/1212/3211 3076/1172/3169 3115/1213/3210
f 3117/1211/3212 3077/1171/3170 3116/1212/3211
f 3118/1210/3213 3078/1170/3171 3117/1211/3212
f 3119/1209/3214 3079/1169/3172 3118/1210/3213
f 3120/1208/3215 3080/1168/3173 3119/1209/3214
f 3120/1208/3215 3082/1166/3175 3081/1167/3174
f 3121/1207/3216 3083/1165/3176 3082/1166/3175
f 3122/1206/3217 3084/1164/3177 3083/1165/3176
f 3123/1205/3218 3085/1163/3178 3084/1164/3177
f 3124/1204/3219 3086/1162/3179 3085/1163/3178
f 3125/1203/3220 3087/1161/3180 3086/1162/3179
f 3126/1202/3221 3088/1160/3181 3087/1161/3180
f 3127/1201/3222 3089/1159/3182 3088/1160/3181
f 3128/1200/3223 3090/1158/3183 3089/1159/3182
f 3129/1199/3224 3091/1157/3184 3090/1158/3183
f 3130/1198/3225 3092/1156/3185 3091/1157/3184
f 3131/1197/3226 3093/1155/3186 3092/1156/3185
f 3132/1196/3227 3094/1154/3187 3093/1155/3186
f 3133/1195/3228 3095/1153/3188 3094/1154/3187
f 3134/1194/3229 3096/1152/3189 3095/1153/3188
f 3135/1193/3230 3097/1151/3190 3096/1152/3189
f 3136/1192/3231 3098/1150/3191 3097/1151/3190
f 3137/1191/3232 3099/1149/3192 3098/1150/3191
f 3138/1190/3233 3100/1147/3193 3099/1149/3192
f 3139/1188/3234 1189/2033/3235 3100/1147/3193
f 3140/1269/3236 1190/1268/3196 1231/1309/3237
f 3141/1267/3238 3101/1228/3195 3140/1269/3236
f 3142/1266/3239 3102/1226/3197 3141/1267/3238
f 3143/1265/3240 3103/1225/3198 3142/1266/3239
f 3144/1264/3241 3104/1224/3199 3143/1265/3240
f 3145/1263/3242 3105/1223/3200 3144/1264/3241
f 3146/1262/3243 3106/1222/3201 3145/1263/3242
f 3147/1261/3244 3107/1221/3202 3146/1262/3243
f 3148/1260/3245 3108/1220/3203 3147/1261/3244
f 3149/1259/3246 3109/1219/3204 3148/1260/3245
f 3150/1258/3247 3110/1218/3205 3149/1259/3246
f 3151/1257/3248 3111/1217/3206 3150/1258/3247
f 3152/1256/3249 3112/1216/3207 3151/1257/3248
f 3153/1255/3250 3113/1215/3208 3152/1256/3249
f 3154/1254/3251 3114/1214/3209 3153/1255/3250
f 3155/1253/3252 3115/1213/3210 3154/1254/3251
f 3156/1252/3253 3116/1212/3211 3155/1253/3252
f 3157/1251/3254 3117/1211/3212 3156/1252/3253
f 3158/1250/3255 3118/1210/3213 3157/1251/3254
f 3159/1249/3256 3119/1209/3214 3158/1250/3255
f 3159/1249/3256 3121/1207/3216 3120/1208/3215
f 3160/1248/3257 3122/1206/3217 3121/1207/3216
f 3161/1247/3258 3123/1205/3218 3122/1206/3217
f 3162/1246/3259 3124/1204/3219 3123/1205/3218
f 3163/1245/3260 3125/1203/3220 3124/1204/3219
f 3164/1244/3261 3126/1202/3221 3125/1203/3220
f 3165/1243/3262 3127/1201/3222 3126/1202/3221
f 3166/1242/3263 3128/1200/3223 3127/1201/3222
f 3167/1241/3264 3129/1199/3224 3128/1200/3223
f 3168/1240/3265 3130/1198/3225 3129/1199/3224
f 3169/1239/3266 3131/1197/3226 3130/1198/3225
f 3170/1238/3267 3132/1196/3227 3131/1197/3226
f 3171/1237/3268 3133/1195/3228 3132/1196/3227
f 3172/1236/3269 3134/1194/3229 3133/1195/3228
f 3173/1235/3270 3135/1193/3230 3134/1194/3229
f 3174/1234/3271 3136/1192/3231 3135/1193/3230
f 3175/1233/3272 3137/1191/3232 3136/1192/3231
f 3176/1232/3273 3138/1190/3233 3137/1191/3232
f 3177/1231/3274 3139/1188/3234 3138/1190/3233
f 3178/1229/3275 1230/2034/3276 3139/1188/3234
f 3179/1310/3277 1231/1309/3237 1272/1350/3278
f 3180/1308/3279 3140/1269/3236 3179/1310/3277
f 3181/1307/3280 3141/1267/3238 3180/1308/3279
f 3182/1306/3281 3142/1266/3239 3181/1307/3280
f 3183/1305/3282 3143/1265/3240 3182/1306/3281
f 3184/1304/3283 3144/1264/3241 3183/1305/3282
f 3185/1303/3284 3145/1263/3242 3184/1304/3283
f 3186/1302/3285 3146/1262/3243 3185/1303/3284
f 3187/1301/3286 3147/1261/3244 3186/1302/3285
f 3188/1300/3287 3148/1260/3245 3187/1301/3286
f 3189/1299/3288 3149/1259/3246 3188/1300/3287
f 3190/1298/3289 3150/1258/3247 3189/1299/3288
f 3191/1297/3290 3151/1257/3248 3190/1298/3289
f 3192/1296/3291 3152/1256/3249 3191/1297/3290
f 3193/1295/3292 3153/1255/3250 3192/1296/3291
f 3194/1294/3293 3154/1254/3251 3193/1295/3292
f 3195/1293/3294 3155/1253/3252 3194/1294/3293
f 3196/1292/3295 3156/1252/3253 3195/1293/3294
f 3197/1291/3296 3157/1251/3254 3196/1292/3295
f 3198/1290/3297 3158/1250/3255 3197/1291/3296
f 3198/1290/3297 3160/1248/3257 3159/1249/3256
f 3199/1289/3298 3161/1247/3258 3160/1248/3257
f 3200/1288/3299 3162/1246/3259 3161/1247/3258
f 3201/1287/3300 3163/1245/3260 3162/1246/3259
f 3202/1286/3301 3164/1244/3261 3163/1245/3260
f 3203/1285/3302 3165/1243/3262 3164/1244/3261
f 3204/1284/3303 3166/1242/3263 3165/1243/3262
f 3205/1283/3304 3167/1241/3264 3166/1242/3263
f 3206/1282/3305 3168/1240/3265 3167/1241/3264
f 3207/1281/3306 3169/1239/3266 3168/1240/3265
f 3208/1280/3307 3170/1238/3267 3169/1239/3266
f 3209/1279/3308 3171/1237/3268 3170/1238/3267
f 3210/1278/3309 3172/1236/3269 3171/1237/3268
f 3211/1277/3310 3173/1235/3270 3172/1236/3269
f 3212/1276/3311 3174/1234/3271 3173/1235/3270
f 3213/1275/3312 3175/1233/3272 3174/1234/3271
f 3214/1274/3313 3176/1232/3273 3175/1233/3272
f 3215/1273/3314 3177/1231/3274 3176/1232/3273
f 3216/1272/3315 3178/1229/3275 3177/1231/3274
f 3217/1270/3316 1271/2035/3317 3178/1229/3275
f 3218/1351/3318 1272/1350/3278 1313/1391/3319
f 3219/1349/3320 3179/1310/3277 3218/1351/3318
f 3220/1348/3321 3180/1308/3279 3219/1349/3320
f 3221/1347/3322 3181/1307/3280 3220/1348/3321
f 3222/1346/3323 3182/1306/3281 3221/1347/3322
f 3223/1345/3324 3183/1305/3282 3222/1346/3323
f 3224/1344/3325 3184/1304/3283 3223/1345/3324
f 3225/1343/3326 3185/1303/3284 3224/1344/3325
f 3226/1342/3327 3186/1302/3285 3225/1343/3326
f 3227/1341/3328 3187/1301/3286 3226/1342/3327
f 3228/1340/3329 3188/1300/3287 3227/1341/3328
f 3229/1339/3330 3189/1299/3288 3228/1340/3329
f 3230/1338/3331 3190/1298/3289 3229/1339/3330
f 3231/1337/3332 3191/1297/3290 3230/1338/3331
f 3232/1336/3333 3192/1296/3291 3231/1337/3332
f 3233/1335/3334 3193/1295/3292 3232/1336/3333
f 3234/1334/3335 3194/1294/3293 3233/1335/3334
f 3235/1333/3336 3195/1293/3294 3234/1334/3335
f 3236/1332/3337 3196/1292/3295 3235/1333/3336
f 3237/1331/3338 3197/1291/3296 3236/1332/3337
f 3237/1331/3338 3199/1289/3298 3198/1290/3297
f 3238/1330/3339 3200/1288/3299 3199/1289/3298
f 3239/1329/3340 3201/1287/3300 3200/1288/3299
f 3240/1328/3341 3202/1286/3301 3201/1287/3300
f 3241/1327/3342 3203/1285/3302 3202/1286/3301
f 3242/1326/3343 3204/1284/3303 3203/1285/3302
f 3243/1325/3344 3205/1283/3304 3204/1284/3303
f 3244/1324/3345 3206/1282/3305 3205/1283/3304
f 3245/1323/3346 3207/1281/3306 3206/1282/3305
f 3246/1322/3347 3208/1280/3307 3207/1281/3306
f 3247/1321/3348 3209/1279/3308 3208/1280/3307
f 3248/1320/3349 3210/1278/3309 3209/1279/3308
f 3249/1319/3350 3211/1277/3310 3210/1278/3309
f 3250/1318/3351 3212/1276/3311 3211/1277/3310
f 3251/1317/3352 3213/1275/3312 3212/1276/3311
f 3252/1316/3353 3214/1274/3313 3213/1275/3312
f 3253/1315/3354 3215/1273/3314 3214/1274/3313
f 3254/1314/3355 3216/1272/3315 3215/1273/3314
f 3255/1313/3356 3217/1270/3316 3216/1272/3315
f 3256/1311/3357 1312/2036/3358 3217/1270/3316
f 3257/1392/3359 1313/1391/3319 1354/1432/3360
f 3258/1390/3361 3218/1351/3318 3257/1392/3359
f 3259/1389/3362 3219/1349/3320 3258/1390/3361
f 3260/1388/3363 3220/1348/3321 3259/1389/3362
f 3261/1387/3364 3221/1347/3322 3260/1388/3363
f 3262/1386/3365 3222/1346/3323 3261/1387/3364
f 3263/1385/3366 3223/1345/3324 3262/1386/3365
f 3264/1384/3367 3224/1344/3325 3263/1385/3366
f 3265/1383/3368 3225/1343/3326 3264/1384/3367
f 3266/1382/3369 3226/1342/3327 3265/1383/3368
f 3267/1381/3370 3227/1341/3328 3266/1382/3369
f 3268/1380/3371 3228/1340/3329 3267/1381/3370
f 3269/1379/3372 3229/1339/3330 3268/1380/3371
f 3270/1378/3373 3230/1338/3331 3269/1379/3372
f 3271/1377/3374 3231/1337/3332 3270/1378/3373
f 3272/1376/3375 3232/1336/3333 3271/1377/3374
f 3273/1375/3376 3233/1335/3334 3272/1376/3375
f 3274/1374/3377 3234/1334/3335 3273/1375/3376
f 3275/1373/3378 3235/1333/3336 3274/1374/3377
f 3276/1372/3379 3236/1332/3337 3275/1373/3378
f 3276/1372/3379 3238/1330/3339 3237/1331/3338
f 3277/1371/3380 3239/1329/3340 3238/1330/3339
f 3278/1370/3381 3240/1328/3341 3239/1329/3340
f 3279/1369/3382 3241/1327/3342 3240/1328/3341
f 3280/1368/3383 3242/1326/3343 3241/1327/3342
f 3281/1367/3384 3243/1325/3344 3242/1326/3343
f 3282/1366/3385 3244/1324/3345 3243/1325/3344
f 3283/1365/3386 3245/1323/3346 3244/1324/3345
f 3284/1364/3387 3246/1322/3347 3245/1323/3346
f 3285/1363/3388 3247/1321/3348 3246/1322/3347
f 3286/1362/3389 3248/1320/3349 3247/1321/3348
f 3287/1361/3390 3249/1319/3350 3248/1320/3349
f 3288/1360/3391 3250/1318/3351 3249/1319/3350
f 3289/1359/3392 3251/1317/3352 3250/1318/3351
f 3290/1358/3393 3252/1316/3353 3251/1317/3352
f 3291/1357/3394 3253/1315/3354 3252/1316/3353
f 3292/1356/3395 3254/1314/3355 3253/1315/3354
f 3293/1355/3396 3255/1313/3356 3254/1314/3355
f 3294/1354/3397 3256/1311/3357 3255/1313/3356
f 3295/1352/3398 1353/2037/3399 3256/1311/3357
f 3296/1433/3400 1354/1432/3360 1395/1473/3401
f 3297/1431/3402 3257/1392/3359 3296/1433/3400
f 3298/1430/3403 3258/1390/3361 3297/1431/3402
f 3299/1429/3404 3259/1389/3362 3298/1430/3403
f 3300/1428/3405 3260/1388/3363 3299/1429/3404
f 3301/1427/3406 3261/1387/3364 3300/1428/3405
f 3302/1426/3407 3262/1386/3365 3301/1427/3406
f 3303/1425/3408 3263/1385/3366 3302/1426/3407
f 3304/1424/3409 3264/1384/3367 3303/1425/3408
f 3305/1423/3410 3265/1383/3368 3304/1424/3409
f 3306/1422/3411 3266/1382/3369 3305/1423/3410
f 3307/1421/3412 3267/1381/3370 3306/1422/3411
f 3308/1420/3413 3268/1380/3371 3307/1421/3412
f 3309/1419/3414 3269/1379/3372 3308/1420/3413
f 3310/1418/3415 3270/1378/3373 3309/1419/3414
f 3311/1417/3416 3271/1377/3374 3310/1418/3415
f 3312/1416/3417 3272/1376/3375 3311/1417/3416
f 3313/1415/3418 3273/1375/3376 3312/1416/3417
f 3314/1414/3419 3274/1374/3377 3313/1415/3418
f 3315/1413/3420 3275/1373/3378 3314/1414/3419
f 3315/1413/3420 3277/1371/3380 3276/1372/3379
f 3316/1412/3421 3278/1370/3381 3277/1371/3380
f 3317/1411/3422 3279/1369/3382 3278/1370/3381
f 3318/1410/3423 3280/1368/3383 3279/1369/3382
f 3319/1409/3424 3281/1367/3384 3280/1368/3383
f 3320/1408/3425 3282/1366/3385 3281/1367/3384
f 3321/1407/3426 3283/1365/3386 3282/1366/3385
f 3322/1406/3427 3284/1364/3387 3283/1365/3386
f 3323/1405/3428 3285/1363/3388 3284/1364/3387
f 3324/1404/3429 3286/1362/3389 3285/1363/3388
f 3325/1403/3430 3287/1361/3390 3286/1362/3389
f 3326/1402/3431 3288/1360/3391 3287/1361/3390
f 3327/1401/3432 3289/1359/3392 3288/1360/3391
f 3328/1400/3433 3290/1358/3393 3289/1359/3392
f 3329/1399/3434 3291/1357/3394 3290/1358/3393
f 3330/1398/3435 3292/1356/3395 3291/1357/3394
f 3331/1397/3436 3293/1355/3396 3292/1356/3395
f 3332/1396/3437 3294/1354/3397 3293/1355/3396
f 3333/1395/3438 3295/1352/3398 3294/1354/3397
f 3334/1393/3439 1394/2038/3440 3295/1352/3398
f 3335/1474/3441 1395/1473/3401 1436/1514/3442
f 3336/1472/3443 3296/1433/3400 3335/1474/3441
f 3337/1471/3444 3297/1431/3402 3336/1472/3443
f 3338/1470/3445 3298/1430/3403 3337/1471/3444
f 3339/1469/3446 3299/1429/3404 3338/1470/3445
f 3340/1468/3447 3300/1428/3405 3339/1469/3446
f 3341/1467/3448 3301/1427/3406 3340/1468/3447
f 3342/1466/3449 3302/1426/3407 3341/1467/3448
f 3343/1465/3450 3303/1425/3408 3342/1466/3449
f 3344/1464/3451 3304/1424/3409 3343/1465/3450
f 3345/1463/3452 3305/1423/3410 3344/1464/3451
f 3346/1462/3453 3306/1422/3411 3345/1463/3452
f 3347/1461/3454 3307/1421/3412 3346/1462/3453
f 3348/1460/3455 3308/1420/3413 3347/1461/3454
f 3349/1459/3456 3309/1419/3414 3348/1460/3455
f 3350/1458/3457 3310/1418/3415 3349/1459/3456
f 3351/1457/3458 3311/1417/3416 3350/1458/3457
f 3352/1456/3459 3312/1416/3417 3351/1457/3458
f 3353/1455/3460 3313/1415/3418 3352/1456/3459
f 3354/1454/3461 3314/1414/3419 3353/1455/3460
f 3354/1454/3461 3316/1412/3421 3315/1413/3420
f 3355/1453/3462 3317/1411/3422 3316/1412/3421
f 3356/1452/3463 3318/1410/3423 3317/1411/3422
f 3357/1451/3464 3319/1409/3424 3318/1410/3423
f 3358/1450/3465 3320/1408/3425 3319/1409/3424
f 3359/1449/3466 3321/1407/3426 3320/1408/3425
f 3360/1448/3467 3322/1406/3427 3321/1407/3426
f 3361/1447/3468 3323/1405/3428 3322/1406/3427
f 3362/1446/3469 3324/1404/3429 3323/1405/3428
f 3363/1445/3470 3325/1403/3430 3324/1404/3429
f 3364/1444/3471 3326/1402/3431 3325/1403/3430
f 3365/1443/3472 3327/1401/3432 3326/1402/3431
f 3366/1442/3473 3328/1400/3433 3327/1401/3432
f 3367/1441/3474 3329/1399/3434 3328/1400/3433
f 3368/1440/3475 3330/1398/3435 3329/1399/3434
f 3369/1439/3476 3331/1397/3436 3330/1398/3435
f 3370/1438/3477 3332/1396/3437 3331/1397/3436
f 3371/1437/3478 3333/1395/3438 3332/1396/3437
f 3372/1436/3479 3334/1393/3439 3333/1395/3438
f 3373/1434/3480 1435/2039/3481 3334/1393/3439
f 3374/1515/3482 1436/1514/3442 1477/1555/3483
f 3375/1513/3484 3335/1474/3441 3374/1515/3482
f 3376/1512/3485 3336/1472/3443 3375/1513/3484
f 3377/1511/3486 3337/1471/3444 3376/1512/3485
f 3378/1510/3487 3338/1470/3445 3377/1511/3486
f 3379/1509/3488 3339/1469/3446 3378/1510/3487
f 3380/1508/3489 3340/1468/3447 3379/1509/3488
f 3381/1507/3490 3341/1467/3448 3380/1508/3489
f 3382/1506/3491 3342/1466/3449 3381/1507/3490
f 3383/1505/3492 3343/1465/3450 3382/1506/3491
f 3384/1504/3493 3344/1464/3451 3383/1505/3492
f 3385/1503/3494 3345/1463/3452 3384/1504/3493
f 3386/1502/3495 3346/1462/3453 3385/1503/3494
f 3387/1501/3496 3347/1461/3454 3386/1502/3495
f 3388/1500/3497 3348/1460/3455 3387/1501/3496
f 3389/1499/3498 3349/1459/3456 3388/1500/3497
f 3390/1498/3499 3350/1458/3457 3389/1499/3498
f 3391/1497/3500 3351/1457/3458 3390/1498/3499
f 3392/1496/3501 3352/1456/3459 3391/1497/3500
f 3393/1495/3502 3353/1455/3460 3392/1496/3501
f 3393/1495/3502 3355/1453/3462 3354/1454/3461
f 3394/1494/3503 3356/1452/3463 3355/1453/3462
f 3395/1493/3504 3357/1451/3464 3356/1452/3463
f 3396/1492/3505 3358/1450/3465 3357/1451/3464
f 3397/1491/3506 3359/1449/3466 3358/1450/3465
f 3398/1490/3507 3360/1448/3467 3359/1449/3466
f 3399/1489/3508 3361/1447/3468 3360/1448/3467
f 3400/1488/3509 3362/1446/3469 3361/1447/3468
f 3401/1487/3510 3363/1445/3470 3362/1446/3469
f 3402/1486/3511 3364/1444/3471 3363/1445/3470
f 3403/1485/3512 3365/1443/3472 3364/1444/3471
f 3404/1484/3513 3366/1442/3473 3365/1443/3472
f 3405/1483/3514 3367/1441/3474 3366/1442/3473
f 3406/1482/3515 3368/1440/3475 3367/1441/3474
f 3407/1481/3516 3369/1439/3476 3368/1440/3475
f 3408/1480/3517 3370/1438/3477 3369/1439/3476
f 3409/1479/3518 3371/1437/3478 3370/1438/3477
f 3410/1478/3519 3372/1436/3479 3371/1437/3478
f 3411/1477/3520 3373/1434/3480 3372/1436/3479
f 3412/1475/3521 1476/2040/3522 3373/1434/3480
f 3413/1556/3523 1477/1555/3483 1518/1596/3524
f 3414/1554/3525 3374/1515/3482 3413/1556/3523
f 3415/1553/3526 3375/1513/3484 3414/1554/3525
f 3416/1552/3527 3376/1512/3485 3415/1553/3526
f 3417/1551/3528 3377/1511/3486 3416/1552/3527
f 3418/1550/3529 3378/1510/3487 3417/1551/3528
f 3419/1549/3530 3379/1509/3488 3418/1550/3529
f 3420/1548/3531 3380/1508/3489 3419/1549/3530
f 3421/1547/3532 3381/1507/3490 3420/1548/3531
f 3422/1546/3533 3382/1506/3491 3421/1547/3532
f 3423/1545/3534 3383/1505/3492 3422/1546/3533
f 3424/1544/3535 3384/1504/3493 3423/1545/3534
f 3425/1543/3536 3385/1503/3494 3424/1544/3535
f 3426/1542/3537 3386/1502/3495 3425/1543/3536
f 3427/1541/3538 3387/1501/3496 3426/1542/3537
f 3428/1540/3539 3388/1500/3497 3427/1541/3538
f 3429/1539/3540 3389/1499/3498 3428/1540/3539
f 3430/1538/3541 3390/1498/3499 3429/1539/3540
f 3431/1537/3542 3391/1497/3500 3430/1538/3541
f 3432/1536/3543 3392/1496/3501 3431/1537/3542
f 3432/1536/3543 3394/1494/3503 3393/1495/3502
f 3433/1535/3544 3395/1493/3504 3394/1494/3503
f 3434/1534/3545 3396/1492/3505 3395/1493/3504
f 3435/1533/3546 3397/1491/3506 3396/1492/3505
f 3436/1532/3547 3398/1490/3507 3397/1491/3506
f 3437/1531/3548 3399/1489/3508 3398/1490/3507
f 3438/1530/3549 3400/1488/3509 3399/1489/3508
f 3439/1529/3550 3401/1487/3510 3400/1488/3509
f 3440/1528/3551 3402/1486/3511 3401/1487/3510
f 3441/1527/3552 3403/1485/3512 3402/1486/3511
f 3442/1526/3553 3404/1484/3513 3403/1485/3512
f 3443/1525/3554 3405/1483/3514 3404/1484/3513
f 3444/1524/3555 3406/1482/3515 3405/1483/3514
f 3445/1523/3556 3407/1481/3516 3406/1482/3515
f 3446/1522/3557 3408/1480/3517 3407/1481/3516
f 3447/1521/3558 3409/1479/3518 3408/1480/3517
f 3448/1520/3559 3410/1478/3519 3409/1479/3518
f 3449/1519/3560 3411/1477/3520 3410/1478/3519
f 3450/1518/3561 3412/1475/3521 3411/1477/3520
f 3451/1516/3562 1517/2041/3563 3412/1475/3521
f 3452/1597/3564 1518/1596/3524 1559/1637/3565
f 3453/1595/3566 3413/1556/3523 3452/1597/3564
f 3454/1594/3567 3414/1554/3525 3453/1595/3566
f 3455/1593/3568 3415/1553/3526 3454/1594/3567
f 3456/1592/3569 3416/1552/3527 3455/1593/3568
f 3457/1591/3570 3417/1551/3528 3456/1592/3569
f 3458/1590/3571 3418/1550/3529 3457/1591/3570
f 3459/1589/3572 3419/1549/3530 3458/1590/3571
f 3460/1588/3573 3420/1548/3531 3459/1589/3572
f 3461/1587/3574 3421/1547/3532 3460/1588/3573
f 3462/1586/3575 3422/1546/3533 3461/1587/3574
f 3463/1585/3576 3423/1545/3534 3462/1586/3575
f 3464/1584/3577 3424/1544/3535 3463/1585/3576
f 3465/1583/3578 3425/1543/3536 3464/1584/3577
f 3466/1582/3579 3426/1542/3537 3465/1583/3578
f 3467/1581/3580 3427/1541/3538 3466/1582/3579
f 3468/1580/3581 3428/1540/3539 3467/1581/3580
f 3469/1579/3582 3429/1539/3540 3468/1580/3581
f 3470/1578/3583 3430/1538/3541 3469/1579/3582
f 3471/1577/3584 3431/1537/3542 3470/1578/3583
f 3471/1577/3584 3433/1535/3544 3432/1536/3543
f 3472/1576/3585 3434/1534/3545 3433/1535/3544
f 3473/1575/3586 3435/1533/3546 3434/1534/3545
f 3474/1574/3587 3436/1532/3547 3435/1533/3546
f 3475/1573/3588 3437/1531/3548 3436/1532/3547
f 3476/1572/3589 3438/1530/3549 3437/1531/3548
f 3477/1571/3590 3439/1529/3550 3438/1530/3549
f 3478/1570/3591 3440/1528/3551 3439/1529/3550
f 3479/1569/3592 3441/1527/3552 3440/1528/3551
f 3480/1568/3593 3442/1526/3553 3441/1527/3552
f 3481/1567/3594 3443/1525/3554 3442/1526/3553
f 3482/1566/3595 3444/1524/3555 3443/1525/3554
f 3483/1565/3596 3445/1523/3556 3444/1524/3555
f 3484/1564/3597 3446/1522/3557 3445/1523/3556
f 3485/1563/3598 3447/1521/3558 3446/1522/3557
f 3486/1562/3599 3448/1520/3559 3447/1521/3558
f 3487/1561/3600 3449/1519/3560 3448/1520/3559
f 3488/1560/3601 3450/1518/3561 3449/1519/3560
f 3489/1559/3602 3451/1516/3562 3450/1518/3561
f 3490/1557/3603 1558/2042/3604 3451/1516/3562
f 3491/1638/3605 1559/1637/3565 1600/1678/3606
f 3492/1636/3607 3452/1597/3564 3491/1638/3605
f 3493/1635/3608 3453/1595/3566 3492/1636/3607
f 3494/1634/3609 3454/1594/3567 3493/1635/3608
f 3495/1633/3610 3455/1593/3568 3494/1634/3609
f 3496/1632/3611 3456/1592/3569 3495/1633/3610
f 3497/1631/3612 3457/1591/3570 3496/1632/3611
f 3498/1630/3613 3458/1590/3571 3497/1631/3612
f 3499/1629/3614 3459/1589/3572 3498/1630/3613
f 3500/1628/3615 3460/1588/3573 3499/1629/3614
f 3501/1627/3616 3461/1587/3574 3500/1628/3615
f 3502/1626/3617 3462/1586/3575 3501/1627/3616
f 3503/1625/3618 3463/1585/3576 3502/1626/3617
f 3504/1624/3619 3464/1584/3577 3503/1625/3618
f 3505/1623/3620 3465/1583/3578 3504/1624/3619
f 3506/1622/3621 3466/1582/3579 3505/1623/3620
f 3507/1621/3622 3467/1581/3580 3506/1622/3621
f 3508/1620/3623 3468/1580/3581 3507/1621/3622
f 3509/1619/3624 3469/1579/3582 3508/1620/3623
f 3510/1618/3625 3470/1578/3583 3509/1619/3624
f 3510/1618/3625 3472/1576/3585 3471/1577/3584
f 3511/1617/3626 3473/1575/3586 3472/1576/3585
f 3512/1616/3627 3474/1574/3587 3473/1575/3586
f 3513/1615/3628 3475/1573/3588 3474/1574/3587
f 3514/1614/3629 3476/1572/3589 3475/1573/3588
f 3515/1613/3630 3477/1571/3590 3476/1572/3589
f 3516/1612/3631 3478/1570/3591 3477/1571/3590
f 3517/1611/3632 3479/1569/3592 3478/1570/3591
f 3518/1610/3633 3480/1568/3593 3479/1569/3592
f 3519/1609/3634 3481/1567/3594 3480/1568/3593
f 3520/1608/3635 3482/1566/3595 3481/1567/3594
f 3521/1607/3636 3483/1565/3596 3482/1566/3595
f 3522/1606/3637 3484/1564/3597 3483/1565/3596
f 3523/1605/3638 3485/1563/3598 3484/1564/3597
f 3524/1604/3639 3486/1562/3599 3485/1563/3598
f 3525/1603/3640 3487/1561/3600 3486/1562/3599
f 3526/1602/3641 3488/1560/3601 3487/1561/3600
f 3527/1601/3642 3489/1559/3602 3488/1560/3601
f 3528/1600/3643 3490/1557/3603 3489/1559/3602
f 3529/1598/3644 1599/2043/3645 3490/1557/3603
f 3530/1679/3646 1600/1678/3606 1641/1719/3647
f 3531/1677/3648 3491/1638/3605 3530/1679/3646
f 3532/1676/3649 3492/1636/3607 3531/1677/3648
f 3533/1675/3650 3493/1635/3608 3532/1676/3649
f 3534/1674/3651 3494/1634/3609 3533/1675/3650
f 3535/1673/3652 3495/1633/3610 3534/1674/3651
f 3536/1672/3653 3496/1632/3611 3535/1673/3652
f 3537/1671/3654 3497/1631/3612 3536/1672/3653
f 3538/1670/3655 3498/1630/3613 3537/1671/3654
f 3539/1669/3656 3499/1629/3614 3538/1670/3655
f 3540/1668/3657 3500/1628/3615 3539/1669/3656
f 3541/1667/3658 3501/1627/3616 3540/1668/3657
f 3542/1666/3659 3502/1626/3617 3541/1667/3658
f 3543/1665/3660 3503/1625/3618 3542/1666/3659
f 3544/1664/3661 3504/1624/3619 3543/1665/3660
f 3545/1663/3662 3505/1623/3620 3544/1664/3661
f 3546/1662/3663 3506/1622/3621 3545/1663/3662
f 3547/1661/3664 3507/1621/3622 3546/1662/3663
f 3548/1660/3665 3508/1620/3623 3547/1661/3664
f 3549/1659/3666 3509/1619/3624 3548/1660/3665
f 3549/1659/3666 3511/1617/3626 3510/1618/3625
f 3550/1658/3667 3512/1616/3627 3511/1617/3626
f 3551/1657/3668 3513/1615/3628 3512/1616/3627
f 3552/1656/3669 3514/1614/3629 3513/1615/3628
f 3553/1655/3670 3515/1613/3630 3514/1614/3629
f 3554/1654/3671 3516/1612/3631 3515/1613/3630
f 3555/1653/3672 3517/1611/3632 3516/1612/3631
f 3556/1652/3673 3518/1610/3633 3517/1611/3632
f 3557/1651/3674 3519/1609/3634 3518/1610/3633
f 3558/1650/3675 3520/1608/3635 3519/1609/3634
f 3559/1649/3676 3521/1607/3636 3520/1608/3635
f 3560/1648/3677 3522/1606/3637 3521/1607/3636
f 3561/1647/3678 3523/1605/3638 3522/1606/3637
f 3562/1646/3679 3524/1604/3639 3523/1605/3638
f 3563/1645/3680 3525/1603/3640 3524/1604/3639
f 3564/1644/3681 3526/1602/3641 3525/1603/3640
f 3565/1643/3682 3527/1601/3642 3526/1602/3641
f 3566/1642/3683 3528/1600/3643 3527/1601/3642
f 3567/1641/3684 3529/1598/3644 3528/1600/3643
f 3568/1639/3685 1640/2044/3686 3529/1598/3644
f 3569/1720/3687 1641/1719/3647 1682/1760/3688
f 3570/1718/3689 3530/1679/3646 3569/1720/3687
f 3571/1717/3690 3531/1677/3648 3570/1718/3689
f 3572/1716/3691 3532/1676/3649 3571/1717/3690
f 3573/1715/3692 3533/1675/3650 3572/1716/3691
f 3574/1714/3693 3534/1674/3651 3573/1715/3692
f 3575/1713/3694 3535/1673/3652 3574/1714/3693
f 3576/1712/3695 3536/1672/3653 3575/1713/3694
f 3577/1711/3696 3537/1671/3654 3576/1712/3695
f 3578/1710/3697 3538/1670/3655 3577/1711/3696
f 3579/1709/3698 3539/1669/3656 3578/1710/3697
f 3580/1708/3699 3540/1668/3657 3579/1709/3698
f 3581/1707/3700 3541/1667/3658 3580/1708/3699
f 3582/1706/3701 3542/1666/3659 3581/1707/3700
f 3583/1705/3702 3543/1665/3660 3582/1706/3701
f 3584/1704/3703 3544/1664/3661 3583/1705/3702
f 3585/1703/3704 3545/1663/3662 3584/1704/3703
f 3586/1702/3705 3546/1662/3663 3585/1703/3704
f 3587/1701/3706 3547/1661/3664 3586/1702/3705
f 3588/1700/3707 3548/1660/3665 3587/1701/3706
f 3588/1700/3707 3550/1658/3667 3549/1659/3666
f 3589/1699/3708 3551/1657/3668 3550/1658/3667
f 3590/1698/3709 3552/1656/3669 3551/1657/3668
f 3591/1697/3710 3553/1655/3670 3552/1656/3669
f 3592/1696/3711 3554/1654/3671 3553/1655/3670
f 3593/1695/3712 3555/1653/3672 3554/1654/3671
f 3594/1694/3713 3556/1652/3673 3555/1653/3672
f 3595/1693/3714 3557/1651/3674 3556/1652/3673
f 3596/1692/3715 3558/1650/3675 3557/1651/3674
f 3597/1691/3716 3559/1649/3676 3558/1650/3675
f 3598/1690/3717 3560/1648/3677 3559/1649/3676
f 3599/1689/3718 3561/1647/3678 3560/1648/3677
f 3600/1688/3719 3562/1646/3679 3561/1647/3678
f 3601/1687/3720 3563/1645/3680 3562/1646/3679
f 3602/1686/3721 3564/1644/3681 3563/1645/3680
f 3603/1685/3722 3565/1643/3682 3564/1644/3681
f 3604/1684/3723 3566/1642/3683 3565/1643/3682
f 3605/1683/3724 3567/1641/3684 3566/1642/3683
f 3606/1682/3725 3568/1639/3685 3567/1641/3684
f 3607/1680/3726 1681/2045/3727 3568/1639/3685
f 3608/1761/3728 1682/1760/3688 1723/1801/3729
f 3609/1759/3730 3569/1720/3687 3608/1761/3728
f 3610/1758/3731 3570/1718/3689 3609/1759/3730
f 3611/1757/3732 3571/1717/3690 3610/1758/3731
f 3612/1756/3733 3572/1716/3691 3611/1757/3732
f 3613/1755/3734 3573/1715/3692 3612/1756/3733
f 3614/1754/3735 3574/1714/3693 3613/1755/3734
f 3615/1753/3736 3575/1713/3694 3614/1754/3735
f 3616/1752/3737 3576/1712/3695 3615/1753/3736
f 3617/1751/3738 3577/1711/3696 3616/1752/3737
f 3618/1750/3739 3578/1710/3697 3617/1751/3738
f 3619/1749/3740 3579/1709/3698 3618/1750/3739
f 3620/1748/3741 3580/1708/3699 3619/1749/3740
f 3621/1747/3742 3581/1707/3700 3620/1748/3741
f 3622/1746/3743 3582/1706/3701 3621/1747/3742
f 3623/1745/3744 3583/1705/3702 3622/1746/3743
f 3624/1744/3745 3584/1704/3703 3623/1745/3744
f 3625/1743/3746 3585/1703/3704 3624/1744/3745
f 3626/1742/3747 3586/1702/3705 3625/1743/3746
f 3627/1741/3748 3587/1701/3706 3626/1742/3747
f 3627/1741/3748 3589/1699/3708 3588/1700/3707
f 3628/1740/3749 3590/1698/3709 3589/1699/3708
f 3629/1739/3750 3591/1697/3710 3590/1698/3709
f 3630/1738/3751 3592/1696/3711 3591/1697/3710
f 3631/1737/3752 3593/1695/3712 3592/1696/3711
f 3632/1736/3753 3594/1694/3713 3593/1695/3712
f 3633/1735/3754 3595/1693/3714 3594/1694/3713
f 3634/1734/3755 3596/1692/3715 3595/1693/3714
f 3635/1733/3756 3597/1691/3716 3596/1692/3715
f 3636/1732/3757 3598/1690/3717 3597/1691/3716
f 3637/1731/3758 3599/1689/3718 3598/1690/3717
f 3638/1730/3759 3600/1688/3719 3599/1689/3718
f 3639/1729/3760 3601/1687/3720 3600/1688/3719
f 3640/1728/3761 3602/1686/3721 3601/1687/3720
f 3641/1727/3762 3603/1685/3722 3602/1686/3721
f 3642/1726/3763 3604/1684/3723 3603/1685/3722
f 3643/1725/3764 3605/1683/3724 3604/1684/3723
f 3644/1724/3765 3606/1682/3725 3605/1683/3724
f 3645/1723/3766 3607/1680/3726 3606/1682/3725
f 3646/1721/3767 1722/2046/3768 3607/1680/3726
f 3647/1802/3769 1723/1801/3729 1764/1842/3770
f 3648/1800/3771 3608/1761/3728 3647/1802/3769
f 3649/1799/3772 3609/1759/3730 3648/1800/3771
f 3650/1798/3773 3610/1758/3731 3649/1799/3772
f 3651/1797/3774 3611/1757/3732 3650/1798/3773
f 3652/1796/3775 3612/1756/3733 3651/1797/3774
f 3653/1795/3776 3613/1755/3734 3652/1796/3775
f 3654/1794/3777 3614/1754/3735 3653/1795/3776
f 3655/1793/3778 3615/1753/3736 3654/1794/3777
f 3656/1792/3779 3616/1752/3737 3655/1793/3778
f 3657/1791/3780 3617/1751/3738 3656/1792/3779
f 3658/1790/3781 3618/1750/3739 3657/1791/3780
f 3659/1789/3782 3619/1749/3740 3658/1790/3781
f 3660/1788/3783 3620/1748/3741 3659/1789/3782
f 3661/1787/3784 3621/1747/3742 3660/1788/3783
f 3662/1786/3785 3622/1746/3743 3661/1787/3784
f 3663/1785/3786 3623/1745/3744 3662/1786/3785
f 3664/1784/3787 3624/1744/3745 3663/1785/3786
f 3665/1783/3788 3625/1743/3746 3664/1784/3787
f 3666/1782/3789 3626/1742/3747 3665/1783/3788
f 3666/1782/3789 3628/1740/3749 3627/1741/3748
f 3667/1781/3790 3629/1739/3750 3628/1740/3749
f 3668/1780/3791 3630/1738/3751 3629/1739/3750
f 3669/1779/3792 3631/1737/3752 3630/1738/3751
f 3670/1778/3793 3632/1736/3753 3631/1737/3752
f 3671/1777/3794 3633/1735/3754 3632/1736/3753
f 3672/1776/3795 3634/1734/3755 3633/1735/3754
f 3673/1775/3796 3635/1733/3756 3634/1734/3755
f 3674/1774/3797 3636/1732/3757 3635/1733/3756
f 3675/1773/3798 3637/1731/3758 3636/1732/3757
f 3676/1772/3799 3638/1730/3759 3637/1731/3758
f 3677/1771/3800 3639/1729/3760 3638/1730/3759
f 3678/1770/3801 3640/1728/3761 3639/1729/3760
f 3679/1769/3802 3641/1727/3762 3640/1728/3761
f 3680/1768/3803 3642/1726/3763 3641/1727/3762
f 3681/1767/3804 3643/1725/3764 3642/1726/3763
f 3682/1766/3805 3644/1724/3765 3643/1725/3764
f 3683/1765/3806 3645/1723/3766 3644/1724/3765
f 3684/1764/3807 3646/1721/3767 3645/1723/3766
f 3685/1762/3808 1763/2047/3809 3646/1721/3767
f 3686/1843/3810 1764/1842/3770 1805/1883/3811
f 3687/1841/3812 3647/1802/3769 3686/1843/3810
f 3688/1840/3813 3648/1800/3771 3687/1841/3812
f 3689/1839/3814 3649/1799/3772 3688/1840/3813
f 3690/1838/3815 3650/1798/3773 3689/1839/3814
f 3691/1837/3816 3651/1797/3774 3690/1838/3815
f 3692/1836/3817 3652/1796/3775 3691/1837/3816
f 3693/1835/3818 3653/1795/3776 3692/1836/3817
f 3694/1834/3819 3654/1794/3777 3693/1835/3818
f 3695/1833/3820 3655/1793/3778 3694/1834/3819
f 3696/1832/3821 3656/1792/3779 3695/1833/3820
f 3697/1831/3822 3657/1791/3780 3696/1832/3821
f 3698/1830/3823 3658/1790/3781 3697/1831/3822
f 3699/1829/3824 3659/1789/3782 3698/1830/3823
f 3700/1828/3825 3660/1788/3783 3699/1829/3824
f 3701/1827/3826 3661/1787/3784 3700/1828/3825
f 3702/1826/3827 3662/1786/3785 3701/1827/3826
f 3703/1825/3828 3663/1785/3786 3702/1826/3827
f 3704/1824/3829 3664/1784/3787 3703/1825/3828
f 3705/1823/3830 3665/1783/3788 3704/1824/3829
f 3705/1823/3830 3667/1781/3790 3666/1782/3789
f 3706/1822/3831 3668/1780/3791 3667/1781/3790
f 3707/1821/3832 3669/1779/3792 3668/1780/3791
f 3708/1820/3833 3670/1778/3793 3669/1779/3792
f 3709/1819/3834 3671/1777/3794 3670/1778/3793
f 3710/1818/3835 3672/1776/3795 3671/1777/3794
f 3711/1817/3836 3673/1775/3796 3672/1776/3795
f 3712/1816/3837 3674/1774/3797 3673/1775/3796
f 3713/1815/3838 3675/1773/3798 3674/1774/3797
f 3714/1814/3839 3676/1772/3799 3675/1773/3798
f 3715/1813/3840 3677/1771/3800 3676/1772/3799
f 3716/1812/3841 3678/1770/3801 3677/1771/3800
f 3717/1811/3842 3679/1769/3802 3678/1770/3801
f 3718/1810/3843 3680/1768/3803 3679/1769/3802
f 3719/1809/3844 3681/1767/3804 3680/1768/3803
f 3720/1808/3845 3682/1766/3805 3681/1767/3804
f 3721/1807/3846 3683/1765/3806 3682/1766/3805
f 3722/1806/3847 3684/1764/3807 3683/1765/3806
f 3723/1805/3848 3685/1762/3808 3684/1764/3807
f 3724/1803/3849 1804/2048/3850 3685/1762/3808
f 3725/1884/3851 1805/1883/3811 1846/1924/3852
f 3726/1882/3853 3686/1843/3810 3725/1884/3851
f 3727/1881/3854 3687/1841/3812 3726/1882/3853
f 3728/1880/3855 3688/1840/3813 3727/1881/3854
f 3729/1879/3856 3689/1839/3814 3728/1880/3855
f 3730/1878/3857 3690/1838/3815 3729/1879/3856
f 3731/1877/3858 3691/1837/3816 3730/1878/3857
f 3732/1876/3859 3692/1836/3817 3731/1877/3858
f 3733/1875/3860 3693/1835/3818 3732/1876/3859
f 3734/1874/3861 3694/1834/3819 3733/1875/3860
f 3735/1873/3862 3695/1833/3820 3734/1874/3861
f 3736/1872/3863 3696/1832/3821 3735/1873/3862
f 3737/1871/3864 3697/1831/3822 3736/1872/3863
f 3738/1870/3865 3698/1830/3823 3737/1871/3864
f 3739/1869/3866 3699/1829/3824 3738/1870/3865
f 3740/1868/3867 3700/1828/3825 3739/1869/3866
f 3741/1867/3868 3701/1827/3826 3740/1868/3867
f 3742/1866/3869 3702/1826/3827 3741/1867/3868
f 3743/1865/3870 3703/1825/3828 3742/1866/3869
f 3744/1864/3871 3704/1824/3829 3743/1865/3870
f 3744/1864/3871 3706/1822/3831 3705/1823/3830
f 3745/1863/3872 3707/1821/3832 3706/1822/3831
f 3746/1862/3873 3708/1820/3833 3707/1821/3832
f 3747/1861/3874 3709/1819/3834 3708/1820/3833
f 3748/1860/3875 3710/1818/3835 3709/1819/3834
f 3749/1859/3876 3711/1817/3836 3710/1818/3835
f 3750/1858/3877 3712/1816/3837 3711/1817/3836
f 3751/1857/3878 3713/1815/3838 3712/1816/3837
f 3752/1856/3879 3714/1814/3839 3713/1815/3838
f 3753/1855/3880 3715/1813/3840 3714/1814/3839
f 3754/1854/3881 3716/1812/3841 3715/1813/3840
f 3755/1853/3882 3717/1811/3842 3716/1812/3841
f 3756/1852/3883 3718/1810/3843 3717/1811/3842
f 3757/1851/3884 3719/1809/3844 3718/1810/3843
f 3758/1850/3885 3720/1808/3845 3719/1809/3844
f 3759/1849/3886 3721/1807/3846 3720/1808/3845
f 3760/1848/3887 3722/1806/3847 3721/1807/3846
f 3761/1847/3888 3723/1805/3848 3722/1806/3847
f 3762/1846/3889 3724/1803/3849 3723/1805/3848
f 3763/1844/3890 1845/2049/3891 3724/1803/3849
f 3764/1925/3892 1846/1924/3852 1887/1965/3893
f 3765/1923/3894 3725/1884/3851 3764/1925/3892
f 3766/1922/3895 3726/1882/3853 3765/1923/3894
f 3767/1921/3896 3727/1881/3854 3766/1922/3895
f 3768/1920/3897 3728/1880/3855 3767/1921/3896
f 3769/1919/3898 3729/1879/3856 3768/1920/3897
f 3770/1918/3899 3730/1878/3857 3769/1919/3898
f 3771/1917/3900 3731/1877/3858 3770/1918/3899
f 3772/1916/3901 3732/1876/3859 3771/1917/3900
f 3773/1915/3902 3733/1875/3860 3772/1916/3901
f 3774/1914/3903 3734/1874/3861 3773/1915/3902
f 3775/1913/3904 3735/1873/3862 3774/1914/3903
f 3776/1912/3905 3736/1872/3863 3775/1913/3904
f 3777/1911/3906 3737/1871/3864 3776/1912/3905
f 3778/1910/3907 3738/1870/3865 3777/1911/3906
f 3779/1909/3908 3739/1869/3866 3778/1910/3907
f 3780/1908/3909 3740/1868/3867 3779/1909/3908
f 3781/1907/3910 3741/1867/3868 3780/1908/3909
f 3782/1906/3911 3742/1866/3869 3781/1907/3910
f 3783/1905/3912 3743/1865/3870 3782/1906/3911
f 3783/1905/3912 3745/1863/3872 3744/1864/3871
f 3784/1904/3913 3746/1862/3873 3745/1863/3872
f 3785/1903/3914 3747/1861/3874 3746/1862/3873
f 3786/1902/3915 3748/1860/3875 3747/1861/3874
f 3787/1901/3916 3749/1859/3876 3748/1860/3875
f 3788/1900/3917 3750/1858/3877 3749/1859/3876
f 3789/1899/3918 3751/1857/3878 3750/1858/3877
f 3790/1898/3919 3752/1856/3879 3751/1857/3878
f 3791/1897/3920 3753/1855/3880 3752/1856/3879
f 3792/1896/3921 3754/1854/3881 3753/1855/3880
f 3793/1895/3922 3755/1853/3882 3754/1854/3881
f 3794/1894/3923 3756/1852/3883 3755/1853/3882
f 3795/1893/3924 3757/1851/3884 3756/1852/3883
f 3796/1892/3925 3758/1850/3885 3757/1851/3884
f 3797/1891/3926 3759/1849/3886 3758/1850/3885
f 3798/1890/3927 3760/1848/3887 3759/1849/3886
f 3799/1889/3928 3761/1847/3888 3760/1848/3887
f 3800/1888/3929 3762/1846/3889 3761/1847/3888
f 3801/1887/3930 3763/1844/3890 3762/1846/3889
f 3802/1885/3931 1886/2050/3932 3763/1844/3890
f 3803/1966/3933 1887/1965/3893 1928/2006/3934
f 3804/1964/3935 3764/1925/3892 3803/1966/3933
f 3805/1963/3936 3765/1923/3894 3804/1964/3935
f 3806/1962/3937 3766/1922/3895 3805/1963/3936
f 3807/1961/3938 3767/1921/3896 3806/1962/3937
f 3808/1960/3939 3768/1920/3897 3807/1961/3938
f 3809/1959/3940 3769/1919/3898 3808/1960/3939
f 3810/1958/3941 3770/1918/3899 3809/1959/3940
f 3811/1957/3942 3771/1917/3900 3810/1958/3941
f 3812/1956/3943 3772/1916/3901 3811/1957/3942
f 3813/1955/3944 3773/1915/3902 3812/1956/3943
f 3814/1954/3945 3774/1914/3903 3813/1955/3944
f 3815/1953/3946 3775/1913/3904 3814/1954/3945
f 3816/1952/3947 3776/1912/3905 3815/1953/3946
f 3817/1951/3948 3777/1911/3906 3816/1952/3947
f 3818/1950/3949 3778/1910/3907 3817/1951/3948
f 3819/1949/3950 3779/1909/3908 3818/1950/3949
f 3820/1948/3951 3780/1908/3909 3819/1949/3950
f 3821/1947/3952 3781/1907/3910 3820/1948/3951
f 3822/1946/3953 3782/1906/3911 3821/1947/3952
f 3822/1946/3953 3784/1904/3913 3783/1905/3912
f 3823/1945/3954 3785/1903/3914 3784/1904/3913
f 3824/1944/3955 3786/1902/3915 3785/1903/3914
f 3825/1943/3956 3787/1901/3916 3786/1902/3915
f 3826/1942/3957 3788/1900/3917 3787/1901/3916
f 3827/1941/3958 3789/1899/3918 3788/1900/3917
f 3828/1940/3959 3790/1898/3919 3789/1899/3918
f 3829/1939/3960 3791/1897/3920 3790/1898/3919
f 3830/1938/3961 3792/1896/3921 3791/1897/3920
f 3831/1937/3962 3793/1895/3922 3792/1896/3921
f 3832/1936/3963 3794/1894/3923 3793/1895/3922
f 3833/1935/3964 3795/1893/3924 3794/1894/3923
f 3834/1934/3965 3796/1892/3925 3795/1893/3924
f 3835/1933/3966 3797/1891/3926 3796/1892/3925
f 3836/1932/3967 3798/1890/3927 3797/1891/3926
f 3837/1931/3968 3799/1889/3928 3798/1890/3927
f 3838/1930/3969 3800/1888/3929 3799/1889/3928
f 3839/1929/3970 3801/1887/3930 3800/1888/3929
f 3840/1928/3971 3802/1885/3931 3801/1887/3930
f 3841/1926/3972 1927/2051/3973 3802/1885/3931
f 1971/2005/3974 3803/1966/3933 1970/2007/3975
f 1972/2004/3976 3804/1964/3935 1971/2005/3974
f 1973/2003/3977 3805/1963/3936 1972/2004/3976
f 1974/2002/3978 3806/1962/3937 1973/2003/3977
f 1975/2001/3979 3807/1961/3938 1974/2002/3978
f 1976/2000/3980 3808/1960/3939 1975/2001/3979
f 1977/1999/3981 3809/1959/3940 1976/2000/3980
f 1978/1998/3982 3810/1958/3941 1977/1999/3981
f 1979/1997/3983 3811/1957/3942 1978/1998/3982
f 1980/1996/3984 3812/1956/3943 1979/1997/3983
f 1981/1995/3985 3813/1955/3944 1980/1996/3984
f 1982/1994/3986 3814/1954/3945 1981/1995/3985
f 1983/1993/3987 3815/1953/3946 1982/1994/3986
f 1984/1992/3988 3816/1952/3947 1983/1993/3987
f 1985/1991/3989 3817/1951/3948 1984/1992/3988
f 1986/1990/3990 3818/1950/3949 1985/1991/3989
f 1987/1989/3991 3819/1949/3950 1986/1990/3990
f 1988/1988/3992 3820/1948/3951 1987/1989/3991
f 3842/1987/3993 3821/1947/3952 1988/1988/3992
f 3842/1987/3993 3823/1945/3954 3822/1946/3953
f 1989/1986/3994 3824/1944/3955 3823/1945/3954
f 1990/1985/3995 3825/1943/3956 3824/1944/3955
f 1991/1984/3996 3826/1942/3957 3825/1943/3956
f 1992/1983/3997 3827/1941/3958 3826/1942/3957
f 1993/1982/3998 3828/1940/3959 3827/1941/3958
f 1994/1981/3999 3829/1939/3960 3828/1940/3959
f 1995/1980/4000 3830/1938/3961 3829/1939/3960
f 1996/1979/4001 3831/1937/3962 3830/1938/3961
f 1997/1978/4002 3832/1936/3963 3831/1937/3962
f 1998/1977/4003 3833/1935/3964 3832/1936/3963
f 1999/1976/4004 3834/1934/3965 3833/1935/3964
f 2000/1975/4005 3835/1933/3966 3834/1934/3965
f 2001/1974/4006 3836/1932/3967 3835/1933/3966
f 2002/1973/4007 3837/1931/3968 3836/1932/3967
f 2003/1972/4008 3838/1930/3969 3837/1931/3968
f 2004/1971/4009 3839/1929/3970 3838/1930/3969
f 2005/1970/4010 3840/1928/3971 3839/1929/3970
f 2006/1969/4011 3841/1926/3972 3840/1928/3971
f 2007/1967/4012 1968/2052/4013 3841/1926/3972
f 3874/2053/1967 3876/2054/1967 3875/2055/1967
f 3874/2053/1967 3877/2056/1967 3876/2054/1967
f 3873/2057/1967 3877/2056/1967 3874/2053/1967
f 3873/2057/1967 3878/2058/1967 3877/2056/1967
f 3872/2059/1967 3878/2058/1967 3873/2057/1967
f 3872/2059/1967 3879/2060/1967 3878/2058/1967
f 3871/2061/1967 3879/2060/1967 3872/2059/1967
f 3871/2061/1967 3880/2062/1967 3879/2060/1967
f 3870/2063/1967 3880/2062/1967 3871/2061/1967
f 3870/2063/1967 3881/2064/1967 3880/2062/1967
f 3869/2065/1967 3881/2064/1967 3870/2063/1967
f 3869/2065/1967 3882/2066/1967 3881/2064/1967
f 3868/2067/1967 3882/2066/1967 3869/2065/1967
f 3868/2067/1967 3883/2068/1967 3882/2066/1967
f 3867/2069/1967 3883/2068/1967 3868/2067/1967
f 3867/2069/1967 3884/2070/1967 3883/2068/1967
f 3866/2071/1967 3884/2070/1967 3867/2069/1967
f 3866/2071/1967 3885/2072/1967 3884/2070/1967
f 3865/2073/1967 3885/2072/1967 3866/2071/1967
f 3865/2073/1967 3886/2074/1967 3885/2072/1967
f 3864/2075/1967 3886/2074/1967 3865/2073/1967
f 3864/2075/1967 3843/2076/1967 3886/2074/1967
f 3863/2077/1967 3843/2076/1967 3864/2075/1967
f 3863/2077/1967 3844/2078/1967 3843/2076/1967
f 3862/2079/1967 3844/2078/1967 3863/2077/1967
f 3862/2079/1967 3845/2080/1967 3844/2078/1967
f 3861/2081/1967 3845/2080/1967 3862/2079/1967
f 3861/2081/1967 3846/2082/1967 3845/2080/1967
f 3860/2083/1967 3846/2082/1967 3861/2081/1967
f 3860/2083/1967 3847/2084/1967 3846/2082/1967
f 3859/2085/1967 3847/2084/1967 3860/2083/1967
f 3859/2085/1967 3848/2086/1967 3847/2084/1967
f 3858/2087/1967 3848/2086/1967 3859/2085/1967
f 3858/2087/1967 3849/2088/1967 3848/2086/1967
f 3857/2089/1967 3849/2088/1967 3858/2087/1967
f 3857/2089/1967 3850/2090/1967 3849/2088/1967
f 3856/2091/1967 3850/2090/1967 3857/2089/1967
f 3856/2091/1967 3851/2092/1967 3850/2090/1967
f 3855/2093/1967 3851/2092/1967 3856/2091/1967
f 3855/2093/1967 3852/2094/1967 3851/2092/1967
f 3854/2095/1967 3852/2094/1967 3855/2093/1967
f 3854/2095/1967 3853/2096/1967 3852/2094/1967
f 3918/2056/4014 3919/2054/4014 3920/2055/4014
f 3918/2056/4014 3920/2055/4014 3921/2053/4014
f 3917/2058/4014 3918/2056/4014 3921/2053/4014
f 3917/2058/4014 3921/2053/4014 3922/2057/4014
f 3916/2060/4014 3917/2058/4014 3922/2057/4014
f 3916/2060/4014 3922/2057/4014 3923/2059/4014
f 3915/2062/4014 3916/2060/4014 3923/2059/4014
f 3915/2062/4014 3923/2059/4014 3924/2061/4014
f 3914/2064/4014 3915/2062/4014 3924/2061/4014
f 3914/2064/4014 3924/2061/4014 3925/2063/4014
f 3913/2066/4014 3914/2064/4014 3925/2063/4014
f 3913/2066/4014 3925/2063/4014 3926/2065/4014
f 3912/2068/4014 3913/2066/4014 3926/2065/4014
f 3912/2068/4014 3926/2065/4014 3927/2067/4014
f 3911/2070/4014 3912/2068/4014 3927/2067/4014
f 3911/2070/4014 3927/2067/4014 3928/2069/4014
f 3910/2072/4014 3911/2070/4014 3928/2069/4014
f 3910/2072/4014 3928/2069/4014 3929/2071/4014
f 3909/2074/4014 3910/2072/4014 3929/2071/4014
f 3909/2074/4014 3929/2071/4014 3930/2097/4014
f 3908/2076/4014 3909/2074/4014 3930/2097/4014
f 3908/2076/4014 3930/2097/4014 3887/2098/4014
f 3907/2078/4014 3908/2076/4014 3887/2098/4014
f 3907/2078/4014 3887/2098/4014 3888/2077/4014
f 3906/2080/4014 3907/2078/4014 3888/2077/4014
f 3906/2080/4014 3888/2077/4014 3889/2079/4014
f 3905/2082/4014 3906/2080/4014 3889/2079/4014
f 3905/2082/4014 3889/2079/4014 3890/2081/4014
f 3904/2084/4014 3905/2082/4014 3890/2081/4014
f 3904/2084/4014 3890/2081/4014 3891/2083/4014
f 3903/2086/4014 3904/2084/4014 3891/2083/4014
f 3903/2086/4014 3891/2083/4014 3892/2085/4014
f 3902/2088/4014 3903/2086/4014 3892/2085/4014
f 3902/2088/4014 3892/2085/4014 3893/2087/4014
f 3901/2090/4014 3902/2088/4014 3893/2087/4014
f 3901/2090/4014 3893/2087/4014 3894/2089/4014
f 3900/2092/4014 3901/2090/4014 3894/2089/4014
f 3900/2092/4014 3894/2089/4014 3895/2091/4014
f 3899/2094/4014 3900/2092/4014 3895/2091/4014
f 3899/2094/4014 3895/2091/4014 3896/2093/4014
f 3898/2096/4014 3899/2094/4014 3896/2093/4014
f 3898/2096/4014 3896/2093/4014 3897/2095/4014
f 3934/2078/4015 3931/2076/4016 3932/2076/4016
f 3936/2080/4017 3933/2078/4015 3934/2078/4015
f 3938/2082/4018 3935/2080/4017 3936/2080/4017
f 3940/2084/4019 3937/2082/4018 3938/2082/4018
f 3942/2086/4020 3939/2084/4019 3940/2084/4019
f 3944/2088/4021 3941/2086/4020 3942/2086/4020
f 3946/2090/4022 3943/2088/4021 3944/2088/4021
f 3948/2092/4023 3945/2090/4022 3946/2090/4022
f 3950/2094/4024 3947/2092/4023 3948/2092/4023
f 3952/2096/4025 3949/2094/4024 3950/2094/4024
f 3954/2095/4026 3951/2096/4025 3952/2096/4025
f 3956/2093/4027 3953/2095/4026 3954/2095/4026
f 3958/2091/4028 3955/2093/4027 3956/2093/4027
f 3960/2089/4029 3957/2091/4028 3958/2091/4028
f 3962/2087/4030 3959/2089/4029 3960/2089/4029
f 3964/2085/4031 3961/2087/4030 3962/2087/4030
f 3966/2083/4032 3963/2085/4031 3964/2085/4031
f 3968/2081/4033 3965/2083/4032 3966/2083/4032
f 3970/2079/4034 3967/2081/4033 3968/2081/4033
f 3972/2077/4035 3969/2079/4034 3970/2079/4034
f 3974/2075/4036 3971/2077/4035 3972/2077/4035
f 3974/2075/4036 3975/2073/4037 3973/2075/4036
f 3978/2071/4038 3975/2073/4037 3976/2073/4037
f 3980/2069/4039 3977/2071/4038 3978/2071/4038
f 3982/2067/4040 3979/2069/4039 3980/2069/4039
f 3984/2065/4041 3981/2067/4040 3982/2067/4040
f 3986/2063/4042 3983/2065/4041 3984/2065/4041
f 3988/2061/4043 3985/2063/4042 3986/2063/4042
f 3990/2059/4044 3987/2061/4043 3988/2061/4043
f 3992/2057/4045 3989/2059/4044 3990/2059/4044
f 3994/2053/4046 3991/2057/4045 3992/2057/4045
f 3996/2055/4047 3993/2053/4046 3994/2053/4046
f 3998/2054/4048 3995/2055/4047 3996/2055/4047
f 4000/2056/4049 3997/2054/4048 3998/2054/4048
f 4002/2058/4050 3999/2056/4049 4000/2056/4049
f 4004/2060/4051 4001/2058/4050 4002/2058/4050
f 4006/2062/4052 4003/2060/4051 4004/2060/4051
f 4008/2064/4053 4005/2062/4052 4006/2062/4052
f 4010/2066/4054 4007/2064/4053 4008/2064/4053
f 4012/2068/4055 4009/2066/4054 4010/2066/4054
f 4014/2070/4056 4011/2068/4055 4012/2068/4055
f 4016/2072/4057 4013/2070/4056 4014/2070/4056
f 4018/2074/4058 4015/2072/4057 4016/2072/4057
f 3932/2076/4016 4017/2074/4058 4018/2074/4058
f 4020/2099/2109 4021/2100/2109 4019/2100/2109
f 4022/2099/4059 4023/2100/4059 4021/2100/4059
f 4024/2099/4060 4025/2100/4060 4023/2100/4060
f 4026/2099/102 4027/2100/102 4025/2100/102
f 4028/2099/4061 4029/2100/4061 4027/2100/4061
f 4030/2099/4062 4031/2100/4062 4029/2100/4062
f 4032/2099/4063 4028/2099/4063 4024/2099/4063
f 4032/2099/4064 4033/2100/4064 4031/2100/4064
f 4034/2099/4065 4019/2100/4065 4033/2100/4065
f 4025/2100/4066 4029/2100/4066 4033/2100/4066
f 4036/2100/2109 4037/2099/2109 4035/2099/2109
f 4038/2100/4059 4039/2099/4059 4037/2099/4059
f 4040/2100/4060 4041/2099/4060 4039/2099/4060
f 4042/2100/102 4043/2099/102 4041/2099/102
f 4044/2100/4061 4045/2099/4061 4043/2099/4061
f 4046/2100/4062 4047/2099/4062 4045/2099/4062
f 4048/2100/4063 4044/2100/4063 4040/2100/4063
f 4048/2100/4064 4049/2099/4064 4047/2099/4064
f 4050/2100/4065 4035/2099/4065 4049/2099/4065
f 4041/2099/4066 4045/2099/4066 4049/2099/4066
f 4052/2101/2109 4053/2102/2109 4051/2102/2109
f 4054/2101/4059 4055/2102/4059 4053/2102/4059
f 4056/2101/4060 4057/2102/4060 4055/2102/4060
f 4058/2101/102 4059/2102/102 4057/2102/102
f 4060/2101/4061 4061/2102/4061 4059/2102/4061
f 4062/2101/4062 4063/2102/4062 4061/2102/4062
f 4064/2101/4063 4060/2101/4063 4056/2101/4063
f 4063/2102/4064 4066/2101/4064 4065/2102/4064
f 4066/2101/4065 4051/2102/4065 4065/2102/4065
f 4057/2102/4066 4061/2102/4066 4065/2102/4066
f 4068/2102/2109 4069/2101/2109 4067/2101/2109
f 4070/2102/4059 4071/2101/4059 4069/2101/4059
f 4072/2102/4060 4073/2101/4060 4071/2101/4060
f 4074/2102/102 4075/2101/102 4073/2101/102
f 4076/2102/4061 4077/2101/4061 4075/2101/4061
f 4078/2102/4062 4079/2101/4062 4077/2101/4062
f 4080/2102/4063 4076/2102/4063 4072/2102/4063
f 4079/2101/4064 4082/2102/4064 4081/2101/4064
f 4082/2102/4065 4067/2101/4065 4081/2101/4065
f 4073/2101/4066 4077/2101/4066 4081/2101/4066
f 1/1/1 2/4/4 43/2/2
f 2/4/4 3/6/6 44/5/5
f 3/6/6 4/8/8 45/7/7
f 4/8/8 5/10/10 46/9/9
f 5/10/10 6/12/12 47/11/11
f 6/12/12 7/14/14 48/13/13
f 7/14/14 8/16/16 49/15/15
f 8/16/16 9/18/18 50/17/17
f 9/18/18 10/20/20 51/19/19
f 10/20/20 11/22/22 52/21/21
f 11/22/22 12/24/24 53/23/23
f 12/24/24 13/26/26 54/25/25
f 13/26/26 14/28/28 55/27/27
f 14/28/28 15/30/30 56/29/29
f 15/30/30 16/32/32 57/31/31
f 16/32/32 17/34/34 58/33/33
f 17/34/34 18/36/36 59/35/35
f 18/36/36 19/38/38 60/37/37
f 19/38/38 20/40/40 61/39/39
f 20/40/40 21/43/43 62/41/41
f 22/42/42 63/45/45 62/41/41
f 23/44/44 64/47/47 63/45/45
f 24/46/46 65/49/49 64/47/47
f 25/48/48 66/51/51 65/49/49
f 26/50/50 67/53/53 66/51/51
f 27/52/52 68/55/55 67/53/53
f 28/54/54 69/57/57 68/55/55
f 29/56/56 70/59/59 69/57/57
f 30/58/58 71/61/61 70/59/59
f 31/60/60 72/63/63 71/61/61
f 32/62/62 73/65/65 72/63/63
f 33/64/64 74/67/67 73/65/65
f 34/66/66 75/69/69 74/67/67
f 35/68/68 76/71/71 75/69/69
f 36/70/70 77/73/73 76/71/71
f 37/72/72 78/75/75 77/73/73
f 38/74/74 79/77/77 78/75/75
f 39/76/76 80/79/79 79/77/77
f 40/78/78 81/81/81 80/79/79
f 41/80/80 82/121/121 81/81/81
f 42/3/3 43/2/2 84/82/82
f 43/2/2 44/5/5 85/84/84
f 44/5/5 45/7/7 86/85/85
f 45/7/7 46/9/9 87/86/86
f 46/9/9 47/11/11 88/87/87
f 47/11/11 48/13/13 89/88/88
f 48/13/13 49/15/15 90/89/89
f 49/15/15 50/17/17 91/90/90
f 50/17/17 51/19/19 92/91/91
f 51/19/19 52/21/21 93/92/92
f 52/21/21 53/23/23 94/93/93
f 53/23/23 54/25/25 95/94/94
f 54/25/25 55/27/27 96/95/95
f 55/27/27 56/29/29 97/96/96
f 56/29/29 57/31/31 98/97/97
f 57/31/31 58/33/33 99/98/98
f 58/33/33 59/35/35 100/99/99
f 59/35/35 60/37/37 101/100/100
f 60/37/37 61/39/39 102/101/101
f 61/39/39 62/41/41 103/102/102
f 63/45/45 104/103/103 103/102/102
f 64/47/47 105/104/104 104/103/103
f 65/49/49 106/105/105 105/104/104
f 66/51/51 107/106/106 106/105/105
f 67/53/53 108/107/107 107/106/106
f 68/55/55 109/108/108 108/107/107
f 69/57/57 110/109/109 109/108/108
f 70/59/59 111/110/110 110/109/109
f 71/61/61 112/111/111 111/110/110
f 72/63/63 113/112/112 112/111/111
f 73/65/65 114/113/113 113/112/112
f 74/67/67 115/114/114 114/113/113
f 75/69/69 116/115/115 115/114/114
f 76/71/71 117/116/116 116/115/115
f 77/73/73 118/117/117 117/116/116
f 78/75/75 119/118/118 118/117/117
f 79/77/77 120/119/119 119/118/118
f 80/79/79 121/120/120 120/119/119
f 81/81/81 122/122/122 121/120/120
f 82/121/121 123/162/162 122/122/122
f 83/83/83 84/82/82 125/123/123
f 84/82/82 85/84/84 126/125/125
f 85/84/84 86/85/85 127/126/126
f 86/85/85 87/86/86 128/127/127
f 87/86/86 88/87/87 129/128/128
f 88/87/87 89/88/88 130/129/129
f 89/88/88 90/89/89 131/130/130
f 90/89/89 91/90/90 132/131/131
f 91/90/90 92/91/91 133/132/132
f 92/91/91 93/92/92 134/133/133
f 93/92/92 94/93/93 135/134/134
f 94/93/93 95/94/94 136/135/135
f 95/94/94 96/95/95 137/136/136
f 96/95/95 97/96/96 138/137/137
f 97/96/96 98/97/97 139/138/138
f 98/97/97 99/98/98 140/139/139
f 99/98/98 100/99/99 141/140/140
f 100/99/99 101/100/100 142/141/141
f 101/100/100 102/101/101 143/142/142
f 102/101/101 103/102/102 144/143/143
f 104/103/103 145/144/144 144/143/143
f 105/104/104 146/145/145 145/144/144
f 106/105/105 147/146/146 146/145/145
f 107/106/106 148/147/147 147/146/146
f 108/107/107 149/148/148 148/147/147
f 109/108/108 150/149/149 149/148/148
f 110/109/109 151/150/150 150/149/149
f 111/110/110 152/151/151 151/150/150
f 112/111/111 153/152/152 152/151/151
f 113/112/112 154/153/153 153/152/152
f 114/113/113 155/154/154 154/153/153
f 115/114/114 156/155/155 155/154/154
f 116/115/115 157/156/156 156/155/155
f 117/116/116 158/157/157 157/156/156
f 118/117/117 159/158/158 158/157/157
f 119/118/118 160/159/159 159/158/158
f 120/119/119 161/160/160 160/159/159
f 121/120/120 162/161/161 161/160/160
f 122/122/122 163/163/163 162/161/161
f 123/162/162 164/2008/4067 163/163/163
f 125/123/123 166/165/165 165/164/164
f 126/125/125 167/166/166 166/165/165
f 127/126/126 168/167/167 167/166/166
f 128/127/127 169/168/168 168/167/167
f 129/128/128 170/169/169 169/168/168
f 130/129/129 171/170/170 170/169/169
f 131/130/130 172/171/171 171/170/170
f 132/131/131 173/172/172 172/171/171
f 133/132/132 174/173/173 173/172/172
f 134/133/133 175/174/174 174/173/173
f 135/134/134 176/175/175 175/174/174
f 136/135/135 177/176/176 176/175/175
f 137/136/136 178/177/177 177/176/176
f 138/137/137 179/178/178 178/177/177
f 139/138/138 180/179/179 179/178/178
f 140/139/139 181/180/180 180/179/179
f 141/140/140 182/181/181 181/180/180
f 142/141/141 183/182/182 182/181/181
f 143/142/142 184/183/183 183/182/182
f 144/143/143 185/185/185 184/183/183
f 144/143/143 145/144/144 186/184/184
f 145/144/144 146/145/145 187/186/186
f 146/145/145 147/146/146 188/187/187
f 147/146/146 148/147/147 189/188/188
f 148/147/147 149/148/148 190/189/189
f 149/148/148 150/149/149 191/190/190
f 150/149/149 151/150/150 192/191/191
f 151/150/150 152/151/151 193/192/192
f 152/151/151 153/152/152 194/193/193
f 153/152/152 154/153/153 195/194/194
f 154/153/153 155/154/154 196/195/195
f 155/154/154 156/155/155 197/196/196
f 156/155/155 157/156/156 198/197/197
f 157/156/156 158/157/157 199/198/198
f 158/157/157 159/158/158 200/199/199
f 159/158/158 160/159/159 201/200/200
f 160/159/159 161/160/160 202/201/201
f 161/160/160 162/161/161 203/202/202
f 162/161/161 163/163/163 204/203/203
f 163/163/163 164/2008/4067 205/204/204
f 166/165/165 207/206/206 206/205/205
f 167/166/166 208/207/207 207/206/206
f 168/167/167 209/208/208 208/207/207
f 169/168/168 210/209/209 209/208/208
f 170/169/169 211/210/210 210/209/209
f 171/170/170 212/211/211 211/210/210
f 172/171/171 213/212/212 212/211/211
f 173/172/172 214/213/213 213/212/212
f 174/173/173 215/214/214 214/213/213
f 175/174/174 216/215/215 215/214/214
f 176/175/175 217/216/216 216/215/215
f 177/176/176 218/217/217 217/216/216
f 178/177/177 219/218/218 218/217/217
f 179/178/178 220/219/219 219/218/218
f 180/179/179 221/220/220 220/219/219
f 181/180/180 222/221/221 221/220/220
f 182/181/181 223/222/222 222/221/221
f 183/182/182 224/223/223 223/222/222
f 184/183/183 225/224/224 224/223/223
f 185/185/185 226/226/226 225/224/224
f 185/185/185 186/184/184 227/225/225
f 186/184/184 187/186/186 228/227/227
f 187/186/186 188/187/187 229/228/228
f 188/187/187 189/188/188 230/229/229
f 189/188/188 190/189/189 231/230/230
f 190/189/189 191/190/190 232/231/231
f 191/190/190 192/191/191 233/232/232
f 192/191/191 193/192/192 234/233/233
f 193/192/192 194/193/193 235/234/234
f 194/193/193 195/194/194 236/235/235
f 195/194/194 196/195/195 237/236/236
f 196/195/195 197/196/196 238/237/237
f 197/196/196 198/197/197 239/238/238
f 198/197/197 199/198/198 240/239/239
f 199/198/198 200/199/199 241/240/240
f 200/199/199 201/200/200 242/241/241
f 201/200/200 202/201/201 243/242/242
f 202/201/201 203/202/202 244/243/243
f 203/202/202 204/203/203 245/244/244
f 204/203/203 205/204/204 246/245/245
f 207/206/206 248/247/247 247/246/246
f 208/207/207 249/248/248 248/247/247
f 209/208/208 250/249/249 249/248/248
f 210/209/209 251/250/250 250/249/249
f 211/210/210 252/251/251 251/250/250
f 212/211/211 253/252/252 252/251/251
f 213/212/212 254/253/253 253/252/252
f 214/213/213 255/254/254 254/253/253
f 215/214/214 256/255/255 255/254/254
f 216/215/215 257/256/256 256/255/255
f 217/216/216 258/257/257 257/256/256
f 218/217/217 259/258/258 258/257/257
f 219/218/218 260/259/259 259/258/258
f 220/219/219 261/260/260 260/259/259
f 221/220/220 262/261/261 261/260/260
f 222/221/221 263/262/262 262/261/261
f 223/222/222 264/263/263 263/262/262
f 224/223/223 265/264/264 264/263/263
f 225/224/224 266/265/265 265/264/264
f 226/226/226 267/267/267 266/265/265
f 226/226/226 227/225/225 268/266/266
f 227/225/225 228/227/227 269/268/268
f 228/227/227 229/228/228 270/269/269
f 229/228/228 230/229/229 271/270/270
f 230/229/229 231/230/230 272/271/271
f 231/230/230 232/231/231 273/272/272
f 232/231/231 233/232/232 274/273/273
f 233/232/232 234/233/233 275/274/274
f 234/233/233 235/234/234 276/275/275
f 235/234/234 236/235/235 277/276/276
f 236/235/235 237/236/236 278/277/277
f 237/236/236 238/237/237 279/278/278
f 238/237/237 239/238/238 280/279/279
f 239/238/238 240/239/239 281/280/280
f 240/239/239 241/240/240 282/281/281
f 241/240/240 242/241/241 283/282/282
f 242/241/241 243/242/242 284/283/283
f 243/242/242 244/243/243 285/284/284
f 244/243/243 245/244/244 286/285/285
f 245/244/244 246/245/245 287/286/286
f 248/247/247 289/288/288 288/287/287
f 249/248/248 290/289/289 289/288/288
f 250/249/249 291/290/290 290/289/289
f 251/250/250 292/291/291 291/290/290
f 252/251/251 293/292/292 292/291/291
f 253/252/252 294/293/293 293/292/292
f 254/253/253 295/294/294 294/293/293
f 255/254/254 296/295/295 295/294/294
f 256/255/255 297/296/296 296/295/295
f 257/256/256 298/297/297 297/296/296
f 258/257/257 299/298/298 298/297/297
f 259/258/258 300/299/299 299/298/298
f 260/259/259 301/300/300 300/299/299
f 261/260/260 302/301/301 301/300/300
f 262/261/261 303/302/302 302/301/301
f 263/262/262 304/303/303 303/302/302
f 264/263/263 305/304/304 304/303/303
f 265/264/264 306/305/305 305/304/304
f 266/265/265 307/306/306 306/305/305
f 267/267/267 308/308/308 307/306/306
f 267/267/267 268/266/266 309/307/307
f 268/266/266 269/268/268 310/309/309
f 269/268/268 270/269/269 311/310/310
f 270/269/269 271/270/270 312/311/311
f 271/270/270 272/271/271 313/312/312
f 272/271/271 273/272/272 314/313/313
f 273/272/272 274/273/273 315/314/314
f 274/273/273 275/274/274 316/315/315
f 275/274/274 276/275/275 317/316/316
f 276/275/275 277/276/276 318/317/317
f 277/276/276 278/277/277 319/318/318
f 278/277/277 279/278/278 320/319/319
f 279/278/278 280/279/279 321/320/320
f 280/279/279 281/280/280 322/321/321
f 281/280/280 282/281/281 323/322/322
f 282/281/281 283/282/282 324/323/323
f 283/282/282 284/283/283 325/324/324
f 284/283/283 285/284/284 326/325/325
f 285/284/284 286/285/285 327/326/326
f 286/285/285 287/286/286 328/327/327
f 289/288/288 330/329/329 329/328/328
f 290/289/289 331/330/330 330/329/329
f 291/290/290 332/331/331 331/330/330
f 292/291/291 333/332/332 332/331/331
f 293/292/292 334/333/333 333/332/332
f 294/293/293 335/334/334 334/333/333
f 295/294/294 336/335/335 335/334/334
f 296/295/295 337/336/336 336/335/335
f 297/296/296 338/337/337 337/336/336
f 298/297/297 339/338/338 338/337/337
f 299/298/298 340/339/339 339/338/338
f 300/299/299 341/340/340 340/339/339
f 301/300/300 342/341/341 341/340/340
f 302/301/301 343/342/342 342/341/341
f 303/302/302 344/343/343 343/342/342
f 304/303/303 345/344/344 344/343/343
f 305/304/304 346/345/345 345/344/344
f 306/305/305 347/346/346 346/345/345
f 307/306/306 348/347/347 347/346/346
f 308/308/308 349/349/349 348/347/347
f 308/308/308 309/307/307 350/348/348
f 309/307/307 310/309/309 351/350/350
f 310/309/309 311/310/310 352/351/351
f 311/310/310 312/311/311 353/352/352
f 312/311/311 313/312/312 354/353/353
f 313/312/312 314/313/313 355/354/354
f 314/313/313 315/314/314 356/355/355
f 315/314/314 316/315/315 357/356/356
f 316/315/315 317/316/316 358/357/357
f 317/316/316 318/317/317 359/358/358
f 318/317/317 319/318/318 360/359/359
f 319/318/318 320/319/319 361/360/360
f 320/319/319 321/320/320 362/361/361
f 321/320/320 322/321/321 363/362/362
f 322/321/321 323/322/322 364/363/363
f 323/322/322 324/323/323 365/364/364
f 324/323/323 325/324/324 366/365/365
f 325/324/324 326/325/325 367/366/366
f 326/325/325 327/326/326 368/367/367
f 327/326/326 328/327/327 369/368/368
f 330/329/329 371/370/370 370/369/369
f 331/330/330 372/371/371 371/370/370
f 332/331/331 373/372/372 372/371/371
f 333/332/332 374/373/373 373/372/372
f 334/333/333 375/374/374 374/373/373
f 335/334/334 376/375/375 375/374/374
f 336/335/335 377/376/376 376/375/375
f 337/336/336 378/377/377 377/376/376
f 338/337/337 379/378/378 378/377/377
f 339/338/338 380/379/379 379/378/378
f 340/339/339 381/380/380 380/379/379
f 341/340/340 382/381/381 381/380/380
f 342/341/341 383/382/382 382/381/381
f 343/342/342 384/383/383 383/382/382
f 344/343/343 385/384/384 384/383/383
f 345/344/344 386/385/385 385/384/384
f 346/345/345 387/386/386 386/385/385
f 347/346/346 388/387/387 387/386/386
f 348/347/347 389/388/388 388/387/387
f 349/349/349 390/390/390 389/388/388
f 349/349/349 350/348/348 391/389/389
f 350/348/348 351/350/350 392/391/391
f 351/350/350 352/351/351 393/392/392
f 352/351/351 353/352/352 394/393/393
f 353/352/352 354/353/353 395/394/394
f 354/353/353 355/354/354 396/395/395
f 355/354/354 356/355/355 397/396/396
f 356/355/355 357/356/356 398/397/397
f 357/356/356 358/357/357 399/398/398
f 358/357/357 359/358/358 400/399/399
f 359/358/358 360/359/359 401/400/400
f 360/359/359 361/360/360 402/401/401
f 361/360/360 362/361/361 403/402/402
f 362/361/361 363/362/362 404/403/403
f 363/362/362 364/363/363 405/404/404
f 364/363/363 365/364/364 406/405/405
f 365/364/364 366/365/365 407/406/406
f 366/365/365 367/366/366 408/407/407
f 367/366/366 368/367/367 409/408/408
f 368/367/367 369/368/368 410/409/409
f 371/370/370 412/411/411 411/410/410
f 372/371/371 413/412/412 412/411/411
f 373/372/372 414/413/413 413/412/412
f 374/373/373 415/414/414 414/413/413
f 375/374/374 416/415/415 415/414/414
f 376/375/375 417/416/416 416/415/415
f 377/376/376 418/417/417 417/416/416
f 378/377/377 419/418/418 418/417/417
f 379/378/378 420/419/419 419/418/418
f 380/379/379 421/420/420 420/419/419
f 381/380/380 422/421/421 421/420/420
f 382/381/381 423/422/422 422/421/421
f 383/382/382 424/423/423 423/422/422
f 384/383/383 425/424/424 424/423/423
f 385/384/384 426/425/425 425/424/424
f 386/385/385 427/426/426 426/425/425
f 387/386/386 428/427/427 427/426/426
f 388/387/387 429/428/428 428/427/427
f 389/388/388 430/429/429 429/428/428
f 390/390/390 431/431/431 430/429/429
f 390/390/390 391/389/389 432/430/430
f 391/389/389 392/391/391 433/432/432
f 392/391/391 393/392/392 434/433/433
f 393/392/392 394/393/393 435/434/434
f 394/393/393 395/394/394 436/435/435
f 395/394/394 396/395/395 437/436/436
f 396/395/395 397/396/396 438/437/437
f 397/396/396 398/397/397 439/438/438
f 398/397/397 399/398/398 440/439/439
f 399/398/398 400/399/399 441/440/440
f 400/399/399 401/400/400 442/441/441
f 401/400/400 402/401/401 443/442/442
f 402/401/401 403/402/402 444/443/443
f 403/402/402 404/403/403 445/444/444
f 404/403/403 405/404/404 446/445/445
f 405/404/404 406/405/405 447/446/446
f 406/405/405 407/406/406 448/447/447
f 407/406/406 408/407/407 449/448/448
f 408/407/407 409/408/408 450/449/449
f 409/408/408 410/409/409 451/450/450
f 412/411/411 453/452/452 452/451/451
f 413/412/412 454/453/453 453/452/452
f 414/413/413 455/454/454 454/453/453
f 415/414/414 456/455/455 455/454/454
f 416/415/415 457/456/456 456/455/455
f 417/416/416 458/457/457 457/456/456
f 418/417/417 459/458/458 458/457/457
f 419/418/418 460/459/459 459/458/458
f 420/419/419 461/460/460 460/459/459
f 421/420/420 462/461/461 461/460/460
f 422/421/421 463/462/462 462/461/461
f 423/422/422 464/463/463 463/462/462
f 424/423/423 465/464/464 464/463/463
f 425/424/424 466/465/465 465/464/464
f 426/425/425 467/466/466 466/465/465
f 427/426/426 468/467/467 467/466/466
f 428/427/427 469/468/468 468/467/467
f 429/428/428 470/469/469 469/468/468
f 430/429/429 471/470/470 470/469/469
f 431/431/431 472/472/472 471/470/470
f 431/431/431 432/430/430 473/471/471
f 432/430/430 433/432/432 474/473/473
f 433/432/432 434/433/433 475/474/474
f 434/433/433 435/434/434 476/475/475
f 435/434/434 436/435/435 477/476/476
f 436/435/435 437/436/436 478/477/477
f 437/436/436 438/437/437 479/478/478
f 438/437/437 439/438/438 480/479/479
f 439/438/438 440/439/439 481/480/480
f 440/439/439 441/440/440 482/481/481
f 441/440/440 442/441/441 483/482/482
f 442/441/441 443/442/442 484/483/483
f 443/442/442 444/443/443 485/484/484
f 444/443/443 445/444/444 486/485/485
f 445/444/444 446/445/445 487/486/486
f 446/445/445 447/446/446 488/487/487
f 447/446/446 448/447/447 489/488/488
f 448/447/447 449/448/448 490/489/489
f 449/448/448 450/449/449 491/490/490
f 450/449/449 451/450/450 492/491/491
f 453/452/452 494/493/493 493/492/492
f 454/453/453 495/494/494 494/493/493
f 455/454/454 496/495/495 495/494/494
f 456/455/455 497/496/496 496/495/495
f 457/456/456 498/497/497 497/496/496
f 458/457/457 499/498/498 498/497/497
f 459/458/458 500/499/499 499/498/498
f 460/459/459 501/500/500 500/499/499
f 461/460/460 502/501/501 501/500/500
f 462/461/461 503/502/502 502/501/501
f 463/462/462 504/503/503 503/502/502
f 464/463/463 505/504/504 504/503/503
f 465/464/464 506/505/505 505/504/504
f 466/465/465 507/506/506 506/505/505
f 467/466/466 508/507/507 507/506/506
f 468/467/467 509/508/508 508/507/507
f 469/468/468 510/509/509 509/508/508
f 470/469/469 511/510/510 510/509/509
f 471/470/470 512/511/511 511/510/510
f 472/472/472 513/513/513 512/511/511
f 472/472/472 473/471/471 514/512/512
f 473/471/471 474/473/473 515/514/514
f 474/473/473 475/474/474 516/515/515
f 475/474/474 476/475/475 517/516/516
f 476/475/475 477/476/476 518/517/517
f 477/476/476 478/477/477 519/518/518
f 478/477/477 479/478/478 520/519/519
f 479/478/478 480/479/479 521/520/520
f 480/479/479 481/480/480 522/521/521
f 481/480/480 482/481/481 523/522/522
f 482/481/481 483/482/482 524/523/523
f 483/482/482 484/483/483 525/524/524
f 484/483/483 485/484/484 526/525/525
f 485/484/484 486/485/485 527/526/526
f 486/485/485 487/486/486 528/527/527
f 487/486/486 488/487/487 529/528/528
f 488/487/487 489/488/488 530/529/529
f 489/488/488 490/489/489 531/530/530
f 490/489/489 491/490/490 532/531/531
f 491/490/490 492/491/491 533/532/532
f 494/493/493 535/534/534 534/533/533
f 495/494/494 536/535/535 535/534/534
f 496/495/495 537/536/536 536/535/535
f 497/496/496 538/537/537 537/536/536
f 498/497/497 539/538/538 538/537/537
f 499/498/498 540/539/539 539/538/538
f 500/499/499 541/540/540 540/539/539
f 501/500/500 542/541/541 541/540/540
f 502/501/501 543/542/542 542/541/541
f 503/502/502 544/543/543 543/542/542
f 504/503/503 545/544/544 544/543/543
f 505/504/504 546/545/545 545/544/544
f 506/505/505 547/546/546 546/545/545
f 507/506/506 548/547/547 547/546/546
f 508/507/507 549/548/548 548/547/547
f 509/508/508 550/549/549 549/548/548
f 510/509/509 551/550/550 550/549/549
f 511/510/510 552/551/551 551/550/550
f 512/511/511 553/552/552 552/551/551
f 513/513/513 554/554/554 553/552/552
f 513/513/513 514/512/512 555/553/553
f 514/512/512 515/514/514 556/555/555
f 515/514/514 516/515/515 557/556/556
f 516/515/515 517/516/516 558/557/557
f 517/516/516 518/517/517 559/558/558
f 518/517/517 519/518/518 560/559/559
f 519/518/518 520/519/519 561/560/560
f 520/519/519 521/520/520 562/561/561
f 521/520/520 522/521/521 563/562/562
f 522/521/521 523/522/522 564/563/563
f 523/522/522 524/523/523 565/564/564
f 524/523/523 525/524/524 566/565/565
f 525/524/524 526/525/525 567/566/566
f 526/525/525 527/526/526 568/567/567
f 527/526/526 528/527/527 569/568/568
f 528/527/527 529/528/528 570/569/569
f 529/528/528 530/529/529 571/570/570
f 530/529/529 531/530/530 572/571/571
f 531/530/530 532/531/531 573/572/572
f 532/531/531 533/532/532 574/573/573
f 535/534/534 576/575/575 575/574/574
f 536/535/535 577/576/576 576/575/575
f 537/536/536 578/577/577 577/576/576
f 538/537/537 579/578/578 578/577/577
f 539/538/538 580/579/579 579/578/578
f 540/539/539 581/580/580 580/579/579
f 541/540/540 582/581/581 581/580/580
f 542/541/541 583/582/582 582/581/581
f 543/542/542 584/583/583 583/582/582
f 544/543/543 585/584/584 584/583/583
f 545/544/544 586/585/585 585/584/584
f 546/545/545 587/586/586 586/585/585
f 547/546/546 588/587/587 587/586/586
f 548/547/547 589/588/588 588/587/587
f 549/548/548 590/589/589 589/588/588
f 550/549/549 591/590/590 590/589/589
f 551/550/550 592/591/591 591/590/590
f 552/551/551 593/592/592 592/591/591
f 553/552/552 594/593/593 593/592/592
f 554/554/554 595/595/595 594/593/593
f 554/554/554 555/553/553 596/594/594
f 555/553/553 556/555/555 597/596/596
f 556/555/555 557/556/556 598/597/597
f 557/556/556 558/557/557 599/598/598
f 558/557/557 559/558/558 600/599/599
f 559/558/558 560/559/559 601/600/600
f 560/559/559 561/560/560 602/601/601
f 561/560/560 562/561/561 603/602/602
f 562/561/561 563/562/562 604/603/603
f 563/562/562 564/563/563 605/604/604
f 564/563/563 565/564/564 606/605/605
f 565/564/564 566/565/565 607/606/606
f 566/565/565 567/566/566 608/607/607
f 567/566/566 568/567/567 609/608/608
f 568/567/567 569/568/568 610/609/609
f 569/568/568 570/569/569 611/610/610
f 570/569/569 571/570/570 612/611/611
f 571/570/570 572/571/571 613/612/612
f 572/571/571 573/572/572 614/613/613
f 573/572/572 574/573/573 615/614/614
f 576/575/575 617/616/616 616/615/615
f 577/576/576 618/617/617 617/616/616
f 578/577/577 619/618/618 618/617/617
f 579/578/578 620/619/619 619/618/618
f 580/579/579 621/620/620 620/619/619
f 581/580/580 622/621/621 621/620/620
f 582/581/581 623/622/622 622/621/621
f 583/582/582 624/623/623 623/622/622
f 584/583/583 625/624/624 624/623/623
f 585/584/584 626/625/625 625/624/624
f 586/585/585 627/626/626 626/625/625
f 587/586/586 628/627/627 627/626/626
f 588/587/587 629/628/628 628/627/627
f 589/588/588 630/629/629 629/628/628
f 590/589/589 631/630/630 630/629/629
f 591/590/590 632/631/631 631/630/630
f 592/591/591 633/632/632 632/631/631
f 593/592/592 634/633/633 633/632/632
f 594/593/593 635/634/634 634/633/633
f 595/595/595 636/636/636 635/634/634
f 595/595/595 596/594/594 637/635/635
f 596/594/594 597/596/596 638/637/637
f 597/596/596 598/597/597 639/638/638
f 598/597/597 599/598/598 640/639/639
f 599/598/598 600/599/599 641/640/640
f 600/599/599 601/600/600 642/641/641
f 601/600/600 602/601/601 643/642/642
f 602/601/601 603/602/602 644/643/643
f 603/602/602 604/603/603 645/644/644
f 604/603/603 605/604/604 646/645/645
f 605/604/604 606/605/605 647/646/646
f 606/605/605 607/606/606 648/647/647
f 607/606/606 608/607/607 649/648/648
f 608/607/607 609/608/608 650/649/649
f 609/608/608 610/609/609 651/650/650
f 610/609/609 611/610/610 652/651/651
f 611/610/610 612/611/611 653/652/652
f 612/611/611 613/612/612 654/653/653
f 613/612/612 614/613/613 655/654/654
f 614/613/613 615/614/614 656/655/655
f 617/616/616 658/657/657 657/656/656
f 618/617/617 659/658/658 658/657/657
f 619/618/618 660/659/659 659/658/658
f 620/619/619 661/660/660 660/659/659
f 621/620/620 662/661/661 661/660/660
f 622/621/621 663/662/662 662/661/661
f 623/622/622 664/663/663 663/662/662
f 624/623/623 665/664/664 664/663/663
f 625/624/624 666/665/665 665/664/664
f 626/625/625 667/666/666 666/665/665
f 627/626/626 668/667/667 667/666/666
f 628/627/627 669/668/668 668/667/667
f 629/628/628 670/669/669 669/668/668
f 630/629/629 671/670/670 670/669/669
f 631/630/630 672/671/671 671/670/670
f 632/631/631 673/672/672 672/671/671
f 633/632/632 674/673/673 673/672/672
f 634/633/633 675/674/674 674/673/673
f 635/634/634 676/675/675 675/674/674
f 636/636/636 677/677/677 676/675/675
f 636/636/636 637/635/635 678/676/676
f 637/635/635 638/637/637 679/678/678
f 638/637/637 639/638/638 680/679/679
f 639/638/638 640/639/639 681/680/680
f 640/639/639 641/640/640 682/681/681
f 641/640/640 642/641/641 683/682/682
f 642/641/641 643/642/642 684/683/683
f 643/642/642 644/643/643 685/684/684
f 644/643/643 645/644/644 686/685/685
f 645/644/644 646/645/645 687/686/686
f 646/645/645 647/646/646 688/687/687
f 647/646/646 648/647/647 689/688/688
f 648/647/647 649/648/648 690/689/689
f 649/648/648 650/649/649 691/690/690
f 650/649/649 651/650/650 692/691/691
f 651/650/650 652/651/651 693/692/692
f 652/651/651 653/652/652 694/693/693
f 653/652/652 654/653/653 695/694/694
f 654/653/653 655/654/654 696/695/695
f 655/654/654 656/655/655 697/696/696
f 658/657/657 699/698/698 698/697/697
f 659/658/658 700/699/699 699/698/698
f 660/659/659 701/700/700 700/699/699
f 661/660/660 702/701/701 701/700/700
f 662/661/661 703/702/702 702/701/701
f 663/662/662 704/703/703 703/702/702
f 664/663/663 705/704/704 704/703/703
f 665/664/664 706/705/705 705/704/704
f 666/665/665 707/706/706 706/705/705
f 667/666/666 708/707/707 707/706/706
f 668/667/667 709/708/708 708/707/707
f 669/668/668 710/709/709 709/708/708
f 670/669/669 711/710/710 710/709/709
f 671/670/670 712/711/711 711/710/710
f 672/671/671 713/712/712 712/711/711
f 673/672/672 714/713/713 713/712/712
f 674/673/673 715/714/714 714/713/713
f 675/674/674 716/715/715 715/714/714
f 676/675/675 717/716/716 716/715/715
f 677/677/677 718/718/718 717/716/716
f 677/677/677 678/676/676 719/717/717
f 678/676/676 679/678/678 720/719/719
f 679/678/678 680/679/679 721/720/720
f 680/679/679 681/680/680 722/721/721
f 681/680/680 682/681/681 723/722/722
f 682/681/681 683/682/682 724/723/723
f 683/682/682 684/683/683 725/724/724
f 684/683/683 685/684/684 726/725/725
f 685/684/684 686/685/685 727/726/726
f 686/685/685 687/686/686 728/727/727
f 687/686/686 688/687/687 729/728/728
f 688/687/687 689/688/688 730/729/729
f 689/688/688 690/689/689 731/730/730
f 690/689/689 691/690/690 732/731/731
f 691/690/690 692/691/691 733/732/732
f 692/691/691 693/692/692 734/733/733
f 693/692/692 694/693/693 735/734/734
f 694/693/693 695/694/694 736/735/735
f 695/694/694 696/695/695 737/736/736
f 696/695/695 697/696/696 738/737/737
f 699/698/698 740/739/739 739/738/738
f 700/699/699 741/740/740 740/739/739
f 701/700/700 742/741/741 741/740/740
f 702/701/701 743/742/742 742/741/741
f 703/702/702 744/743/743 743/742/742
f 704/703/703 745/744/744 744/743/743
f 705/704/704 746/745/745 745/744/744
f 706/705/705 747/746/746 746/745/745
f 707/706/706 748/747/747 747/746/746
f 708/707/707 749/748/748 748/747/747
f 709/708/708 750/749/749 749/748/748
f 710/709/709 751/750/750 750/749/749
f 711/710/710 752/751/751 751/750/750
f 712/711/711 753/752/752 752/751/751
f 713/712/712 754/753/753 753/752/752
f 714/713/713 755/754/754 754/753/753
f 715/714/714 756/755/755 755/754/754
f 716/715/715 757/756/756 756/755/755
f 717/716/716 758/757/757 757/756/756
f 718/718/718 759/759/759 758/757/757
f 718/718/718 719/717/717 760/758/758
f 719/717/717 720/719/719 761/760/760
f 720/719/719 721/720/720 762/761/761
f 721/720/720 722/721/721 763/762/762
f 722/721/721 723/722/722 764/763/763
f 723/722/722 724/723/723 765/764/764
f 724/723/723 725/724/724 766/765/765
f 725/724/724 726/725/725 767/766/766
f 726/725/725 727/726/726 768/767/767
f 727/726/726 728/727/727 769/768/768
f 728/727/727 729/728/728 770/769/769
f 729/728/728 730/729/729 771/770/770
f 730/729/729 731/730/730 772/771/771
f 731/730/730 732/731/731 773/772/772
f 732/731/731 733/732/732 774/773/773
f 733/732/732 734/733/733 775/774/774
f 734/733/733 735/734/734 776/775/775
f 735/734/734 736/735/735 777/776/776
f 736/735/735 737/736/736 778/777/777
f 737/736/736 738/737/737 779/778/778
f 740/739/739 781/780/780 780/779/779
f 741/740/740 782/781/781 781/780/780
f 742/741/741 783/782/782 782/781/781
f 743/742/742 784/783/783 783/782/782
f 744/743/743 785/784/784 784/783/783
f 745/744/744 786/785/785 785/784/784
f 746/745/745 787/786/786 786/785/785
f 747/746/746 788/787/787 787/786/786
f 748/747/747 789/788/788 788/787/787
f 749/748/748 790/789/789 789/788/788
f 750/749/749 791/790/790 790/789/789
f 751/750/750 792/791/791 791/790/790
f 752/751/751 793/792/792 792/791/791
f 753/752/752 794/793/793 793/792/792
f 754/753/753 795/794/794 794/793/793
f 755/754/754 796/795/795 795/794/794
f 756/755/755 797/796/796 796/795/795
f 757/756/756 798/797/797 797/796/796
f 758/757/757 799/798/798 798/797/797
f 759/759/759 800/800/800 799/798/798
f 759/759/759 760/758/758 801/799/799
f 760/758/758 761/760/760 802/801/801
f 761/760/760 762/761/761 803/802/802
f 762/761/761 763/762/762 804/803/803
f 763/762/762 764/763/763 805/804/804
f 764/763/763 765/764/764 806/805/805
f 765/764/764 766/765/765 807/806/806
f 766/765/765 767/766/766 808/807/807
f 767/766/766 768/767/767 809/808/808
f 768/767/767 769/768/768 810/809/809
f 769/768/768 770/769/769 811/810/810
f 770/769/769 771/770/770 812/811/811
f 771/770/770 772/771/771 813/812/812
f 772/771/771 773/772/772 814/813/813
f 773/772/772 774/773/773 815/814/814
f 774/773/773 775/774/774 816/815/815
f 775/774/774 776/775/775 817/816/816
f 776/775/775 777/776/776 818/817/817
f 777/776/776 778/777/777 819/818/818
f 778/777/777 779/778/778 820/819/819
f 781/780/780 822/821/821 821/820/820
f 782/781/781 823/822/822 822/821/821
f 783/782/782 824/823/823 823/822/822
f 784/783/783 825/824/824 824/823/823
f 785/784/784 826/825/825 825/824/824
f 786/785/785 827/826/826 826/825/825
f 787/786/786 828/827/827 827/826/826
f 788/787/787 829/828/828 828/827/827
f 789/788/788 830/829/829 829/828/828
f 790/789/789 831/830/830 830/829/829
f 791/790/790 832/831/831 831/830/830
f 792/791/791 833/832/832 832/831/831
f 793/792/792 834/833/833 833/832/832
f 794/793/793 835/834/834 834/833/833
f 795/794/794 836/835/835 835/834/834
f 796/795/795 837/836/836 836/835/835
f 797/796/796 838/837/837 837/836/836
f 798/797/797 839/838/838 838/837/837
f 799/798/798 840/839/839 839/838/838
f 800/800/800 841/841/841 840/839/839
f 800/800/800 801/799/799 842/840/840
f 801/799/799 802/801/801 843/842/842
f 802/801/801 803/802/802 844/843/843
f 803/802/802 804/803/803 845/844/844
f 804/803/803 805/804/804 846/845/845
f 805/804/804 806/805/805 847/846/846
f 806/805/805 807/806/806 848/847/847
f 807/806/806 808/807/807 849/848/848
f 808/807/807 809/808/808 850/849/849
f 809/808/808 810/809/809 851/850/850
f 810/809/809 811/810/810 852/851/851
f 811/810/810 812/811/811 853/852/852
f 812/811/811 813/812/812 854/853/853
f 813/812/812 814/813/813 855/854/854
f 814/813/813 815/814/814 856/855/855
f 815/814/814 816/815/815 857/856/856
f 816/815/815 817/816/816 858/857/857
f 817/816/816 818/817/817 859/858/858
f 818/817/817 819/818/818 860/859/859
f 819/818/818 820/819/819 861/860/860
f 822/821/821 863/862/862 862/861/861
f 823/822/822 864/863/863 863/862/862
f 824/823/823 865/864/864 864/863/863
f 825/824/824 866/865/865 865/864/864
f 826/825/825 867/866/866 866/865/865
f 827/826/826 868/867/867 867/866/866
f 828/827/827 869/868/868 868/867/867
f 829/828/828 870/869/869 869/868/868
f 830/829/829 871/870/870 870/869/869
f 831/830/830 872/871/871 871/870/870
f 832/831/831 873/872/872 872/871/871
f 833/832/832 874/873/873 873/872/872
f 834/833/833 875/874/874 874/873/873
f 835/834/834 876/875/875 875/874/874
f 836/835/835 877/876/876 876/875/875
f 837/836/836 878/877/877 877/876/876
f 838/837/837 879/878/878 878/877/877
f 839/838/838 880/879/879 879/878/878
f 840/839/839 881/880/880 880/879/879
f 841/841/841 882/882/882 881/880/880
f 841/841/841 842/840/840 883/881/881
f 842/840/840 843/842/842 884/883/883
f 843/842/842 844/843/843 885/884/884
f 844/843/843 845/844/844 886/885/885
f 845/844/844 846/845/845 887/886/886
f 846/845/845 847/846/846 888/887/887
f 847/846/846 848/847/847 889/888/888
f 848/847/847 849/848/848 890/889/889
f 849/848/848 850/849/849 891/890/890
f 850/849/849 851/850/850 892/891/891
f 851/850/850 852/851/851 893/892/892
f 852/851/851 853/852/852 894/893/893
f 853/852/852 854/853/853 895/894/894
f 854/853/853 855/854/854 896/895/895
f 855/854/854 856/855/855 897/896/896
f 856/855/855 857/856/856 898/897/897
f 857/856/856 858/857/857 899/898/898
f 858/857/857 859/858/858 900/899/899
f 859/858/858 860/859/859 901/900/900
f 860/859/859 861/860/860 902/901/901
f 862/861/861 863/862/862 904/902/902
f 863/862/862 864/863/863 905/904/904
f 864/863/863 865/864/864 906/905/905
f 865/864/864 866/865/865 907/906/906
f 866/865/865 867/866/866 908/907/907
f 867/866/866 868/867/867 909/908/908
f 868/867/867 869/868/868 910/909/909
f 869/868/868 870/869/869 911/910/910
f 870/869/869 871/870/870 912/911/911
f 871/870/870 872/871/871 913/912/912
f 872/871/871 873/872/872 914/913/913
f 873/872/872 874/873/873 915/914/914
f 874/873/873 875/874/874 916/915/915
f 875/874/874 876/875/875 917/916/916
f 876/875/875 877/876/876 918/917/917
f 877/876/876 878/877/877 919/918/918
f 878/877/877 879/878/878 920/919/919
f 879/878/878 880/879/879 921/920/920
f 880/879/879 881/880/880 922/921/921
f 881/880/880 882/882/882 923/922/922
f 883/881/881 924/923/923 923/922/922
f 884/883/883 925/924/924 924/923/923
f 885/884/884 926/925/925 925/924/924
f 886/885/885 927/926/926 926/925/925
f 887/886/886 928/927/927 927/926/926
f 888/887/887 929/928/928 928/927/927
f 889/888/888 930/929/929 929/928/928
f 890/889/889 931/930/930 930/929/929
f 891/890/890 932/931/931 931/930/930
f 892/891/891 933/932/932 932/931/931
f 893/892/892 934/933/933 933/932/932
f 894/893/893 935/934/934 934/933/933
f 895/894/894 936/935/935 935/934/934
f 896/895/895 937/936/936 936/935/935
f 897/896/896 938/937/937 937/936/936
f 898/897/897 939/938/938 938/937/937
f 899/898/898 940/939/939 939/938/938
f 900/899/899 941/940/940 940/939/939
f 901/900/900 942/941/941 941/940/940
f 902/901/901 943/981/981 942/941/941
f 903/903/903 904/902/902 945/942/942
f 904/902/902 905/904/904 946/944/944
f 905/904/904 906/905/905 947/945/945
f 906/905/905 907/906/906 948/946/946
f 907/906/906 908/907/907 949/947/947
f 908/907/907 909/908/908 950/948/948
f 909/908/908 910/909/909 951/949/949
f 910/909/909 911/910/910 952/950/950
f 911/910/910 912/911/911 953/951/951
f 912/911/911 913/912/912 954/952/952
f 913/912/912 914/913/913 955/953/953
f 914/913/913 915/914/914 956/954/954
f 915/914/914 916/915/915 957/955/955
f 916/915/915 917/916/916 958/956/956
f 917/916/916 918/917/917 959/957/957
f 918/917/917 919/918/918 960/958/958
f 919/918/918 920/919/919 961/959/959
f 920/919/919 921/920/920 962/960/960
f 921/920/920 922/921/921 963/961/961
f 922/921/921 923/922/922 964/962/962
f 924/923/923 965/963/963 964/962/962
f 925/924/924 966/964/964 965/963/963
f 926/925/925 967/965/965 966/964/964
f 927/926/926 968/966/966 967/965/965
f 928/927/927 969/967/967 968/966/966
f 929/928/928 970/968/968 969/967/967
f 930/929/929 971/969/969 970/968/968
f 931/930/930 972/970/970 971/969/969
f 932/931/931 973/971/971 972/970/970
f 933/932/932 974/972/972 973/971/971
f 934/933/933 975/973/973 974/972/972
f 935/934/934 976/974/974 975/973/973
f 936/935/935 977/975/975 976/974/974
f 937/936/936 978/976/976 977/975/975
f 938/937/937 979/977/977 978/976/976
f 939/938/938 980/978/978 979/977/977
f 940/939/939 981/979/979 980/978/978
f 941/940/940 982/980/980 981/979/979
f 942/941/941 983/982/982 982/980/980
f 943/981/981 984/1022/1022 983/982/982
f 944/943/943 945/942/942 986/983/983
f 945/942/942 946/944/944 987/985/985
f 946/944/944 947/945/945 988/986/986
f 947/945/945 948/946/946 989/987/987
f 948/946/946 949/947/947 990/988/988
f 949/947/947 950/948/948 991/989/989
f 950/948/948 951/949/949 992/990/990
f 951/949/949 952/950/950 993/991/991
f 952/950/950 953/951/951 994/992/992
f 953/951/951 954/952/952 995/993/993
f 954/952/952 955/953/953 996/994/994
f 955/953/953 956/954/954 997/995/995
f 956/954/954 957/955/955 998/996/996
f 957/955/955 958/956/956 999/997/997
f 958/956/956 959/957/957 1000/998/998
f 959/957/957 960/958/958 1001/999/999
f 960/958/958 961/959/959 1002/1000/1000
f 961/959/959 962/960/960 1003/1001/1001
f 962/960/960 963/961/961 1004/1002/1002
f 963/961/961 964/962/962 1005/1003/1003
f 965/963/963 1006/1004/1004 1005/1003/1003
f 966/964/964 1007/1005/1005 1006/1004/1004
f 967/965/965 1008/1006/1006 1007/1005/1005
f 968/966/966 1009/1007/1007 1008/1006/1006
f 969/967/967 1010/1008/1008 1009/1007/1007
f 970/968/968 1011/1009/1009 1010/1008/1008
f 971/969/969 1012/1010/1010 1011/1009/1009
f 972/970/970 1013/1011/1011 1012/1010/1010
f 973/971/971 1014/1012/1012 1013/1011/1011
f 974/972/972 1015/1013/1013 1014/1012/1012
f 975/973/973 1016/1014/1014 1015/1013/1013
f 976/974/974 1017/1015/1015 1016/1014/1014
f 977/975/975 1018/1016/1016 1017/1015/1015
f 978/976/976 1019/1017/1017 1018/1016/1016
f 979/977/977 1020/1018/1018 1019/1017/1017
f 980/978/978 1021/1019/1019 1020/1018/1018
f 981/979/979 1022/1020/1020 1021/1019/1019
f 982/980/980 1023/1021/1021 1022/1020/1020
f 983/982/982 1024/1023/1023 1023/1021/1021
f 984/1022/1022 1025/1063/1063 1024/1023/1023
f 985/984/984 986/983/983 1027/1024/1024
f 986/983/983 987/985/985 1028/1026/1026
f 987/985/985 988/986/986 1029/1027/1027
f 988/986/986 989/987/987 1030/1028/1028
f 989/987/987 990/988/988 1031/1029/1029
f 990/988/988 991/989/989 1032/1030/1030
f 991/989/989 992/990/990 1033/1031/1031
f 992/990/990 993/991/991 1034/1032/1032
f 993/991/991 994/992/992 1035/1033/1033
f 994/992/992 995/993/993 1036/1034/1034
f 995/993/993 996/994/994 1037/1035/1035
f 996/994/994 997/995/995 1038/1036/1036
f 997/995/995 998/996/996 1039/1037/1037
f 998/996/996 999/997/997 1040/1038/1038
f 999/997/997 1000/998/998 1041/1039/1039
f 1000/998/998 1001/999/999 1042/1040/1040
f 1001/999/999 1002/1000/1000 1043/1041/1041
f 1002/1000/1000 1003/1001/1001 1044/1042/1042
f 1003/1001/1001 1004/1002/1002 1045/1043/1043
f 1004/1002/1002 1005/1003/1003 1046/1044/1044
f 1006/1004/1004 1047/1045/1045 1046/1044/1044
f 1007/1005/1005 1048/1046/1046 1047/1045/1045
f 1008/1006/1006 1049/1047/1047 1048/1046/1046
f 1009/1007/1007 1050/1048/1048 1049/1047/1047
f 1010/1008/1008 1051/1049/1049 1050/1048/1048
f 1011/1009/1009 1052/1050/1050 1051/1049/1049
f 1012/1010/1010 1053/1051/1051 1052/1050/1050
f 1013/1011/1011 1054/1052/1052 1053/1051/1051
f 1014/1012/1012 1055/1053/1053 1054/1052/1052
f 1015/1013/1013 1056/1054/1054 1055/1053/1053
f 1016/1014/1014 1057/1055/1055 1056/1054/1054
f 1017/1015/1015 1058/1056/1056 1057/1055/1055
f 1018/1016/1016 1059/1057/1057 1058/1056/1056
f 1019/1017/1017 1060/1058/1058 1059/1057/1057
f 1020/1018/1018 1061/1059/1059 1060/1058/1058
f 1021/1019/1019 1062/1060/1060 1061/1059/1059
f 1022/1020/1020 1063/1061/1061 1062/1060/1060
f 1023/1021/1021 1064/1062/1062 1063/1061/1061
f 1024/1023/1023 1065/1064/1064 1064/1062/1062
f 1025/1063/1063 1066/1104/1104 1065/1064/1064
f 1026/1025/1025 1027/1024/1024 1068/1065/1065
f 1027/1024/1024 1028/1026/1026 1069/1067/1067
f 1028/1026/1026 1029/1027/1027 1070/1068/1068
f 1029/1027/1027 1030/1028/1028 1071/1069/1069
f 1030/1028/1028 1031/1029/1029 1072/1070/1070
f 1031/1029/1029 1032/1030/1030 1073/1071/1071
f 1032/1030/1030 1033/1031/1031 1074/1072/1072
f 1033/1031/1031 1034/1032/1032 1075/1073/1073
f 1034/1032/1032 1035/1033/1033 1076/1074/1074
f 1035/1033/1033 1036/1034/1034 1077/1075/1075
f 1036/1034/1034 1037/1035/1035 1078/1076/1076
f 1037/1035/1035 1038/1036/1036 1079/1077/1077
f 1038/1036/1036 1039/1037/1037 1080/1078/1078
f 1039/1037/1037 1040/1038/1038 1081/1079/1079
f 1040/1038/1038 1041/1039/1039 1082/1080/1080
f 1041/1039/1039 1042/1040/1040 1083/1081/1081
f 1042/1040/1040 1043/1041/1041 1084/1082/1082
f 1043/1041/1041 1044/1042/1042 1085/1083/1083
f 1044/1042/1042 1045/1043/1043 1086/1084/1084
f 1045/1043/1043 1046/1044/1044 1087/1085/1085
f 1047/1045/1045 1088/1086/1086 1087/1085/1085
f 1048/1046/1046 1089/1087/1087 1088/1086/1086
f 1049/1047/1047 1090/1088/1088 1089/1087/1087
f 1050/1048/1048 1091/1089/1089 1090/1088/1088
f 1051/1049/1049 1092/1090/1090 1091/1089/1089
f 1052/1050/1050 1093/1091/1091 1092/1090/1090
f 1053/1051/1051 1094/1092/1092 1093/1091/1091
f 1054/1052/1052 1095/1093/1093 1094/1092/1092
f 1055/1053/1053 1096/1094/1094 1095/1093/1093
f 1056/1054/1054 1097/1095/1095 1096/1094/1094
f 1057/1055/1055 1098/1096/1096 1097/1095/1095
f 1058/1056/1056 1099/1097/1097 1098/1096/1096
f 1059/1057/1057 1100/1098/1098 1099/1097/1097
f 1060/1058/1058 1101/1099/1099 1100/1098/1098
f 1061/1059/1059 1102/1100/1100 1101/1099/1099
f 1062/1060/1060 1103/1101/1101 1102/1100/1100
f 1063/1061/1061 1104/1102/1102 1103/1101/1101
f 1064/1062/1062 1105/1103/1103 1104/1102/1102
f 1065/1064/1064 1106/1105/1105 1105/1103/1103
f 1066/1104/1104 1107/1145/1145 1106/1105/1105
f 1067/1066/1066 1068/1065/1065 1109/1106/1106
f 1068/1065/1065 1069/1067/1067 1110/1108/1108
f 1069/1067/1067 1070/1068/1068 1111/1109/1109
f 1070/1068/1068 1071/1069/1069 1112/1110/1110
f 1071/1069/1069 1072/1070/1070 1113/1111/1111
f 1072/1070/1070 1073/1071/1071 1114/1112/1112
f 1073/1071/1071 1074/1072/1072 1115/1113/1113
f 1074/1072/1072 1075/1073/1073 1116/1114/1114
f 1075/1073/1073 1076/1074/1074 1117/1115/1115
f 1076/1074/1074 1077/1075/1075 1118/1116/1116
f 1077/1075/1075 1078/1076/1076 1119/1117/1117
f 1078/1076/1076 1079/1077/1077 1120/1118/1118
f 1079/1077/1077 1080/1078/1078 1121/1119/1119
f 1080/1078/1078 1081/1079/1079 1122/1120/1120
f 1081/1079/1079 1082/1080/1080 1123/1121/1121
f 1082/1080/1080 1083/1081/1081 1124/1122/1122
f 1083/1081/1081 1084/1082/1082 1125/1123/1123
f 1084/1082/1082 1085/1083/1083 1126/1124/1124
f 1085/1083/1083 1086/1084/1084 1127/1125/1125
f 1086/1084/1084 1087/1085/1085 1128/1126/1126
f 1088/1086/1086 1129/1127/1127 1128/1126/1126
f 1089/1087/1087 1130/1128/1128 1129/1127/1127
f 1090/1088/1088 1131/1129/1129 1130/1128/1128
f 1091/1089/1089 1132/1130/1130 1131/1129/1129
f 1092/1090/1090 1133/1131/1131 1132/1130/1130
f 1093/1091/1091 1134/1132/1132 1133/1131/1131
f 1094/1092/1092 1135/1133/1133 1134/1132/1132
f 1095/1093/1093 1136/1134/1134 1135/1133/1133
f 1096/1094/1094 1137/1135/1135 1136/1134/1134
f 1097/1095/1095 1138/1136/1136 1137/1135/1135
f 1098/1096/1096 1139/1137/1137 1138/1136/1136
f 1099/1097/1097 1140/1138/1138 1139/1137/1137
f 1100/1098/1098 1141/1139/1139 1140/1138/1138
f 1101/1099/1099 1142/1140/1140 1141/1139/1139
f 1102/1100/1100 1143/1141/1141 1142/1140/1140
f 1103/1101/1101 1144/1142/1142 1143/1141/1141
f 1104/1102/1102 1145/1143/1143 1144/1142/1142
f 1105/1103/1103 1146/1144/1144 1145/1143/1143
f 1106/1105/1105 1147/1146/1146 1146/1144/1144
f 1107/1145/1145 1148/1186/1186 1147/1146/1146
f 1108/1107/1107 1109/1106/1106 1150/1147/1147
f 1109/1106/1106 1110/1108/1108 1151/1149/1149
f 1110/1108/1108 1111/1109/1109 1152/1150/1150
f 1111/1109/1109 1112/1110/1110 1153/1151/1151
f 1112/1110/1110 1113/1111/1111 1154/1152/1152
f 1113/1111/1111 1114/1112/1112 1155/1153/1153
f 1114/1112/1112 1115/1113/1113 1156/1154/1154
f 1115/1113/1113 1116/1114/1114 1157/1155/1155
f 1116/1114/1114 1117/1115/1115 1158/1156/1156
f 1117/1115/1115 1118/1116/1116 1159/1157/1157
f 1118/1116/1116 1119/1117/1117 1160/1158/1158
f 1119/1117/1117 1120/1118/1118 1161/1159/1159
f 1120/1118/1118 1121/1119/1119 1162/1160/1160
f 1121/1119/1119 1122/1120/1120 1163/1161/1161
f 1122/1120/1120 1123/1121/1121 1164/1162/1162
f 1123/1121/1121 1124/1122/1122 1165/1163/1163
f 1124/1122/1122 1125/1123/1123 1166/1164/1164
f 1125/1123/1123 1126/1124/1124 1167/1165/1165
f 1126/1124/1124 1127/1125/1125 1168/1166/1166
f 1127/1125/1125 1128/1126/1126 1169/1167/1167
f 1129/1127/1127 1170/1168/1168 1169/1167/1167
f 1130/1128/1128 1171/1169/1169 1170/1168/1168
f 1131/1129/1129 1172/1170/1170 1171/1169/1169
f 1132/1130/1130 1173/1171/1171 1172/1170/1170
f 1133/1131/1131 1174/1172/1172 1173/1171/1171
f 1134/1132/1132 1175/1173/1173 1174/1172/1172
f 1135/1133/1133 1176/1174/1174 1175/1173/1173
f 1136/1134/1134 1177/1175/1175 1176/1174/1174
f 1137/1135/1135 1178/1176/1176 1177/1175/1175
f 1138/1136/1136 1179/1177/1177 1178/1176/1176
f 1139/1137/1137 1180/1178/1178 1179/1177/1177
f 1140/1138/1138 1181/1179/1179 1180/1178/1178
f 1141/1139/1139 1182/1180/1180 1181/1179/1179
f 1142/1140/1140 1183/1181/1181 1182/1180/1180
f 1143/1141/1141 1184/1182/1182 1183/1181/1181
f 1144/1142/1142 1185/1183/1183 1184/1182/1182
f 1145/1143/1143 1186/1184/1184 1185/1183/1183
f 1146/1144/1144 1187/1185/1185 1186/1184/1184
f 1147/1146/1146 1188/1187/1187 1187/1185/1185
f 1148/1186/1186 1189/1227/1227 1188/1187/1187
f 1149/1148/1148 1150/1147/1147 1191/1188/1188
f 1150/1147/1147 1151/1149/1149 1192/1190/1190
f 1151/1149/1149 1152/1150/1150 1193/1191/1191
f 1152/1150/1150 1153/1151/1151 1194/1192/1192
f 1153/1151/1151 1154/1152/1152 1195/1193/1193
f 1154/1152/1152 1155/1153/1153 1196/1194/1194
f 1155/1153/1153 1156/1154/1154 1197/1195/1195
f 1156/1154/1154 1157/1155/1155 1198/1196/1196
f 1157/1155/1155 1158/1156/1156 1199/1197/1197
f 1158/1156/1156 1159/1157/1157 1200/1198/1198
f 1159/1157/1157 1160/1158/1158 1201/1199/1199
f 1160/1158/1158 1161/1159/1159 1202/1200/1200
f 1161/1159/1159 1162/1160/1160 1203/1201/1201
f 1162/1160/1160 1163/1161/1161 1204/1202/1202
f 1163/1161/1161 1164/1162/1162 1205/1203/1203
f 1164/1162/1162 1165/1163/1163 1206/1204/1204
f 1165/1163/1163 1166/1164/1164 1207/1205/1205
f 1166/1164/1164 1167/1165/1165 1208/1206/1206
f 1167/1165/1165 1168/1166/1166 1209/1207/1207
f 1168/1166/1166 1169/1167/1167 1210/1208/1208
f 1170/1168/1168 1211/1209/1209 1210/1208/1208
f 1171/1169/1169 1212/1210/1210 1211/1209/1209
f 1172/1170/1170 1213/1211/1211 1212/1210/1210
f 1173/1171/1171 1214/1212/1212 1213/1211/1211
f 1174/1172/1172 1215/1213/1213 1214/1212/1212
f 1175/1173/1173 1216/1214/1214 1215/1213/1213
f 1176/1174/1174 1217/1215/1215 1216/1214/1214
f 1177/1175/1175 1218/1216/1216 1217/1215/1215
f 1178/1176/1176 1219/1217/1217 1218/1216/1216
f 1179/1177/1177 1220/1218/1218 1219/1217/1217
f 1180/1178/1178 1221/1219/1219 1220/1218/1218
f 1181/1179/1179 1222/1220/1220 1221/1219/1219
f 1182/1180/1180 1223/1221/1221 1222/1220/1220
f 1183/1181/1181 1224/1222/1222 1223/1221/1221
f 1184/1182/1182 1225/1223/1223 1224/1222/1222
f 1185/1183/1183 1226/1224/1224 1225/1223/1223
f 1186/1184/1184 1227/1225/1225 1226/1224/1224
f 1187/1185/1185 1228/1226/1226 1227/1225/1225
f 1188/1187/1187 1229/1228/1228 1228/1226/1226
f 1189/1227/1227 1230/1268/1268 1229/1228/1228
f 1190/1189/1189 1191/1188/1188 1232/1229/1229
f 1191/1188/1188 1192/1190/1190 1233/1231/1231
f 1192/1190/1190 1193/1191/1191 1234/1232/1232
f 1193/1191/1191 1194/1192/1192 1235/1233/1233
f 1194/1192/1192 1195/1193/1193 1236/1234/1234
f 1195/1193/1193 1196/1194/1194 1237/1235/1235
f 1196/1194/1194 1197/1195/1195 1238/1236/1236
f 1197/1195/1195 1198/1196/1196 1239/1237/1237
f 1198/1196/1196 1199/1197/1197 1240/1238/1238
f 1199/1197/1197 1200/1198/1198 1241/1239/1239
f 1200/1198/1198 1201/1199/1199 1242/1240/1240
f 1201/1199/1199 1202/1200/1200 1243/1241/1241
f 1202/1200/1200 1203/1201/1201 1244/1242/1242
f 1203/1201/1201 1204/1202/1202 1245/1243/1243
f 1204/1202/1202 1205/1203/1203 1246/1244/1244
f 1205/1203/1203 1206/1204/1204 1247/1245/1245
f 1206/1204/1204 1207/1205/1205 1248/1246/1246
f 1207/1205/1205 1208/1206/1206 1249/1247/1247
f 1208/1206/1206 1209/1207/1207 1250/1248/1248
f 1209/1207/1207 1210/1208/1208 1251/1249/1249
f 1211/1209/1209 1252/1250/1250 1251/1249/1249
f 1212/1210/1210 1253/1251/1251 1252/1250/1250
f 1213/1211/1211 1254/1252/1252 1253/1251/1251
f 1214/1212/1212 1255/1253/1253 1254/1252/1252
f 1215/1213/1213 1256/1254/1254 1255/1253/1253
f 1216/1214/1214 1257/1255/1255 1256/1254/1254
f 1217/1215/1215 1258/1256/1256 1257/1255/1255
f 1218/1216/1216 1259/1257/1257 1258/1256/1256
f 1219/1217/1217 1260/1258/1258 1259/1257/1257
f 1220/1218/1218 1261/1259/1259 1260/1258/1258
f 1221/1219/1219 1262/1260/1260 1261/1259/1259
f 1222/1220/1220 1263/1261/1261 1262/1260/1260
f 1223/1221/1221 1264/1262/1262 1263/1261/1261
f 1224/1222/1222 1265/1263/1263 1264/1262/1262
f 1225/1223/1223 1266/1264/1264 1265/1263/1263
f 1226/1224/1224 1267/1265/1265 1266/1264/1264
f 1227/1225/1225 1268/1266/1266 1267/1265/1265
f 1228/1226/1226 1269/1267/1267 1268/1266/1266
f 1229/1228/1228 1270/1269/1269 1269/1267/1267
f 1230/1268/1268 1271/1309/1309 1270/1269/1269
f 1231/1230/1230 1232/1229/1229 1273/1270/1270
f 1232/1229/1229 1233/1231/1231 1274/1272/1272
f 1233/1231/1231 1234/1232/1232 1275/1273/1273
f 1234/1232/1232 1235/1233/1233 1276/1274/1274
f 1235/1233/1233 1236/1234/1234 1277/1275/1275
f 1236/1234/1234 1237/1235/1235 1278/1276/1276
f 1237/1235/1235 1238/1236/1236 1279/1277/1277
f 1238/1236/1236 1239/1237/1237 1280/1278/1278
f 1239/1237/1237 1240/1238/1238 1281/1279/1279
f 1240/1238/1238 1241/1239/1239 1282/1280/1280
f 1241/1239/1239 1242/1240/1240 1283/1281/1281
f 1242/1240/1240 1243/1241/1241 1284/1282/1282
f 1243/1241/1241 1244/1242/1242 1285/1283/1283
f 1244/1242/1242 1245/1243/1243 1286/1284/1284
f 1245/1243/1243 1246/1244/1244 1287/1285/1285
f 1246/1244/1244 1247/1245/1245 1288/1286/1286
f 1247/1245/1245 1248/1246/1246 1289/1287/1287
f 1248/1246/1246 1249/1247/1247 1290/1288/1288
f 1249/1247/1247 1250/1248/1248 1291/1289/1289
f 1250/1248/1248 1251/1249/1249 1292/1290/1290
f 1252/1250/1250 1293/1291/1291 1292/1290/1290
f 1253/1251/1251 1294/1292/1292 1293/1291/1291
f 1254/1252/1252 1295/1293/1293 1294/1292/1292
f 1255/1253/1253 1296/1294/1294 1295/1293/1293
f 1256/1254/1254 1297/1295/1295 1296/1294/1294
f 1257/1255/1255 1298/1296/1296 1297/1295/1295
f 1258/1256/1256 1299/1297/1297 1298/1296/1296
f 1259/1257/1257 1300/1298/1298 1299/1297/1297
f 1260/1258/1258 1301/1299/1299 1300/1298/1298
f 1261/1259/1259 1302/1300/1300 1301/1299/1299
f 1262/1260/1260 1303/1301/1301 1302/1300/1300
f 1263/1261/1261 1304/1302/1302 1303/1301/1301
f 1264/1262/1262 1305/1303/1303 1304/1302/1302
f 1265/1263/1263 1306/1304/1304 1305/1303/1303
f 1266/1264/1264 1307/1305/1305 1306/1304/1304
f 1267/1265/1265 1308/1306/1306 1307/1305/1305
f 1268/1266/1266 1309/1307/1307 1308/1306/1306
f 1269/1267/1267 1310/1308/1308 1309/1307/1307
f 1270/1269/1269 1311/1310/1310 1310/1308/1308
f 1271/1309/1309 1312/1350/1350 1311/1310/1310
f 1272/1271/1271 1273/1270/1270 1314/1311/1311
f 1273/1270/1270 1274/1272/1272 1315/1313/1313
f 1274/1272/1272 1275/1273/1273 1316/1314/1314
f 1275/1273/1273 1276/1274/1274 1317/1315/1315
f 1276/1274/1274 1277/1275/1275 1318/1316/1316
f 1277/1275/1275 1278/1276/1276 1319/1317/1317
f 1278/1276/1276 1279/1277/1277 1320/1318/1318
f 1279/1277/1277 1280/1278/1278 1321/1319/1319
f 1280/1278/1278 1281/1279/1279 1322/1320/1320
f 1281/1279/1279 1282/1280/1280 1323/1321/1321
f 1282/1280/1280 1283/1281/1281 1324/1322/1322
f 1283/1281/1281 1284/1282/1282 1325/1323/1323
f 1284/1282/1282 1285/1283/1283 1326/1324/1324
f 1285/1283/1283 1286/1284/1284 1327/1325/1325
f 1286/1284/1284 1287/1285/1285 1328/1326/1326
f 1287/1285/1285 1288/1286/1286 1329/1327/1327
f 1288/1286/1286 1289/1287/1287 1330/1328/1328
f 1289/1287/1287 1290/1288/1288 1331/1329/1329
f 1290/1288/1288 1291/1289/1289 1332/1330/1330
f 1291/1289/1289 1292/1290/1290 1333/1331/1331
f 1293/1291/1291 1334/1332/1332 1333/1331/1331
f 1294/1292/1292 1335/1333/1333 1334/1332/1332
f 1295/1293/1293 1336/1334/1334 1335/1333/1333
f 1296/1294/1294 1337/1335/1335 1336/1334/1334
f 1297/1295/1295 1338/1336/1336 1337/1335/1335
f 1298/1296/1296 1339/1337/1337 1338/1336/1336
f 1299/1297/1297 1340/1338/1338 1339/1337/1337
f 1300/1298/1298 1341/1339/1339 1340/1338/1338
f 1301/1299/1299 1342/1340/1340 1341/1339/1339
f 1302/1300/1300 1343/1341/1341 1342/1340/1340
f 1303/1301/1301 1344/1342/1342 1343/1341/1341
f 1304/1302/1302 1345/1343/1343 1344/1342/1342
f 1305/1303/1303 1346/1344/1344 1345/1343/1343
f 1306/1304/1304 1347/1345/1345 1346/1344/1344
f 1307/1305/1305 1348/1346/1346 1347/1345/1345
f 1308/1306/1306 1349/1347/1347 1348/1346/1346
f 1309/1307/1307 1350/1348/1348 1349/1347/1347
f 1310/1308/1308 1351/1349/1349 1350/1348/1348
f 1311/1310/1310 1352/1351/1351 1351/1349/1349
f 1312/1350/1350 1353/1391/1391 1352/1351/1351
f 1313/1312/1312 1314/1311/1311 1355/1352/1352
f 1314/1311/1311 1315/1313/1313 1356/1354/1354
f 1315/1313/1313 1316/1314/1314 1357/1355/1355
f 1316/1314/1314 1317/1315/1315 1358/1356/1356
f 1317/1315/1315 1318/1316/1316 1359/1357/1357
f 1318/1316/1316 1319/1317/1317 1360/1358/1358
f 1319/1317/1317 1320/1318/1318 1361/1359/1359
f 1320/1318/1318 1321/1319/1319 1362/1360/1360
f 1321/1319/1319 1322/1320/1320 1363/1361/1361
f 1322/1320/1320 1323/1321/1321 1364/1362/1362
f 1323/1321/1321 1324/1322/1322 1365/1363/1363
f 1324/1322/1322 1325/1323/1323 1366/1364/1364
f 1325/1323/1323 1326/1324/1324 1367/1365/1365
f 1326/1324/1324 1327/1325/1325 1368/1366/1366
f 1327/1325/1325 1328/1326/1326 1369/1367/1367
f 1328/1326/1326 1329/1327/1327 1370/1368/1368
f 1329/1327/1327 1330/1328/1328 1371/1369/1369
f 1330/1328/1328 1331/1329/1329 1372/1370/1370
f 1331/1329/1329 1332/1330/1330 1373/1371/1371
f 1332/1330/1330 1333/1331/1331 1374/1372/1372
f 1334/1332/1332 1375/1373/1373 1374/1372/1372
f 1335/1333/1333 1376/1374/1374 1375/1373/1373
f 1336/1334/1334 1377/1375/1375 1376/1374/1374
f 1337/1335/1335 1378/1376/1376 1377/1375/1375
f 1338/1336/1336 1379/1377/1377 1378/1376/1376
f 1339/1337/1337 1380/1378/1378 1379/1377/1377
f 1340/1338/1338 1381/1379/1379 1380/1378/1378
f 1341/1339/1339 1382/1380/1380 1381/1379/1379
f 1342/1340/1340 1383/1381/1381 1382/1380/1380
f 1343/1341/1341 1384/1382/1382 1383/1381/1381
f 1344/1342/1342 1385/1383/1383 1384/1382/1382
f 1345/1343/1343 1386/1384/1384 1385/1383/1383
f 1346/1344/1344 1387/1385/1385 1386/1384/1384
f 1347/1345/1345 1388/1386/1386 1387/1385/1385
f 1348/1346/1346 1389/1387/1387 1388/1386/1386
f 1349/1347/1347 1390/1388/1388 1389/1387/1387
f 1350/1348/1348 1391/1389/1389 1390/1388/1388
f 1351/1349/1349 1392/1390/1390 1391/1389/1389
f 1352/1351/1351 1393/1392/1392 1392/1390/1390
f 1353/1391/1391 1394/1432/1432 1393/1392/1392
f 1354/1353/1353 1355/1352/1352 1396/1393/1393
f 1355/1352/1352 1356/1354/1354 1397/1395/1395
f 1356/1354/1354 1357/1355/1355 1398/1396/1396
f 1357/1355/1355 1358/1356/1356 1399/1397/1397
f 1358/1356/1356 1359/1357/1357 1400/1398/1398
f 1359/1357/1357 1360/1358/1358 1401/1399/1399
f 1360/1358/1358 1361/1359/1359 1402/1400/1400
f 1361/1359/1359 1362/1360/1360 1403/1401/1401
f 1362/1360/1360 1363/1361/1361 1404/1402/1402
f 1363/1361/1361 1364/1362/1362 1405/1403/1403
f 1364/1362/1362 1365/1363/1363 1406/1404/1404
f 1365/1363/1363 1366/1364/1364 1407/1405/1405
f 1366/1364/1364 1367/1365/1365 1408/1406/1406
f 1367/1365/1365 1368/1366/1366 1409/1407/1407
f 1368/1366/1366 1369/1367/1367 1410/1408/1408
f 1369/1367/1367 1370/1368/1368 1411/1409/1409
f 1370/1368/1368 1371/1369/1369 1412/1410/1410
f 1371/1369/1369 1372/1370/1370 1413/1411/1411
f 1372/1370/1370 1373/1371/1371 1414/1412/1412
f 1373/1371/1371 1374/1372/1372 1415/1413/1413
f 1375/1373/1373 1416/1414/1414 1415/1413/1413
f 1376/1374/1374 1417/1415/1415 1416/1414/1414
f 1377/1375/1375 1418/1416/1416 1417/1415/1415
f 1378/1376/1376 1419/1417/1417 1418/1416/1416
f 1379/1377/1377 1420/1418/1418 1419/1417/1417
f 1380/1378/1378 1421/1419/1419 1420/1418/1418
f 1381/1379/1379 1422/1420/1420 1421/1419/1419
f 1382/1380/1380 1423/1421/1421 1422/1420/1420
f 1383/1381/1381 1424/1422/1422 1423/1421/1421
f 1384/1382/1382 1425/1423/1423 1424/1422/1422
f 1385/1383/1383 1426/1424/1424 1425/1423/1423
f 1386/1384/1384 1427/1425/1425 1426/1424/1424
f 1387/1385/1385 1428/1426/1426 1427/1425/1425
f 1388/1386/1386 1429/1427/1427 1428/1426/1426
f 1389/1387/1387 1430/1428/1428 1429/1427/1427
f 1390/1388/1388 1431/1429/1429 1430/1428/1428
f 1391/1389/1389 1432/1430/1430 1431/1429/1429
f 1392/1390/1390 1433/1431/1431 1432/1430/1430
f 1393/1392/1392 1434/1433/1433 1433/1431/1431
f 1394/1432/1432 1435/1473/1473 1434/1433/1433
f 1395/1394/1394 1396/1393/1393 1437/1434/1434
f 1396/1393/1393 1397/1395/1395 1438/1436/1436
f 1397/1395/1395 1398/1396/1396 1439/1437/1437
f 1398/1396/1396 1399/1397/1397 1440/1438/1438
f 1399/1397/1397 1400/1398/1398 1441/1439/1439
f 1400/1398/1398 1401/1399/1399 1442/1440/1440
f 1401/1399/1399 1402/1400/1400 1443/1441/1441
f 1402/1400/1400 1403/1401/1401 1444/1442/1442
f 1403/1401/1401 1404/1402/1402 1445/1443/1443
f 1404/1402/1402 1405/1403/1403 1446/1444/1444
f 1405/1403/1403 1406/1404/1404 1447/1445/1445
f 1406/1404/1404 1407/1405/1405 1448/1446/1446
f 1407/1405/1405 1408/1406/1406 1449/1447/1447
f 1408/1406/1406 1409/1407/1407 1450/1448/1448
f 1409/1407/1407 1410/1408/1408 1451/1449/1449
f 1410/1408/1408 1411/1409/1409 1452/1450/1450
f 1411/1409/1409 1412/1410/1410 1453/1451/1451
f 1412/1410/1410 1413/1411/1411 1454/1452/1452
f 1413/1411/1411 1414/1412/1412 1455/1453/1453
f 1414/1412/1412 1415/1413/1413 1456/1454/1454
f 1416/1414/1414 1457/1455/1455 1456/1454/1454
f 1417/1415/1415 1458/1456/1456 1457/1455/1455
f 1418/1416/1416 1459/1457/1457 1458/1456/1456
f 1419/1417/1417 1460/1458/1458 1459/1457/1457
f 1420/1418/1418 1461/1459/1459 1460/1458/1458
f 1421/1419/1419 1462/1460/1460 1461/1459/1459
f 1422/1420/1420 1463/1461/1461 1462/1460/1460
f 1423/1421/1421 1464/1462/1462 1463/1461/1461
f 1424/1422/1422 1465/1463/1463 1464/1462/1462
f 1425/1423/1423 1466/1464/1464 1465/1463/1463
f 1426/1424/1424 1467/1465/1465 1466/1464/1464
f 1427/1425/1425 1468/1466/1466 1467/1465/1465
f 1428/1426/1426 1469/1467/1467 1468/1466/1466
f 1429/1427/1427 1470/1468/1468 1469/1467/1467
f 1430/1428/1428 1471/1469/1469 1470/1468/1468
f 1431/1429/1429 1472/1470/1470 1471/1469/1469
f 1432/1430/1430 1473/1471/1471 1472/1470/1470
f 1433/1431/1431 1474/1472/1472 1473/1471/1471
f 1434/1433/1433 1475/1474/1474 1474/1472/1472
f 1435/1473/1473 1476/1514/1514 1475/1474/1474
f 1436/1435/1435 1437/1434/1434 1478/1475/1475
f 1437/1434/1434 1438/1436/1436 1479/1477/1477
f 1438/1436/1436 1439/1437/1437 1480/1478/1478
f 1439/1437/1437 1440/1438/1438 1481/1479/1479
f 1440/1438/1438 1441/1439/1439 1482/1480/1480
f 1441/1439/1439 1442/1440/1440 1483/1481/1481
f 1442/1440/1440 1443/1441/1441 1484/1482/1482
f 1443/1441/1441 1444/1442/1442 1485/1483/1483
f 1444/1442/1442 1445/1443/1443 1486/1484/1484
f 1445/1443/1443 1446/1444/1444 1487/1485/1485
f 1446/1444/1444 1447/1445/1445 1488/1486/1486
f 1447/1445/1445 1448/1446/1446 1489/1487/1487
f 1448/1446/1446 1449/1447/1447 1490/1488/1488
f 1449/1447/1447 1450/1448/1448 1491/1489/1489
f 1450/1448/1448 1451/1449/1449 1492/1490/1490
f 1451/1449/1449 1452/1450/1450 1493/1491/1491
f 1452/1450/1450 1453/1451/1451 1494/1492/1492
f 1453/1451/1451 1454/1452/1452 1495/1493/1493
f 1454/1452/1452 1455/1453/1453 1496/1494/1494
f 1455/1453/1453 1456/1454/1454 1497/1495/1495
f 1457/1455/1455 1498/1496/1496 1497/1495/1495
f 1458/1456/1456 1499/1497/1497 1498/1496/1496
f 1459/1457/1457 1500/1498/1498 1499/1497/1497
f 1460/1458/1458 1501/1499/1499 1500/1498/1498
f 1461/1459/1459 1502/1500/1500 1501/1499/1499
f 1462/1460/1460 1503/1501/1501 1502/1500/1500
f 1463/1461/1461 1504/1502/1502 1503/1501/1501
f 1464/1462/1462 1505/1503/1503 1504/1502/1502
f 1465/1463/1463 1506/1504/1504 1505/1503/1503
f 1466/1464/1464 1507/1505/1505 1506/1504/1504
f 1467/1465/1465 1508/1506/1506 1507/1505/1505
f 1468/1466/1466 1509/1507/1507 1508/1506/1506
f 1469/1467/1467 1510/1508/1508 1509/1507/1507
f 1470/1468/1468 1511/1509/1509 1510/1508/1508
f 1471/1469/1469 1512/1510/1510 1511/1509/1509
f 1472/1470/1470 1513/1511/1511 1512/1510/1510
f 1473/1471/1471 1514/1512/1512 1513/1511/1511
f 1474/1472/1472 1515/1513/1513 1514/1512/1512
f 1475/1474/1474 1516/1515/1515 1515/1513/1513
f 1476/1514/1514 1517/1555/1555 1516/1515/1515
f 1477/1476/1476 1478/1475/1475 1519/1516/1516
f 1478/1475/1475 1479/1477/1477 1520/1518/1518
f 1479/1477/1477 1480/1478/1478 1521/1519/1519
f 1480/1478/1478 1481/1479/1479 1522/1520/1520
f 1481/1479/1479 1482/1480/1480 1523/1521/1521
f 1482/1480/1480 1483/1481/1481 1524/1522/1522
f 1483/1481/1481 1484/1482/1482 1525/1523/1523
f 1484/1482/1482 1485/1483/1483 1526/1524/1524
f 1485/1483/1483 1486/1484/1484 1527/1525/1525
f 1486/1484/1484 1487/1485/1485 1528/1526/1526
f 1487/1485/1485 1488/1486/1486 1529/1527/1527
f 1488/1486/1486 1489/1487/1487 1530/1528/1528
f 1489/1487/1487 1490/1488/1488 1531/1529/1529
f 1490/1488/1488 1491/1489/1489 1532/1530/1530
f 1491/1489/1489 1492/1490/1490 1533/1531/1531
f 1492/1490/1490 1493/1491/1491 1534/1532/1532
f 1493/1491/1491 1494/1492/1492 1535/1533/1533
f 1494/1492/1492 1495/1493/1493 1536/1534/1534
f 1495/1493/1493 1496/1494/1494 1537/1535/1535
f 1496/1494/1494 1497/1495/1495 1538/1536/1536
f 1498/1496/1496 1539/1537/1537 1538/1536/1536
f 1499/1497/1497 1540/1538/1538 1539/1537/1537
f 1500/1498/1498 1541/1539/1539 1540/1538/1538
f 1501/1499/1499 1542/1540/1540 1541/1539/1539
f 1502/1500/1500 1543/1541/1541 1542/1540/1540
f 1503/1501/1501 1544/1542/1542 1543/1541/1541
f 1504/1502/1502 1545/1543/1543 1544/1542/1542
f 1505/1503/1503 1546/1544/1544 1545/1543/1543
f 1506/1504/1504 1547/1545/1545 1546/1544/1544
f 1507/1505/1505 1548/1546/1546 1547/1545/1545
f 1508/1506/1506 1549/1547/1547 1548/1546/1546
f 1509/1507/1507 1550/1548/1548 1549/1547/1547
f 1510/1508/1508 1551/1549/1549 1550/1548/1548
f 1511/1509/1509 1552/1550/1550 1551/1549/1549
f 1512/1510/1510 1553/1551/1551 1552/1550/1550
f 1513/1511/1511 1554/1552/1552 1553/1551/1551
f 1514/1512/1512 1555/1553/1553 1554/1552/1552
f 1515/1513/1513 1556/1554/1554 1555/1553/1553
f 1516/1515/1515 1557/1556/1556 1556/1554/1554
f 1517/1555/1555 1558/1596/1596 1557/1556/1556
f 1518/1517/1517 1519/1516/1516 1560/1557/1557
f 1519/1516/1516 1520/1518/1518 1561/1559/1559
f 1520/1518/1518 1521/1519/1519 1562/1560/1560
f 1521/1519/1519 1522/1520/1520 1563/1561/1561
f 1522/1520/1520 1523/1521/1521 1564/1562/1562
f 1523/1521/1521 1524/1522/1522 1565/1563/1563
f 1524/1522/1522 1525/1523/1523 1566/1564/1564
f 1525/1523/1523 1526/1524/1524 1567/1565/1565
f 1526/1524/1524 1527/1525/1525 1568/1566/1566
f 1527/1525/1525 1528/1526/1526 1569/1567/1567
f 1528/1526/1526 1529/1527/1527 1570/1568/1568
f 1529/1527/1527 1530/1528/1528 1571/1569/1569
f 1530/1528/1528 1531/1529/1529 1572/1570/1570
f 1531/1529/1529 1532/1530/1530 1573/1571/1571
f 1532/1530/1530 1533/1531/1531 1574/1572/1572
f 1533/1531/1531 1534/1532/1532 1575/1573/1573
f 1534/1532/1532 1535/1533/1533 1576/1574/1574
f 1535/1533/1533 1536/1534/1534 1577/1575/1575
f 1536/1534/1534 1537/1535/1535 1578/1576/1576
f 1537/1535/1535 1538/1536/1536 1579/1577/1577
f 1539/1537/1537 1580/1578/1578 1579/1577/1577
f 1540/1538/1538 1581/1579/1579 1580/1578/1578
f 1541/1539/1539 1582/1580/1580 1581/1579/1579
f 1542/1540/1540 1583/1581/1581 1582/1580/1580
f 1543/1541/1541 1584/1582/1582 1583/1581/1581
f 1544/1542/1542 1585/1583/1583 1584/1582/1582
f 1545/1543/1543 1586/1584/1584 1585/1583/1583
f 1546/1544/1544 1587/1585/1585 1586/1584/1584
f 1547/1545/1545 1588/1586/1586 1587/1585/1585
f 1548/1546/1546 1589/1587/1587 1588/1586/1586
f 1549/1547/1547 1590/1588/1588 1589/1587/1587
f 1550/1548/1548 1591/1589/1589 1590/1588/1588
f 1551/1549/1549 1592/1590/1590 1591/1589/1589
f 1552/1550/1550 1593/1591/1591 1592/1590/1590
f 1553/1551/1551 1594/1592/1592 1593/1591/1591
f 1554/1552/1552 1595/1593/1593 1594/1592/1592
f 1555/1553/1553 1596/1594/1594 1595/1593/1593
f 1556/1554/1554 1597/1595/1595 1596/1594/1594
f 1557/1556/1556 1598/1597/1597 1597/1595/1595
f 1558/1596/1596 1599/1637/1637 1598/1597/1597
f 1559/1558/1558 1560/1557/1557 1601/1598/1598
f 1560/1557/1557 1561/1559/1559 1602/1600/1600
f 1561/1559/1559 1562/1560/1560 1603/1601/1601
f 1562/1560/1560 1563/1561/1561 1604/1602/1602
f 1563/1561/1561 1564/1562/1562 1605/1603/1603
f 1564/1562/1562 1565/1563/1563 1606/1604/1604
f 1565/1563/1563 1566/1564/1564 1607/1605/1605
f 1566/1564/1564 1567/1565/1565 1608/1606/1606
f 1567/1565/1565 1568/1566/1566 1609/1607/1607
f 1568/1566/1566 1569/1567/1567 1610/1608/1608
f 1569/1567/1567 1570/1568/1568 1611/1609/1609
f 1570/1568/1568 1571/1569/1569 1612/1610/1610
f 1571/1569/1569 1572/1570/1570 1613/1611/1611
f 1572/1570/1570 1573/1571/1571 1614/1612/1612
f 1573/1571/1571 1574/1572/1572 1615/1613/1613
f 1574/1572/1572 1575/1573/1573 1616/1614/1614
f 1575/1573/1573 1576/1574/1574 1617/1615/1615
f 1576/1574/1574 1577/1575/1575 1618/1616/1616
f 1577/1575/1575 1578/1576/1576 1619/1617/1617
f 1578/1576/1576 1579/1577/1577 1620/1618/1618
f 1580/1578/1578 1621/1619/1619 1620/1618/1618
f 1581/1579/1579 1622/1620/1620 1621/1619/1619
f 1582/1580/1580 1623/1621/1621 1622/1620/1620
f 1583/1581/1581 1624/1622/1622 1623/1621/1621
f 1584/1582/1582 1625/1623/1623 1624/1622/1622
f 1585/1583/1583 1626/1624/1624 1625/1623/1623
f 1586/1584/1584 1627/1625/1625 1626/1624/1624
f 1587/1585/1585 1628/1626/1626 1627/1625/1625
f 1588/1586/1586 1629/1627/1627 1628/1626/1626
f 1589/1587/1587 1630/1628/1628 1629/1627/1627
f 1590/1588/1588 1631/1629/1629 1630/1628/1628
f 1591/1589/1589 1632/1630/1630 1631/1629/1629
f 1592/1590/1590 1633/1631/1631 1632/1630/1630
f 1593/1591/1591 1634/1632/1632 1633/1631/1631
f 1594/1592/1592 1635/1633/1633 1634/1632/1632
f 1595/1593/1593 1636/1634/1634 1635/1633/1633
f 1596/1594/1594 1637/1635/1635 1636/1634/1634
f 1597/1595/1595 1638/1636/1636 1637/1635/1635
f 1598/1597/1597 1639/1638/1638 1638/1636/1636
f 1599/1637/1637 1640/1678/1678 1639/1638/1638
f 1600/1599/1599 1601/1598/1598 1642/1639/1639
f 1601/1598/1598 1602/1600/1600 1643/1641/1641
f 1602/1600/1600 1603/1601/1601 1644/1642/1642
f 1603/1601/1601 1604/1602/1602 1645/1643/1643
f 1604/1602/1602 1605/1603/1603 1646/1644/1644
f 1605/1603/1603 1606/1604/1604 1647/1645/1645
f 1606/1604/1604 1607/1605/1605 1648/1646/1646
f 1607/1605/1605 1608/1606/1606 1649/1647/1647
f 1608/1606/1606 1609/1607/1607 1650/1648/1648
f 1609/1607/1607 1610/1608/1608 1651/1649/1649
f 1610/1608/1608 1611/1609/1609 1652/1650/1650
f 1611/1609/1609 1612/1610/1610 1653/1651/1651
f 1612/1610/1610 1613/1611/1611 1654/1652/1652
f 1613/1611/1611 1614/1612/1612 1655/1653/1653
f 1614/1612/1612 1615/1613/1613 1656/1654/1654
f 1615/1613/1613 1616/1614/1614 1657/1655/1655
f 1616/1614/1614 1617/1615/1615 1658/1656/1656
f 1617/1615/1615 1618/1616/1616 1659/1657/1657
f 1618/1616/1616 1619/1617/1617 1660/1658/1658
f 1619/1617/1617 1620/1618/1618 1661/1659/1659
f 1621/1619/1619 1662/1660/1660 1661/1659/1659
f 1622/1620/1620 1663/1661/1661 1662/1660/1660
f 1623/1621/1621 1664/1662/1662 1663/1661/1661
f 1624/1622/1622 1665/1663/1663 1664/1662/1662
f 1625/1623/1623 1666/1664/1664 1665/1663/1663
f 1626/1624/1624 1667/1665/1665 1666/1664/1664
f 1627/1625/1625 1668/1666/1666 1667/1665/1665
f 1628/1626/1626 1669/1667/1667 1668/1666/1666
f 1629/1627/1627 1670/1668/1668 1669/1667/1667
f 1630/1628/1628 1671/1669/1669 1670/1668/1668
f 1631/1629/1629 1672/1670/1670 1671/1669/1669
f 1632/1630/1630 1673/1671/1671 1672/1670/1670
f 1633/1631/1631 1674/1672/1672 1673/1671/1671
f 1634/1632/1632 1675/1673/1673 1674/1672/1672
f 1635/1633/1633 1676/1674/1674 1675/1673/1673
f 1636/1634/1634 1677/1675/1675 1676/1674/1674
f 1637/1635/1635 1678/1676/1676 1677/1675/1675
f 1638/1636/1636 1679/1677/1677 1678/1676/1676
f 1639/1638/1638 1680/1679/1679 1679/1677/1677
f 1640/1678/1678 1681/1719/1719 1680/1679/1679
f 1641/1640/1640 1642/1639/1639 1683/1680/1680
f 1642/1639/1639 1643/1641/1641 1684/1682/1682
f 1643/1641/1641 1644/1642/1642 1685/1683/1683
f 1644/1642/1642 1645/1643/1643 1686/1684/1684
f 1645/1643/1643 1646/1644/1644 1687/1685/1685
f 1646/1644/1644 1647/1645/1645 1688/1686/1686
f 1647/1645/1645 1648/1646/1646 1689/1687/1687
f 1648/1646/1646 1649/1647/1647 1690/1688/1688
f 1649/1647/1647 1650/1648/1648 1691/1689/1689
f 1650/1648/1648 1651/1649/1649 1692/1690/1690
f 1651/1649/1649 1652/1650/1650 1693/1691/1691
f 1652/1650/1650 1653/1651/1651 1694/1692/1692
f 1653/1651/1651 1654/1652/1652 1695/1693/1693
f 1654/1652/1652 1655/1653/1653 1696/1694/1694
f 1655/1653/1653 1656/1654/1654 1697/1695/1695
f 1656/1654/1654 1657/1655/1655 1698/1696/1696
f 1657/1655/1655 1658/1656/1656 1699/1697/1697
f 1658/1656/1656 1659/1657/1657 1700/1698/1698
f 1659/1657/1657 1660/1658/1658 1701/1699/1699
f 1660/1658/1658 1661/1659/1659 1702/1700/1700
f 1662/1660/1660 1703/1701/1701 1702/1700/1700
f 1663/1661/1661 1704/1702/1702 1703/1701/1701
f 1664/1662/1662 1705/1703/1703 1704/1702/1702
f 1665/1663/1663 1706/1704/1704 1705/1703/1703
f 1666/1664/1664 1707/1705/1705 1706/1704/1704
f 1667/1665/1665 1708/1706/1706 1707/1705/1705
f 1668/1666/1666 1709/1707/1707 1708/1706/1706
f 1669/1667/1667 1710/1708/1708 1709/1707/1707
f 1670/1668/1668 1711/1709/1709 1710/1708/1708
f 1671/1669/1669 1712/1710/1710 1711/1709/1709
f 1672/1670/1670 1713/1711/1711 1712/1710/1710
f 1673/1671/1671 1714/1712/1712 1713/1711/1711
f 1674/1672/1672 1715/1713/1713 1714/1712/1712
f 1675/1673/1673 1716/1714/1714 1715/1713/1713
f 1676/1674/1674 1717/1715/1715 1716/1714/1714
f 1677/1675/1675 1718/1716/1716 1717/1715/1715
f 1678/1676/1676 1719/1717/1717 1718/1716/1716
f 1679/1677/1677 1720/1718/1718 1719/1717/1717
f 1680/1679/1679 1721/1720/1720 1720/1718/1718
f 1681/1719/1719 1722/1760/1760 1721/1720/1720
f 1682/1681/1681 1683/1680/1680 1724/1721/1721
f 1683/1680/1680 1684/1682/1682 1725/1723/1723
f 1684/1682/1682 1685/1683/1683 1726/1724/1724
f 1685/1683/1683 1686/1684/1684 1727/1725/1725
f 1686/1684/1684 1687/1685/1685 1728/1726/1726
f 1687/1685/1685 1688/1686/1686 1729/1727/1727
f 1688/1686/1686 1689/1687/1687 1730/1728/1728
f 1689/1687/1687 1690/1688/1688 1731/1729/1729
f 1690/1688/1688 1691/1689/1689 1732/1730/1730
f 1691/1689/1689 1692/1690/1690 1733/1731/1731
f 1692/1690/1690 1693/1691/1691 1734/1732/1732
f 1693/1691/1691 1694/1692/1692 1735/1733/1733
f 1694/1692/1692 1695/1693/1693 1736/1734/1734
f 1695/1693/1693 1696/1694/1694 1737/1735/1735
f 1696/1694/1694 1697/1695/1695 1738/1736/1736
f 1697/1695/1695 1698/1696/1696 1739/1737/1737
f 1698/1696/1696 1699/1697/1697 1740/1738/1738
f 1699/1697/1697 1700/1698/1698 1741/1739/1739
f 1700/1698/1698 1701/1699/1699 1742/1740/1740
f 1701/1699/1699 1702/1700/1700 1743/1741/1741
f 1703/1701/1701 1744/1742/1742 1743/1741/1741
f 1704/1702/1702 1745/1743/1743 1744/1742/1742
f 1705/1703/1703 1746/1744/1744 1745/1743/1743
f 1706/1704/1704 1747/1745/1745 1746/1744/1744
f 1707/1705/1705 1748/1746/1746 1747/1745/1745
f 1708/1706/1706 1749/1747/1747 1748/1746/1746
f 1709/1707/1707 1750/1748/1748 1749/1747/1747
f 1710/1708/1708 1751/1749/1749 1750/1748/1748
f 1711/1709/1709 1752/1750/1750 1751/1749/1749
f 1712/1710/1710 1753/1751/1751 1752/1750/1750
f 1713/1711/1711 1754/1752/1752 1753/1751/1751
f 1714/1712/1712 1755/1753/1753 1754/1752/1752
f 1715/1713/1713 1756/1754/1754 1755/1753/1753
f 1716/1714/1714 1757/1755/1755 1756/1754/1754
f 1717/1715/1715 1758/1756/1756 1757/1755/1755
f 1718/1716/1716 1759/1757/1757 1758/1756/1756
f 1719/1717/1717 1760/1758/1758 1759/1757/1757
f 1720/1718/1718 1761/1759/1759 1760/1758/1758
f 1721/1720/1720 1762/1761/1761 1761/1759/1759
f 1722/1760/1760 1763/1801/1801 1762/1761/1761
f 1723/1722/1722 1724/1721/1721 1765/1762/1762
f 1724/1721/1721 1725/1723/1723 1766/1764/1764
f 1725/1723/1723 1726/1724/1724 1767/1765/1765
f 1726/1724/1724 1727/1725/1725 1768/1766/1766
f 1727/1725/1725 1728/1726/1726 1769/1767/1767
f 1728/1726/1726 1729/1727/1727 1770/1768/1768
f 1729/1727/1727 1730/1728/1728 1771/1769/1769
f 1730/1728/1728 1731/1729/1729 1772/1770/1770
f 1731/1729/1729 1732/1730/1730 1773/1771/1771
f 1732/1730/1730 1733/1731/1731 1774/1772/1772
f 1733/1731/1731 1734/1732/1732 1775/1773/1773
f 1734/1732/1732 1735/1733/1733 1776/1774/1774
f 1735/1733/1733 1736/1734/1734 1777/1775/1775
f 1736/1734/1734 1737/1735/1735 1778/1776/1776
f 1737/1735/1735 1738/1736/1736 1779/1777/1777
f 1738/1736/1736 1739/1737/1737 1780/1778/1778
f 1739/1737/1737 1740/1738/1738 1781/1779/1779
f 1740/1738/1738 1741/1739/1739 1782/1780/1780
f 1741/1739/1739 1742/1740/1740 1783/1781/1781
f 1742/1740/1740 1743/1741/1741 1784/1782/1782
f 1744/1742/1742 1785/1783/1783 1784/1782/1782
f 1745/1743/1743 1786/1784/1784 1785/1783/1783
f 1746/1744/1744 1787/1785/1785 1786/1784/1784
f 1747/1745/1745 1788/1786/1786 1787/1785/1785
f 1748/1746/1746 1789/1787/1787 1788/1786/1786
f 1749/1747/1747 1790/1788/1788 1789/1787/1787
f 1750/1748/1748 1791/1789/1789 1790/1788/1788
f 1751/1749/1749 1792/1790/1790 1791/1789/1789
f 1752/1750/1750 1793/1791/1791 1792/1790/1790
f 1753/1751/1751 1794/1792/1792 1793/1791/1791
f 1754/1752/1752 1795/1793/1793 1794/1792/1792
f 1755/1753/1753 1796/1794/1794 1795/1793/1793
f 1756/1754/1754 1797/1795/1795 1796/1794/1794
f 1757/1755/1755 1798/1796/1796 1797/1795/1795
f 1758/1756/1756 1799/1797/1797 1798/1796/1796
f 1759/1757/1757 1800/1798/1798 1799/1797/1797
f 1760/1758/1758 1801/1799/1799 1800/1798/1798
f 1761/1759/1759 1802/1800/1800 1801/1799/1799
f 1762/1761/1761 1803/1802/1802 1802/1800/1800
f 1763/1801/1801 1804/1842/1842 1803/1802/1802
f 1764/1763/1763 1765/1762/1762 1806/1803/1803
f 1765/1762/1762 1766/1764/1764 1807/1805/1805
f 1766/1764/1764 1767/1765/1765 1808/1806/1806
f 1767/1765/1765 1768/1766/1766 1809/1807/1807
f 1768/1766/1766 1769/1767/1767 1810/1808/1808
f 1769/1767/1767 1770/1768/1768 1811/1809/1809
f 1770/1768/1768 1771/1769/1769 1812/1810/1810
f 1771/1769/1769 1772/1770/1770 1813/1811/1811
f 1772/1770/1770 1773/1771/1771 1814/1812/1812
f 1773/1771/1771 1774/1772/1772 1815/1813/1813
f 1774/1772/1772 1775/1773/1773 1816/1814/1814
f 1775/1773/1773 1776/1774/1774 1817/1815/1815
f 1776/1774/1774 1777/1775/1775 1818/1816/1816
f 1777/1775/1775 1778/1776/1776 1819/1817/1817
f 1778/1776/1776 1779/1777/1777 1820/1818/1818
f 1779/1777/1777 1780/1778/1778 1821/1819/1819
f 1780/1778/1778 1781/1779/1779 1822/1820/1820
f 1781/1779/1779 1782/1780/1780 1823/1821/1821
f 1782/1780/1780 1783/1781/1781 1824/1822/1822
f 1783/1781/1781 1784/1782/1782 1825/1823/1823
f 1785/1783/1783 1826/1824/1824 1825/1823/1823
f 1786/1784/1784 1827/1825/1825 1826/1824/1824
f 1787/1785/1785 1828/1826/1826 1827/1825/1825
f 1788/1786/1786 1829/1827/1827 1828/1826/1826
f 1789/1787/1787 1830/1828/1828 1829/1827/1827
f 1790/1788/1788 1831/1829/1829 1830/1828/1828
f 1791/1789/1789 1832/1830/1830 1831/1829/1829
f 1792/1790/1790 1833/1831/1831 1832/1830/1830
f 1793/1791/1791 1834/1832/1832 1833/1831/1831
f 1794/1792/1792 1835/1833/1833 1834/1832/1832
f 1795/1793/1793 1836/1834/1834 1835/1833/1833
f 1796/1794/1794 1837/1835/1835 1836/1834/1834
f 1797/1795/1795 1838/1836/1836 1837/1835/1835
f 1798/1796/1796 1839/1837/1837 1838/1836/1836
f 1799/1797/1797 1840/1838/1838 1839/1837/1837
f 1800/1798/1798 1841/1839/1839 1840/1838/1838
f 1801/1799/1799 1842/1840/1840 1841/1839/1839
f 1802/1800/1800 1843/1841/1841 1842/1840/1840
f 1803/1802/1802 1844/1843/1843 1843/1841/1841
f 1804/1842/1842 1845/1883/1883 1844/1843/1843
f 1805/1804/1804 1806/1803/1803 1847/1844/1844
f 1806/1803/1803 1807/1805/1805 1848/1846/1846
f 1807/1805/1805 1808/1806/1806 1849/1847/1847
f 1808/1806/1806 1809/1807/1807 1850/1848/1848
f 1809/1807/1807 1810/1808/1808 1851/1849/1849
f 1810/1808/1808 1811/1809/1809 1852/1850/1850
f 1811/1809/1809 1812/1810/1810 1853/1851/1851
f 1812/1810/1810 1813/1811/1811 1854/1852/1852
f 1813/1811/1811 1814/1812/1812 1855/1853/1853
f 1814/1812/1812 1815/1813/1813 1856/1854/1854
f 1815/1813/1813 1816/1814/1814 1857/1855/1855
f 1816/1814/1814 1817/1815/1815 1858/1856/1856
f 1817/1815/1815 1818/1816/1816 1859/1857/1857
f 1818/1816/1816 1819/1817/1817 1860/1858/1858
f 1819/1817/1817 1820/1818/1818 1861/1859/1859
f 1820/1818/1818 1821/1819/1819 1862/1860/1860
f 1821/1819/1819 1822/1820/1820 1863/1861/1861
f 1822/1820/1820 1823/1821/1821 1864/1862/1862
f 1823/1821/1821 1824/1822/1822 1865/1863/1863
f 1824/1822/1822 1825/1823/1823 1866/1864/1864
f 1826/1824/1824 1867/1865/1865 1866/1864/1864
f 1827/1825/1825 1868/1866/1866 1867/1865/1865
f 1828/1826/1826 1869/1867/1867 1868/1866/1866
f 1829/1827/1827 1870/1868/1868 1869/1867/1867
f 1830/1828/1828 1871/1869/1869 1870/1868/1868
f 1831/1829/1829 1872/1870/1870 1871/1869/1869
f 1832/1830/1830 1873/1871/1871 1872/1870/1870
f 1833/1831/1831 1874/1872/1872 1873/1871/1871
f 1834/1832/1832 1875/1873/1873 1874/1872/1872
f 1835/1833/1833 1876/1874/1874 1875/1873/1873
f 1836/1834/1834 1877/1875/1875 1876/1874/1874
f 1837/1835/1835 1878/1876/1876 1877/1875/1875
f 1838/1836/1836 1879/1877/1877 1878/1876/1876
f 1839/1837/1837 1880/1878/1878 1879/1877/1877
f 1840/1838/1838 1881/1879/1879 1880/1878/1878
f 1841/1839/1839 1882/1880/1880 1881/1879/1879
f 1842/1840/1840 1883/1881/1881 1882/1880/1880
f 1843/1841/1841 1884/1882/1882 1883/1881/1881
f 1844/1843/1843 1885/1884/1884 1884/1882/1882
f 1845/1883/1883 1886/1924/1924 1885/1884/1884
f 1846/1845/1845 1847/1844/1844 1888/1885/1885
f 1847/1844/1844 1848/1846/1846 1889/1887/1887
f 1848/1846/1846 1849/1847/1847 1890/1888/1888
f 1849/1847/1847 1850/1848/1848 1891/1889/1889
f 1850/1848/1848 1851/1849/1849 1892/1890/1890
f 1851/1849/1849 1852/1850/1850 1893/1891/1891
f 1852/1850/1850 1853/1851/1851 1894/1892/1892
f 1853/1851/1851 1854/1852/1852 1895/1893/1893
f 1854/1852/1852 1855/1853/1853 1896/1894/1894
f 1855/1853/1853 1856/1854/1854 1897/1895/1895
f 1856/1854/1854 1857/1855/1855 1898/1896/1896
f 1857/1855/1855 1858/1856/1856 1899/1897/1897
f 1858/1856/1856 1859/1857/1857 1900/1898/1898
f 1859/1857/1857 1860/1858/1858 1901/1899/1899
f 1860/1858/1858 1861/1859/1859 1902/1900/1900
f 1861/1859/1859 1862/1860/1860 1903/1901/1901
f 1862/1860/1860 1863/1861/1861 1904/1902/1902
f 1863/1861/1861 1864/1862/1862 1905/1903/1903
f 1864/1862/1862 1865/1863/1863 1906/1904/1904
f 1865/1863/1863 1866/1864/1864 1907/1905/1905
f 1867/1865/1865 1908/1906/1906 1907/1905/1905
f 1868/1866/1866 1909/1907/1907 1908/1906/1906
f 1869/1867/1867 1910/1908/1908 1909/1907/1907
f 1870/1868/1868 1911/1909/1909 1910/1908/1908
f 1871/1869/1869 1912/1910/1910 1911/1909/1909
f 1872/1870/1870 1913/1911/1911 1912/1910/1910
f 1873/1871/1871 1914/1912/1912 1913/1911/1911
f 1874/1872/1872 1915/1913/1913 1914/1912/1912
f 1875/1873/1873 1916/1914/1914 1915/1913/1913
f 1876/1874/1874 1917/1915/1915 1916/1914/1914
f 1877/1875/1875 1918/1916/1916 1917/1915/1915
f 1878/1876/1876 1919/1917/1917 1918/1916/1916
f 1879/1877/1877 1920/1918/1918 1919/1917/1917
f 1880/1878/1878 1921/1919/1919 1920/1918/1918
f 1881/1879/1879 1922/1920/1920 1921/1919/1919
f 1882/1880/1880 1923/1921/1921 1922/1920/1920
f 1883/1881/1881 1924/1922/1922 1923/1921/1921
f 1884/1882/1882 1925/1923/1923 1924/1922/1922
f 1885/1884/1884 1926/1925/1925 1925/1923/1923
f 1886/1924/1924 1927/1965/1965 1926/1925/1925
f 1887/1886/1886 1888/1885/1885 1929/1926/1926
f 1888/1885/1885 1889/1887/1887 1930/1928/1928
f 1889/1887/1887 1890/1888/1888 1931/1929/1929
f 1890/1888/1888 1891/1889/1889 1932/1930/1930
f 1891/1889/1889 1892/1890/1890 1933/1931/1931
f 1892/1890/1890 1893/1891/1891 1934/1932/1932
f 1893/1891/1891 1894/1892/1892 1935/1933/1933
f 1894/1892/1892 1895/1893/1893 1936/1934/1934
f 1895/1893/1893 1896/1894/1894 1937/1935/1935
f 1896/1894/1894 1897/1895/1895 1938/1936/1936
f 1897/1895/1895 1898/1896/1896 1939/1937/1937
f 1898/1896/1896 1899/1897/1897 1940/1938/1938
f 1899/1897/1897 1900/1898/1898 1941/1939/1939
f 1900/1898/1898 1901/1899/1899 1942/1940/1940
f 1901/1899/1899 1902/1900/1900 1943/1941/1941
f 1902/1900/1900 1903/1901/1901 1944/1942/1942
f 1903/1901/1901 1904/1902/1902 1945/1943/1943
f 1904/1902/1902 1905/1903/1903 1946/1944/1944
f 1905/1903/1903 1906/1904/1904 1947/1945/1945
f 1906/1904/1904 1907/1905/1905 1948/1946/1946
f 1908/1906/1906 1949/1947/1947 1948/1946/1946
f 1909/1907/1907 1950/1948/1948 1949/1947/1947
f 1910/1908/1908 1951/1949/1949 1950/1948/1948
f 1911/1909/1909 1952/1950/1950 1951/1949/1949
f 1912/1910/1910 1953/1951/1951 1952/1950/1950
f 1913/1911/1911 1954/1952/1952 1953/1951/1951
f 1914/1912/1912 1955/1953/1953 1954/1952/1952
f 1915/1913/1913 1956/1954/1954 1955/1953/1953
f 1916/1914/1914 1957/1955/1955 1956/1954/1954
f 1917/1915/1915 1958/1956/1956 1957/1955/1955
f 1918/1916/1916 1959/1957/1957 1958/1956/1956
f 1919/1917/1917 1960/1958/1958 1959/1957/1957
f 1920/1918/1918 1961/1959/1959 1960/1958/1958
f 1921/1919/1919 1962/1960/1960 1961/1959/1959
f 1922/1920/1920 1963/1961/1961 1962/1960/1960
f 1923/1921/1921 1964/1962/1962 1963/1961/1961
f 1924/1922/1922 1965/1963/1963 1964/1962/1962
f 1925/1923/1923 1966/1964/1964 1965/1963/1963
f 1926/1925/1925 1967/1966/1966 1966/1964/1964
f 1927/1965/1965 1968/2006/2006 1967/1966/1966
f 1928/1927/1927 1929/1926/1926 1970/1967/1969
f 1929/1926/1926 1930/1928/1928 1971/1969/1968
f 1930/1928/1928 1931/1929/1929 1972/1970/1970
f 1931/1929/1929 1932/1930/1930 1973/1971/1971
f 1932/1930/1930 1933/1931/1931 1974/1972/1972
f 1933/1931/1931 1934/1932/1932 1975/1973/1973
f 1934/1932/1932 1935/1933/1933 1976/1974/1974
f 1935/1933/1933 1936/1934/1934 1977/1975/1975
f 1936/1934/1934 1937/1935/1935 1978/1976/1976
f 1937/1935/1935 1938/1936/1936 1979/1977/1977
f 1938/1936/1936 1939/1937/1937 1980/1978/1978
f 1939/1937/1937 1940/1938/1938 1981/1979/1979
f 1940/1938/1938 1941/1939/1939 1982/1980/1980
f 1941/1939/1939 1942/1940/1940 1983/1981/1981
f 1942/1940/1940 1943/1941/1941 1984/1982/1982
f 1943/1941/1941 1944/1942/1942 1985/1983/1983
f 1944/1942/1942 1945/1943/1943 1986/1984/1984
f 1945/1943/1943 1946/1944/1944 1987/1985/1985
f 1946/1944/1944 1947/1945/1945 1988/1986/1986
f 1947/1945/1945 1948/1946/1946 3842/1987/1987
f 1949/1947/1947 1989/1988/1988 3842/1987/1987
f 1950/1948/1948 1990/1989/1989 1989/1988/1988
f 1951/1949/1949 1991/1990/1990 1990/1989/1989
f 1952/1950/1950 1992/1991/1991 1991/1990/1990
f 1953/1951/1951 1993/1992/1992 1992/1991/1991
f 1954/1952/1952 1994/1993/1993 1993/1992/1992
f 1955/1953/1953 1995/1994/1994 1994/1993/1993
f 1956/1954/1954 1996/1995/1995 1995/1994/1994
f 1957/1955/1955 1997/1996/1996 1996/1995/1995
f 1958/1956/1956 1998/1997/1997 1997/1996/1996
f 1959/1957/1957 1999/1998/1998 1998/1997/1997
f 1960/1958/1958 2000/1999/1999 1999/1998/1998
f 1961/1959/1959 2001/2000/2000 2000/1999/1999
f 1962/1960/1960 2002/2001/2001 2001/2000/2000
f 1963/1961/1961 2003/2002/2002 2002/2001/2001
f 1964/1962/1962 2004/2003/2003 2003/2002/2002
f 1965/1963/1963 2005/2004/2004 2004/2003/2003
f 1966/1964/1964 2006/2005/2005 2005/2004/2004
f 1967/1966/1966 2007/2007/2007 2006/2005/2005
f 1968/2006/1967 2008/2103/1967 2007/2007/1967
f 2009/81/2008 2/78/2012 1/80/2009
f 2010/79/2011 3/76/2014 2/78/2012
f 2011/77/2013 4/74/2016 3/76/2014
f 2012/75/2015 5/72/2018 4/74/2016
f 2013/73/2017 6/70/2020 5/72/2018
f 2014/71/2019 7/68/2022 6/70/2020
f 2015/69/2021 8/66/2024 7/68/2022
f 2016/67/2023 9/64/2026 8/66/2024
f 2017/65/2025 10/62/2028 9/64/2026
f 2018/63/2027 11/60/2030 10/62/2028
f 2019/61/2029 12/58/2032 11/60/2030
f 2020/59/2031 13/56/2034 12/58/2032
f 2021/57/2033 14/54/2036 13/56/2034
f 2022/55/2035 15/52/2038 14/54/2036
f 2023/53/2037 16/50/2040 15/52/2038
f 2024/51/2039 17/48/2042 16/50/2040
f 2025/49/2041 18/46/2044 17/48/2042
f 2026/47/2043 19/44/2046 18/46/2044
f 2027/45/2045 20/42/2048 19/44/2046
f 2028/41/2047 21/43/2050 20/42/2048
f 2028/41/2047 2029/39/2051 22/40/2049
f 2029/39/2051 2030/37/2053 23/38/2052
f 2030/37/2053 2031/35/2055 24/36/2054
f 2031/35/2055 2032/33/2057 25/34/2056
f 2032/33/2057 2033/31/2059 26/32/2058
f 2033/31/2059 2034/29/2061 27/30/2060
f 2034/29/2061 2035/27/2063 28/28/2062
f 2035/27/2063 2036/25/2065 29/26/2064
f 2036/25/2065 2037/23/2067 30/24/2066
f 2037/23/2067 2038/21/2069 31/22/2068
f 2038/21/2069 2039/19/2071 32/20/2070
f 2039/19/2071 2040/17/2073 33/18/2072
f 2040/17/2073 2041/15/2075 34/16/2074
f 2041/15/2075 2042/13/2077 35/14/2076
f 2042/13/2077 2043/11/2079 36/12/2078
f 2043/11/2079 2044/9/2081 37/10/2080
f 2044/9/2081 2045/7/2083 38/8/2082
f 2045/7/2083 2046/5/2085 39/6/2084
f 2046/5/2085 2047/2/2087 40/4/2086
f 2047/2/2087 82/3/2129 41/1/2088
f 2048/122/2089 2009/81/2008 42/121/2010
f 2049/120/2091 2010/79/2011 2009/81/2008
f 2050/119/2092 2011/77/2013 2010/79/2011
f 2051/118/2093 2012/75/2015 2011/77/2013
f 2052/117/2094 2013/73/2017 2012/75/2015
f 2053/116/2095 2014/71/2019 2013/73/2017
f 2054/115/2096 2015/69/2021 2014/71/2019
f 2055/114/2097 2016/67/2023 2015/69/2021
f 2056/113/2098 2017/65/2025 2016/67/2023
f 2057/112/2099 2018/63/2027 2017/65/2025
f 2058/111/2100 2019/61/2029 2018/63/2027
f 2059/110/2101 2020/59/2031 2019/61/2029
f 2060/109/2102 2021/57/2033 2020/59/2031
f 2061/108/2103 2022/55/2035 2021/57/2033
f 2062/107/2104 2023/53/2037 2022/55/2035
f 2063/106/2105 2024/51/2039 2023/53/2037
f 2064/105/2106 2025/49/2041 2024/51/2039
f 2065/104/2107 2026/47/2043 2025/49/2041
f 2066/103/2108 2027/45/2045 2026/47/2043
f 2067/102/2109 2028/41/2047 2027/45/2045
f 2067/102/2109 2068/101/2110 2029/39/2051
f 2068/101/2110 2069/100/2111 2030/37/2053
f 2069/100/2111 2070/99/2112 2031/35/2055
f 2070/99/2112 2071/98/2113 2032/33/2057
f 2071/98/2113 2072/97/2114 2033/31/2059
f 2072/97/2114 2073/96/2115 2034/29/2061
f 2073/96/2115 2074/95/2116 2035/27/2063
f 2074/95/2116 2075/94/2117 2036/25/2065
f 2075/94/2117 2076/93/2118 2037/23/2067
f 2076/93/2118 2077/92/2119 2038/21/2069
f 2077/92/2119 2078/91/2120 2039/19/2071
f 2078/91/2120 2079/90/2121 2040/17/2073
f 2079/90/2121 2080/89/2122 2041/15/2075
f 2080/89/2122 2081/88/2123 2042/13/2077
f 2081/88/2123 2082/87/2124 2043/11/2079
f 2082/87/2124 2083/86/2125 2044/9/2081
f 2083/86/2125 2084/85/2126 2045/7/2083
f 2084/85/2126 2085/84/2127 2046/5/2085
f 2085/84/2127 2086/82/2128 2047/2/2087
f 2086/82/2128 123/83/2170 82/3/2129
f 2087/163/2130 2048/122/2089 83/162/2090
f 2088/161/2132 2049/120/2091 2048/122/2089
f 2089/160/2133 2050/119/2092 2049/120/2091
f 2090/159/2134 2051/118/2093 2050/119/2092
f 2091/158/2135 2052/117/2094 2051/118/2093
f 2092/157/2136 2053/116/2095 2052/117/2094
f 2093/156/2137 2054/115/2096 2053/116/2095
f 2094/155/2138 2055/114/2097 2054/115/2096
f 2095/154/2139 2056/113/2098 2055/114/2097
f 2096/153/2140 2057/112/2099 2056/113/2098
f 2097/152/2141 2058/111/2100 2057/112/2099
f 2098/151/2142 2059/110/2101 2058/111/2100
f 2099/150/2143 2060/109/2102 2059/110/2101
f 2100/149/2144 2061/108/2103 2060/109/2102
f 2101/148/2145 2062/107/2104 2061/108/2103
f 2102/147/2146 2063/106/2105 2062/107/2104
f 2103/146/2147 2064/105/2106 2063/106/2105
f 2104/145/2148 2065/104/2107 2064/105/2106
f 2105/144/2149 2066/103/2108 2065/104/2107
f 2106/143/2150 2067/102/2109 2066/103/2108
f 2106/143/2150 2107/142/2151 2068/101/2110
f 2107/142/2151 2108/141/2152 2069/100/2111
f 2108/141/2152 2109/140/2153 2070/99/2112
f 2109/140/2153 2110/139/2154 2071/98/2113
f 2110/139/2154 2111/138/2155 2072/97/2114
f 2111/138/2155 2112/137/2156 2073/96/2115
f 2112/137/2156 2113/136/2157 2074/95/2116
f 2113/136/2157 2114/135/2158 2075/94/2117
f 2114/135/2158 2115/134/2159 2076/93/2118
f 2115/134/2159 2116/133/2160 2077/92/2119
f 2116/133/2160 2117/132/2161 2078/91/2120
f 2117/132/2161 2118/131/2162 2079/90/2121
f 2118/131/2162 2119/130/2163 2080/89/2122
f 2119/130/2163 2120/129/2164 2081/88/2123
f 2120/129/2164 2121/128/2165 2082/87/2124
f 2121/128/2165 2122/127/2166 2083/86/2125
f 2122/127/2166 2123/126/2167 2084/85/2126
f 2123/126/2167 2124/125/2168 2085/84/2127
f 2124/125/2168 2125/123/2169 2086/82/2128
f 2125/123/2169 164/124/4068 123/83/2170
f 165/204/2171 2126/203/2172 2087/163/2130
f 2126/203/2172 2127/202/2173 2088/161/2132
f 2127/202/2173 2128/201/2174 2089/160/2133
f 2128/201/2174 2129/200/2175 2090/159/2134
f 2129/200/2175 2130/199/2176 2091/158/2135
f 2130/199/2176 2131/198/2177 2092/157/2136
f 2131/198/2177 2132/197/2178 2093/156/2137
f 2132/197/2178 2133/196/2179 2094/155/2138
f 2133/196/2179 2134/195/2180 2095/154/2139
f 2134/195/2180 2135/194/2181 2096/153/2140
f 2135/194/2181 2136/193/2182 2097/152/2141
f 2136/193/2182 2137/192/2183 2098/151/2142
f 2137/192/2183 2138/191/2184 2099/150/2143
f 2138/191/2184 2139/190/2185 2100/149/2144
f 2139/190/2185 2140/189/2186 2101/148/2145
f 2140/189/2186 2141/188/2187 2102/147/2146
f 2141/188/2187 2142/187/2188 2103/146/2147
f 2142/187/2188 2143/186/2189 2104/145/2148
f 2143/186/2189 2144/184/2190 2105/144/2149
f 2144/184/2190 2145/185/2192 2106/143/2150
f 2146/183/2191 2107/142/2151 2106/143/2150
f 2147/182/2193 2108/141/2152 2107/142/2151
f 2148/181/2194 2109/140/2153 2108/141/2152
f 2149/180/2195 2110/139/2154 2109/140/2153
f 2150/179/2196 2111/138/2155 2110/139/2154
f 2151/178/2197 2112/137/2156 2111/138/2155
f 2152/177/2198 2113/136/2157 2112/137/2156
f 2153/176/2199 2114/135/2158 2113/136/2157
f 2154/175/2200 2115/134/2159 2114/135/2158
f 2155/174/2201 2116/133/2160 2115/134/2159
f 2156/173/2202 2117/132/2161 2116/133/2160
f 2157/172/2203 2118/131/2162 2117/132/2161
f 2158/171/2204 2119/130/2163 2118/131/2162
f 2159/170/2205 2120/129/2164 2119/130/2163
f 2160/169/2206 2121/128/2165 2120/129/2164
f 2161/168/2207 2122/127/2166 2121/128/2165
f 2162/167/2208 2123/126/2167 2122/127/2166
f 2163/166/2209 2124/125/2168 2123/126/2167
f 2164/165/2210 2125/123/2169 2124/125/2168
f 205/2009/2211 164/124/4068 2125/123/2169
f 206/245/2212 2165/244/2213 2126/203/2172
f 2165/244/2213 2166/243/2214 2127/202/2173
f 2166/243/2214 2167/242/2215 2128/201/2174
f 2167/242/2215 2168/241/2216 2129/200/2175
f 2168/241/2216 2169/240/2217 2130/199/2176
f 2169/240/2217 2170/239/2218 2131/198/2177
f 2170/239/2218 2171/238/2219 2132/197/2178
f 2171/238/2219 2172/237/2220 2133/196/2179
f 2172/237/2220 2173/236/2221 2134/195/2180
f 2173/236/2221 2174/235/2222 2135/194/2181
f 2174/235/2222 2175/234/2223 2136/193/2182
f 2175/234/2223 2176/233/2224 2137/192/2183
f 2176/233/2224 2177/232/2225 2138/191/2184
f 2177/232/2225 2178/231/2226 2139/190/2185
f 2178/231/2226 2179/230/2227 2140/189/2186
f 2179/230/2227 2180/229/2228 2141/188/2187
f 2180/229/2228 2181/228/2229 2142/187/2188
f 2181/228/2229 2182/227/2230 2143/186/2189
f 2182/227/2230 2183/225/2231 2144/184/2190
f 2183/225/2231 2184/226/2233 2145/185/2192
f 2185/224/2232 2146/183/2191 2145/185/2192
f 2186/223/2234 2147/182/2193 2146/183/2191
f 2187/222/2235 2148/181/2194 2147/182/2193
f 2188/221/2236 2149/180/2195 2148/181/2194
f 2189/220/2237 2150/179/2196 2149/180/2195
f 2190/219/2238 2151/178/2197 2150/179/2196
f 2191/218/2239 2152/177/2198 2151/178/2197
f 2192/217/2240 2153/176/2199 2152/177/2198
f 2193/216/2241 2154/175/2200 2153/176/2199
f 2194/215/2242 2155/174/2201 2154/175/2200
f 2195/214/2243 2156/173/2202 2155/174/2201
f 2196/213/2244 2157/172/2203 2156/173/2202
f 2197/212/2245 2158/171/2204 2157/172/2203
f 2198/211/2246 2159/170/2205 2158/171/2204
f 2199/210/2247 2160/169/2206 2159/170/2205
f 2200/209/2248 2161/168/2207 2160/169/2206
f 2201/208/2249 2162/167/2208 2161/168/2207
f 2202/207/2250 2163/166/2209 2162/167/2208
f 2203/206/2251 2164/165/2210 2163/166/2209
f 246/2010/2252 205/2009/2211 2164/165/2210
f 247/286/2253 2204/285/2254 2165/244/2213
f 2204/285/2254 2205/284/2255 2166/243/2214
f 2205/284/2255 2206/283/2256 2167/242/2215
f 2206/283/2256 2207/282/2257 2168/241/2216
f 2207/282/2257 2208/281/2258 2169/240/2217
f 2208/281/2258 2209/280/2259 2170/239/2218
f 2209/280/2259 2210/279/2260 2171/238/2219
f 2210/279/2260 2211/278/2261 2172/237/2220
f 2211/278/2261 2212/277/2262 2173/236/2221
f 2212/277/2262 2213/276/2263 2174/235/2222
f 2213/276/2263 2214/275/2264 2175/234/2223
f 2214/275/2264 2215/274/2265 2176/233/2224
f 2215/274/2265 2216/273/2266 2177/232/2225
f 2216/273/2266 2217/272/2267 2178/231/2226
f 2217/272/2267 2218/271/2268 2179/230/2227
f 2218/271/2268 2219/270/2269 2180/229/2228
f 2219/270/2269 2220/269/2270 2181/228/2229
f 2220/269/2270 2221/268/2271 2182/227/2230
f 2221/268/2271 2222/266/2272 2183/225/2231
f 2222/266/2272 2223/267/2274 2184/226/2233
f 2224/265/2273 2185/224/2232 2184/226/2233
f 2225/264/2275 2186/223/2234 2185/224/2232
f 2226/263/2276 2187/222/2235 2186/223/2234
f 2227/262/2277 2188/221/2236 2187/222/2235
f 2228/261/2278 2189/220/2237 2188/221/2236
f 2229/260/2279 2190/219/2238 2189/220/2237
f 2230/259/2280 2191/218/2239 2190/219/2238
f 2231/258/2281 2192/217/2240 2191/218/2239
f 2232/257/2282 2193/216/2241 2192/217/2240
f 2233/256/2283 2194/215/2242 2193/216/2241
f 2234/255/2284 2195/214/2243 2194/215/2242
f 2235/254/2285 2196/213/2244 2195/214/2243
f 2236/253/2286 2197/212/2245 2196/213/2244
f 2237/252/2287 2198/211/2246 2197/212/2245
f 2238/251/2288 2199/210/2247 2198/211/2246
f 2239/250/2289 2200/209/2248 2199/210/2247
f 2240/249/2290 2201/208/2249 2200/209/2248
f 2241/248/2291 2202/207/2250 2201/208/2249
f 2242/247/2292 2203/206/2251 2202/207/2250
f 287/2011/2293 246/2010/2252 2203/206/2251
f 288/327/2294 2243/326/2295 2204/285/2254
f 2243/326/2295 2244/325/2296 2205/284/2255
f 2244/325/2296 2245/324/2297 2206/283/2256
f 2245/324/2297 2246/323/2298 2207/282/2257
f 2246/323/2298 2247/322/2299 2208/281/2258
f 2247/322/2299 2248/321/2300 2209/280/2259
f 2248/321/2300 2249/320/2301 2210/279/2260
f 2249/320/2301 2250/319/2302 2211/278/2261
f 2250/319/2302 2251/318/2303 2212/277/2262
f 2251/318/2303 2252/317/2304 2213/276/2263
f 2252/317/2304 2253/316/2305 2214/275/2264
f 2253/316/2305 2254/315/2306 2215/274/2265
f 2254/315/2306 2255/314/2307 2216/273/2266
f 2255/314/2307 2256/313/2308 2217/272/2267
f 2256/313/2308 2257/312/2309 2218/271/2268
f 2257/312/2309 2258/311/2310 2219/270/2269
f 2258/311/2310 2259/310/2311 2220/269/2270
f 2259/310/2311 2260/309/2312 2221/268/2271
f 2260/309/2312 2261/307/2313 2222/266/2272
f 2261/307/2313 2262/308/2315 2223/267/2274
f 2263/306/2314 2224/265/2273 2223/267/2274
f 2264/305/2316 2225/264/2275 2224/265/2273
f 2265/304/2317 2226/263/2276 2225/264/2275
f 2266/303/2318 2227/262/2277 2226/263/2276
f 2267/302/2319 2228/261/2278 2227/262/2277
f 2268/301/2320 2229/260/2279 2228/261/2278
f 2269/300/2321 2230/259/2280 2229/260/2279
f 2270/299/2322 2231/258/2281 2230/259/2280
f 2271/298/2323 2232/257/2282 2231/258/2281
f 2272/297/2324 2233/256/2283 2232/257/2282
f 2273/296/2325 2234/255/2284 2233/256/2283
f 2274/295/2326 2235/254/2285 2234/255/2284
f 2275/294/2327 2236/253/2286 2235/254/2285
f 2276/293/2328 2237/252/2287 2236/253/2286
f 2277/292/2329 2238/251/2288 2237/252/2287
f 2278/291/2330 2239/250/2289 2238/251/2288
f 2279/290/2331 2240/249/2290 2239/250/2289
f 2280/289/2332 2241/248/2291 2240/249/2290
f 2281/288/2333 2242/247/2292 2241/248/2291
f 328/2012/2334 287/2011/2293 2242/247/2292
f 329/368/2335 2282/367/2336 2243/326/2295
f 2282/367/2336 2283/366/2337 2244/325/2296
f 2283/366/2337 2284/365/2338 2245/324/2297
f 2284/365/2338 2285/364/2339 2246/323/2298
f 2285/364/2339 2286/363/2340 2247/322/2299
f 2286/363/2340 2287/362/2341 2248/321/2300
f 2287/362/2341 2288/361/2342 2249/320/2301
f 2288/361/2342 2289/360/2343 2250/319/2302
f 2289/360/2343 2290/359/2344 2251/318/2303
f 2290/359/2344 2291/358/2345 2252/317/2304
f 2291/358/2345 2292/357/2346 2253/316/2305
f 2292/357/2346 2293/356/2347 2254/315/2306
f 2293/356/2347 2294/355/2348 2255/314/2307
f 2294/355/2348 2295/354/2349 2256/313/2308
f 2295/354/2349 2296/353/2350 2257/312/2309
f 2296/353/2350 2297/352/2351 2258/311/2310
f 2297/352/2351 2298/351/2352 2259/310/2311
f 2298/351/2352 2299/350/2353 2260/309/2312
f 2299/350/2353 2300/348/2354 2261/307/2313
f 2300/348/2354 2301/349/2356 2262/308/2315
f 2302/347/2355 2263/306/2314 2262/308/2315
f 2303/346/2357 2264/305/2316 2263/306/2314
f 2304/345/2358 2265/304/2317 2264/305/2316
f 2305/344/2359 2266/303/2318 2265/304/2317
f 2306/343/2360 2267/302/2319 2266/303/2318
f 2307/342/2361 2268/301/2320 2267/302/2319
f 2308/341/2362 2269/300/2321 2268/301/2320
f 2309/340/2363 2270/299/2322 2269/300/2321
f 2310/339/2364 2271/298/2323 2270/299/2322
f 2311/338/2365 2272/297/2324 2271/298/2323
f 2312/337/2366 2273/296/2325 2272/297/2324
f 2313/336/2367 2274/295/2326 2273/296/2325
f 2314/335/2368 2275/294/2327 2274/295/2326
f 2315/334/2369 2276/293/2328 2275/294/2327
f 2316/333/2370 2277/292/2329 2276/293/2328
f 2317/332/2371 2278/291/2330 2277/292/2329
f 2318/331/2372 2279/290/2331 2278/291/2330
f 2319/330/2373 2280/289/2332 2279/290/2331
f 2320/329/2374 2281/288/2333 2280/289/2332
f 369/2013/2375 328/2012/2334 2281/288/2333
f 370/409/2376 2321/408/2377 2282/367/2336
f 2321/408/2377 2322/407/2378 2283/366/2337
f 2322/407/2378 2323/406/2379 2284/365/2338
f 2323/406/2379 2324/405/2380 2285/364/2339
f 2324/405/2380 2325/404/2381 2286/363/2340
f 2325/404/2381 2326/403/2382 2287/362/2341
f 2326/403/2382 2327/402/2383 2288/361/2342
f 2327/402/2383 2328/401/2384 2289/360/2343
f 2328/401/2384 2329/400/2385 2290/359/2344
f 2329/400/2385 2330/399/2386 2291/358/2345
f 2330/399/2386 2331/398/2387 2292/357/2346
f 2331/398/2387 2332/397/2388 2293/356/2347
f 2332/397/2388 2333/396/2389 2294/355/2348
f 2333/396/2389 2334/395/2390 2295/354/2349
f 2334/395/2390 2335/394/2391 2296/353/2350
f 2335/394/2391 2336/393/2392 2297/352/2351
f 2336/393/2392 2337/392/2393 2298/351/2352
f 2337/392/2393 2338/391/2394 2299/350/2353
f 2338/391/2394 2339/389/2395 2300/348/2354
f 2339/389/2395 2340/390/2397 2301/349/2356
f 2341/388/2396 2302/347/2355 2301/349/2356
f 2342/387/2398 2303/346/2357 2302/347/2355
f 2343/386/2399 2304/345/2358 2303/346/2357
f 2344/385/2400 2305/344/2359 2304/345/2358
f 2345/384/2401 2306/343/2360 2305/344/2359
f 2346/383/2402 2307/342/2361 2306/343/2360
f 2347/382/2403 2308/341/2362 2307/342/2361
f 2348/381/2404 2309/340/2363 2308/341/2362
f 2349/380/2405 2310/339/2364 2309/340/2363
f 2350/379/2406 2311/338/2365 2310/339/2364
f 2351/378/2407 2312/337/2366 2311/338/2365
f 2352/377/2408 2313/336/2367 2312/337/2366
f 2353/376/2409 2314/335/2368 2313/336/2367
f 2354/375/2410 2315/334/2369 2314/335/2368
f 2355/374/2411 2316/333/2370 2315/334/2369
f 2356/373/2412 2317/332/2371 2316/333/2370
f 2357/372/2413 2318/331/2372 2317/332/2371
f 2358/371/2414 2319/330/2373 2318/331/2372
f 2359/370/2415 2320/329/2374 2319/330/2373
f 410/2014/2416 369/2013/2375 2320/329/2374
f 411/450/2417 2360/449/2418 2321/408/2377
f 2360/449/2418 2361/448/2419 2322/407/2378
f 2361/448/2419 2362/447/2420 2323/406/2379
f 2362/447/2420 2363/446/2421 2324/405/2380
f 2363/446/2421 2364/445/2422 2325/404/2381
f 2364/445/2422 2365/444/2423 2326/403/2382
f 2365/444/2423 2366/443/2424 2327/402/2383
f 2366/443/2424 2367/442/2425 2328/401/2384
f 2367/442/2425 2368/441/2426 2329/400/2385
f 2368/441/2426 2369/440/2427 2330/399/2386
f 2369/440/2427 2370/439/2428 2331/398/2387
f 2370/439/2428 2371/438/2429 2332/397/2388
f 2371/438/2429 2372/437/2430 2333/396/2389
f 2372/437/2430 2373/436/2431 2334/395/2390
f 2373/436/2431 2374/435/2432 2335/394/2391
f 2374/435/2432 2375/434/2433 2336/393/2392
f 2375/434/2433 2376/433/2434 2337/392/2393
f 2376/433/2434 2377/432/2435 2338/391/2394
f 2377/432/2435 2378/430/2436 2339/389/2395
f 2378/430/2436 2379/431/2438 2340/390/2397
f 2380/429/2437 2341/388/2396 2340/390/2397
f 2381/428/2439 2342/387/2398 2341/388/2396
f 2382/427/2440 2343/386/2399 2342/387/2398
f 2383/426/2441 2344/385/2400 2343/386/2399
f 2384/425/2442 2345/384/2401 2344/385/2400
f 2385/424/2443 2346/383/2402 2345/384/2401
f 2386/423/2444 2347/382/2403 2346/383/2402
f 2387/422/2445 2348/381/2404 2347/382/2403
f 2388/421/2446 2349/380/2405 2348/381/2404
f 2389/420/2447 2350/379/2406 2349/380/2405
f 2390/419/2448 2351/378/2407 2350/379/2406
f 2391/418/2449 2352/377/2408 2351/378/2407
f 2392/417/2450 2353/376/2409 2352/377/2408
f 2393/416/2451 2354/375/2410 2353/376/2409
f 2394/415/2452 2355/374/2411 2354/375/2410
f 2395/414/2453 2356/373/2412 2355/374/2411
f 2396/413/2454 2357/372/2413 2356/373/2412
f 2397/412/2455 2358/371/2414 2357/372/2413
f 2398/411/2456 2359/370/2415 2358/371/2414
f 451/2015/2457 410/2014/2416 2359/370/2415
f 452/491/2458 2399/490/2459 2360/449/2418
f 2399/490/2459 2400/489/2460 2361/448/2419
f 2400/489/2460 2401/488/2461 2362/447/2420
f 2401/488/2461 2402/487/2462 2363/446/2421
f 2402/487/2462 2403/486/2463 2364/445/2422
f 2403/486/2463 2404/485/2464 2365/444/2423
f 2404/485/2464 2405/484/2465 2366/443/2424
f 2405/484/2465 2406/483/2466 2367/442/2425
f 2406/483/2466 2407/482/2467 2368/441/2426
f 2407/482/2467 2408/481/2468 2369/440/2427
f 2408/481/2468 2409/480/2469 2370/439/2428
f 2409/480/2469 2410/479/2470 2371/438/2429
f 2410/479/2470 2411/478/2471 2372/437/2430
f 2411/478/2471 2412/477/2472 2373/436/2431
f 2412/477/2472 2413/476/2473 2374/435/2432
f 2413/476/2473 2414/475/2474 2375/434/2433
f 2414/475/2474 2415/474/2475 2376/433/2434
f 2415/474/2475 2416/473/2476 2377/432/2435
f 2416/473/2476 2417/471/2477 2378/430/2436
f 2417/471/2477 2418/472/2479 2379/431/2438
f 2419/470/2478 2380/429/2437 2379/431/2438
f 2420/469/2480 2381/428/2439 2380/429/2437
f 2421/468/2481 2382/427/2440 2381/428/2439
f 2422/467/2482 2383/426/2441 2382/427/2440
f 2423/466/2483 2384/425/2442 2383/426/2441
f 2424/465/2484 2385/424/2443 2384/425/2442
f 2425/464/2485 2386/423/2444 2385/424/2443
f 2426/463/2486 2387/422/2445 2386/423/2444
f 2427/462/2487 2388/421/2446 2387/422/2445
f 2428/461/2488 2389/420/2447 2388/421/2446
f 2429/460/2489 2390/419/2448 2389/420/2447
f 2430/459/2490 2391/418/2449 2390/419/2448
f 2431/458/2491 2392/417/2450 2391/418/2449
f 2432/457/2492 2393/416/2451 2392/417/2450
f 2433/456/2493 2394/415/2452 2393/416/2451
f 2434/455/2494 2395/414/2453 2394/415/2452
f 2435/454/2495 2396/413/2454 2395/414/2453
f 2436/453/2496 2397/412/2455 2396/413/2454
f 2437/452/2497 2398/411/2456 2397/412/2455
f 492/2016/2498 451/2015/2457 2398/411/2456
f 493/532/2499 2438/531/2500 2399/490/2459
f 2438/531/2500 2439/530/2501 2400/489/2460
f 2439/530/2501 2440/529/2502 2401/488/2461
f 2440/529/2502 2441/528/2503 2402/487/2462
f 2441/528/2503 2442/527/2504 2403/486/2463
f 2442/527/2504 2443/526/2505 2404/485/2464
f 2443/526/2505 2444/525/2506 2405/484/2465
f 2444/525/2506 2445/524/2507 2406/483/2466
f 2445/524/2507 2446/523/2508 2407/482/2467
f 2446/523/2508 2447/522/2509 2408/481/2468
f 2447/522/2509 2448/521/2510 2409/480/2469
f 2448/521/2510 2449/520/2511 2410/479/2470
f 2449/520/2511 2450/519/2512 2411/478/2471
f 2450/519/2512 2451/518/2513 2412/477/2472
f 2451/518/2513 2452/517/2514 2413/476/2473
f 2452/517/2514 2453/516/2515 2414/475/2474
f 2453/516/2515 2454/515/2516 2415/474/2475
f 2454/515/2516 2455/514/2517 2416/473/2476
f 2455/514/2517 2456/512/2518 2417/471/2477
f 2456/512/2518 2457/513/2520 2418/472/2479
f 2458/511/2519 2419/470/2478 2418/472/2479
f 2459/510/2521 2420/469/2480 2419/470/2478
f 2460/509/2522 2421/468/2481 2420/469/2480
f 2461/508/2523 2422/467/2482 2421/468/2481
f 2462/507/2524 2423/466/2483 2422/467/2482
f 2463/506/2525 2424/465/2484 2423/466/2483
f 2464/505/2526 2425/464/2485 2424/465/2484
f 2465/504/2527 2426/463/2486 2425/464/2485
f 2466/503/2528 2427/462/2487 2426/463/2486
f 2467/502/2529 2428/461/2488 2427/462/2487
f 2468/501/2530 2429/460/2489 2428/461/2488
f 2469/500/2531 2430/459/2490 2429/460/2489
f 2470/499/2532 2431/458/2491 2430/459/2490
f 2471/498/2533 2432/457/2492 2431/458/2491
f 2472/497/2534 2433/456/2493 2432/457/2492
f 2473/496/2535 2434/455/2494 2433/456/2493
f 2474/495/2536 2435/454/2495 2434/455/2494
f 2475/494/2537 2436/453/2496 2435/454/2495
f 2476/493/2538 2437/452/2497 2436/453/2496
f 533/2017/2539 492/2016/2498 2437/452/2497
f 534/573/2540 2477/572/2541 2438/531/2500
f 2477/572/2541 2478/571/2542 2439/530/2501
f 2478/571/2542 2479/570/2543 2440/529/2502
f 2479/570/2543 2480/569/2544 2441/528/2503
f 2480/569/2544 2481/568/2545 2442/527/2504
f 2481/568/2545 2482/567/2546 2443/526/2505
f 2482/567/2546 2483/566/2547 2444/525/2506
f 2483/566/2547 2484/565/2548 2445/524/2507
f 2484/565/2548 2485/564/2549 2446/523/2508
f 2485/564/2549 2486/563/2550 2447/522/2509
f 2486/563/2550 2487/562/2551 2448/521/2510
f 2487/562/2551 2488/561/2552 2449/520/2511
f 2488/561/2552 2489/560/2553 2450/519/2512
f 2489/560/2553 2490/559/2554 2451/518/2513
f 2490/559/2554 2491/558/2555 2452/517/2514
f 2491/558/2555 2492/557/2556 2453/516/2515
f 2492/557/2556 2493/556/2557 2454/515/2516
f 2493/556/2557 2494/555/2558 2455/514/2517
f 2494/555/2558 2495/553/2559 2456/512/2518
f 2495/553/2559 2496/554/2561 2457/513/2520
f 2497/552/2560 2458/511/2519 2457/513/2520
f 2498/551/2562 2459/510/2521 2458/511/2519
f 2499/550/2563 2460/509/2522 2459/510/2521
f 2500/549/2564 2461/508/2523 2460/509/2522
f 2501/548/2565 2462/507/2524 2461/508/2523
f 2502/547/2566 2463/506/2525 2462/507/2524
f 2503/546/2567 2464/505/2526 2463/506/2525
f 2504/545/2568 2465/504/2527 2464/505/2526
f 2505/544/2569 2466/503/2528 2465/504/2527
f 2506/543/2570 2467/502/2529 2466/503/2528
f 2507/542/2571 2468/501/2530 2467/502/2529
f 2508/541/2572 2469/500/2531 2468/501/2530
f 2509/540/2573 2470/499/2532 2469/500/2531
f 2510/539/2574 2471/498/2533 2470/499/2532
f 2511/538/2575 2472/497/2534 2471/498/2533
f 2512/537/2576 2473/496/2535 2472/497/2534
f 2513/536/2577 2474/495/2536 2473/496/2535
f 2514/535/2578 2475/494/2537 2474/495/2536
f 2515/534/2579 2476/493/2538 2475/494/2537
f 574/2018/2580 533/2017/2539 2476/493/2538
f 575/614/2581 2516/613/2582 2477/572/2541
f 2516/613/2582 2517/612/2583 2478/571/2542
f 2517/612/2583 2518/611/2584 2479/570/2543
f 2518/611/2584 2519/610/2585 2480/569/2544
f 2519/610/2585 2520/609/2586 2481/568/2545
f 2520/609/2586 2521/608/2587 2482/567/2546
f 2521/608/2587 2522/607/2588 2483/566/2547
f 2522/607/2588 2523/606/2589 2484/565/2548
f 2523/606/2589 2524/605/2590 2485/564/2549
f 2524/605/2590 2525/604/2591 2486/563/2550
f 2525/604/2591 2526/603/2592 2487/562/2551
f 2526/603/2592 2527/602/2593 2488/561/2552
f 2527/602/2593 2528/601/2594 2489/560/2553
f 2528/601/2594 2529/600/2595 2490/559/2554
f 2529/600/2595 2530/599/2596 2491/558/2555
f 2530/599/2596 2531/598/2597 2492/557/2556
f 2531/598/2597 2532/597/2598 2493/556/2557
f 2532/597/2598 2533/596/2599 2494/555/2558
f 2533/596/2599 2534/594/2600 2495/553/2559
f 2534/594/2600 2535/595/2602 2496/554/2561
f 2536/593/2601 2497/552/2560 2496/554/2561
f 2537/592/2603 2498/551/2562 2497/552/2560
f 2538/591/2604 2499/550/2563 2498/551/2562
f 2539/590/2605 2500/549/2564 2499/550/2563
f 2540/589/2606 2501/548/2565 2500/549/2564
f 2541/588/2607 2502/547/2566 2501/548/2565
f 2542/587/2608 2503/546/2567 2502/547/2566
f 2543/586/2609 2504/545/2568 2503/546/2567
f 2544/585/2610 2505/544/2569 2504/545/2568
f 2545/584/2611 2506/543/2570 2505/544/2569
f 2546/583/2612 2507/542/2571 2506/543/2570
f 2547/582/2613 2508/541/2572 2507/542/2571
f 2548/581/2614 2509/540/2573 2508/541/2572
f 2549/580/2615 2510/539/2574 2509/540/2573
f 2550/579/2616 2511/538/2575 2510/539/2574
f 2551/578/2617 2512/537/2576 2511/538/2575
f 2552/577/2618 2513/536/2577 2512/537/2576
f 2553/576/2619 2514/535/2578 2513/536/2577
f 2554/575/2620 2515/534/2579 2514/535/2578
f 615/2019/2621 574/2018/2580 2515/534/2579
f 616/655/2622 2555/654/2623 2516/613/2582
f 2555/654/2623 2556/653/2624 2517/612/2583
f 2556/653/2624 2557/652/2625 2518/611/2584
f 2557/652/2625 2558/651/2626 2519/610/2585
f 2558/651/2626 2559/650/2627 2520/609/2586
f 2559/650/2627 2560/649/2628 2521/608/2587
f 2560/649/2628 2561/648/2629 2522/607/2588
f 2561/648/2629 2562/647/2630 2523/606/2589
f 2562/647/2630 2563/646/2631 2524/605/2590
f 2563/646/2631 2564/645/2632 2525/604/2591
f 2564/645/2632 2565/644/2633 2526/603/2592
f 2565/644/2633 2566/643/2634 2527/602/2593
f 2566/643/2634 2567/642/2635 2528/601/2594
f 2567/642/2635 2568/641/2636 2529/600/2595
f 2568/641/2636 2569/640/2637 2530/599/2596
f 2569/640/2637 2570/639/2638 2531/598/2597
f 2570/639/2638 2571/638/2639 2532/597/2598
f 2571/638/2639 2572/637/2640 2533/596/2599
f 2572/637/2640 2573/635/2641 2534/594/2600
f 2573/635/2641 2574/636/2643 2535/595/2602
f 2575/634/2642 2536/593/2601 2535/595/2602
f 2576/633/2644 2537/592/2603 2536/593/2601
f 2577/632/2645 2538/591/2604 2537/592/2603
f 2578/631/2646 2539/590/2605 2538/591/2604
f 2579/630/2647 2540/589/2606 2539/590/2605
f 2580/629/2648 2541/588/2607 2540/589/2606
f 2581/628/2649 2542/587/2608 2541/588/2607
f 2582/627/2650 2543/586/2609 2542/587/2608
f 2583/626/2651 2544/585/2610 2543/586/2609
f 2584/625/2652 2545/584/2611 2544/585/2610
f 2585/624/2653 2546/583/2612 2545/584/2611
f 2586/623/2654 2547/582/2613 2546/583/2612
f 2587/622/2655 2548/581/2614 2547/582/2613
f 2588/621/2656 2549/580/2615 2548/581/2614
f 2589/620/2657 2550/579/2616 2549/580/2615
f 2590/619/2658 2551/578/2617 2550/579/2616
f 2591/618/2659 2552/577/2618 2551/578/2617
f 2592/617/2660 2553/576/2619 2552/577/2618
f 2593/616/2661 2554/575/2620 2553/576/2619
f 656/2020/2662 615/2019/2621 2554/575/2620
f 657/696/2663 2594/695/2664 2555/654/2623
f 2594/695/2664 2595/694/2665 2556/653/2624
f 2595/694/2665 2596/693/2666 2557/652/2625
f 2596/693/2666 2597/692/2667 2558/651/2626
f 2597/692/2667 2598/691/2668 2559/650/2627
f 2598/691/2668 2599/690/2669 2560/649/2628
f 2599/690/2669 2600/689/2670 2561/648/2629
f 2600/689/2670 2601/688/2671 2562/647/2630
f 2601/688/2671 2602/687/2672 2563/646/2631
f 2602/687/2672 2603/686/2673 2564/645/2632
f 2603/686/2673 2604/685/2674 2565/644/2633
f 2604/685/2674 2605/684/2675 2566/643/2634
f 2605/684/2675 2606/683/2676 2567/642/2635
f 2606/683/2676 2607/682/2677 2568/641/2636
f 2607/682/2677 2608/681/2678 2569/640/2637
f 2608/681/2678 2609/680/2679 2570/639/2638
f 2609/680/2679 2610/679/2680 2571/638/2639
f 2610/679/2680 2611/678/2681 2572/637/2640
f 2611/678/2681 2612/676/2682 2573/635/2641
f 2612/676/2682 2613/677/2684 2574/636/2643
f 2614/675/2683 2575/634/2642 2574/636/2643
f 2615/674/2685 2576/633/2644 2575/634/2642
f 2616/673/2686 2577/632/2645 2576/633/2644
f 2617/672/2687 2578/631/2646 2577/632/2645
f 2618/671/2688 2579/630/2647 2578/631/2646
f 2619/670/2689 2580/629/2648 2579/630/2647
f 2620/669/2690 2581/628/2649 2580/629/2648
f 2621/668/2691 2582/627/2650 2581/628/2649
f 2622/667/2692 2583/626/2651 2582/627/2650
f 2623/666/2693 2584/625/2652 2583/626/2651
f 2624/665/2694 2585/624/2653 2584/625/2652
f 2625/664/2695 2586/623/2654 2585/624/2653
f 2626/663/2696 2587/622/2655 2586/623/2654
f 2627/662/2697 2588/621/2656 2587/622/2655
f 2628/661/2698 2589/620/2657 2588/621/2656
f 2629/660/2699 2590/619/2658 2589/620/2657
f 2630/659/2700 2591/618/2659 2590/619/2658
f 2631/658/2701 2592/617/2660 2591/618/2659
f 2632/657/2702 2593/616/2661 2592/617/2660
f 697/2021/2703 656/2020/2662 2593/616/2661
f 698/737/2704 2633/736/2705 2594/695/2664
f 2633/736/2705 2634/735/2706 2595/694/2665
f 2634/735/2706 2635/734/2707 2596/693/2666
f 2635/734/2707 2636/733/2708 2597/692/2667
f 2636/733/2708 2637/732/2709 2598/691/2668
f 2637/732/2709 2638/731/2710 2599/690/2669
f 2638/731/2710 2639/730/2711 2600/689/2670
f 2639/730/2711 2640/729/2712 2601/688/2671
f 2640/729/2712 2641/728/2713 2602/687/2672
f 2641/728/2713 2642/727/2714 2603/686/2673
f 2642/727/2714 2643/726/2715 2604/685/2674
f 2643/726/2715 2644/725/2716 2605/684/2675
f 2644/725/2716 2645/724/2717 2606/683/2676
f 2645/724/2717 2646/723/2718 2607/682/2677
f 2646/723/2718 2647/722/2719 2608/681/2678
f 2647/722/2719 2648/721/2720 2609/680/2679
f 2648/721/2720 2649/720/2721 2610/679/2680
f 2649/720/2721 2650/719/2722 2611/678/2681
f 2650/719/2722 2651/717/2723 2612/676/2682
f 2651/717/2723 2652/718/2725 2613/677/2684
f 2653/716/2724 2614/675/2683 2613/677/2684
f 2654/715/2726 2615/674/2685 2614/675/2683
f 2655/714/2727 2616/673/2686 2615/674/2685
f 2656/713/2728 2617/672/2687 2616/673/2686
f 2657/712/2729 2618/671/2688 2617/672/2687
f 2658/711/2730 2619/670/2689 2618/671/2688
f 2659/710/2731 2620/669/2690 2619/670/2689
f 2660/709/2732 2621/668/2691 2620/669/2690
f 2661/708/2733 2622/667/2692 2621/668/2691
f 2662/707/2734 2623/666/2693 2622/667/2692
f 2663/706/2735 2624/665/2694 2623/666/2693
f 2664/705/2736 2625/664/2695 2624/665/2694
f 2665/704/2737 2626/663/2696 2625/664/2695
f 2666/703/2738 2627/662/2697 2626/663/2696
f 2667/702/2739 2628/661/2698 2627/662/2697
f 2668/701/2740 2629/660/2699 2628/661/2698
f 2669/700/2741 2630/659/2700 2629/660/2699
f 2670/699/2742 2631/658/2701 2630/659/2700
f 2671/698/2743 2632/657/2702 2631/658/2701
f 738/2022/2744 697/2021/2703 2632/657/2702
f 739/778/2745 2672/777/2746 2633/736/2705
f 2672/777/2746 2673/776/2747 2634/735/2706
f 2673/776/2747 2674/775/2748 2635/734/2707
f 2674/775/2748 2675/774/2749 2636/733/2708
f 2675/774/2749 2676/773/2750 2637/732/2709
f 2676/773/2750 2677/772/2751 2638/731/2710
f 2677/772/2751 2678/771/2752 2639/730/2711
f 2678/771/2752 2679/770/2753 2640/729/2712
f 2679/770/2753 2680/769/2754 2641/728/2713
f 2680/769/2754 2681/768/2755 2642/727/2714
f 2681/768/2755 2682/767/2756 2643/726/2715
f 2682/767/2756 2683/766/2757 2644/725/2716
f 2683/766/2757 2684/765/2758 2645/724/2717
f 2684/765/2758 2685/764/2759 2646/723/2718
f 2685/764/2759 2686/763/2760 2647/722/2719
f 2686/763/2760 2687/762/2761 2648/721/2720
f 2687/762/2761 2688/761/2762 2649/720/2721
f 2688/761/2762 2689/760/2763 2650/719/2722
f 2689/760/2763 2690/758/2764 2651/717/2723
f 2690/758/2764 2691/759/2766 2652/718/2725
f 2692/757/2765 2653/716/2724 2652/718/2725
f 2693/756/2767 2654/715/2726 2653/716/2724
f 2694/755/2768 2655/714/2727 2654/715/2726
f 2695/754/2769 2656/713/2728 2655/714/2727
f 2696/753/2770 2657/712/2729 2656/713/2728
f 2697/752/2771 2658/711/2730 2657/712/2729
f 2698/751/2772 2659/710/2731 2658/711/2730
f 2699/750/2773 2660/709/2732 2659/710/2731
f 2700/749/2774 2661/708/2733 2660/709/2732
f 2701/748/2775 2662/707/2734 2661/708/2733
f 2702/747/2776 2663/706/2735 2662/707/2734
f 2703/746/2777 2664/705/2736 2663/706/2735
f 2704/745/2778 2665/704/2737 2664/705/2736
f 2705/744/2779 2666/703/2738 2665/704/2737
f 2706/743/2780 2667/702/2739 2666/703/2738
f 2707/742/2781 2668/701/2740 2667/702/2739
f 2708/741/2782 2669/700/2741 2668/701/2740
f 2709/740/2783 2670/699/2742 2669/700/2741
f 2710/739/2784 2671/698/2743 2670/699/2742
f 779/2023/2785 738/2022/2744 2671/698/2743
f 780/819/2786 2711/818/2787 2672/777/2746
f 2711/818/2787 2712/817/2788 2673/776/2747
f 2712/817/2788 2713/816/2789 2674/775/2748
f 2713/816/2789 2714/815/2790 2675/774/2749
f 2714/815/2790 2715/814/2791 2676/773/2750
f 2715/814/2791 2716/813/2792 2677/772/2751
f 2716/813/2792 2717/812/2793 2678/771/2752
f 2717/812/2793 2718/811/2794 2679/770/2753
f 2718/811/2794 2719/810/2795 2680/769/2754
f 2719/810/2795 2720/809/2796 2681/768/2755
f 2720/809/2796 2721/808/2797 2682/767/2756
f 2721/808/2797 2722/807/2798 2683/766/2757
f 2722/807/2798 2723/806/2799 2684/765/2758
f 2723/806/2799 2724/805/2800 2685/764/2759
f 2724/805/2800 2725/804/2801 2686/763/2760
f 2725/804/2801 2726/803/2802 2687/762/2761
f 2726/803/2802 2727/802/2803 2688/761/2762
f 2727/802/2803 2728/801/2804 2689/760/2763
f 2728/801/2804 2729/799/2805 2690/758/2764
f 2729/799/2805 2730/800/2807 2691/759/2766
f 2731/798/2806 2692/757/2765 2691/759/2766
f 2732/797/2808 2693/756/2767 2692/757/2765
f 2733/796/2809 2694/755/2768 2693/756/2767
f 2734/795/2810 2695/754/2769 2694/755/2768
f 2735/794/2811 2696/753/2770 2695/754/2769
f 2736/793/2812 2697/752/2771 2696/753/2770
f 2737/792/2813 2698/751/2772 2697/752/2771
f 2738/791/2814 2699/750/2773 2698/751/2772
f 2739/790/2815 2700/749/2774 2699/750/2773
f 2740/789/2816 2701/748/2775 2700/749/2774
f 2741/788/2817 2702/747/2776 2701/748/2775
f 2742/787/2818 2703/746/2777 2702/747/2776
f 2743/786/2819 2704/745/2778 2703/746/2777
f 2744/785/2820 2705/744/2779 2704/745/2778
f 2745/784/2821 2706/743/2780 2705/744/2779
f 2746/783/2822 2707/742/2781 2706/743/2780
f 2747/782/2823 2708/741/2782 2707/742/2781
f 2748/781/2824 2709/740/2783 2708/741/2782
f 2749/780/2825 2710/739/2784 2709/740/2783
f 820/2024/2826 779/2023/2785 2710/739/2784
f 821/860/2827 2750/859/2828 2711/818/2787
f 2750/859/2828 2751/858/2829 2712/817/2788
f 2751/858/2829 2752/857/2830 2713/816/2789
f 2752/857/2830 2753/856/2831 2714/815/2790
f 2753/856/2831 2754/855/2832 2715/814/2791
f 2754/855/2832 2755/854/2833 2716/813/2792
f 2755/854/2833 2756/853/2834 2717/812/2793
f 2756/853/2834 2757/852/2835 2718/811/2794
f 2757/852/2835 2758/851/2836 2719/810/2795
f 2758/851/2836 2759/850/2837 2720/809/2796
f 2759/850/2837 2760/849/2838 2721/808/2797
f 2760/849/2838 2761/848/2839 2722/807/2798
f 2761/848/2839 2762/847/2840 2723/806/2799
f 2762/847/2840 2763/846/2841 2724/805/2800
f 2763/846/2841 2764/845/2842 2725/804/2801
f 2764/845/2842 2765/844/2843 2726/803/2802
f 2765/844/2843 2766/843/2844 2727/802/2803
f 2766/843/2844 2767/842/2845 2728/801/2804
f 2767/842/2845 2768/840/2846 2729/799/2805
f 2768/840/2846 2769/841/2848 2730/800/2807
f 2770/839/2847 2731/798/2806 2730/800/2807
f 2771/838/2849 2732/797/2808 2731/798/2806
f 2772/837/2850 2733/796/2809 2732/797/2808
f 2773/836/2851 2734/795/2810 2733/796/2809
f 2774/835/2852 2735/794/2811 2734/795/2810
f 2775/834/2853 2736/793/2812 2735/794/2811
f 2776/833/2854 2737/792/2813 2736/793/2812
f 2777/832/2855 2738/791/2814 2737/792/2813
f 2778/831/2856 2739/790/2815 2738/791/2814
f 2779/830/2857 2740/789/2816 2739/790/2815
f 2780/829/2858 2741/788/2817 2740/789/2816
f 2781/828/2859 2742/787/2818 2741/788/2817
f 2782/827/2860 2743/786/2819 2742/787/2818
f 2783/826/2861 2744/785/2820 2743/786/2819
f 2784/825/2862 2745/784/2821 2744/785/2820
f 2785/824/2863 2746/783/2822 2745/784/2821
f 2786/823/2864 2747/782/2823 2746/783/2822
f 2787/822/2865 2748/781/2824 2747/782/2823
f 2788/821/2866 2749/780/2825 2748/781/2824
f 861/2025/2867 820/2024/2826 2749/780/2825
f 862/901/2868 2789/900/2869 2750/859/2828
f 2789/900/2869 2790/899/2870 2751/858/2829
f 2790/899/2870 2791/898/2871 2752/857/2830
f 2791/898/2871 2792/897/2872 2753/856/2831
f 2792/897/2872 2793/896/2873 2754/855/2832
f 2793/896/2873 2794/895/2874 2755/854/2833
f 2794/895/2874 2795/894/2875 2756/853/2834
f 2795/894/2875 2796/893/2876 2757/852/2835
f 2796/893/2876 2797/892/2877 2758/851/2836
f 2797/892/2877 2798/891/2878 2759/850/2837
f 2798/891/2878 2799/890/2879 2760/849/2838
f 2799/890/2879 2800/889/2880 2761/848/2839
f 2800/889/2880 2801/888/2881 2762/847/2840
f 2801/888/2881 2802/887/2882 2763/846/2841
f 2802/887/2882 2803/886/2883 2764/845/2842
f 2803/886/2883 2804/885/2884 2765/844/2843
f 2804/885/2884 2805/884/2885 2766/843/2844
f 2805/884/2885 2806/883/2886 2767/842/2845
f 2806/883/2886 2807/881/2887 2768/840/2846
f 2807/881/2887 2808/882/2889 2769/841/2848
f 2809/880/2888 2770/839/2847 2769/841/2848
f 2810/879/2890 2771/838/2849 2770/839/2847
f 2811/878/2891 2772/837/2850 2771/838/2849
f 2812/877/2892 2773/836/2851 2772/837/2850
f 2813/876/2893 2774/835/2852 2773/836/2851
f 2814/875/2894 2775/834/2853 2774/835/2852
f 2815/874/2895 2776/833/2854 2775/834/2853
f 2816/873/2896 2777/832/2855 2776/833/2854
f 2817/872/2897 2778/831/2856 2777/832/2855
f 2818/871/2898 2779/830/2857 2778/831/2856
f 2819/870/2899 2780/829/2858 2779/830/2857
f 2820/869/2900 2781/828/2859 2780/829/2858
f 2821/868/2901 2782/827/2860 2781/828/2859
f 2822/867/2902 2783/826/2861 2782/827/2860
f 2823/866/2903 2784/825/2862 2783/826/2861
f 2824/865/2904 2785/824/2863 2784/825/2862
f 2825/864/2905 2786/823/2864 2785/824/2863
f 2826/863/2906 2787/822/2865 2786/823/2864
f 2827/862/2907 2788/821/2866 2787/822/2865
f 902/2026/2908 861/2025/2867 2788/821/2866
f 2828/941/2909 2789/900/2869 862/901/2868
f 2829/940/2911 2790/899/2870 2789/900/2869
f 2830/939/2912 2791/898/2871 2790/899/2870
f 2831/938/2913 2792/897/2872 2791/898/2871
f 2832/937/2914 2793/896/2873 2792/897/2872
f 2833/936/2915 2794/895/2874 2793/896/2873
f 2834/935/2916 2795/894/2875 2794/895/2874
f 2835/934/2917 2796/893/2876 2795/894/2875
f 2836/933/2918 2797/892/2877 2796/893/2876
f 2837/932/2919 2798/891/2878 2797/892/2877
f 2838/931/2920 2799/890/2879 2798/891/2878
f 2839/930/2921 2800/889/2880 2799/890/2879
f 2840/929/2922 2801/888/2881 2800/889/2880
f 2841/928/2923 2802/887/2882 2801/888/2881
f 2842/927/2924 2803/886/2883 2802/887/2882
f 2843/926/2925 2804/885/2884 2803/886/2883
f 2844/925/2926 2805/884/2885 2804/885/2884
f 2845/924/2927 2806/883/2886 2805/884/2885
f 2846/923/2928 2807/881/2887 2806/883/2886
f 2847/922/2929 2808/882/2889 2807/881/2887
f 2847/922/2929 2848/921/2930 2809/880/2888
f 2848/921/2930 2849/920/2931 2810/879/2890
f 2849/920/2931 2850/919/2932 2811/878/2891
f 2850/919/2932 2851/918/2933 2812/877/2892
f 2851/918/2933 2852/917/2934 2813/876/2893
f 2852/917/2934 2853/916/2935 2814/875/2894
f 2853/916/2935 2854/915/2936 2815/874/2895
f 2854/915/2936 2855/914/2937 2816/873/2896
f 2855/914/2937 2856/913/2938 2817/872/2897
f 2856/913/2938 2857/912/2939 2818/871/2898
f 2857/912/2939 2858/911/2940 2819/870/2899
f 2858/911/2940 2859/910/2941 2820/869/2900
f 2859/910/2941 2860/909/2942 2821/868/2901
f 2860/909/2942 2861/908/2943 2822/867/2902
f 2861/908/2943 2862/907/2944 2823/866/2903
f 2862/907/2944 2863/906/2945 2824/865/2904
f 2863/906/2945 2864/905/2946 2825/864/2905
f 2864/905/2946 2865/904/2947 2826/863/2906
f 2865/904/2947 2866/902/2948 2827/862/2907
f 2866/902/2948 943/2027/2989 902/2026/2908
f 2867/982/2949 2828/941/2909 903/981/2910
f 2868/980/2951 2829/940/2911 2828/941/2909
f 2869/979/2952 2830/939/2912 2829/940/2911
f 2870/978/2953 2831/938/2913 2830/939/2912
f 2871/977/2954 2832/937/2914 2831/938/2913
f 2872/976/2955 2833/936/2915 2832/937/2914
f 2873/975/2956 2834/935/2916 2833/936/2915
f 2874/974/2957 2835/934/2917 2834/935/2916
f 2875/973/2958 2836/933/2918 2835/934/2917
f 2876/972/2959 2837/932/2919 2836/933/2918
f 2877/971/2960 2838/931/2920 2837/932/2919
f 2878/970/2961 2839/930/2921 2838/931/2920
f 2879/969/2962 2840/929/2922 2839/930/2921
f 2880/968/2963 2841/928/2923 2840/929/2922
f 2881/967/2964 2842/927/2924 2841/928/2923
f 2882/966/2965 2843/926/2925 2842/927/2924
f 2883/965/2966 2844/925/2926 2843/926/2925
f 2884/964/2967 2845/924/2927 2844/925/2926
f 2885/963/2968 2846/923/2928 2845/924/2927
f 2886/962/2969 2847/922/2929 2846/923/2928
f 2886/962/2969 2887/961/2970 2848/921/2930
f 2887/961/2970 2888/960/2971 2849/920/2931
f 2888/960/2971 2889/959/2972 2850/919/2932
f 2889/959/2972 2890/958/2973 2851/918/2933
f 2890/958/2973 2891/957/2974 2852/917/2934
f 2891/957/2974 2892/956/2975 2853/916/2935
f 2892/956/2975 2893/955/2976 2854/915/2936
f 2893/955/2976 2894/954/2977 2855/914/2937
f 2894/954/2977 2895/953/2978 2856/913/2938
f 2895/953/2978 2896/952/2979 2857/912/2939
f 2896/952/2979 2897/951/2980 2858/911/2940
f 2897/951/2980 2898/950/2981 2859/910/2941
f 2898/950/2981 2899/949/2982 2860/909/2942
f 2899/949/2982 2900/948/2983 2861/908/2943
f 2900/948/2983 2901/947/2984 2862/907/2944
f 2901/947/2984 2902/946/2985 2863/906/2945
f 2902/946/2985 2903/945/2986 2864/905/2946
f 2903/945/2986 2904/944/2987 2865/904/2947
f 2904/944/2987 2905/942/2988 2866/902/2948
f 2905/942/2988 984/2028/3030 943/2027/2989
f 2906/1023/2990 2867/982/2949 944/1022/2950
f 2907/1021/2992 2868/980/2951 2867/982/2949
f 2908/1020/2993 2869/979/2952 2868/980/2951
f 2909/1019/2994 2870/978/2953 2869/979/2952
f 2910/1018/2995 2871/977/2954 2870/978/2953
f 2911/1017/2996 2872/976/2955 2871/977/2954
f 2912/1016/2997 2873/975/2956 2872/976/2955
f 2913/1015/2998 2874/974/2957 2873/975/2956
f 2914/1014/2999 2875/973/2958 2874/974/2957
f 2915/1013/3000 2876/972/2959 2875/973/2958
f 2916/1012/3001 2877/971/2960 2876/972/2959
f 2917/1011/3002 2878/970/2961 2877/971/2960
f 2918/1010/3003 2879/969/2962 2878/970/2961
f 2919/1009/3004 2880/968/2963 2879/969/2962
f 2920/1008/3005 2881/967/2964 2880/968/2963
f 2921/1007/3006 2882/966/2965 2881/967/2964
f 2922/1006/3007 2883/965/2966 2882/966/2965
f 2923/1005/3008 2884/964/2967 2883/965/2966
f 2924/1004/3009 2885/963/2968 2884/964/2967
f 2925/1003/3010 2886/962/2969 2885/963/2968
f 2925/1003/3010 2926/1002/3011 2887/961/2970
f 2926/1002/3011 2927/1001/3012 2888/960/2971
f 2927/1001/3012 2928/1000/3013 2889/959/2972
f 2928/1000/3013 2929/999/3014 2890/958/2973
f 2929/999/3014 2930/998/3015 2891/957/2974
f 2930/998/3015 2931/997/3016 2892/956/2975
f 2931/997/3016 2932/996/3017 2893/955/2976
f 2932/996/3017 2933/995/3018 2894/954/2977
f 2933/995/3018 2934/994/3019 2895/953/2978
f 2934/994/3019 2935/993/3020 2896/952/2979
f 2935/993/3020 2936/992/3021 2897/951/2980
f 2936/992/3021 2937/991/3022 2898/950/2981
f 2937/991/3022 2938/990/3023 2899/949/2982
f 2938/990/3023 2939/989/3024 2900/948/2983
f 2939/989/3024 2940/988/3025 2901/947/2984
f 2940/988/3025 2941/987/3026 2902/946/2985
f 2941/987/3026 2942/986/3027 2903/945/2986
f 2942/986/3027 2943/985/3028 2904/944/2987
f 2943/985/3028 2944/983/3029 2905/942/2988
f 2944/983/3029 1025/2029/3071 984/2028/3030
f 2945/1064/3031 2906/1023/2990 985/1063/2991
f 2946/1062/3033 2907/1021/2992 2906/1023/2990
f 2947/1061/3034 2908/1020/2993 2907/1021/2992
f 2948/1060/3035 2909/1019/2994 2908/1020/2993
f 2949/1059/3036 2910/1018/2995 2909/1019/2994
f 2950/1058/3037 2911/1017/2996 2910/1018/2995
f 2951/1057/3038 2912/1016/2997 2911/1017/2996
f 2952/1056/3039 2913/1015/2998 2912/1016/2997
f 2953/1055/3040 2914/1014/2999 2913/1015/2998
f 2954/1054/3041 2915/1013/3000 2914/1014/2999
f 2955/1053/3042 2916/1012/3001 2915/1013/3000
f 2956/1052/3043 2917/1011/3002 2916/1012/3001
f 2957/1051/3044 2918/1010/3003 2917/1011/3002
f 2958/1050/3045 2919/1009/3004 2918/1010/3003
f 2959/1049/3046 2920/1008/3005 2919/1009/3004
f 2960/1048/3047 2921/1007/3006 2920/1008/3005
f 2961/1047/3048 2922/1006/3007 2921/1007/3006
f 2962/1046/3049 2923/1005/3008 2922/1006/3007
f 2963/1045/3050 2924/1004/3009 2923/1005/3008
f 2964/1044/3051 2925/1003/3010 2924/1004/3009
f 2964/1044/3051 2965/1043/3052 2926/1002/3011
f 2965/1043/3052 2966/1042/3053 2927/1001/3012
f 2966/1042/3053 2967/1041/3054 2928/1000/3013
f 2967/1041/3054 2968/1040/3055 2929/999/3014
f 2968/1040/3055 2969/1039/3056 2930/998/3015
f 2969/1039/3056 2970/1038/3057 2931/997/3016
f 2970/1038/3057 2971/1037/3058 2932/996/3017
f 2971/1037/3058 2972/1036/3059 2933/995/3018
f 2972/1036/3059 2973/1035/3060 2934/994/3019
f 2973/1035/3060 2974/1034/3061 2935/993/3020
f 2974/1034/3061 2975/1033/3062 2936/992/3021
f 2975/1033/3062 2976/1032/3063 2937/991/3022
f 2976/1032/3063 2977/1031/3064 2938/990/3023
f 2977/1031/3064 2978/1030/3065 2939/989/3024
f 2978/1030/3065 2979/1029/3066 2940/988/3025
f 2979/1029/3066 2980/1028/3067 2941/987/3026
f 2980/1028/3067 2981/1027/3068 2942/986/3027
f 2981/1027/3068 2982/1026/3069 2943/985/3028
f 2982/1026/3069 2983/1024/3070 2944/983/3029
f 2983/1024/3070 1066/2030/3112 1025/2029/3071
f 2984/1105/3072 2945/1064/3031 1026/1104/3032
f 2985/1103/3074 2946/1062/3033 2945/1064/3031
f 2986/1102/3075 2947/1061/3034 2946/1062/3033
f 2987/1101/3076 2948/1060/3035 2947/1061/3034
f 2988/1100/3077 2949/1059/3036 2948/1060/3035
f 2989/1099/3078 2950/1058/3037 2949/1059/3036
f 2990/1098/3079 2951/1057/3038 2950/1058/3037
f 2991/1097/3080 2952/1056/3039 2951/1057/3038
f 2992/1096/3081 2953/1055/3040 2952/1056/3039
f 2993/1095/3082 2954/1054/3041 2953/1055/3040
f 2994/1094/3083 2955/1053/3042 2954/1054/3041
f 2995/1093/3084 2956/1052/3043 2955/1053/3042
f 2996/1092/3085 2957/1051/3044 2956/1052/3043
f 2997/1091/3086 2958/1050/3045 2957/1051/3044
f 2998/1090/3087 2959/1049/3046 2958/1050/3045
f 2999/1089/3088 2960/1048/3047 2959/1049/3046
f 3000/1088/3089 2961/1047/3048 2960/1048/3047
f 3001/1087/3090 2962/1046/3049 2961/1047/3048
f 3002/1086/3091 2963/1045/3050 2962/1046/3049
f 3003/1085/3092 2964/1044/3051 2963/1045/3050
f 3003/1085/3092 3004/1084/3093 2965/1043/3052
f 3004/1084/3093 3005/1083/3094 2966/1042/3053
f 3005/1083/3094 3006/1082/3095 2967/1041/3054
f 3006/1082/3095 3007/1081/3096 2968/1040/3055
f 3007/1081/3096 3008/1080/3097 2969/1039/3056
f 3008/1080/3097 3009/1079/3098 2970/1038/3057
f 3009/1079/3098 3010/1078/3099 2971/1037/3058
f 3010/1078/3099 3011/1077/3100 2972/1036/3059
f 3011/1077/3100 3012/1076/3101 2973/1035/3060
f 3012/1076/3101 3013/1075/3102 2974/1034/3061
f 3013/1075/3102 3014/1074/3103 2975/1033/3062
f 3014/1074/3103 3015/1073/3104 2976/1032/3063
f 3015/1073/3104 3016/1072/3105 2977/1031/3064
f 3016/1072/3105 3017/1071/3106 2978/1030/3065
f 3017/1071/3106 3018/1070/3107 2979/1029/3066
f 3018/1070/3107 3019/1069/3108 2980/1028/3067
f 3019/1069/3108 3020/1068/3109 2981/1027/3068
f 3020/1068/3109 3021/1067/3110 2982/1026/3069
f 3021/1067/3110 3022/1065/3111 2983/1024/3070
f 3022/1065/3111 1107/2031/3153 1066/2030/3112
f 3023/1146/3113 2984/1105/3072 1067/1145/3073
f 3024/1144/3115 2985/1103/3074 2984/1105/3072
f 3025/1143/3116 2986/1102/3075 2985/1103/3074
f 3026/1142/3117 2987/1101/3076 2986/1102/3075
f 3027/1141/3118 2988/1100/3077 2987/1101/3076
f 3028/1140/3119 2989/1099/3078 2988/1100/3077
f 3029/1139/3120 2990/1098/3079 2989/1099/3078
f 3030/1138/3121 2991/1097/3080 2990/1098/3079
f 3031/1137/3122 2992/1096/3081 2991/1097/3080
f 3032/1136/3123 2993/1095/3082 2992/1096/3081
f 3033/1135/3124 2994/1094/3083 2993/1095/3082
f 3034/1134/3125 2995/1093/3084 2994/1094/3083
f 3035/1133/3126 2996/1092/3085 2995/1093/3084
f 3036/1132/3127 2997/1091/3086 2996/1092/3085
f 3037/1131/3128 2998/1090/3087 2997/1091/3086
f 3038/1130/3129 2999/1089/3088 2998/1090/3087
f 3039/1129/3130 3000/1088/3089 2999/1089/3088
f 3040/1128/3131 3001/1087/3090 3000/1088/3089
f 3041/1127/3132 3002/1086/3091 3001/1087/3090
f 3042/1126/3133 3003/1085/3092 3002/1086/3091
f 3042/1126/3133 3043/1125/3134 3004/1084/3093
f 3043/1125/3134 3044/1124/3135 3005/1083/3094
f 3044/1124/3135 3045/1123/3136 3006/1082/3095
f 3045/1123/3136 3046/1122/3137 3007/1081/3096
f 3046/1122/3137 3047/1121/3138 3008/1080/3097
f 3047/1121/3138 3048/1120/3139 3009/1079/3098
f 3048/1120/3139 3049/1119/3140 3010/1078/3099
f 3049/1119/3140 3050/1118/3141 3011/1077/3100
f 3050/1118/3141 3051/1117/3142 3012/1076/3101
f 3051/1117/3142 3052/1116/3143 3013/1075/3102
f 3052/1116/3143 3053/1115/3144 3014/1074/3103
f 3053/1115/3144 3054/1114/3145 3015/1073/3104
f 3054/1114/3145 3055/1113/3146 3016/1072/3105
f 3055/1113/3146 3056/1112/3147 3017/1071/3106
f 3056/1112/3147 3057/1111/3148 3018/1070/3107
f 3057/1111/3148 3058/1110/3149 3019/1069/3108
f 3058/1110/3149 3059/1109/3150 3020/1068/3109
f 3059/1109/3150 3060/1108/3151 3021/1067/3110
f 3060/1108/3151 3061/1106/3152 3022/1065/3111
f 3061/1106/3152 1148/2032/3194 1107/2031/3153
f 3062/1187/3154 3023/1146/3113 1108/1186/3114
f 3063/1185/3156 3024/1144/3115 3023/1146/3113
f 3064/1184/3157 3025/1143/3116 3024/1144/3115
f 3065/1183/3158 3026/1142/3117 3025/1143/3116
f 3066/1182/3159 3027/1141/3118 3026/1142/3117
f 3067/1181/3160 3028/1140/3119 3027/1141/3118
f 3068/1180/3161 3029/1139/3120 3028/1140/3119
f 3069/1179/3162 3030/1138/3121 3029/1139/3120
f 3070/1178/3163 3031/1137/3122 3030/1138/3121
f 3071/1177/3164 3032/1136/3123 3031/1137/3122
f 3072/1176/3165 3033/1135/3124 3032/1136/3123
f 3073/1175/3166 3034/1134/3125 3033/1135/3124
f 3074/1174/3167 3035/1133/3126 3034/1134/3125
f 3075/1173/3168 3036/1132/3127 3035/1133/3126
f 3076/1172/3169 3037/1131/3128 3036/1132/3127
f 3077/1171/3170 3038/1130/3129 3037/1131/3128
f 3078/1170/3171 3039/1129/3130 3038/1130/3129
f 3079/1169/3172 3040/1128/3131 3039/1129/3130
f 3080/1168/3173 3041/1127/3132 3040/1128/3131
f 3081/1167/3174 3042/1126/3133 3041/1127/3132
f 3081/1167/3174 3082/1166/3175 3043/1125/3134
f 3082/1166/3175 3083/1165/3176 3044/1124/3135
f 3083/1165/3176 3084/1164/3177 3045/1123/3136
f 3084/1164/3177 3085/1163/3178 3046/1122/3137
f 3085/1163/3178 3086/1162/3179 3047/1121/3138
f 3086/1162/3179 3087/1161/3180 3048/1120/3139
f 3087/1161/3180 3088/1160/3181 3049/1119/3140
f 3088/1160/3181 3089/1159/3182 3050/1118/3141
f 3089/1159/3182 3090/1158/3183 3051/1117/3142
f 3090/1158/3183 3091/1157/3184 3052/1116/3143
f 3091/1157/3184 3092/1156/3185 3053/1115/3144
f 3092/1156/3185 3093/1155/3186 3054/1114/3145
f 3093/1155/3186 3094/1154/3187 3055/1113/3146
f 3094/1154/3187 3095/1153/3188 3056/1112/3147
f 3095/1153/3188 3096/1152/3189 3057/1111/3148
f 3096/1152/3189 3097/1151/3190 3058/1110/3149
f 3097/1151/3190 3098/1150/3191 3059/1109/3150
f 3098/1150/3191 3099/1149/3192 3060/1108/3151
f 3099/1149/3192 3100/1147/3193 3061/1106/3152
f 3100/1147/3193 1189/2033/3235 1148/2032/3194
f 3101/1228/3195 3062/1187/3154 1149/1227/3155
f 3102/1226/3197 3063/1185/3156 3062/1187/3154
f 3103/1225/3198 3064/1184/3157 3063/1185/3156
f 3104/1224/3199 3065/1183/3158 3064/1184/3157
f 3105/1223/3200 3066/1182/3159 3065/1183/3158
f 3106/1222/3201 3067/1181/3160 3066/1182/3159
f 3107/1221/3202 3068/1180/3161 3067/1181/3160
f 3108/1220/3203 3069/1179/3162 3068/1180/3161
f 3109/1219/3204 3070/1178/3163 3069/1179/3162
f 3110/1218/3205 3071/1177/3164 3070/1178/3163
f 3111/1217/3206 3072/1176/3165 3071/1177/3164
f 3112/1216/3207 3073/1175/3166 3072/1176/3165
f 3113/1215/3208 3074/1174/3167 3073/1175/3166
f 3114/1214/3209 3075/1173/3168 3074/1174/3167
f 3115/1213/3210 3076/1172/3169 3075/1173/3168
f 3116/1212/3211 3077/1171/3170 3076/1172/3169
f 3117/1211/3212 3078/1170/3171 3077/1171/3170
f 3118/1210/3213 3079/1169/3172 3078/1170/3171
f 3119/1209/3214 3080/1168/3173 3079/1169/3172
f 3120/1208/3215 3081/1167/3174 3080/1168/3173
f 3120/1208/3215 3121/1207/3216 3082/1166/3175
f 3121/1207/3216 3122/1206/3217 3083/1165/3176
f 3122/1206/3217 3123/1205/3218 3084/1164/3177
f 3123/1205/3218 3124/1204/3219 3085/1163/3178
f 3124/1204/3219 3125/1203/3220 3086/1162/3179
f 3125/1203/3220 3126/1202/3221 3087/1161/3180
f 3126/1202/3221 3127/1201/3222 3088/1160/3181
f 3127/1201/3222 3128/1200/3223 3089/1159/3182
f 3128/1200/3223 3129/1199/3224 3090/1158/3183
f 3129/1199/3224 3130/1198/3225 3091/1157/3184
f 3130/1198/3225 3131/1197/3226 3092/1156/3185
f 3131/1197/3226 3132/1196/3227 3093/1155/3186
f 3132/1196/3227 3133/1195/3228 3094/1154/3187
f 3133/1195/3228 3134/1194/3229 3095/1153/3188
f 3134/1194/3229 3135/1193/3230 3096/1152/3189
f 3135/1193/3230 3136/1192/3231 3097/1151/3190
f 3136/1192/3231 3137/1191/3232 3098/1150/3191
f 3137/1191/3232 3138/1190/3233 3099/1149/3192
f 3138/1190/3233 3139/1188/3234 3100/1147/3193
f 3139/1188/3234 1230/2034/3276 1189/2033/3235
f 3140/1269/3236 3101/1228/3195 1190/1268/3196
f 3141/1267/3238 3102/1226/3197 3101/1228/3195
f 3142/1266/3239 3103/1225/3198 3102/1226/3197
f 3143/1265/3240 3104/1224/3199 3103/1225/3198
f 3144/1264/3241 3105/1223/3200 3104/1224/3199
f 3145/1263/3242 3106/1222/3201 3105/1223/3200
f 3146/1262/3243 3107/1221/3202 3106/1222/3201
f 3147/1261/3244 3108/1220/3203 3107/1221/3202
f 3148/1260/3245 3109/1219/3204 3108/1220/3203
f 3149/1259/3246 3110/1218/3205 3109/1219/3204
f 3150/1258/3247 3111/1217/3206 3110/1218/3205
f 3151/1257/3248 3112/1216/3207 3111/1217/3206
f 3152/1256/3249 3113/1215/3208 3112/1216/3207
f 3153/1255/3250 3114/1214/3209 3113/1215/3208
f 3154/1254/3251 3115/1213/3210 3114/1214/3209
f 3155/1253/3252 3116/1212/3211 3115/1213/3210
f 3156/1252/3253 3117/1211/3212 3116/1212/3211
f 3157/1251/3254 3118/1210/3213 3117/1211/3212
f 3158/1250/3255 3119/1209/3214 3118/1210/3213
f 3159/1249/3256 3120/1208/3215 3119/1209/3214
f 3159/1249/3256 3160/1248/3257 3121/1207/3216
f 3160/1248/3257 3161/1247/3258 3122/1206/3217
f 3161/1247/3258 3162/1246/3259 3123/1205/3218
f 3162/1246/3259 3163/1245/3260 3124/1204/3219
f 3163/1245/3260 3164/1244/3261 3125/1203/3220
f 3164/1244/3261 3165/1243/3262 3126/1202/3221
f 3165/1243/3262 3166/1242/3263 3127/1201/3222
f 3166/1242/3263 3167/1241/3264 3128/1200/3223
f 3167/1241/3264 3168/1240/3265 3129/1199/3224
f 3168/1240/3265 3169/1239/3266 3130/1198/3225
f 3169/1239/3266 3170/1238/3267 3131/1197/3226
f 3170/1238/3267 3171/1237/3268 3132/1196/3227
f 3171/1237/3268 3172/1236/3269 3133/1195/3228
f 3172/1236/3269 3173/1235/3270 3134/1194/3229
f 3173/1235/3270 3174/1234/3271 3135/1193/3230
f 3174/1234/3271 3175/1233/3272 3136/1192/3231
f 3175/1233/3272 3176/1232/3273 3137/1191/3232
f 3176/1232/3273 3177/1231/3274 3138/1190/3233
f 3177/1231/3274 3178/1229/3275 3139/1188/3234
f 3178/1229/3275 1271/2035/3317 1230/2034/3276
f 3179/1310/3277 3140/1269/3236 1231/1309/3237
f 3180/1308/3279 3141/1267/3238 3140/1269/3236
f 3181/1307/3280 3142/1266/3239 3141/1267/3238
f 3182/1306/3281 3143/1265/3240 3142/1266/3239
f 3183/1305/3282 3144/1264/3241 3143/1265/3240
f 3184/1304/3283 3145/1263/3242 3144/1264/3241
f 3185/1303/3284 3146/1262/3243 3145/1263/3242
f 3186/1302/3285 3147/1261/3244 3146/1262/3243
f 3187/1301/3286 3148/1260/3245 3147/1261/3244
f 3188/1300/3287 3149/1259/3246 3148/1260/3245
f 3189/1299/3288 3150/1258/3247 3149/1259/3246
f 3190/1298/3289 3151/1257/3248 3150/1258/3247
f 3191/1297/3290 3152/1256/3249 3151/1257/3248
f 3192/1296/3291 3153/1255/3250 3152/1256/3249
f 3193/1295/3292 3154/1254/3251 3153/1255/3250
f 3194/1294/3293 3155/1253/3252 3154/1254/3251
f 3195/1293/3294 3156/1252/3253 3155/1253/3252
f 3196/1292/3295 3157/1251/3254 3156/1252/3253
f 3197/1291/3296 3158/1250/3255 3157/1251/3254
f 3198/1290/3297 3159/1249/3256 3158/1250/3255
f 3198/1290/3297 3199/1289/3298 3160/1248/3257
f 3199/1289/3298 3200/1288/3299 3161/1247/3258
f 3200/1288/3299 3201/1287/3300 3162/1246/3259
f 3201/1287/3300 3202/1286/3301 3163/1245/3260
f 3202/1286/3301 3203/1285/3302 3164/1244/3261
f 3203/1285/3302 3204/1284/3303 3165/1243/3262
f 3204/1284/3303 3205/1283/3304 3166/1242/3263
f 3205/1283/3304 3206/1282/3305 3167/1241/3264
f 3206/1282/3305 3207/1281/3306 3168/1240/3265
f 3207/1281/3306 3208/1280/3307 3169/1239/3266
f 3208/1280/3307 3209/1279/3308 3170/1238/3267
f 3209/1279/3308 3210/1278/3309 3171/1237/3268
f 3210/1278/3309 3211/1277/3310 3172/1236/3269
f 3211/1277/3310 3212/1276/3311 3173/1235/3270
f 3212/1276/3311 3213/1275/3312 3174/1234/3271
f 3213/1275/3312 3214/1274/3313 3175/1233/3272
f 3214/1274/3313 3215/1273/3314 3176/1232/3273
f 3215/1273/3314 3216/1272/3315 3177/1231/3274
f 3216/1272/3315 3217/1270/3316 3178/1229/3275
f 3217/1270/3316 1312/2036/3358 1271/2035/3317
f 3218/1351/3318 3179/1310/3277 1272/1350/3278
f 3219/1349/3320 3180/1308/3279 3179/1310/3277
f 3220/1348/3321 3181/1307/3280 3180/1308/3279
f 3221/1347/3322 3182/1306/3281 3181/1307/3280
f 3222/1346/3323 3183/1305/3282 3182/1306/3281
f 3223/1345/3324 3184/1304/3283 3183/1305/3282
f 3224/1344/3325 3185/1303/3284 3184/1304/3283
f 3225/1343/3326 3186/1302/3285 3185/1303/3284
f 3226/1342/3327 3187/1301/3286 3186/1302/3285
f 3227/1341/3328 3188/1300/3287 3187/1301/3286
f 3228/1340/3329 3189/1299/3288 3188/1300/3287
f 3229/1339/3330 3190/1298/3289 3189/1299/3288
f 3230/1338/3331 3191/1297/3290 3190/1298/3289
f 3231/1337/3332 3192/1296/3291 3191/1297/3290
f 3232/1336/3333 3193/1295/3292 3192/1296/3291
f 3233/1335/3334 3194/1294/3293 3193/1295/3292
f 3234/1334/3335 3195/1293/3294 3194/1294/3293
f 3235/1333/3336 3196/1292/3295 3195/1293/3294
f 3236/1332/3337 3197/1291/3296 3196/1292/3295
f 3237/1331/3338 3198/1290/3297 3197/1291/3296
f 3237/1331/3338 3238/1330/3339 3199/1289/3298
f 3238/1330/3339 3239/1329/3340 3200/1288/3299
f 3239/1329/3340 3240/1328/3341 3201/1287/3300
f 3240/1328/3341 3241/1327/3342 3202/1286/3301
f 3241/1327/3342 3242/1326/3343 3203/1285/3302
f 3242/1326/3343 3243/1325/3344 3204/1284/3303
f 3243/1325/3344 3244/1324/3345 3205/1283/3304
f 3244/1324/3345 3245/1323/3346 3206/1282/3305
f 3245/1323/3346 3246/1322/3347 3207/1281/3306
f 3246/1322/3347 3247/1321/3348 3208/1280/3307
f 3247/1321/3348 3248/1320/3349 3209/1279/3308
f 3248/1320/3349 3249/1319/3350 3210/1278/3309
f 3249/1319/3350 3250/1318/3351 3211/1277/3310
f 3250/1318/3351 3251/1317/3352 3212/1276/3311
f 3251/1317/3352 3252/1316/3353 3213/1275/3312
f 3252/1316/3353 3253/1315/3354 3214/1274/3313
f 3253/1315/3354 3254/1314/3355 3215/1273/3314
f 3254/1314/3355 3255/1313/3356 3216/1272/3315
f 3255/1313/3356 3256/1311/3357 3217/1270/3316
f 3256/1311/3357 1353/2037/3399 1312/2036/3358
f 3257/1392/3359 3218/1351/3318 1313/1391/3319
f 3258/1390/3361 3219/1349/3320 3218/1351/3318
f 3259/1389/3362 3220/1348/3321 3219/1349/3320
f 3260/1388/3363 3221/1347/3322 3220/1348/3321
f 3261/1387/3364 3222/1346/3323 3221/1347/3322
f 3262/1386/3365 3223/1345/3324 3222/1346/3323
f 3263/1385/3366 3224/1344/3325 3223/1345/3324
f 3264/1384/3367 3225/1343/3326 3224/1344/3325
f 3265/1383/3368 3226/1342/3327 3225/1343/3326
f 3266/1382/3369 3227/1341/3328 3226/1342/3327
f 3267/1381/3370 3228/1340/3329 3227/1341/3328
f 3268/1380/3371 3229/1339/3330 3228/1340/3329
f 3269/1379/3372 3230/1338/3331 3229/1339/3330
f 3270/1378/3373 3231/1337/3332 3230/1338/3331
f 3271/1377/3374 3232/1336/3333 3231/1337/3332
f 3272/1376/3375 3233/1335/3334 3232/1336/3333
f 3273/1375/3376 3234/1334/3335 3233/1335/3334
f 3274/1374/3377 3235/1333/3336 3234/1334/3335
f 3275/1373/3378 3236/1332/3337 3235/1333/3336
f 3276/1372/3379 3237/1331/3338 3236/1332/3337
f 3276/1372/3379 3277/1371/3380 3238/1330/3339
f 3277/1371/3380 3278/1370/3381 3239/1329/3340
f 3278/1370/3381 3279/1369/3382 3240/1328/3341
f 3279/1369/3382 3280/1368/3383 3241/1327/3342
f 3280/1368/3383 3281/1367/3384 3242/1326/3343
f 3281/1367/3384 3282/1366/3385 3243/1325/3344
f 3282/1366/3385 3283/1365/3386 3244/1324/3345
f 3283/1365/3386 3284/1364/3387 3245/1323/3346
f 3284/1364/3387 3285/1363/3388 3246/1322/3347
f 3285/1363/3388 3286/1362/3389 3247/1321/3348
f 3286/1362/3389 3287/1361/3390 3248/1320/3349
f 3287/1361/3390 3288/1360/3391 3249/1319/3350
f 3288/1360/3391 3289/1359/3392 3250/1318/3351
f 3289/1359/3392 3290/1358/3393 3251/1317/3352
f 3290/1358/3393 3291/1357/3394 3252/1316/3353
f 3291/1357/3394 3292/1356/3395 3253/1315/3354
f 3292/1356/3395 3293/1355/3396 3254/1314/3355
f 3293/1355/3396 3294/1354/3397 3255/1313/3356
f 3294/1354/3397 3295/1352/3398 3256/1311/3357
f 3295/1352/3398 1394/2038/3440 1353/2037/3399
f 3296/1433/3400 3257/1392/3359 1354/1432/3360
f 3297/1431/3402 3258/1390/3361 3257/1392/3359
f 3298/1430/3403 3259/1389/3362 3258/1390/3361
f 3299/1429/3404 3260/1388/3363 3259/1389/3362
f 3300/1428/3405 3261/1387/3364 3260/1388/3363
f 3301/1427/3406 3262/1386/3365 3261/1387/3364
f 3302/1426/3407 3263/1385/3366 3262/1386/3365
f 3303/1425/3408 3264/1384/3367 3263/1385/3366
f 3304/1424/3409 3265/1383/3368 3264/1384/3367
f 3305/1423/3410 3266/1382/3369 3265/1383/3368
f 3306/1422/3411 3267/1381/3370 3266/1382/3369
f 3307/1421/3412 3268/1380/3371 3267/1381/3370
f 3308/1420/3413 3269/1379/3372 3268/1380/3371
f 3309/1419/3414 3270/1378/3373 3269/1379/3372
f 3310/1418/3415 3271/1377/3374 3270/1378/3373
f 3311/1417/3416 3272/1376/3375 3271/1377/3374
f 3312/1416/3417 3273/1375/3376 3272/1376/3375
f 3313/1415/3418 3274/1374/3377 3273/1375/3376
f 3314/1414/3419 3275/1373/3378 3274/1374/3377
f 3315/1413/3420 3276/1372/3379 3275/1373/3378
f 3315/1413/3420 3316/1412/3421 3277/1371/3380
f 3316/1412/3421 3317/1411/3422 3278/1370/3381
f 3317/1411/3422 3318/1410/3423 3279/1369/3382
f 3318/1410/3423 3319/1409/3424 3280/1368/3383
f 3319/1409/3424 3320/1408/3425 3281/1367/3384
f 3320/1408/3425 3321/1407/3426 3282/1366/3385
f 3321/1407/3426 3322/1406/3427 3283/1365/3386
f 3322/1406/3427 3323/1405/3428 3284/1364/3387
f 3323/1405/3428 3324/1404/3429 3285/1363/3388
f 3324/1404/3429 3325/1403/3430 3286/1362/3389
f 3325/1403/3430 3326/1402/3431 3287/1361/3390
f 3326/1402/3431 3327/1401/3432 3288/1360/3391
f 3327/1401/3432 3328/1400/3433 3289/1359/3392
f 3328/1400/3433 3329/1399/3434 3290/1358/3393
f 3329/1399/3434 3330/1398/3435 3291/1357/3394
f 3330/1398/3435 3331/1397/3436 3292/1356/3395
f 3331/1397/3436 3332/1396/3437 3293/1355/3396
f 3332/1396/3437 3333/1395/3438 3294/1354/3397
f 3333/1395/3438 3334/1393/3439 3295/1352/3398
f 3334/1393/3439 1435/2039/3481 1394/2038/3440
f 3335/1474/3441 3296/1433/3400 1395/1473/3401
f 3336/1472/3443 3297/1431/3402 3296/1433/3400
f 3337/1471/3444 3298/1430/3403 3297/1431/3402
f 3338/1470/3445 3299/1429/3404 3298/1430/3403
f 3339/1469/3446 3300/1428/3405 3299/1429/3404
f 3340/1468/3447 3301/1427/3406 3300/1428/3405
f 3341/1467/3448 3302/1426/3407 3301/1427/3406
f 3342/1466/3449 3303/1425/3408 3302/1426/3407
f 3343/1465/3450 3304/1424/3409 3303/1425/3408
f 3344/1464/3451 3305/1423/3410 3304/1424/3409
f 3345/1463/3452 3306/1422/3411 3305/1423/3410
f 3346/1462/3453 3307/1421/3412 3306/1422/3411
f 3347/1461/3454 3308/1420/3413 3307/1421/3412
f 3348/1460/3455 3309/1419/3414 3308/1420/3413
f 3349/1459/3456 3310/1418/3415 3309/1419/3414
f 3350/1458/3457 3311/1417/3416 3310/1418/3415
f 3351/1457/3458 3312/1416/3417 3311/1417/3416
f 3352/1456/3459 3313/1415/3418 3312/1416/3417
f 3353/1455/3460 3314/1414/3419 3313/1415/3418
f 3354/1454/3461 3315/1413/3420 3314/1414/3419
f 3354/1454/3461 3355/1453/3462 3316/1412/3421
f 3355/1453/3462 3356/1452/3463 3317/1411/3422
f 3356/1452/3463 3357/1451/3464 3318/1410/3423
f 3357/1451/3464 3358/1450/3465 3319/1409/3424
f 3358/1450/3465 3359/1449/3466 3320/1408/3425
f 3359/1449/3466 3360/1448/3467 3321/1407/3426
f 3360/1448/3467 3361/1447/3468 3322/1406/3427
f 3361/1447/3468 3362/1446/3469 3323/1405/3428
f 3362/1446/3469 3363/1445/3470 3324/1404/3429
f 3363/1445/3470 3364/1444/3471 3325/1403/3430
f 3364/1444/3471 3365/1443/3472 3326/1402/3431
f 3365/1443/3472 3366/1442/3473 3327/1401/3432
f 3366/1442/3473 3367/1441/3474 3328/1400/3433
f 3367/1441/3474 3368/1440/3475 3329/1399/3434
f 3368/1440/3475 3369/1439/3476 3330/1398/3435
f 3369/1439/3476 3370/1438/3477 3331/1397/3436
f 3370/1438/3477 3371/1437/3478 3332/1396/3437
f 3371/1437/3478 3372/1436/3479 3333/1395/3438
f 3372/1436/3479 3373/1434/3480 3334/1393/3439
f 3373/1434/3480 1476/2040/3522 1435/2039/3481
f 3374/1515/3482 3335/1474/3441 1436/1514/3442
f 3375/1513/3484 3336/1472/3443 3335/1474/3441
f 3376/1512/3485 3337/1471/3444 3336/1472/3443
f 3377/1511/3486 3338/1470/3445 3337/1471/3444
f 3378/1510/3487 3339/1469/3446 3338/1470/3445
f 3379/1509/3488 3340/1468/3447 3339/1469/3446
f 3380/1508/3489 3341/1467/3448 3340/1468/3447
f 3381/1507/3490 3342/1466/3449 3341/1467/3448
f 3382/1506/3491 3343/1465/3450 3342/1466/3449
f 3383/1505/3492 3344/1464/3451 3343/1465/3450
f 3384/1504/3493 3345/1463/3452 3344/1464/3451
f 3385/1503/3494 3346/1462/3453 3345/1463/3452
f 3386/1502/3495 3347/1461/3454 3346/1462/3453
f 3387/1501/3496 3348/1460/3455 3347/1461/3454
f 3388/1500/3497 3349/1459/3456 3348/1460/3455
f 3389/1499/3498 3350/1458/3457 3349/1459/3456
f 3390/1498/3499 3351/1457/3458 3350/1458/3457
f 3391/1497/3500 3352/1456/3459 3351/1457/3458
f 3392/1496/3501 3353/1455/3460 3352/1456/3459
f 3393/1495/3502 3354/1454/3461 3353/1455/3460
f 3393/1495/3502 3394/1494/3503 3355/1453/3462
f 3394/1494/3503 3395/1493/3504 3356/1452/3463
f 3395/1493/3504 3396/1492/3505 3357/1451/3464
f 3396/1492/3505 3397/1491/3506 3358/1450/3465
f 3397/1491/3506 3398/1490/3507 3359/1449/3466
f 3398/1490/3507 3399/1489/3508 3360/1448/3467
f 3399/1489/3508 3400/1488/3509 3361/1447/3468
f 3400/1488/3509 3401/1487/3510 3362/1446/3469
f 3401/1487/3510 3402/1486/3511 3363/1445/3470
f 3402/1486/3511 3403/1485/3512 3364/1444/3471
f 3403/1485/3512 3404/1484/3513 3365/1443/3472
f 3404/1484/3513 3405/1483/3514 3366/1442/3473
f 3405/1483/3514 3406/1482/3515 3367/1441/3474
f 3406/1482/3515 3407/1481/3516 3368/1440/3475
f 3407/1481/3516 3408/1480/3517 3369/1439/3476
f 3408/1480/3517 3409/1479/3518 3370/1438/3477
f 3409/1479/3518 3410/1478/3519 3371/1437/3478
f 3410/1478/3519 3411/1477/3520 3372/1436/3479
f 3411/1477/3520 3412/1475/3521 3373/1434/3480
f 3412/1475/3521 1517/2041/3563 1476/2040/3522
f 3413/1556/3523 3374/1515/3482 1477/1555/3483
f 3414/1554/3525 3375/1513/3484 3374/1515/3482
f 3415/1553/3526 3376/1512/3485 3375/1513/3484
f 3416/1552/3527 3377/1511/3486 3376/1512/3485
f 3417/1551/3528 3378/1510/3487 3377/1511/3486
f 3418/1550/3529 3379/1509/3488 3378/1510/3487
f 3419/1549/3530 3380/1508/3489 3379/1509/3488
f 3420/1548/3531 3381/1507/3490 3380/1508/3489
f 3421/1547/3532 3382/1506/3491 3381/1507/3490
f 3422/1546/3533 3383/1505/3492 3382/1506/3491
f 3423/1545/3534 3384/1504/3493 3383/1505/3492
f 3424/1544/3535 3385/1503/3494 3384/1504/3493
f 3425/1543/3536 3386/1502/3495 3385/1503/3494
f 3426/1542/3537 3387/1501/3496 3386/1502/3495
f 3427/1541/3538 3388/1500/3497 3387/1501/3496
f 3428/1540/3539 3389/1499/3498 3388/1500/3497
f 3429/1539/3540 3390/1498/3499 3389/1499/3498
f 3430/1538/3541 3391/1497/3500 3390/1498/3499
f 3431/1537/3542 3392/1496/3501 3391/1497/3500
f 3432/1536/3543 3393/1495/3502 3392/1496/3501
f 3432/1536/3543 3433/1535/3544 3394/1494/3503
f 3433/1535/3544 3434/1534/3545 3395/1493/3504
f 3434/1534/3545 3435/1533/3546 3396/1492/3505
f 3435/1533/3546 3436/1532/3547 3397/1491/3506
f 3436/1532/3547 3437/1531/3548 3398/1490/3507
f 3437/1531/3548 3438/1530/3549 3399/1489/3508
f 3438/1530/3549 3439/1529/3550 3400/1488/3509
f 3439/1529/3550 3440/1528/3551 3401/1487/3510
f 3440/1528/3551 3441/1527/3552 3402/1486/3511
f 3441/1527/3552 3442/1526/3553 3403/1485/3512
f 3442/1526/3553 3443/1525/3554 3404/1484/3513
f 3443/1525/3554 3444/1524/3555 3405/1483/3514
f 3444/1524/3555 3445/1523/3556 3406/1482/3515
f 3445/1523/3556 3446/1522/3557 3407/1481/3516
f 3446/1522/3557 3447/1521/3558 3408/1480/3517
f 3447/1521/3558 3448/1520/3559 3409/1479/3518
f 3448/1520/3559 3449/1519/3560 3410/1478/3519
f 3449/1519/3560 3450/1518/3561 3411/1477/3520
f 3450/1518/3561 3451/1516/3562 3412/1475/3521
f 3451/1516/3562 1558/2042/3604 1517/2041/3563
f 3452/1597/3564 3413/1556/3523 1518/1596/3524
f 3453/1595/3566 3414/1554/3525 3413/1556/3523
f 3454/1594/3567 3415/1553/3526 3414/1554/3525
f 3455/1593/3568 3416/1552/3527 3415/1553/3526
f 3456/1592/3569 3417/1551/3528 3416/1552/3527
f 3457/1591/3570 3418/1550/3529 3417/1551/3528
f 3458/1590/3571 3419/1549/3530 3418/1550/3529
f 3459/1589/3572 3420/1548/3531 3419/1549/3530
f 3460/1588/3573 3421/1547/3532 3420/1548/3531
f 3461/1587/3574 3422/1546/3533 3421/1547/3532
f 3462/1586/3575 3423/1545/3534 3422/1546/3533
f 3463/1585/3576 3424/1544/3535 3423/1545/3534
f 3464/1584/3577 3425/1543/3536 3424/1544/3535
f 3465/1583/3578 3426/1542/3537 3425/1543/3536
f 3466/1582/3579 3427/1541/3538 3426/1542/3537
f 3467/1581/3580 3428/1540/3539 3427/1541/3538
f 3468/1580/3581 3429/1539/3540 3428/1540/3539
f 3469/1579/3582 3430/1538/3541 3429/1539/3540
f 3470/1578/3583 3431/1537/3542 3430/1538/3541
f 3471/1577/3584 3432/1536/3543 3431/1537/3542
f 3471/1577/3584 3472/1576/3585 3433/1535/3544
f 3472/1576/3585 3473/1575/3586 3434/1534/3545
f 3473/1575/3586 3474/1574/3587 3435/1533/3546
f 3474/1574/3587 3475/1573/3588 3436/1532/3547
f 3475/1573/3588 3476/1572/3589 3437/1531/3548
f 3476/1572/3589 3477/1571/3590 3438/1530/3549
f 3477/1571/3590 3478/1570/3591 3439/1529/3550
f 3478/1570/3591 3479/1569/3592 3440/1528/3551
f 3479/1569/3592 3480/1568/3593 3441/1527/3552
f 3480/1568/3593 3481/1567/3594 3442/1526/3553
f 3481/1567/3594 3482/1566/3595 3443/1525/3554
f 3482/1566/3595 3483/1565/3596 3444/1524/3555
f 3483/1565/3596 3484/1564/3597 3445/1523/3556
f 3484/1564/3597 3485/1563/3598 3446/1522/3557
f 3485/1563/3598 3486/1562/3599 3447/1521/3558
f 3486/1562/3599 3487/1561/3600 3448/1520/3559
f 3487/1561/3600 3488/1560/3601 3449/1519/3560
f 3488/1560/3601 3489/1559/3602 3450/1518/3561
f 3489/1559/3602 3490/1557/3603 3451/1516/3562
f 3490/1557/3603 1599/2043/3645 1558/2042/3604
f 3491/1638/3605 3452/1597/3564 1559/1637/3565
f 3492/1636/3607 3453/1595/3566 3452/1597/3564
f 3493/1635/3608 3454/1594/3567 3453/1595/3566
f 3494/1634/3609 3455/1593/3568 3454/1594/3567
f 3495/1633/3610 3456/1592/3569 3455/1593/3568
f 3496/1632/3611 3457/1591/3570 3456/1592/3569
f 3497/1631/3612 3458/1590/3571 3457/1591/3570
f 3498/1630/3613 3459/1589/3572 3458/1590/3571
f 3499/1629/3614 3460/1588/3573 3459/1589/3572
f 3500/1628/3615 3461/1587/3574 3460/1588/3573
f 3501/1627/3616 3462/1586/3575 3461/1587/3574
f 3502/1626/3617 3463/1585/3576 3462/1586/3575
f 3503/1625/3618 3464/1584/3577 3463/1585/3576
f 3504/1624/3619 3465/1583/3578 3464/1584/3577
f 3505/1623/3620 3466/1582/3579 3465/1583/3578
f 3506/1622/3621 3467/1581/3580 3466/1582/3579
f 3507/1621/3622 3468/1580/3581 3467/1581/3580
f 3508/1620/3623 3469/1579/3582 3468/1580/3581
f 3509/1619/3624 3470/1578/3583 3469/1579/3582
f 3510/1618/3625 3471/1577/3584 3470/1578/3583
f 3510/1618/3625 3511/1617/3626 3472/1576/3585
f 3511/1617/3626 3512/1616/3627 3473/1575/3586
f 3512/1616/3627 3513/1615/3628 3474/1574/3587
f 3513/1615/3628 3514/1614/3629 3475/1573/3588
f 3514/1614/3629 3515/1613/3630 3476/1572/3589
f 3515/1613/3630 3516/1612/3631 3477/1571/3590
f 3516/1612/3631 3517/1611/3632 3478/1570/3591
f 3517/1611/3632 3518/1610/3633 3479/1569/3592
f 3518/1610/3633 3519/1609/3634 3480/1568/3593
f 3519/1609/3634 3520/1608/3635 3481/1567/3594
f 3520/1608/3635 3521/1607/3636 3482/1566/3595
f 3521/1607/3636 3522/1606/3637 3483/1565/3596
f 3522/1606/3637 3523/1605/3638 3484/1564/3597
f 3523/1605/3638 3524/1604/3639 3485/1563/3598
f 3524/1604/3639 3525/1603/3640 3486/1562/3599
f 3525/1603/3640 3526/1602/3641 3487/1561/3600
f 3526/1602/3641 3527/1601/3642 3488/1560/3601
f 3527/1601/3642 3528/1600/3643 3489/1559/3602
f 3528/1600/3643 3529/1598/3644 3490/1557/3603
f 3529/1598/3644 1640/2044/3686 1599/2043/3645
f 3530/1679/3646 3491/1638/3605 1600/1678/3606
f 3531/1677/3648 3492/1636/3607 3491/1638/3605
f 3532/1676/3649 3493/1635/3608 3492/1636/3607
f 3533/1675/3650 3494/1634/3609 3493/1635/3608
f 3534/1674/3651 3495/1633/3610 3494/1634/3609
f 3535/1673/3652 3496/1632/3611 3495/1633/3610
f 3536/1672/3653 3497/1631/3612 3496/1632/3611
f 3537/1671/3654 3498/1630/3613 3497/1631/3612
f 3538/1670/3655 3499/1629/3614 3498/1630/3613
f 3539/1669/3656 3500/1628/3615 3499/1629/3614
f 3540/1668/3657 3501/1627/3616 3500/1628/3615
f 3541/1667/3658 3502/1626/3617 3501/1627/3616
f 3542/1666/3659 3503/1625/3618 3502/1626/3617
f 3543/1665/3660 3504/1624/3619 3503/1625/3618
f 3544/1664/3661 3505/1623/3620 3504/1624/3619
f 3545/1663/3662 3506/1622/3621 3505/1623/3620
f 3546/1662/3663 3507/1621/3622 3506/1622/3621
f 3547/1661/3664 3508/1620/3623 3507/1621/3622
f 3548/1660/3665 3509/1619/3624 3508/1620/3623
f 3549/1659/3666 3510/1618/3625 3509/1619/3624
f 3549/1659/3666 3550/1658/3667 3511/1617/3626
f 3550/1658/3667 3551/1657/3668 3512/1616/3627
f 3551/1657/3668 3552/1656/3669 3513/1615/3628
f 3552/1656/3669 3553/1655/3670 3514/1614/3629
f 3553/1655/3670 3554/1654/3671 3515/1613/3630
f 3554/1654/3671 3555/1653/3672 3516/1612/3631
f 3555/1653/3672 3556/1652/3673 3517/1611/3632
f 3556/1652/3673 3557/1651/3674 3518/1610/3633
f 3557/1651/3674 3558/1650/3675 3519/1609/3634
f 3558/1650/3675 3559/1649/3676 3520/1608/3635
f 3559/1649/3676 3560/1648/3677 3521/1607/3636
f 3560/1648/3677 3561/1647/3678 3522/1606/3637
f 3561/1647/3678 3562/1646/3679 3523/1605/3638
f 3562/1646/3679 3563/1645/3680 3524/1604/3639
f 3563/1645/3680 3564/1644/3681 3525/1603/3640
f 3564/1644/3681 3565/1643/3682 3526/1602/3641
f 3565/1643/3682 3566/1642/3683 3527/1601/3642
f 3566/1642/3683 3567/1641/3684 3528/1600/3643
f 3567/1641/3684 3568/1639/3685 3529/1598/3644
f 3568/1639/3685 1681/2045/3727 1640/2044/3686
f 3569/1720/3687 3530/1679/3646 1641/1719/3647
f 3570/1718/3689 3531/1677/3648 3530/1679/3646
f 3571/1717/3690 3532/1676/3649 3531/1677/3648
f 3572/1716/3691 3533/1675/3650 3532/1676/3649
f 3573/1715/3692 3534/1674/3651 3533/1675/3650
f 3574/1714/3693 3535/1673/3652 3534/1674/3651
f 3575/1713/3694 3536/1672/3653 3535/1673/3652
f 3576/1712/3695 3537/1671/3654 3536/1672/3653
f 3577/1711/3696 3538/1670/3655 3537/1671/3654
f 3578/1710/3697 3539/1669/3656 3538/1670/3655
f 3579/1709/3698 3540/1668/3657 3539/1669/3656
f 3580/1708/3699 3541/1667/3658 3540/1668/3657
f 3581/1707/3700 3542/1666/3659 3541/1667/3658
f 3582/1706/3701 3543/1665/3660 3542/1666/3659
f 3583/1705/3702 3544/1664/3661 3543/1665/3660
f 3584/1704/3703 3545/1663/3662 3544/1664/3661
f 3585/1703/3704 3546/1662/3663 3545/1663/3662
f 3586/1702/3705 3547/1661/3664 3546/1662/3663
f 3587/1701/3706 3548/1660/3665 3547/1661/3664
f 3588/1700/3707 3549/1659/3666 3548/1660/3665
f 3588/1700/3707 3589/1699/3708 3550/1658/3667
f 3589/1699/3708 3590/1698/3709 3551/1657/3668
f 3590/1698/3709 3591/1697/3710 3552/1656/3669
f 3591/1697/3710 3592/1696/3711 3553/1655/3670
f 3592/1696/3711 3593/1695/3712 3554/1654/3671
f 3593/1695/3712 3594/1694/3713 3555/1653/3672
f 3594/1694/3713 3595/1693/3714 3556/1652/3673
f 3595/1693/3714 3596/1692/3715 3557/1651/3674
f 3596/1692/3715 3597/1691/3716 3558/1650/3675
f 3597/1691/3716 3598/1690/3717 3559/1649/3676
f 3598/1690/3717 3599/1689/3718 3560/1648/3677
f 3599/1689/3718 3600/1688/3719 3561/1647/3678
f 3600/1688/3719 3601/1687/3720 3562/1646/3679
f 3601/1687/3720 3602/1686/3721 3563/1645/3680
f 3602/1686/3721 3603/1685/3722 3564/1644/3681
f 3603/1685/3722 3604/1684/3723 3565/1643/3682
f 3604/1684/3723 3605/1683/3724 3566/1642/3683
f 3605/1683/3724 3606/1682/3725 3567/1641/3684
f 3606/1682/3725 3607/1680/3726 3568/1639/3685
f 3607/1680/3726 1722/2046/3768 1681/2045/3727
f 3608/1761/3728 3569/1720/3687 1682/1760/3688
f 3609/1759/3730 3570/1718/3689 3569/1720/3687
f 3610/1758/3731 3571/1717/3690 3570/1718/3689
f 3611/1757/3732 3572/1716/3691 3571/1717/3690
f 3612/1756/3733 3573/1715/3692 3572/1716/3691
f 3613/1755/3734 3574/1714/3693 3573/1715/3692
f 3614/1754/3735 3575/1713/3694 3574/1714/3693
f 3615/1753/3736 3576/1712/3695 3575/1713/3694
f 3616/1752/3737 3577/1711/3696 3576/1712/3695
f 3617/1751/3738 3578/1710/3697 3577/1711/3696
f 3618/1750/3739 3579/1709/3698 3578/1710/3697
f 3619/1749/3740 3580/1708/3699 3579/1709/3698
f 3620/1748/3741 3581/1707/3700 3580/1708/3699
f 3621/1747/3742 3582/1706/3701 3581/1707/3700
f 3622/1746/3743 3583/1705/3702 3582/1706/3701
f 3623/1745/3744 3584/1704/3703 3583/1705/3702
f 3624/1744/3745 3585/1703/3704 3584/1704/3703
f 3625/1743/3746 3586/1702/3705 3585/1703/3704
f 3626/1742/3747 3587/1701/3706 3586/1702/3705
f 3627/1741/3748 3588/1700/3707 3587/1701/3706
f 3627/1741/3748 3628/1740/3749 3589/1699/3708
f 3628/1740/3749 3629/1739/3750 3590/1698/3709
f 3629/1739/3750 3630/1738/3751 3591/1697/3710
f 3630/1738/3751 3631/1737/3752 3592/1696/3711
f 3631/1737/3752 3632/1736/3753 3593/1695/3712
f 3632/1736/3753 3633/1735/3754 3594/1694/3713
f 3633/1735/3754 3634/1734/3755 3595/1693/3714
f 3634/1734/3755 3635/1733/3756 3596/1692/3715
f 3635/1733/3756 3636/1732/3757 3597/1691/3716
f 3636/1732/3757 3637/1731/3758 3598/1690/3717
f 3637/1731/3758 3638/1730/3759 3599/1689/3718
f 3638/1730/3759 3639/1729/3760 3600/1688/3719
f 3639/1729/3760 3640/1728/3761 3601/1687/3720
f 3640/1728/3761 3641/1727/3762 3602/1686/3721
f 3641/1727/3762 3642/1726/3763 3603/1685/3722
f 3642/1726/3763 3643/1725/3764 3604/1684/3723
f 3643/1725/3764 3644/1724/3765 3605/1683/3724
f 3644/1724/3765 3645/1723/3766 3606/1682/3725
f 3645/1723/3766 3646/1721/3767 3607/1680/3726
f 3646/1721/3767 1763/2047/3809 1722/2046/3768
f 3647/1802/3769 3608/1761/3728 1723/1801/3729
f 3648/1800/3771 3609/1759/3730 3608/1761/3728
f 3649/1799/3772 3610/1758/3731 3609/1759/3730
f 3650/1798/3773 3611/1757/3732 3610/1758/3731
f 3651/1797/3774 3612/1756/3733 3611/1757/3732
f 3652/1796/3775 3613/1755/3734 3612/1756/3733
f 3653/1795/3776 3614/1754/3735 3613/1755/3734
f 3654/1794/3777 3615/1753/3736 3614/1754/3735
f 3655/1793/3778 3616/1752/3737 3615/1753/3736
f 3656/1792/3779 3617/1751/3738 3616/1752/3737
f 3657/1791/3780 3618/1750/3739 3617/1751/3738
f 3658/1790/3781 3619/1749/3740 3618/1750/3739
f 3659/1789/3782 3620/1748/3741 3619/1749/3740
f 3660/1788/3783 3621/1747/3742 3620/1748/3741
f 3661/1787/3784 3622/1746/3743 3621/1747/3742
f 3662/1786/3785 3623/1745/3744 3622/1746/3743
f 3663/1785/3786 3624/1744/3745 3623/1745/3744
f 3664/1784/3787 3625/1743/3746 3624/1744/3745
f 3665/1783/3788 3626/1742/3747 3625/1743/3746
f 3666/1782/3789 3627/1741/3748 3626/1742/3747
f 3666/1782/3789 3667/1781/3790 3628/1740/3749
f 3667/1781/3790 3668/1780/3791 3629/1739/3750
f 3668/1780/3791 3669/1779/3792 3630/1738/3751
f 3669/1779/3792 3670/1778/3793 3631/1737/3752
f 3670/1778/3793 3671/1777/3794 3632/1736/3753
f 3671/1777/3794 3672/1776/3795 3633/1735/3754
f 3672/1776/3795 3673/1775/3796 3634/1734/3755
f 3673/1775/3796 3674/1774/3797 3635/1733/3756
f 3674/1774/3797 3675/1773/3798 3636/1732/3757
f 3675/1773/3798 3676/1772/3799 3637/1731/3758
f 3676/1772/3799 3677/1771/3800 3638/1730/3759
f 3677/1771/3800 3678/1770/3801 3639/1729/3760
f 3678/1770/3801 3679/1769/3802 3640/1728/3761
f 3679/1769/3802 3680/1768/3803 3641/1727/3762
f 3680/1768/3803 3681/1767/3804 3642/1726/3763
f 3681/1767/3804 3682/1766/3805 3643/1725/3764
f 3682/1766/3805 3683/1765/3806 3644/1724/3765
f 3683/1765/3806 3684/1764/3807 3645/1723/3766
f 3684/1764/3807 3685/1762/3808 3646/1721/3767
f 3685/1762/3808 1804/2048/3850 1763/2047/3809
f 3686/1843/3810 3647/1802/3769 1764/1842/3770
f 3687/1841/3812 3648/1800/3771 3647/1802/3769
f 3688/1840/3813 3649/1799/3772 3648/1800/3771
f 3689/1839/3814 3650/1798/3773 3649/1799/3772
f 3690/1838/3815 3651/1797/3774 3650/1798/3773
f 3691/1837/3816 3652/1796/3775 3651/1797/3774
f 3692/1836/3817 3653/1795/3776 3652/1796/3775
f 3693/1835/3818 3654/1794/3777 3653/1795/3776
f 3694/1834/3819 3655/1793/3778 3654/1794/3777
f 3695/1833/3820 3656/1792/3779 3655/1793/3778
f 3696/1832/3821 3657/1791/3780 3656/1792/3779
f 3697/1831/3822 3658/1790/3781 3657/1791/3780
f 3698/1830/3823 3659/1789/3782 3658/1790/3781
f 3699/1829/3824 3660/1788/3783 3659/1789/3782
f 3700/1828/3825 3661/1787/3784 3660/1788/3783
f 3701/1827/3826 3662/1786/3785 3661/1787/3784
f 3702/1826/3827 3663/1785/3786 3662/1786/3785
f 3703/1825/3828 3664/1784/3787 3663/1785/3786
f 3704/1824/3829 3665/1783/3788 3664/1784/3787
f 3705/1823/3830 3666/1782/3789 3665/1783/3788
f 3705/1823/3830 3706/1822/3831 3667/1781/3790
f 3706/1822/3831 3707/1821/3832 3668/1780/3791
f 3707/1821/3832 3708/1820/3833 3669/1779/3792
f 3708/1820/3833 3709/1819/3834 3670/1778/3793
f 3709/1819/3834 3710/1818/3835 3671/1777/3794
f 3710/1818/3835 3711/1817/3836 3672/1776/3795
f 3711/1817/3836 3712/1816/3837 3673/1775/3796
f 3712/1816/3837 3713/1815/3838 3674/1774/3797
f 3713/1815/3838 3714/1814/3839 3675/1773/3798
f 3714/1814/3839 3715/1813/3840 3676/1772/3799
f 3715/1813/3840 3716/1812/3841 3677/1771/3800
f 3716/1812/3841 3717/1811/3842 3678/1770/3801
f 3717/1811/3842 3718/1810/3843 3679/1769/3802
f 3718/1810/3843 3719/1809/3844 3680/1768/3803
f 3719/1809/3844 3720/1808/3845 3681/1767/3804
f 3720/1808/3845 3721/1807/3846 3682/1766/3805
f 3721/1807/3846 3722/1806/3847 3683/1765/3806
f 3722/1806/3847 3723/1805/3848 3684/1764/3807
f 3723/1805/3848 3724/1803/3849 3685/1762/3808
f 3724/1803/3849 1845/2049/3891 1804/2048/3850
f 3725/1884/3851 3686/1843/3810 1805/1883/3811
f 3726/1882/3853 3687/1841/3812 3686/1843/3810
f 3727/1881/3854 3688/1840/3813 3687/1841/3812
f 3728/1880/3855 3689/1839/3814 3688/1840/3813
f 3729/1879/3856 3690/1838/3815 3689/1839/3814
f 3730/1878/3857 3691/1837/3816 3690/1838/3815
f 3731/1877/3858 3692/1836/3817 3691/1837/3816
f 3732/1876/3859 3693/1835/3818 3692/1836/3817
f 3733/1875/3860 3694/1834/3819 3693/1835/3818
f 3734/1874/3861 3695/1833/3820 3694/1834/3819
f 3735/1873/3862 3696/1832/3821 3695/1833/3820
f 3736/1872/3863 3697/1831/3822 3696/1832/3821
f 3737/1871/3864 3698/1830/3823 3697/1831/3822
f 3738/1870/3865 3699/1829/3824 3698/1830/3823
f 3739/1869/3866 3700/1828/3825 3699/1829/3824
f 3740/1868/3867 3701/1827/3826 3700/1828/3825
f 3741/1867/3868 3702/1826/3827 3701/1827/3826
f 3742/1866/3869 3703/1825/3828 3702/1826/3827
f 3743/1865/3870 3704/1824/3829 3703/1825/3828
f 3744/1864/3871 3705/1823/3830 3704/1824/3829
f 3744/1864/3871 3745/1863/3872 3706/1822/3831
f 3745/1863/3872 3746/1862/3873 3707/1821/3832
f 3746/1862/3873 3747/1861/3874 3708/1820/3833
f 3747/1861/3874 3748/1860/3875 3709/1819/3834
f 3748/1860/3875 3749/1859/3876 3710/1818/3835
f 3749/1859/3876 3750/1858/3877 3711/1817/3836
f 3750/1858/3877 3751/1857/3878 3712/1816/3837
f 3751/1857/3878 3752/1856/3879 3713/1815/3838
f 3752/1856/3879 3753/1855/3880 3714/1814/3839
f 3753/1855/3880 3754/1854/3881 3715/1813/3840
f 3754/1854/3881 3755/1853/3882 3716/1812/3841
f 3755/1853/3882 3756/1852/3883 3717/1811/3842
f 3756/1852/3883 3757/1851/3884 3718/1810/3843
f 3757/1851/3884 3758/1850/3885 3719/1809/3844
f 3758/1850/3885 3759/1849/3886 3720/1808/3845
f 3759/1849/3886 3760/1848/3887 3721/1807/3846
f 3760/1848/3887 3761/1847/3888 3722/1806/3847
f 3761/1847/3888 3762/1846/3889 3723/1805/3848
f 3762/1846/3889 3763/1844/3890 3724/1803/3849
f 3763/1844/3890 1886/2050/3932 1845/2049/3891
f 3764/1925/3892 3725/1884/3851 1846/1924/3852
f 3765/1923/3894 3726/1882/3853 3725/1884/3851
f 3766/1922/3895 3727/1881/3854 3726/1882/3853
f 3767/1921/3896 3728/1880/3855 3727/1881/3854
f 3768/1920/3897 3729/1879/3856 3728/1880/3855
f 3769/1919/3898 3730/1878/3857 3729/1879/3856
f 3770/1918/3899 3731/1877/3858 3730/1878/3857
f 3771/1917/3900 3732/1876/3859 3731/1877/3858
f 3772/1916/3901 3733/1875/3860 3732/1876/3859
f 3773/1915/3902 3734/1874/3861 3733/1875/3860
f 3774/1914/3903 3735/1873/3862 3734/1874/3861
f 3775/1913/3904 3736/1872/3863 3735/1873/3862
f 3776/1912/3905 3737/1871/3864 3736/1872/3863
f 3777/1911/3906 3738/1870/3865 3737/1871/3864
f 3778/1910/3907 3739/1869/3866 3738/1870/3865
f 3779/1909/3908 3740/1868/3867 3739/1869/3866
f 3780/1908/3909 3741/1867/3868 3740/1868/3867
f 3781/1907/3910 3742/1866/3869 3741/1867/3868
f 3782/1906/3911 3743/1865/3870 3742/1866/3869
f 3783/1905/3912 3744/1864/3871 3743/1865/3870
f 3783/1905/3912 3784/1904/3913 3745/1863/3872
f 3784/1904/3913 3785/1903/3914 3746/1862/3873
f 3785/1903/3914 3786/1902/3915 3747/1861/3874
f 3786/1902/3915 3787/1901/3916 3748/1860/3875
f 3787/1901/3916 3788/1900/3917 3749/1859/3876
f 3788/1900/3917 3789/1899/3918 3750/1858/3877
f 3789/1899/3918 3790/1898/3919 3751/1857/3878
f 3790/1898/3919 3791/1897/3920 3752/1856/3879
f 3791/1897/3920 3792/1896/3921 3753/1855/3880
f 3792/1896/3921 3793/1895/3922 3754/1854/3881
f 3793/1895/3922 3794/1894/3923 3755/1853/3882
f 3794/1894/3923 3795/1893/3924 3756/1852/3883
f 3795/1893/3924 3796/1892/3925 3757/1851/3884
f 3796/1892/3925 3797/1891/3926 3758/1850/3885
f 3797/1891/3926 3798/1890/3927 3759/1849/3886
f 3798/1890/3927 3799/1889/3928 3760/1848/3887
f 3799/1889/3928 3800/1888/3929 3761/1847/3888
f 3800/1888/3929 3801/1887/3930 3762/1846/3889
f 3801/1887/3930 3802/1885/3931 3763/1844/3890
f 3802/1885/3931 1927/2051/3973 1886/2050/3932
f 3803/1966/3933 3764/1925/3892 1887/1965/3893
f 3804/1964/3935 3765/1923/3894 3764/1925/3892
f 3805/1963/3936 3766/1922/3895 3765/1923/3894
f 3806/1962/3937 3767/1921/3896 3766/1922/3895
f 3807/1961/3938 3768/1920/3897 3767/1921/3896
f 3808/1960/3939 3769/1919/3898 3768/1920/3897
f 3809/1959/3940 3770/1918/3899 3769/1919/3898
f 3810/1958/3941 3771/1917/3900 3770/1918/3899
f 3811/1957/3942 3772/1916/3901 3771/1917/3900
f 3812/1956/3943 3773/1915/3902 3772/1916/3901
f 3813/1955/3944 3774/1914/3903 3773/1915/3902
f 3814/1954/3945 3775/1913/3904 3774/1914/3903
f 3815/1953/3946 3776/1912/3905 3775/1913/3904
f 3816/1952/3947 3777/1911/3906 3776/1912/3905
f 3817/1951/3948 3778/1910/3907 3777/1911/3906
f 3818/1950/3949 3779/1909/3908 3778/1910/3907
f 3819/1949/3950 3780/1908/3909 3779/1909/3908
f 3820/1948/3951 3781/1907/3910 3780/1908/3909
f 3821/1947/3952 3782/1906/3911 3781/1907/3910
f 3822/1946/3953 3783/1905/3912 3782/1906/3911
f 3822/1946/3953 3823/1945/3954 3784/1904/3913
f 3823/1945/3954 3824/1944/3955 3785/1903/3914
f 3824/1944/3955 3825/1943/3956 3786/1902/3915
f 3825/1943/3956 3826/1942/3957 3787/1901/3916
f 3826/1942/3957 3827/1941/3958 3788/1900/3917
f 3827/1941/3958 3828/1940/3959 3789/1899/3918
f 3828/1940/3959 3829/1939/3960 3790/1898/3919
f 3829/1939/3960 3830/1938/3961 3791/1897/3920
f 3830/1938/3961 3831/1937/3962 3792/1896/3921
f 3831/1937/3962 3832/1936/3963 3793/1895/3922
f 3832/1936/3963 3833/1935/3964 3794/1894/3923
f 3833/1935/3964 3834/1934/3965 3795/1893/3924
f 3834/1934/3965 3835/1933/3966 3796/1892/3925
f 3835/1933/3966 3836/1932/3967 3797/1891/3926
f 3836/1932/3967 3837/1931/3968 3798/1890/3927
f 3837/1931/3968 3838/1930/3969 3799/1889/3928
f 3838/1930/3969 3839/1929/3970 3800/1888/3929
f 3839/1929/3970 3840/1928/3971 3801/1887/3930
f 3840/1928/3971 3841/1926/3972 3802/1885/3931
f 3841/1926/3972 1968/2052/4013 1927/2051/3973
f 1970/2007/3975 3803/1966/3933 1928/2006/3934
f 1971/2005/3974 3804/1964/3935 3803/1966/3933
f 1972/2004/3976 3805/1963/3936 3804/1964/3935
f 1973/2003/3977 3806/1962/3937 3805/1963/3936
f 1974/2002/3978 3807/1961/3938 3806/1962/3937
f 1975/2001/3979 3808/1960/3939 3807/1961/3938
f 1976/2000/3980 3809/1959/3940 3808/1960/3939
f 1977/1999/3981 3810/1958/3941 3809/1959/3940
f 1978/1998/3982 3811/1957/3942 3810/1958/3941
f 1979/1997/3983 3812/1956/3943 3811/1957/3942
f 1980/1996/3984 3813/1955/3944 3812/1956/3943
f 1981/1995/3985 3814/1954/3945 3813/1955/3944
f 1982/1994/3986 3815/1953/3946 3814/1954/3945
f 1983/1993/3987 3816/1952/3947 3815/1953/3946
f 1984/1992/3988 3817/1951/3948 3816/1952/3947
f 1985/1991/3989 3818/1950/3949 3817/1951/3948
f 1986/1990/3990 3819/1949/3950 3818/1950/3949
f 1987/1989/3991 3820/1948/3951 3819/1949/3950
f 1988/1988/3992 3821/1947/3952 3820/1948/3951
f 3842/1987/3993 3822/1946/3953 3821/1947/3952
f 3842/1987/3993 1989/1986/3994 3823/1945/3954
f 1989/1986/3994 1990/1985/3995 3824/1944/3955
f 1990/1985/3995 1991/1984/3996 3825/1943/3956
f 1991/1984/3996 1992/1983/3997 3826/1942/3957
f 1992/1983/3997 1993/1982/3998 3827/1941/3958
f 1993/1982/3998 1994/1981/3999 3828/1940/3959
f 1994/1981/3999 1995/1980/4000 3829/1939/3960
f 1995/1980/4000 1996/1979/4001 3830/1938/3961
f 1996/1979/4001 1997/1978/4002 3831/1937/3962
f 1997/1978/4002 1998/1977/4003 3832/1936/3963
f 1998/1977/4003 1999/1976/4004 3833/1935/3964
f 1999/1976/4004 2000/1975/4005 3834/1934/3965
f 2000/1975/4005 2001/1974/4006 3835/1933/3966
f 2001/1974/4006 2002/1973/4007 3836/1932/3967
f 2002/1973/4007 2003/1972/4008 3837/1931/3968
f 2003/1972/4008 2004/1971/4009 3838/1930/3969
f 2004/1971/4009 2005/1970/4010 3839/1929/3970
f 2005/1970/4010 2006/1969/4011 3840/1928/3971
f 2006/1969/4011 2007/1967/4012 3841/1926/3972
f 3934/2078/4015 3933/2078/4015 3931/2076/4016
f 3936/2080/4017 3935/2080/4017 3933/2078/4015
f 3938/2082/4018 3937/2082/4018 3935/2080/4017
f 3940/2084/4019 3939/2084/4019 3937/2082/4018
f 3942/2086/4020 3941/2086/4020 3939/2084/4019
f 3944/2088/4021 3943/2088/4021 3941/2086/4020
f 3946/2090/4022 3945/2090/4022 3943/2088/4021
f 3948/2092/4023 3947/2092/4023 3945/2090/4022
f 3950/2094/4024 3949/2094/4024 3947/2092/4023
f 3952/2096/4025 3951/2096/4025 3949/2094/4024
f 3954/2095/4026 3953/2095/4026 3951/2096/4025
f 3956/2093/4027 3955/2093/4027 3953/2095/4026
f 3958/2091/4028 3957/2091/4028 3955/2093/4027
f 3960/2089/4029 3959/2089/4029 3957/2091/4028
f 3962/2087/4030 3961/2087/4030 3959/2089/4029
f 3964/2085/4031 3963/2085/4031 3961/2087/4030
f 3966/2083/4032 3965/2083/4032 3963/2085/4031
f 3968/2081/4033 3967/2081/4033 3965/2083/4032
f 3970/2079/4034 3969/2079/4034 3967/2081/4033
f 3972/2077/4035 3971/2077/4035 3969/2079/4034
f 3974/2075/4036 3973/2075/4036 3971/2077/4035
f 3974/2075/4036 3976/2073/4037 3975/2073/4037
f 3978/2071/4038 3977/2071/4038 3975/2073/4037
f 3980/2069/4039 3979/2069/4039 3977/2071/4038
f 3982/2067/4040 3981/2067/4040 3979/2069/4039
f 3984/2065/4041 3983/2065/4041 3981/2067/4040
f 3986/2063/4042 3985/2063/4042 3983/2065/4041
f 3988/2061/4043 3987/2061/4043 3985/2063/4042
f 3990/2059/4044 3989/2059/4044 3987/2061/4043
f 3992/2057/4045 3991/2057/4045 3989/2059/4044
f 3994/2053/4046 3993/2053/4046 3991/2057/4045
f 3996/2055/4047 3995/2055/4047 3993/2053/4046
f 3998/2054/4048 3997/2054/4048 3995/2055/4047
f 4000/2056/4049 3999/2056/4049 3997/2054/4048
f 4002/2058/4050 4001/2058/4050 3999/2056/4049
f 4004/2060/4051 4003/2060/4051 4001/2058/4050
f 4006/2062/4052 4005/2062/4052 4003/2060/4051
f 4008/2064/4053 4007/2064/4053 4005/2062/4052
f 4010/2066/4054 4009/2066/4054 4007/2064/4053
f 4012/2068/4055 4011/2068/4055 4009/2066/4054
f 4014/2070/4056 4013/2070/4056 4011/2068/4055
f 4016/2072/4057 4015/2072/4057 4013/2070/4056
f 4018/2074/4058 4017/2074/4058 4015/2072/4057
f 3932/2076/4016 3931/2076/4016 4017/2074/4058
f 4020/2099/2109 4022/2099/2109 4021/2100/2109
f 4022/2099/4059 4024/2099/4059 4023/2100/4059
f 4024/2099/4060 4026/2099/4060 4025/2100/4060
f 4026/2099/102 4028/2099/102 4027/2100/102
f 4028/2099/4061 4030/2099/4061 4029/2100/4061
f 4030/2099/4062 4032/2099/4062 4031/2100/4062
f 4024/2099/4063 4022/2099/4063 4020/2099/4063
f 4020/2099/4063 4034/2099/4063 4032/2099/4063
f 4032/2099/4063 4030/2099/4063 4028/2099/4063
f 4028/2099/4063 4026/2099/4063 4024/2099/4063
f 4024/2099/4063 4020/2099/4063 4032/2099/4063
f 4032/2099/4064 4034/2099/4064 4033/2100/4064
f 4034/2099/4065 4020/2099/4065 4019/2100/4065
f 4033/2100/4066 4019/2100/4066 4021/2100/4066
f 4021/2100/4066 4023/2100/4066 4025/2100/4066
f 4025/2100/4066 4027/2100/4066 4029/2100/4066
f 4029/2100/4066 4031/2100/4066 4033/2100/4066
f 4033/2100/4066 4021/2100/4066 4025/2100/4066
f 4036/2100/2109 4038/2100/2109 4037/2099/2109
f 4038/2100/4059 4040/2100/4059 4039/2099/4059
f 4040/2100/4060 4042/2100/4060 4041/2099/4060
f 4042/2100/102 4044/2100/102 4043/2099/102
f 4044/2100/4061 4046/2100/4061 4045/2099/4061
f 4046/2100/4062 4048/2100/4062 4047/2099/4062
f 4040/2100/4063 4038/2100/4063 4036/2100/4063
f 4036/2100/4063 4050/2100/4063 4048/2100/4063
f 4048/2100/4063 4046/2100/4063 4044/2100/4063
f 4044/2100/4063 4042/2100/4063 4040/2100/4063
f 4040/2100/4063 4036/2100/4063 4048/2100/4063
f 4048/2100/4064 4050/2100/4064 4049/2099/4064
f 4050/2100/4065 4036/2100/4065 4035/2099/4065
f 4049/2099/4066 4035/2099/4066 4037/2099/4066
f 4037/2099/4066 4039/2099/4066 4041/2099/4066
f 4041/2099/4066 4043/2099/4066 4045/2099/4066
f 4045/2099/4066 4047/2099/4066 4049/2099/4066
f 4049/2099/4066 4037/2099/4066 4041/2099/4066
f 4052/2101/2109 4054/2101/2109 4053/2102/2109
f 4054/2101/4059 4056/2101/4059 4055/2102/4059
f 4056/2101/4060 4058/2101/4060 4057/2102/4060
f 4058/2101/102 4060/2101/102 4059/2102/102
f 4060/2101/4061 4062/2101/4061 4061/2102/4061
f 4062/2101/4062 4064/2101/4062 4063/2102/4062
f 4056/2101/4063 4054/2101/4063 4052/2101/4063
f 4052/2101/4063 4066/2101/4063 4064/2101/4063
f 4064/2101/4063 4062/2101/4063 4060/2101/4063
f 4060/2101/4063 4058/2101/4063 4056/2101/4063
f 4056/2101/4063 4052/2101/4063 4064/2101/4063
f 4063/2102/4064 4064/2101/4064 4066/2101/4064
f 4066/2101/4065 4052/2101/4065 4051/2102/4065
f 4065/2102/4066 4051/2102/4066 4053/2102/4066
f 4053/2102/4066 4055/2102/4066 4057/2102/4066
f 4057/2102/4066 4059/2102/4066 4061/2102/4066
f 4061/2102/4066 4063/2102/4066 4065/2102/4066
f 4065/2102/4066 4053/2102/4066 4057/2102/4066
f 4068/2102/2109 4070/2102/2109 4069/2101/2109
f 4070/2102/4059 4072/2102/4059 4071/2101/4059
f 4072/2102/4060 4074/2102/4060 4073/2101/4060
f 4074/2102/102 4076/2102/102 4075/2101/102
f 4076/2102/4061 4078/2102/4061 4077/2101/4061
f 4078/2102/4062 4080/2102/4062 4079/2101/4062
f 4072/2102/4063 4070/2102/4063 4068/2102/4063
f 4068/2102/4063 4082/2102/4063 4080/2102/4063
f 4080/2102/4063 4078/2102/4063 4076/2102/4063
f 4076/2102/4063 4074/2102/4063 4072/2102/4063
f 4072/2102/4063 4068/2102/4063 4080/2102/4063
f 4079/2101/4064 4080/2102/4064 4082/2102/4064
f 4082/2102/4065 4068/2102/4065 4067/2101/4065
f 4081/2101/4066 4067/2101/4066 4069/2101/4066
f 4069/2101/4066 4071/2101/4066 4073/2101/4066
f 4073/2101/4066 4075/2101/4066 4077/2101/4066
f 4077/2101/4066 4079/2101/4066 4081/2101/4066
f 4081/2101/4066 4069/2101/4066 4073/2101/4066
